timestamp,vwap_pullback,ema_breakout,rsi_mean_reversion
2026-05-21 17:38:00+00:00,1.0,1.0,1.0
2026-05-21 17:39:00+00:00,1.0,1.0,1.0
2026-05-21 17:40:00+00:00,1.0,1.0,1.0001285419524617
2026-05-21 17:41:00+00:00,1.0,1.0,1.0011671986650048
2026-05-21 17:42:00+00:00,1.0,1.0,0.9990141817713117
2026-05-21 17:43:00+00:00,1.0,1.0,0.9975798021711282
2026-05-21 17:44:00+00:00,1.0,1.0,0.9977206342235269
2026-05-21 17:45:00+00:00,1.0,1.0,0.9973726196237555
2026-05-21 17:46:00+00:00,1.0,1.0,0.9973542237343718
2026-05-21 17:47:00+00:00,1.0,1.0,0.9964159385110234
2026-05-21 17:48:00+00:00,1.0,1.0,0.9973834179947781
2026-05-21 17:49:00+00:00,1.0,1.0,0.9982399082528212
2026-05-21 17:50:00+00:00,1.0,1.0,0.9983127408178695
2026-05-21 17:51:00+00:00,1.0,1.0,0.9995553917375638
2026-05-21 17:52:00+00:00,1.0,1.0,1.0000712751855014
2026-05-21 17:53:00+00:00,1.0,1.0,0.9991235447499772
2026-05-21 17:54:00+00:00,1.0,1.0,0.999530273017936
2026-05-21 17:55:00+00:00,1.0,1.0,0.9984733218357025
2026-05-21 17:56:00+00:00,1.0,1.0,0.999441753804874
2026-05-21 17:57:00+00:00,1.0,1.0,0.9987421445772106
2026-05-21 17:58:00+00:00,1.0,1.0,0.9987421445772106
2026-05-21 17:59:00+00:00,1.0,1.0,0.9987421445772106
2026-05-21 18:00:00+00:00,0.9979499511594773,1.0,0.9987421445772106
2026-05-21 18:01:00+00:00,0.9972513861936656,1.0,0.9987421445772106
2026-05-21 18:02:00+00:00,0.9972513861936656,1.0,0.9987421445772106
2026-05-21 18:03:00+00:00,0.9972513861936656,1.0,0.9987421445772106
2026-05-21 18:04:00+00:00,0.9972513861936656,1.0,0.9987421445772106
2026-05-21 18:05:00+00:00,0.9972513861936656,1.0,0.9987421445772106
2026-05-21 18:06:00+00:00,0.9972513861936656,1.0,0.9987421445772106
2026-05-21 18:07:00+00:00,0.9972513861936656,1.0,0.9987421445772106
2026-05-21 18:08:00+00:00,0.9972513861936656,1.0,0.9987421445772106
2026-05-21 18:09:00+00:00,0.9972513861936656,0.9988517270193769,0.9987421445772106
2026-05-21 18:10:00+00:00,0.9972513861936656,0.9982873837832953,0.9987421445772106
2026-05-21 18:11:00+00:00,0.9972513861936656,0.9973914414569393,0.9987421445772106
2026-05-21 18:12:00+00:00,0.9972513861936656,0.9980697113736687,0.9987421445772106
2026-05-21 18:13:00+00:00,0.9972513861936656,0.9993139686789165,0.9987421445772106
2026-05-21 18:14:00+00:00,0.9972513861936656,0.9991884197747228,0.9987421445772106
2026-05-21 18:15:00+00:00,0.9972513861936656,0.9982626051518406,0.9987421445772106
2026-05-21 18:16:00+00:00,0.9972513861936656,0.9973548997070838,0.9987421445772106
2026-05-21 18:17:00+00:00,0.9972513861936656,0.9980712653443932,0.9987421445772106
2026-05-21 18:18:00+00:00,0.9972513861936656,0.9988902763076505,0.9987421445772106
2026-05-21 18:19:00+00:00,0.9972513861936656,0.9994892426132507,0.9987421445772106
2026-05-21 18:20:00+00:00,0.9972513861936656,0.9987556091552795,0.9987421445772106
2026-05-21 18:21:00+00:00,0.9972513861936656,0.9990116022786845,0.9987421445772106
2026-05-21 18:22:00+00:00,0.9972513861936656,0.9991403381590893,0.9987421445772106
2026-05-21 18:23:00+00:00,0.9972513861936656,0.999381572166586,0.9987421445772106
2026-05-21 18:24:00+00:00,0.9972513861936656,1.0003431342985394,0.9987421445772106
2026-05-21 18:25:00+00:00,0.9972513861936656,1.000590076587981,0.9987421445772106
2026-05-21 18:26:00+00:00,0.9972513861936656,1.0013400585846606,0.9987421445772106
2026-05-21 18:27:00+00:00,0.9972513861936656,1.00141482834459,0.9987421445772106
2026-05-21 18:28:00+00:00,0.9972513861936656,1.001734461878505,0.9987421445772106
2026-05-21 18:29:00+00:00,0.9972513861936656,1.0024326190647679,0.9987421445772106
2026-05-21 18:30:00+00:00,0.9972513861936656,1.0008221636413277,0.9987421445772106
2026-05-21 18:31:00+00:00,0.9972513861936656,1.0004692820162473,0.9987421445772106
2026-05-21 18:32:00+00:00,0.9972513861936656,0.9999502240680775,0.9987421445772106
2026-05-21 18:33:00+00:00,0.9972513861936656,0.9992456172227252,0.9987421445772106
2026-05-21 18:34:00+00:00,0.9972513861936656,0.9985461452906692,0.9987421445772106
2026-05-21 18:35:00+00:00,0.9972513861936656,0.9985461452906692,0.9987421445772106
2026-05-21 18:36:00+00:00,0.9972513861936656,0.9985461452906692,0.9987421445772106
2026-05-21 18:37:00+00:00,0.9972513861936656,0.9985461452906692,0.9987421445772106
2026-05-21 18:38:00+00:00,0.9972513861936656,0.9985461452906692,0.9987421445772106
2026-05-21 18:39:00+00:00,0.9972513861936656,0.9985461452906692,0.9987421445772106
2026-05-21 18:40:00+00:00,0.9972513861936656,0.9985461452906692,0.9987421445772106
2026-05-21 18:41:00+00:00,0.9972513861936656,0.9985461452906692,0.9987421445772106
2026-05-21 18:42:00+00:00,0.9972513861936656,0.9985461452906692,0.9987421445772106
2026-05-21 18:43:00+00:00,0.9972513861936656,0.9985461452906692,0.9987421445772106
2026-05-21 18:44:00+00:00,0.9972513861936656,0.9985461452906692,0.9987421445772106
2026-05-21 18:45:00+00:00,0.9972513861936656,0.9985461452906692,0.9987421445772106
2026-05-21 18:46:00+00:00,0.9972513861936656,0.9985461452906692,0.9987421445772106
2026-05-21 18:47:00+00:00,0.9972513861936656,0.9985461452906692,0.9987421445772106
2026-05-21 18:48:00+00:00,0.9972513861936656,0.9985461452906692,0.9987421445772106
2026-05-21 18:49:00+00:00,0.9972513861936656,0.9985461452906692,0.9987421445772106
2026-05-21 18:50:00+00:00,0.9972513861936656,0.9985461452906692,0.9987421445772106
2026-05-21 18:51:00+00:00,0.9972513861936656,0.9985461452906692,0.9987421445772106
2026-05-21 18:52:00+00:00,0.9972513861936656,0.9985461452906692,0.9987421445772106
2026-05-21 18:53:00+00:00,0.9972513861936656,0.9985461452906692,0.9987421445772106
2026-05-21 18:54:00+00:00,0.9972513861936656,0.9985461452906692,0.9987421445772106
2026-05-21 18:55:00+00:00,0.9972513861936656,0.9985461452906692,0.9987421445772106
2026-05-21 18:56:00+00:00,0.9972513861936656,0.9985461452906692,0.9987421445772106
2026-05-21 18:57:00+00:00,0.9972513861936656,0.9985461452906692,0.9987421445772106
2026-05-21 18:58:00+00:00,0.9972513861936656,0.9985461452906692,0.9987421445772106
2026-05-21 18:59:00+00:00,0.9972513861936656,0.9985461452906692,0.9987421445772106
2026-05-21 19:00:00+00:00,0.9972513861936656,0.9985461452906692,0.9987421445772106
2026-05-21 19:01:00+00:00,0.9972513861936656,0.9985461452906692,0.9987421445772106
2026-05-21 19:02:00+00:00,0.9972513861936656,0.9985461452906692,0.9987421445772106
2026-05-21 19:03:00+00:00,0.9972513861936656,0.9973103432743907,0.9987421445772106
2026-05-21 19:04:00+00:00,0.9972513861936656,0.9978266950358322,0.9987421445772106
2026-05-21 19:05:00+00:00,0.9972513861936656,0.9978128430386405,0.9987421445772106
2026-05-21 19:06:00+00:00,0.9972513861936656,0.9972832762199705,0.9987421445772106
2026-05-21 19:07:00+00:00,0.9972513861936656,0.9967916630706015,0.9987421445772106
2026-05-21 19:08:00+00:00,0.9972513861936656,0.9960594195873345,0.9987421445772106
2026-05-21 19:09:00+00:00,0.9972513861936656,0.9953621779936233,0.9987421445772106
2026-05-21 19:10:00+00:00,0.9972513861936656,0.9953621779936233,0.9987421445772106
2026-05-21 19:11:00+00:00,0.9972513861936656,0.9953621779936233,0.9987421445772106
2026-05-21 19:12:00+00:00,0.9972513861936656,0.9953621779936233,0.9987421445772106
2026-05-21 19:13:00+00:00,0.9972513861936656,0.9953621779936233,0.9987421445772106
2026-05-21 19:14:00+00:00,0.9972513861936656,0.9961170663224009,0.9987421445772106
2026-05-21 19:15:00+00:00,0.9972513861936656,0.9972125322993813,0.9987421445772106
2026-05-21 19:16:00+00:00,0.9972513861936656,0.9967724293409032,0.9987421445772106
2026-05-21 19:17:00+00:00,0.9972513861936656,0.9977677853792731,0.9987421445772106
2026-05-21 19:18:00+00:00,0.9972513861936656,0.9981839648967952,0.9987421445772106
2026-05-21 19:19:00+00:00,0.9972513861936656,0.9967517817484398,0.9987421445772106
2026-05-21 19:20:00+00:00,0.9972513861936656,0.9971434611990884,0.9987421445772106
2026-05-21 19:21:00+00:00,0.9972513861936656,0.9963315310606545,0.9987421445772106
2026-05-21 19:22:00+00:00,0.9972513861936656,0.9973573518034358,0.9987421445772106
2026-05-21 19:23:00+00:00,0.9972513861936656,0.9975833273562095,0.9987421445772106
2026-05-21 19:24:00+00:00,0.9972513861936656,0.998628476253416,0.9987421445772106
2026-05-21 19:25:00+00:00,0.9972513861936656,0.9990019126672918,0.9987421445772106
2026-05-21 19:26:00+00:00,0.9972513861936656,0.998075054804744,0.9987421445772106
2026-05-21 19:27:00+00:00,0.9972513861936656,0.9999755331883052,0.9987421445772106
2026-05-21 19:28:00+00:00,0.9972513861936656,0.9994959594077516,0.9987421445772106
2026-05-21 19:29:00+00:00,0.9972513861936656,0.9992336269541885,0.9987421445772106
2026-05-21 19:30:00+00:00,0.9972513861936656,0.9998884441261522,0.9987421445772106
2026-05-21 19:31:00+00:00,0.9972513861936656,1.0014825868534956,0.9987421445772106
2026-05-21 19:32:00+00:00,0.9972513861936656,1.0014027773257725,0.9987421445772106
2026-05-21 19:33:00+00:00,0.9972513861936656,1.001987612549002,0.9987421445772106
2026-05-21 19:34:00+00:00,0.9972513861936656,1.0017302215826198,0.9987421445772106
2026-05-21 19:35:00+00:00,0.9972513861936656,1.0017059709880367,0.9987421445772106
2026-05-21 19:36:00+00:00,0.9972513861936656,0.9999337723414551,0.9987421445772106
2026-05-21 19:37:00+00:00,0.9972513861936656,1.000197747711892,0.9987421445772106
2026-05-21 19:38:00+00:00,0.9972513861936656,1.0013266417484636,0.9987421445772106
2026-05-21 19:39:00+00:00,0.9972513861936656,1.001128438339948,0.9987421445772106
2026-05-21 19:40:00+00:00,0.9972513861936656,1.0008852789027138,0.9987421445772106
2026-05-21 19:41:00+00:00,0.9972513861936656,0.9993829006226932,0.9987421445772106
2026-05-21 19:42:00+00:00,0.9972513861936656,0.9986833325922573,0.9987421445772106
2026-05-21 19:43:00+00:00,0.9972513861936656,0.9986833325922573,0.9987421445772106
2026-05-21 19:44:00+00:00,0.9972513861936656,0.9986833325922573,0.9987421445772106
2026-05-21 19:45:00+00:00,0.9972513861936656,0.9986833325922573,0.9987421445772106
2026-05-21 19:46:00+00:00,0.9972513861936656,0.9986833325922573,0.9987421445772106
2026-05-21 19:47:00+00:00,0.9972513861936656,0.9986833325922573,0.9987421445772106
2026-05-21 19:48:00+00:00,0.9972513861936656,0.9986833325922573,0.9987421445772106
2026-05-21 19:49:00+00:00,0.9972513861936656,0.9986833325922573,0.9987421445772106
2026-05-21 19:50:00+00:00,0.9972513861936656,0.9986833325922573,0.9987421445772106
2026-05-21 19:51:00+00:00,0.9972513861936656,0.9986833325922573,0.9987421445772106
2026-05-21 19:52:00+00:00,0.9972513861936656,0.9986833325922573,0.9987421445772106
2026-05-21 19:53:00+00:00,0.9972513861936656,0.9991027225703281,0.9987421445772106
2026-05-21 19:54:00+00:00,0.9972513861936656,0.9987569235734034,0.9987421445772106
2026-05-21 19:55:00+00:00,0.9972513861936656,0.9978326995495295,0.9987421445772106
2026-05-21 19:56:00+00:00,0.9972513861936656,0.9956316141854534,0.9987421445772106
2026-05-21 19:57:00+00:00,0.9972513861936656,0.9949346720555236,0.9987421445772106
2026-05-21 19:58:00+00:00,0.9972513861936656,0.9949346720555236,0.9987421445772106
2026-05-21 19:59:00+00:00,0.9972513861936656,0.9949346720555236,0.9987421445772106
2026-05-21 20:00:00+00:00,0.9972513861936656,0.9949346720555236,0.9987421445772106
2026-05-21 20:01:00+00:00,0.9972513861936656,0.9949346720555236,0.9987421445772106
2026-05-21 20:02:00+00:00,0.9972513861936656,0.9949346720555236,0.9987421445772106
2026-05-21 20:03:00+00:00,0.9972513861936656,0.9949346720555236,0.9987421445772106
2026-05-21 20:04:00+00:00,0.9972513861936656,0.9949346720555236,0.9987421445772106
2026-05-21 20:05:00+00:00,0.9972513861936656,0.9949346720555236,0.9987421445772106
2026-05-21 20:06:00+00:00,0.9972513861936656,0.9949346720555236,0.9987421445772106
2026-05-21 20:07:00+00:00,0.9972513861936656,0.9949346720555236,0.9987421445772106
2026-05-21 20:08:00+00:00,0.9972513861936656,0.9949346720555236,0.9987421445772106
2026-05-21 20:09:00+00:00,0.9972513861936656,0.9949346720555236,0.9987421445772106
2026-05-21 20:10:00+00:00,0.9972513861936656,0.9949346720555236,0.9987421445772106
2026-05-21 20:11:00+00:00,0.9972513861936656,0.9949346720555236,0.9987421445772106
2026-05-21 20:12:00+00:00,0.9972513861936656,0.9949346720555236,0.9987421445772106
2026-05-21 20:13:00+00:00,0.9972513861936656,0.9949346720555236,0.9987421445772106
2026-05-21 20:14:00+00:00,0.9972513861936656,0.9949346720555236,0.9987421445772106
2026-05-21 20:15:00+00:00,0.9972513861936656,0.9949346720555236,0.9987421445772106
2026-05-21 20:16:00+00:00,0.9972513861936656,0.9949346720555236,0.9987421445772106
2026-05-21 20:17:00+00:00,0.9972513861936656,0.9949346720555236,0.9987421445772106
2026-05-21 20:18:00+00:00,0.9972513861936656,0.9949346720555236,0.9987421445772106
2026-05-21 20:19:00+00:00,0.9972513861936656,0.9949346720555236,0.9987421445772106
2026-05-21 20:20:00+00:00,0.9972513861936656,0.9949346720555236,0.9987421445772106
2026-05-21 20:21:00+00:00,0.9972513861936656,0.9949346720555236,0.9987421445772106
2026-05-21 20:22:00+00:00,0.9972513861936656,0.9949346720555236,0.9987421445772106
2026-05-21 20:23:00+00:00,0.9972513861936656,0.9949346720555236,0.9987421445772106
2026-05-21 20:24:00+00:00,0.9972513861936656,0.9949346720555236,0.9987421445772106
2026-05-21 20:25:00+00:00,0.9972513861936656,0.9949346720555236,0.9987421445772106
2026-05-21 20:26:00+00:00,0.9972513861936656,0.9949346720555236,0.9987421445772106
2026-05-21 20:27:00+00:00,0.9972513861936656,0.9949346720555236,0.9987421445772106
2026-05-21 20:28:00+00:00,0.9972513861936656,0.9949346720555236,0.9987421445772106
2026-05-21 20:29:00+00:00,0.9972513861936656,0.9949346720555236,0.9987421445772106
2026-05-21 20:30:00+00:00,0.9972513861936656,0.9949346720555236,0.9987421445772106
2026-05-21 20:31:00+00:00,0.9972513861936656,0.9949346720555236,0.9987421445772106
2026-05-21 20:32:00+00:00,0.9972513861936656,0.9949346720555236,0.9987421445772106
2026-05-21 20:33:00+00:00,0.9972513861936656,0.9949346720555236,0.9987421445772106
2026-05-21 20:34:00+00:00,0.9972513861936656,0.9949346720555236,0.9987421445772106
2026-05-21 20:35:00+00:00,0.9972513861936656,0.9949346720555236,0.9987421445772106
2026-05-21 20:36:00+00:00,0.9972513861936656,0.9949346720555236,0.9987421445772106
2026-05-21 20:37:00+00:00,0.9972513861936656,0.9949346720555236,0.9987421445772106
2026-05-21 20:38:00+00:00,0.9972513861936656,0.9949346720555236,0.9987421445772106
2026-05-21 20:39:00+00:00,0.9972513861936656,0.9949346720555236,0.9987421445772106
2026-05-21 20:40:00+00:00,0.9972513861936656,0.9949346720555236,0.9987421445772106
2026-05-21 20:41:00+00:00,0.9972513861936656,0.9949346720555236,0.9987421445772106
2026-05-21 20:42:00+00:00,0.9972513861936656,0.9949346720555236,0.9987421445772106
2026-05-21 20:43:00+00:00,0.9972513861936656,0.9949346720555236,0.9987421445772106
2026-05-21 20:44:00+00:00,0.9972513861936656,0.9944395031415908,0.9987421445772106
2026-05-21 20:45:00+00:00,0.9972513861936656,0.9930968477643357,0.9987421445772106
2026-05-21 20:46:00+00:00,0.9972513861936656,0.9915987663733032,0.9987421445772106
2026-05-21 20:47:00+00:00,0.9972513861936656,0.9934069592323876,0.9987421445772106
2026-05-21 20:48:00+00:00,0.9972513861936656,0.9952983330681977,0.9987421445772106
2026-05-21 20:49:00+00:00,0.9972513861936656,0.9951012837575689,0.9987421445772106
2026-05-21 20:50:00+00:00,0.9972513861936656,0.9946807012423207,0.9987421445772106
2026-05-21 20:51:00+00:00,0.9972513861936656,0.9962861784247781,0.9987421445772106
2026-05-21 20:52:00+00:00,0.9972513861936656,0.995069956252366,0.9987421445772106
2026-05-21 20:53:00+00:00,0.9972513861936656,0.9940880946537496,0.9987421445772106
2026-05-21 20:54:00+00:00,0.9972513861936656,0.9947941377271353,0.9987421445772106
2026-05-21 20:55:00+00:00,0.9972513861936656,0.9943611567411056,0.9987421445772106
2026-05-21 20:56:00+00:00,0.9972513861936656,0.9943556313698954,0.9987421445772106
2026-05-21 20:57:00+00:00,0.9972513861936656,0.9941764050333042,0.9987421445772106
2026-05-21 20:58:00+00:00,0.9972513861936656,0.9945469042232427,0.9987421445772106
2026-05-21 20:59:00+00:00,0.9972513861936656,0.9960928501712506,0.9987421445772106
2026-05-21 21:00:00+00:00,0.9972513861936656,0.9961925174999576,0.9987421445772106
2026-05-21 21:01:00+00:00,0.9972513861936656,0.9969007284543475,0.9987421445772106
2026-05-21 21:02:00+00:00,0.9972513861936656,0.9946480711000789,0.9987421445772106
2026-05-21 21:03:00+00:00,0.9972513861936656,0.9945946953545387,0.9987421445772106
2026-05-21 21:04:00+00:00,0.9972513861936656,0.9936697667361898,0.9987421445772106
2026-05-21 21:05:00+00:00,0.9972513861936656,0.9929741978994744,0.9987421445772106
2026-05-21 21:06:00+00:00,0.9972513861936656,0.9929741978994744,0.9987421445772106
2026-05-21 21:07:00+00:00,0.9972513861936656,0.9929741978994744,0.9987421445772106
2026-05-21 21:08:00+00:00,0.9972513861936656,0.9929741978994744,0.9987421445772106
2026-05-21 21:09:00+00:00,0.9972513861936656,0.9929741978994744,0.9987421445772106
2026-05-21 21:10:00+00:00,0.9972513861936656,0.9929741978994744,0.9987421445772106
2026-05-21 21:11:00+00:00,0.9972513861936656,0.9929741978994744,0.9987421445772106
2026-05-21 21:12:00+00:00,0.9972513861936656,0.9929741978994744,0.9987421445772106
2026-05-21 21:13:00+00:00,0.9972513861936656,0.9929741978994744,0.9987421445772106
2026-05-21 21:14:00+00:00,0.9972513861936656,0.9929741978994744,0.9987421445772106
2026-05-21 21:15:00+00:00,0.9972513861936656,0.9929741978994744,0.9987421445772106
2026-05-21 21:16:00+00:00,0.9972513861936656,0.9929741978994744,0.9987421445772106
2026-05-21 21:17:00+00:00,0.9972513861936656,0.9929741978994744,0.9987421445772106
2026-05-21 21:18:00+00:00,0.9972513861936656,0.9929741978994744,0.9987421445772106
2026-05-21 21:19:00+00:00,0.9972513861936656,0.9929741978994744,0.9987421445772106
2026-05-21 21:20:00+00:00,0.9972513861936656,0.9929741978994744,0.9987421445772106
2026-05-21 21:21:00+00:00,0.9972513861936656,0.9929741978994744,0.9987421445772106
2026-05-21 21:22:00+00:00,0.9972513861936656,0.9929741978994744,0.9987421445772106
2026-05-21 21:23:00+00:00,0.9972513861936656,0.9929741978994744,0.9987421445772106
2026-05-21 21:24:00+00:00,0.9972513861936656,0.9929741978994744,0.9987421445772106
2026-05-21 21:25:00+00:00,0.9972513861936656,0.9929741978994744,0.9987421445772106
2026-05-21 21:26:00+00:00,0.9972513861936656,0.9929741978994744,0.9987421445772106
2026-05-21 21:27:00+00:00,0.9972513861936656,0.9929741978994744,0.9987421445772106
2026-05-21 21:28:00+00:00,0.9972513861936656,0.9929741978994744,0.9987421445772106
2026-05-21 21:29:00+00:00,0.9972513861936656,0.9929741978994744,0.9987421445772106
2026-05-21 21:30:00+00:00,0.9972513861936656,0.9929741978994744,0.9987421445772106
2026-05-21 21:31:00+00:00,0.9972513861936656,0.9929741978994744,0.9987421445772106
2026-05-21 21:32:00+00:00,0.9972513861936656,0.9929741978994744,0.9987421445772106
2026-05-21 21:33:00+00:00,0.9972513861936656,0.9929741978994744,0.9987421445772106
2026-05-21 21:34:00+00:00,0.9972513861936656,0.9929741978994744,0.9987421445772106
2026-05-21 21:35:00+00:00,0.9972513861936656,0.9929741978994744,0.9987421445772106
2026-05-21 21:36:00+00:00,0.9972513861936656,0.9929741978994744,0.9987421445772106
2026-05-21 21:37:00+00:00,0.9972513861936656,0.9929741978994744,0.9987421445772106
2026-05-21 21:38:00+00:00,0.9972513861936656,0.9929741978994744,0.9987421445772106
2026-05-21 21:39:00+00:00,0.9972513861936656,0.9929741978994744,0.9987421445772106
2026-05-21 21:40:00+00:00,0.9972513861936656,0.9929741978994744,0.9987421445772106
2026-05-21 21:41:00+00:00,0.9972513861936656,0.993885194574076,0.9987421445772106
2026-05-21 21:42:00+00:00,0.9972513861936656,0.9915471515250702,0.9987421445772106
2026-05-21 21:43:00+00:00,0.9972513861936656,0.9929546868056538,0.9987421445772106
2026-05-21 21:44:00+00:00,0.9972513861936656,0.9941556137028835,0.9987421445772106
2026-05-21 21:45:00+00:00,0.9972513861936656,0.9921383344507125,0.9987421445772106
2026-05-21 21:46:00+00:00,0.9972513861936656,0.9889526708483906,0.9987421445772106
2026-05-21 21:47:00+00:00,0.9972513861936656,0.9882604039787967,0.9987421445772106
2026-05-21 21:48:00+00:00,0.9972513861936656,0.9882604039787967,0.9987421445772106
2026-05-21 21:49:00+00:00,0.9972513861936656,0.9882604039787967,0.9987421445772106
2026-05-21 21:50:00+00:00,0.9972513861936656,0.9882604039787967,0.9987421445772106
2026-05-21 21:51:00+00:00,0.9972513861936656,0.9882604039787967,0.9987421445772106
2026-05-21 21:52:00+00:00,0.9972513861936656,0.9882604039787967,0.9987421445772106
2026-05-21 21:53:00+00:00,0.9972513861936656,0.9882604039787967,0.9987421445772106
2026-05-21 21:54:00+00:00,0.9972513861936656,0.9882604039787967,0.9987421445772106
2026-05-21 21:55:00+00:00,0.9972513861936656,0.9882604039787967,0.9987421445772106
2026-05-21 21:56:00+00:00,0.9972513861936656,0.9882604039787967,0.9987421445772106
2026-05-21 21:57:00+00:00,0.9972513861936656,0.9882604039787967,0.9987421445772106
2026-05-21 21:58:00+00:00,0.9972513861936656,0.9882604039787967,0.9987421445772106
2026-05-21 21:59:00+00:00,0.9972513861936656,0.9882604039787967,0.9987421445772106
2026-05-21 22:00:00+00:00,0.9972513861936656,0.9882604039787967,0.9987421445772106
2026-05-21 22:01:00+00:00,0.9972513861936656,0.9882604039787967,0.9987421445772106
2026-05-21 22:02:00+00:00,0.9972513861936656,0.9882604039787967,0.9987421445772106
2026-05-21 22:03:00+00:00,0.9972513861936656,0.9882604039787967,0.9987421445772106
2026-05-21 22:04:00+00:00,0.9972513861936656,0.9882604039787967,0.9987421445772106
2026-05-21 22:05:00+00:00,0.9972513861936656,0.9882604039787967,0.9987421445772106
2026-05-21 22:06:00+00:00,0.9972513861936656,0.9882604039787967,0.9987421445772106
2026-05-21 22:07:00+00:00,0.9972513861936656,0.9882604039787967,0.9987421445772106
2026-05-21 22:08:00+00:00,0.9972513861936656,0.9882604039787967,0.9987421445772106
2026-05-21 22:09:00+00:00,0.9972513861936656,0.9882604039787967,0.9987421445772106
2026-05-21 22:10:00+00:00,0.9972513861936656,0.9882604039787967,0.9987421445772106
2026-05-21 22:11:00+00:00,0.9972513861936656,0.9882604039787967,0.9987421445772106
2026-05-21 22:12:00+00:00,0.9972513861936656,0.9882604039787967,0.9987421445772106
2026-05-21 22:13:00+00:00,0.9972513861936656,0.9879895787873789,0.9987421445772106
2026-05-21 22:14:00+00:00,0.9972513861936656,0.9871581215914254,0.9987421445772106
2026-05-21 22:15:00+00:00,0.9972513861936656,0.9859472047247417,0.9987421445772106
2026-05-21 22:16:00+00:00,0.9972513861936656,0.9872440756528966,0.9987421445772106
2026-05-21 22:17:00+00:00,0.9972513861936656,0.9875304497548787,0.9987421445772106
2026-05-21 22:18:00+00:00,0.9972513861936656,0.9880539016985425,0.9987421445772106
2026-05-21 22:19:00+00:00,0.9972513861936656,0.9861537165433525,0.9987421445772106
2026-05-21 22:20:00+00:00,0.9972513861936656,0.9871635614349729,0.9987421445772106
2026-05-21 22:21:00+00:00,0.9972513861936656,0.9876587840626976,0.9987421445772106
2026-05-21 22:22:00+00:00,0.9972513861936656,0.9864494091766429,0.9987421445772106
2026-05-21 22:23:00+00:00,0.9972513861936656,0.9859363714491322,0.9987421445772106
2026-05-21 22:24:00+00:00,0.9972513861936656,0.9862234196442826,0.9987421445772106
2026-05-21 22:25:00+00:00,0.9972513861936656,0.986280613290678,0.9987421445772106
2026-05-21 22:26:00+00:00,0.9972513861936656,0.9859627780574154,0.9987421445772106
2026-05-21 22:27:00+00:00,0.9972513861936656,0.9852726041127752,0.9987421445772106
2026-05-21 22:28:00+00:00,0.9972513861936656,0.9852726041127752,0.9987421445772106
2026-05-21 22:29:00+00:00,0.9972513861936656,0.9852726041127752,0.9987421445772106
2026-05-21 22:30:00+00:00,0.9972513861936656,0.9852726041127752,0.9987421445772106
2026-05-21 22:31:00+00:00,0.9972513861936656,0.9852726041127752,0.9987421445772106
2026-05-21 22:32:00+00:00,0.9972513861936656,0.9852726041127752,0.9987421445772106
2026-05-21 22:33:00+00:00,0.9972513861936656,0.9852726041127752,0.9987421445772106
2026-05-21 22:34:00+00:00,0.9972513861936656,0.9852726041127752,0.9987421445772106
2026-05-21 22:35:00+00:00,0.9972513861936656,0.9852726041127752,0.9987421445772106
2026-05-21 22:36:00+00:00,0.9972513861936656,0.9852726041127752,0.9987421445772106
2026-05-21 22:37:00+00:00,0.9972513861936656,0.9852726041127752,0.9987421445772106
2026-05-21 22:38:00+00:00,0.9972513861936656,0.9852726041127752,0.9987421445772106
2026-05-21 22:39:00+00:00,0.9972513861936656,0.9852726041127752,0.9987421445772106
2026-05-21 22:40:00+00:00,0.9972513861936656,0.9852726041127752,0.9987421445772106
2026-05-21 22:41:00+00:00,0.9972513861936656,0.9852726041127752,0.9987421445772106
2026-05-21 22:42:00+00:00,0.9972513861936656,0.9852726041127752,0.9987421445772106
2026-05-21 22:43:00+00:00,0.9972513861936656,0.9852726041127752,0.9987421445772106
2026-05-21 22:44:00+00:00,0.9972513861936656,0.9852726041127752,0.9987421445772106
2026-05-21 22:45:00+00:00,0.9972513861936656,0.9852726041127752,0.9987421445772106
2026-05-21 22:46:00+00:00,0.9972513861936656,0.9852726041127752,0.9987421445772106
2026-05-21 22:47:00+00:00,0.9972513861936656,0.9852726041127752,0.9987421445772106
2026-05-21 22:48:00+00:00,0.9972513861936656,0.9852726041127752,0.9987421445772106
2026-05-21 22:49:00+00:00,0.9972513861936656,0.9852726041127752,0.9987421445772106
2026-05-21 22:50:00+00:00,0.9972513861936656,0.9852726041127752,0.9987421445772106
2026-05-21 22:51:00+00:00,0.9972513861936656,0.9850604062367821,0.9987421445772106
2026-05-21 22:52:00+00:00,0.9972513861936656,0.9859609253986359,0.9987421445772106
2026-05-21 22:53:00+00:00,0.9972513861936656,0.9856384078696302,0.9987421445772106
2026-05-21 22:54:00+00:00,0.9972513861936656,0.9857108813143594,0.9987421445772106
2026-05-21 22:55:00+00:00,0.9972513861936656,0.984952674177034,0.9987421445772106
2026-05-21 22:56:00+00:00,0.9972513861936656,0.986028904697319,0.9987421445772106
2026-05-21 22:57:00+00:00,0.9972513861936656,0.9847477690882557,0.9987421445772106
2026-05-21 22:58:00+00:00,0.9972513861936656,0.9855983662763858,0.9987421445772106
2026-05-21 22:59:00+00:00,0.9972513861936656,0.9853911330368622,0.9987421445772106
2026-05-21 23:00:00+00:00,0.9972513861936656,0.9866656104720936,0.9987421445772106
2026-05-21 23:01:00+00:00,0.9972513861936656,0.9874835595767848,0.9987421445772106
2026-05-21 23:02:00+00:00,0.9972513861936656,0.9894695385482264,0.9987421445772106
2026-05-21 23:03:00+00:00,0.9972513861936656,0.9902678541260918,0.9987421445772106
2026-05-21 23:04:00+00:00,0.9972513861936656,0.9885516133170591,0.9987421445772106
2026-05-21 23:05:00+00:00,0.9972513861936656,0.9884786747477438,0.9987421445772106
2026-05-21 23:06:00+00:00,0.9972513861936656,0.9872012151831195,0.9987421445772106
2026-05-21 23:07:00+00:00,0.9972513861936656,0.9866368815928885,0.9987421445772106
2026-05-21 23:08:00+00:00,0.9972513861936656,0.9882836659415128,0.9987421445772106
2026-05-21 23:09:00+00:00,0.9972513861936656,0.9889792644849489,0.9987421445772106
2026-05-21 23:10:00+00:00,0.9972513861936656,0.9882169004003449,0.9987421445772106
2026-05-21 23:11:00+00:00,0.9972513861936656,0.9871121817724862,0.9987421445772106
2026-05-21 23:12:00+00:00,0.9972513861936656,0.9871479843226879,0.9987421445772106
2026-05-21 23:13:00+00:00,0.9972513861936656,0.985823777177165,0.9987421445772106
2026-05-21 23:14:00+00:00,0.9972513861936656,0.9851337005331409,0.9987421445772106
2026-05-21 23:15:00+00:00,0.9972513861936656,0.9851337005331409,0.9987421445772106
2026-05-21 23:16:00+00:00,0.9972513861936656,0.9851337005331409,0.9987421445772106
2026-05-21 23:17:00+00:00,0.9972513861936656,0.9851337005331409,0.9987421445772106
2026-05-21 23:18:00+00:00,0.9972513861936656,0.9851337005331409,0.9987421445772106
2026-05-21 23:19:00+00:00,0.9972513861936656,0.9851337005331409,0.9987421445772106
2026-05-21 23:20:00+00:00,0.9972513861936656,0.9851337005331409,0.9987421445772106
2026-05-21 23:21:00+00:00,0.9972513861936656,0.9851337005331409,0.9987421445772106
2026-05-21 23:22:00+00:00,0.9972513861936656,0.9851337005331409,0.9987421445772106
2026-05-21 23:23:00+00:00,0.9972513861936656,0.9851337005331409,0.9987421445772106
2026-05-21 23:24:00+00:00,0.9972513861936656,0.9851337005331409,0.9987421445772106
2026-05-21 23:25:00+00:00,0.9972513861936656,0.9851337005331409,0.9987421445772106
2026-05-21 23:26:00+00:00,0.9972513861936656,0.9851337005331409,0.9987421445772106
2026-05-21 23:27:00+00:00,0.9972513861936656,0.9851337005331409,0.9987421445772106
2026-05-21 23:28:00+00:00,0.9972513861936656,0.9851337005331409,0.9987421445772106
2026-05-21 23:29:00+00:00,0.9972513861936656,0.9851337005331409,0.9987421445772106
2026-05-21 23:30:00+00:00,0.9972513861936656,0.9851337005331409,0.9987421445772106
2026-05-21 23:31:00+00:00,0.9972513861936656,0.9851337005331409,0.9987421445772106
2026-05-21 23:32:00+00:00,0.9972513861936656,0.9851337005331409,0.9987421445772106
2026-05-21 23:33:00+00:00,0.9972513861936656,0.9851337005331409,0.9987421445772106
2026-05-21 23:34:00+00:00,0.9972513861936656,0.9851337005331409,0.9987421445772106
2026-05-21 23:35:00+00:00,0.9972513861936656,0.9851337005331409,0.9987421445772106
2026-05-21 23:36:00+00:00,0.9972513861936656,0.9851337005331409,0.9987421445772106
2026-05-21 23:37:00+00:00,0.9972513861936656,0.9851337005331409,0.9987421445772106
2026-05-21 23:38:00+00:00,0.9972513861936656,0.9851337005331409,0.9987421445772106
2026-05-21 23:39:00+00:00,0.9972513861936656,0.9851337005331409,0.9987421445772106
2026-05-21 23:40:00+00:00,0.9972513861936656,0.9851337005331409,0.9987421445772106
2026-05-21 23:41:00+00:00,0.9972513861936656,0.9851337005331409,0.9987421445772106
2026-05-21 23:42:00+00:00,0.9972513861936656,0.9851337005331409,0.9987421445772106
2026-05-21 23:43:00+00:00,0.9972513861936656,0.9851337005331409,0.9987421445772106
2026-05-21 23:44:00+00:00,0.9972513861936656,0.9851337005331409,0.9987421445772106
2026-05-21 23:45:00+00:00,0.9972513861936656,0.9851337005331409,0.9987421445772106
2026-05-21 23:46:00+00:00,0.9972513861936656,0.9851337005331409,0.9987421445772106
2026-05-21 23:47:00+00:00,0.9972513861936656,0.9851337005331409,0.9987421445772106
2026-05-21 23:48:00+00:00,0.9972513861936656,0.9851337005331409,0.9987421445772106
2026-05-21 23:49:00+00:00,0.9972513861936656,0.9851337005331409,0.9987421445772106
2026-05-21 23:50:00+00:00,0.9972513861936656,0.9851337005331409,0.9987421445772106
2026-05-21 23:51:00+00:00,0.9972513861936656,0.9853597432010495,0.9987421445772106
2026-05-21 23:52:00+00:00,0.9972513861936656,0.9859625228373509,0.9987421445772106
2026-05-21 23:53:00+00:00,0.9972513861936656,0.9884983225065579,0.9987421445772106
2026-05-21 23:54:00+00:00,0.9972513861936656,0.9882746550272289,0.9987421445772106
2026-05-21 23:55:00+00:00,0.9972513861936656,0.9860922493131346,0.9987421445772106
2026-05-21 23:56:00+00:00,0.9972513861936656,0.9878395228649857,0.9987421445772106
2026-05-21 23:57:00+00:00,0.9972513861936656,0.9873408248679486,0.9987421445772106
2026-05-21 23:58:00+00:00,0.9972513861936656,0.9874584621315713,0.9987421445772106
2026-05-21 23:59:00+00:00,0.9972513861936656,0.9888865202879121,0.9987421445772106
2026-05-22 00:00:00+00:00,0.9972513861936656,0.9871397555593308,0.9987421445772106
2026-05-22 00:01:00+00:00,0.9972513861936656,0.9857773916979654,0.9987421445772106
2026-05-22 00:02:00+00:00,0.9972513861936656,0.9840371848040621,0.9987421445772106
2026-05-22 00:03:00+00:00,0.9972513861936656,0.9833483587746992,0.9987421445772106
2026-05-22 00:04:00+00:00,0.9972513861936656,0.9833483587746992,0.9987421445772106
2026-05-22 00:05:00+00:00,0.9972513861936656,0.9833483587746992,0.9987421445772106
2026-05-22 00:06:00+00:00,0.9972513861936656,0.9833483587746992,0.9987421445772106
2026-05-22 00:07:00+00:00,0.9972513861936656,0.9833483587746992,0.9987421445772106
2026-05-22 00:08:00+00:00,0.9972513861936656,0.9833483587746992,0.9987421445772106
2026-05-22 00:09:00+00:00,0.9972513861936656,0.9833483587746992,0.9987421445772106
2026-05-22 00:10:00+00:00,0.9972513861936656,0.9833483587746992,0.9987421445772106
2026-05-22 00:11:00+00:00,0.9972513861936656,0.9833483587746992,0.9987421445772106
2026-05-22 00:12:00+00:00,0.9972513861936656,0.9833483587746992,0.9987421445772106
2026-05-22 00:13:00+00:00,0.9972513861936656,0.9833483587746992,0.9987421445772106
2026-05-22 00:14:00+00:00,0.9972513861936656,0.9833483587746992,0.9987421445772106
2026-05-22 00:15:00+00:00,0.9972513861936656,0.9833483587746992,0.9987421445772106
2026-05-22 00:16:00+00:00,0.9972513861936656,0.9833483587746992,0.9987421445772106
2026-05-22 00:17:00+00:00,0.9972513861936656,0.9833483587746992,0.9987421445772106
2026-05-22 00:18:00+00:00,0.9972513861936656,0.9833483587746992,0.9987421445772106
2026-05-22 00:19:00+00:00,0.9972513861936656,0.9833483587746992,0.9987421445772106
2026-05-22 00:20:00+00:00,0.9972513861936656,0.9833483587746992,0.9987421445772106
2026-05-22 00:21:00+00:00,0.9972513861936656,0.9833483587746992,0.9987421445772106
2026-05-22 00:22:00+00:00,0.9972513861936656,0.9833483587746992,0.9987421445772106
2026-05-22 00:23:00+00:00,0.9972513861936656,0.9833483587746992,0.9987421445772106
2026-05-22 00:24:00+00:00,0.9972513861936656,0.9833483587746992,0.9987421445772106
2026-05-22 00:25:00+00:00,0.9972513861936656,0.9833483587746992,0.9987421445772106
2026-05-22 00:26:00+00:00,0.9972513861936656,0.9833483587746992,0.9987421445772106
2026-05-22 00:27:00+00:00,0.9972513861936656,0.9833483587746992,0.9987421445772106
2026-05-22 00:28:00+00:00,0.9972513861936656,0.9833483587746992,0.9987421445772106
2026-05-22 00:29:00+00:00,0.9972513861936656,0.9851888706073193,0.9987421445772106
2026-05-22 00:30:00+00:00,0.9972513861936656,0.9859258632605269,0.9987421445772106
2026-05-22 00:31:00+00:00,0.9972513861936656,0.985110089998408,0.9987421445772106
2026-05-22 00:32:00+00:00,0.9972513861936656,0.9854196291253624,0.9987421445772106
2026-05-22 00:33:00+00:00,0.9972513861936656,0.9852044378328589,0.9987421445772106
2026-05-22 00:34:00+00:00,0.9972513861936656,0.9840194914749688,0.9987421445772106
2026-05-22 00:35:00+00:00,0.9972513861936656,0.9825766858649244,0.9987421445772106
2026-05-22 00:36:00+00:00,0.9972513861936656,0.9826515522313015,0.9987421445772106
2026-05-22 00:37:00+00:00,0.9972513861936656,0.9811826268561855,0.9987421445772106
2026-05-22 00:38:00+00:00,0.9972513861936656,0.9804957990173861,0.9987421445772106
2026-05-22 00:39:00+00:00,0.9972513861936656,0.9804957990173861,0.9987421445772106
2026-05-22 00:40:00+00:00,0.9972513861936656,0.9804957990173861,0.9987421445772106
2026-05-22 00:41:00+00:00,0.9972513861936656,0.9804957990173861,0.9987421445772106
2026-05-22 00:42:00+00:00,0.9972513861936656,0.9804957990173861,0.9987421445772106
2026-05-22 00:43:00+00:00,0.9972513861936656,0.9804957990173861,0.9987421445772106
2026-05-22 00:44:00+00:00,0.9972513861936656,0.9804957990173861,0.9987421445772106
2026-05-22 00:45:00+00:00,0.9972513861936656,0.9804957990173861,0.9987421445772106
2026-05-22 00:46:00+00:00,0.9972513861936656,0.9804957990173861,0.9987421445772106
2026-05-22 00:47:00+00:00,0.9972513861936656,0.9804957990173861,0.9987421445772106
2026-05-22 00:48:00+00:00,0.9972513861936656,0.9804957990173861,0.9987421445772106
2026-05-22 00:49:00+00:00,0.9972513861936656,0.9804957990173861,0.9987421445772106
2026-05-22 00:50:00+00:00,0.9972513861936656,0.9804957990173861,0.9987421445772106
2026-05-22 00:51:00+00:00,0.9972513861936656,0.9804957990173861,0.9987421445772106
2026-05-22 00:52:00+00:00,0.9972513861936656,0.9788044710903915,0.9987421445772106
2026-05-22 00:53:00+00:00,0.9972513861936656,0.9794576126386686,0.9987421445772106
2026-05-22 00:54:00+00:00,0.9972513861936656,0.9800343924278182,0.9987421445772106
2026-05-22 00:55:00+00:00,0.9972513861936656,0.9811904929966225,0.9987421445772106
2026-05-22 00:56:00+00:00,0.9972513861936656,0.9818985487996987,0.9987421445772106
2026-05-22 00:57:00+00:00,0.9972513861936656,0.981434726573801,0.9987421445772106
2026-05-22 00:58:00+00:00,0.9972513861936656,0.9816395612225152,0.9987421445772106
2026-05-22 00:59:00+00:00,0.9972513861936656,0.9812833918791153,0.9987421445772106
2026-05-22 01:00:00+00:00,0.9972513861936656,0.9808913235636442,0.9987421445772106
2026-05-22 01:01:00+00:00,0.9972513861936656,0.979460718920579,0.9987421445772106
2026-05-22 01:02:00+00:00,0.9972513861936656,0.9798310424006035,0.9987421445772106
2026-05-22 01:03:00+00:00,0.9972513861936656,0.9814264550331758,0.9987421445772106
2026-05-22 01:04:00+00:00,0.9972513861936656,0.980269901184245,0.9987421445772106
2026-05-22 01:05:00+00:00,0.9972513861936656,0.9806283140958993,0.9987421445772106
2026-05-22 01:06:00+00:00,0.9972513861936656,0.9794213800330012,0.9987421445772106
2026-05-22 01:07:00+00:00,0.9972513861936656,0.978735785066978,0.9987421445772106
2026-05-22 01:08:00+00:00,0.9972513861936656,0.978735785066978,0.9987421445772106
2026-05-22 01:09:00+00:00,0.9972513861936656,0.978735785066978,0.9987421445772106
2026-05-22 01:10:00+00:00,0.9972513861936656,0.978735785066978,0.9987421445772106
2026-05-22 01:11:00+00:00,0.9972513861936656,0.978735785066978,0.9987421445772106
2026-05-22 01:12:00+00:00,0.9972513861936656,0.9781256983192548,0.9987421445772106
2026-05-22 01:13:00+00:00,0.9972513861936656,0.9782987062662609,0.9987421445772106
2026-05-22 01:14:00+00:00,0.9972513861936656,0.979461320667187,0.9987421445772106
2026-05-22 01:15:00+00:00,0.9972513861936656,0.9785478406638115,0.9987421445772106
2026-05-22 01:16:00+00:00,0.9972513861936656,0.9789076501433988,0.9987421445772106
2026-05-22 01:17:00+00:00,0.9972513861936656,0.9788798066230191,0.9987421445772106
2026-05-22 01:18:00+00:00,0.9972513861936656,0.9792190324028138,0.9987421445772106
2026-05-22 01:19:00+00:00,0.9972513861936656,0.9783190483511668,0.9987421445772106
2026-05-22 01:20:00+00:00,0.9972513861936656,0.9766046275528578,0.9987421445772106
2026-05-22 01:21:00+00:00,0.9972513861936656,0.9743733055318797,0.9987421445772106
2026-05-22 01:22:00+00:00,0.9972513861936656,0.9736912442180073,0.9987421445772106
2026-05-22 01:23:00+00:00,0.9972513861936656,0.9736912442180073,0.9987421445772106
2026-05-22 01:24:00+00:00,0.9972513861936656,0.9736912442180073,0.9987421445772106
2026-05-22 01:25:00+00:00,0.9972513861936656,0.9736912442180073,0.9987421445772106
2026-05-22 01:26:00+00:00,0.9972513861936656,0.9736912442180073,0.9987421445772106
2026-05-22 01:27:00+00:00,0.9972513861936656,0.9736912442180073,0.9987421445772106
2026-05-22 01:28:00+00:00,0.9972513861936656,0.9736912442180073,0.9987421445772106
2026-05-22 01:29:00+00:00,0.9972513861936656,0.9736912442180073,0.9987421445772106
2026-05-22 01:30:00+00:00,0.9972513861936656,0.9736912442180073,0.9987421445772106
2026-05-22 01:31:00+00:00,0.9972513861936656,0.9736912442180073,0.9987421445772106
2026-05-22 01:32:00+00:00,0.9972513861936656,0.9736912442180073,0.9987421445772106
2026-05-22 01:33:00+00:00,0.9972513861936656,0.9736912442180073,0.9987421445772106
2026-05-22 01:34:00+00:00,0.9972513861936656,0.9736912442180073,0.9987421445772106
2026-05-22 01:35:00+00:00,0.9972513861936656,0.9736912442180073,0.9987421445772106
2026-05-22 01:36:00+00:00,0.9972513861936656,0.9736912442180073,0.9987421445772106
2026-05-22 01:37:00+00:00,0.9972513861936656,0.9736912442180073,0.9987421445772106
2026-05-22 01:38:00+00:00,0.9972513861936656,0.9736912442180073,0.9987421445772106
2026-05-22 01:39:00+00:00,0.9972513861936656,0.9736912442180073,0.9987421445772106
2026-05-22 01:40:00+00:00,0.9972513861936656,0.9736912442180073,0.9987421445772106
2026-05-22 01:41:00+00:00,0.9972513861936656,0.9736912442180073,0.9987421445772106
2026-05-22 01:42:00+00:00,0.9972513861936656,0.9736912442180073,0.9987421445772106
2026-05-22 01:43:00+00:00,0.9972513861936656,0.9736912442180073,0.9987421445772106
2026-05-22 01:44:00+00:00,0.9972513861936656,0.9736912442180073,0.9987421445772106
2026-05-22 01:45:00+00:00,0.9972513861936656,0.9736912442180073,0.9987421445772106
2026-05-22 01:46:00+00:00,0.9972513861936656,0.9736912442180073,0.9987421445772106
2026-05-22 01:47:00+00:00,0.9972513861936656,0.9736912442180073,0.9987421445772106
2026-05-22 01:48:00+00:00,0.9972513861936656,0.9736912442180073,0.9987421445772106
2026-05-22 01:49:00+00:00,0.9972513861936656,0.9736912442180073,0.9987421445772106
2026-05-22 01:50:00+00:00,0.9972513861936656,0.9736912442180073,0.9987421445772106
2026-05-22 01:51:00+00:00,0.9972513861936656,0.9736912442180073,0.9987421445772106
2026-05-22 01:52:00+00:00,0.9972513861936656,0.9736912442180073,0.9987421445772106
2026-05-22 01:53:00+00:00,0.9972513861936656,0.9736912442180073,0.9987421445772106
2026-05-22 01:54:00+00:00,0.9972513861936656,0.9710439974429289,0.9987421445772106
2026-05-22 01:55:00+00:00,0.9972513861936656,0.9706845455820132,0.9987421445772106
2026-05-22 01:56:00+00:00,0.9972513861936656,0.968554568441113,0.9987421445772106
2026-05-22 01:57:00+00:00,0.9972513861936656,0.9678765802432042,0.9987421445772106
2026-05-22 01:58:00+00:00,0.9972513861936656,0.9678765802432042,0.9987421445772106
2026-05-22 01:59:00+00:00,0.9972513861936656,0.9678765802432042,0.9987421445772106
2026-05-22 02:00:00+00:00,0.9972513861936656,0.9678765802432042,0.9987421445772106
2026-05-22 02:01:00+00:00,0.9972513861936656,0.9678765802432042,0.9987421445772106
2026-05-22 02:02:00+00:00,0.9972513861936656,0.9678765802432042,0.9987421445772106
2026-05-22 02:03:00+00:00,0.9972513861936656,0.967779268545077,0.9987421445772106
2026-05-22 02:04:00+00:00,0.9972513861936656,0.9651909122959149,0.9987421445772106
2026-05-22 02:05:00+00:00,0.9972513861936656,0.9647275298822418,0.9987421445772106
2026-05-22 02:06:00+00:00,0.9972513861936656,0.9653229482241299,0.9987421445772106
2026-05-22 02:07:00+00:00,0.9972513861936656,0.9648273214491638,0.9987421445772106
2026-05-22 02:08:00+00:00,0.9972513861936656,0.9664876929673472,0.9987421445772106
2026-05-22 02:09:00+00:00,0.9972513861936656,0.9668046427876869,0.9987421445772106
2026-05-22 02:10:00+00:00,0.9972513861936656,0.9666984180072212,0.9987421445772106
2026-05-22 02:11:00+00:00,0.9972513861936656,0.9667901675876687,0.9987421445772106
2026-05-22 02:12:00+00:00,0.9972513861936656,0.9659460529674662,0.9987421445772106
2026-05-22 02:13:00+00:00,0.9972513861936656,0.9655785349168325,0.9987421445772106
2026-05-22 02:14:00+00:00,0.9972513861936656,0.964866084787674,0.9987421445772106
2026-05-22 02:15:00+00:00,0.9972513861936656,0.9655986282854405,0.9987421445772106
2026-05-22 02:16:00+00:00,0.9972513861936656,0.9646414278831784,0.9987421445772106
2026-05-22 02:17:00+00:00,0.9972513861936656,0.9639661788836602,0.9987421445772106
2026-05-22 02:18:00+00:00,0.9972513861936656,0.9639661788836602,0.9987421445772106
2026-05-22 02:19:00+00:00,0.9972513861936656,0.9639661788836602,0.9987421445772106
2026-05-22 02:20:00+00:00,0.9972513861936656,0.9639661788836602,0.9987421445772106
2026-05-22 02:21:00+00:00,0.9972513861936656,0.9639661788836602,0.9987421445772106
2026-05-22 02:22:00+00:00,0.9972513861936656,0.9639661788836602,0.9987421445772106
2026-05-22 02:23:00+00:00,0.9972513861936656,0.9639661788836602,0.9987421445772106
2026-05-22 02:24:00+00:00,0.9972513861936656,0.9639661788836602,0.9987421445772106
2026-05-22 02:25:00+00:00,0.9972513861936656,0.9639661788836602,0.9987421445772106
2026-05-22 02:26:00+00:00,0.9972513861936656,0.9639661788836602,0.9987421445772106
2026-05-22 02:27:00+00:00,0.9972513861936656,0.9639661788836602,0.9987421445772106
2026-05-22 02:28:00+00:00,0.9972513861936656,0.9629067513843792,0.9987421445772106
2026-05-22 02:29:00+00:00,0.9972513861936656,0.9619073791985697,0.9987421445772106
2026-05-22 02:30:00+00:00,0.9972513861936656,0.9614314643559084,0.9987421445772106
2026-05-22 02:31:00+00:00,0.9972513861936656,0.9619115635756316,0.9987421445772106
2026-05-22 02:32:00+00:00,0.9972513861936656,0.9602511228694899,0.9987421445772106
2026-05-22 02:33:00+00:00,0.9958514690701594,0.9595789470834812,0.9987421445772106
2026-05-22 02:34:00+00:00,0.9964432524662395,0.9595789470834812,0.9987421445772106
2026-05-22 02:35:00+00:00,0.995180280845205,0.9595789470834812,0.9987421445772106
2026-05-22 02:36:00+00:00,0.9944836546486133,0.9595789470834812,0.9987421445772106
2026-05-22 02:37:00+00:00,0.9944836546486133,0.9595789470834812,0.9987421445772106
2026-05-22 02:38:00+00:00,0.9944836546486133,0.9595789470834812,0.9987421445772106
2026-05-22 02:39:00+00:00,0.9944836546486133,0.9595789470834812,0.9987421445772106
2026-05-22 02:40:00+00:00,0.9944836546486133,0.9586448684534968,0.9987421445772106
2026-05-22 02:41:00+00:00,0.9944836546486133,0.9588343516558611,0.9987421445772106
2026-05-22 02:42:00+00:00,0.9944836546486133,0.9591023089466117,0.9987421445772106
2026-05-22 02:43:00+00:00,0.9944836546486133,0.959270675434102,0.9987421445772106
2026-05-22 02:44:00+00:00,0.9944836546486133,0.9590552672913732,0.9987421445772106
2026-05-22 02:45:00+00:00,0.9944836546486133,0.9601219091509343,0.9987421445772106
2026-05-22 02:46:00+00:00,0.9944836546486133,0.9593726395736942,0.9987421445772106
2026-05-22 02:47:00+00:00,0.9944836546486133,0.9586707648254237,0.9987421445772106
2026-05-22 02:48:00+00:00,0.9944836546486133,0.958263267440005,0.9987421445772106
2026-05-22 02:49:00+00:00,0.9944836546486133,0.9576745063957748,0.9987421445772106
2026-05-22 02:50:00+00:00,0.9944836546486133,0.9573611185505614,0.9987421445772106
2026-05-22 02:51:00+00:00,0.9944836546486133,0.9552087120394945,0.9987421445772106
2026-05-22 02:52:00+00:00,0.9944836546486133,0.9545400659410669,0.9987421445772106
2026-05-22 02:53:00+00:00,0.9944836546486133,0.9545400659410669,0.9987421445772106
2026-05-22 02:54:00+00:00,0.9944836546486133,0.9545400659410669,0.9987421445772106
2026-05-22 02:55:00+00:00,0.9944836546486133,0.9545400659410669,0.9987421445772106
2026-05-22 02:56:00+00:00,0.9944836546486133,0.9545400659410669,0.9987421445772106
2026-05-22 02:57:00+00:00,0.9944836546486133,0.9545400659410669,0.9987421445772106
2026-05-22 02:58:00+00:00,0.9944836546486133,0.9545400659410669,0.9987421445772106
2026-05-22 02:59:00+00:00,0.9944836546486133,0.9545400659410669,0.9987421445772106
2026-05-22 03:00:00+00:00,0.9944836546486133,0.9545400659410669,0.9987421445772106
2026-05-22 03:01:00+00:00,0.9944836546486133,0.9545400659410669,0.9987421445772106
2026-05-22 03:02:00+00:00,0.9944836546486133,0.9545400659410669,0.9987421445772106
2026-05-22 03:03:00+00:00,0.9944836546486133,0.9545400659410669,0.9987421445772106
2026-05-22 03:04:00+00:00,0.9944836546486133,0.9545400659410669,0.9987421445772106
2026-05-22 03:05:00+00:00,0.9944836546486133,0.9545400659410669,0.9987421445772106
2026-05-22 03:06:00+00:00,0.9944836546486133,0.9545400659410669,0.9987421445772106
2026-05-22 03:07:00+00:00,0.9944836546486133,0.9545400659410669,0.9987421445772106
2026-05-22 03:08:00+00:00,0.9944836546486133,0.9545400659410669,0.9987421445772106
2026-05-22 03:09:00+00:00,0.9944836546486133,0.9545400659410669,0.9987421445772106
2026-05-22 03:10:00+00:00,0.9944836546486133,0.9545400659410669,0.9987421445772106
2026-05-22 03:11:00+00:00,0.9944836546486133,0.9545400659410669,0.9987421445772106
2026-05-22 03:12:00+00:00,0.9944836546486133,0.9545400659410669,0.9987421445772106
2026-05-22 03:13:00+00:00,0.9944836546486133,0.9545400659410669,0.9987421445772106
2026-05-22 03:14:00+00:00,0.9944836546486133,0.9524633398281324,0.9987421445772106
2026-05-22 03:15:00+00:00,0.9944836546486133,0.9511507264019095,0.9987421445772106
2026-05-22 03:16:00+00:00,0.9944836546486133,0.9504849208934281,0.9987421445772106
2026-05-22 03:17:00+00:00,0.9944836546486133,0.9504849208934281,0.9987421445772106
2026-05-22 03:18:00+00:00,0.9944836546486133,0.9504849208934281,0.9987421445772106
2026-05-22 03:19:00+00:00,0.9944836546486133,0.9504849208934281,0.9987421445772106
2026-05-22 03:20:00+00:00,0.9944836546486133,0.9504849208934281,0.9987421445772106
2026-05-22 03:21:00+00:00,0.9944836546486133,0.9504849208934281,0.9987421445772106
2026-05-22 03:22:00+00:00,0.9944836546486133,0.9490699108726885,0.9987421445772106
2026-05-22 03:23:00+00:00,0.9944836546486133,0.9469757960067523,0.9987421445772106
2026-05-22 03:24:00+00:00,0.9944836546486133,0.9482044278253635,0.9987421445772106
2026-05-22 03:25:00+00:00,0.9944836546486133,0.9490801871761116,0.9987421445772106
2026-05-22 03:26:00+00:00,0.9944836546486133,0.9488334830988235,0.9987421445772106
2026-05-22 03:27:00+00:00,0.9944836546486133,0.9471450318441783,0.9987421445772106
2026-05-22 03:28:00+00:00,0.9944836546486133,0.9484216456351278,0.9987421445772106
2026-05-22 03:29:00+00:00,0.9944836546486133,0.948160888548317,0.9987421445772106
2026-05-22 03:30:00+00:00,0.9944836546486133,0.9462533091550563,0.9987421445772106
2026-05-22 03:31:00+00:00,0.9944836546486133,0.9455909318386477,0.9987421445772106
2026-05-22 03:32:00+00:00,0.9944836546486133,0.9455909318386477,0.9987421445772106
2026-05-22 03:33:00+00:00,0.9944836546486133,0.9455909318386477,0.9987421445772106
2026-05-22 03:34:00+00:00,0.9944836546486133,0.9455909318386477,0.9987421445772106
2026-05-22 03:35:00+00:00,0.9944836546486133,0.9455909318386477,0.9987421445772106
2026-05-22 03:36:00+00:00,0.9944836546486133,0.9455909318386477,0.9987421445772106
2026-05-22 03:37:00+00:00,0.9944836546486133,0.9455909318386477,0.9987421445772106
2026-05-22 03:38:00+00:00,0.9944836546486133,0.9443909777082711,0.9987421445772106
2026-05-22 03:39:00+00:00,0.9944836546486133,0.9449925560308025,0.9987421445772106
2026-05-22 03:40:00+00:00,0.9944836546486133,0.9436625691381856,0.9987421445772106
2026-05-22 03:41:00+00:00,0.9944836546486133,0.9443157648659142,0.9987421445772106
2026-05-22 03:42:00+00:00,0.9944836546486133,0.9449788133404065,0.9987421445772106
2026-05-22 03:43:00+00:00,0.9944836546486133,0.9444142844674471,0.9987421445772106
2026-05-22 03:44:00+00:00,0.9944836546486133,0.9436187857919656,0.9987421445772106
2026-05-22 03:45:00+00:00,0.9944836546486133,0.9431519929834893,0.9987421445772106
2026-05-22 03:46:00+00:00,0.9944836546486133,0.9424917865884008,0.9987421445772106
2026-05-22 03:47:00+00:00,0.9944836546486133,0.9424917865884008,0.9987421445772106
2026-05-22 03:48:00+00:00,0.9944836546486133,0.9424917865884008,0.9987421445772106
2026-05-22 03:49:00+00:00,0.9944836546486133,0.9424917865884008,0.9987421445772106
2026-05-22 03:50:00+00:00,0.9944836546486133,0.9424917865884008,0.9987421445772106
2026-05-22 03:51:00+00:00,0.9944836546486133,0.9424917865884008,0.9987421445772106
2026-05-22 03:52:00+00:00,0.9944836546486133,0.9424917865884008,0.9987421445772106
2026-05-22 03:53:00+00:00,0.9944836546486133,0.9424917865884008,0.9987421445772106
2026-05-22 03:54:00+00:00,0.9944836546486133,0.9410892760227246,0.9987421445772106
2026-05-22 03:55:00+00:00,0.9944836546486133,0.9408382129025382,0.9987421445772106
2026-05-22 03:56:00+00:00,0.9944836546486133,0.9414753327658045,0.9987421445772106
2026-05-22 03:57:00+00:00,0.9944836546486133,0.9399664142536065,0.9987421445772106
2026-05-22 03:58:00+00:00,0.9944836546486133,0.9404232712392763,0.9987421445772106
2026-05-22 03:59:00+00:00,0.9944836546486133,0.9403898619874069,0.9987421445772106
2026-05-22 04:00:00+00:00,0.9944836546486133,0.9401106806192762,0.9987421445772106
2026-05-22 04:01:00+00:00,0.9944836546486133,0.9407532056337955,0.9987421445772106
2026-05-22 04:02:00+00:00,0.9944836546486133,0.94026390367503,0.9987421445772106
2026-05-22 04:03:00+00:00,0.9944836546486133,0.940817138762056,0.9987421445772106
2026-05-22 04:04:00+00:00,0.9944836546486133,0.9412443018862189,0.9987421445772106
2026-05-22 04:05:00+00:00,0.9944836546486133,0.9398278537022887,0.9987421445772106
2026-05-22 04:06:00+00:00,0.9944836546486133,0.9391699742046971,0.9987421445772106
2026-05-22 04:07:00+00:00,0.9944836546486133,0.9391699742046971,0.9987421445772106
2026-05-22 04:08:00+00:00,0.9944836546486133,0.9368414861993981,0.9987421445772106
2026-05-22 04:09:00+00:00,0.9944836546486133,0.9342022403831747,0.9987421445772106
2026-05-22 04:10:00+00:00,0.9944836546486133,0.9335482988149064,0.9987421445772106
2026-05-22 04:11:00+00:00,0.9944836546486133,0.9335482988149064,0.9987421445772106
2026-05-22 04:12:00+00:00,0.9944836546486133,0.9335482988149064,0.9987421445772106
2026-05-22 04:13:00+00:00,0.9944836546486133,0.9335482988149064,0.9987421445772106
2026-05-22 04:14:00+00:00,0.9944836546486133,0.9335482988149064,0.9987421445772106
2026-05-22 04:15:00+00:00,0.9944836546486133,0.9335482988149064,0.9987421445772106
2026-05-22 04:16:00+00:00,0.9944836546486133,0.9335482988149064,0.9987421445772106
2026-05-22 04:17:00+00:00,0.9944836546486133,0.9335482988149064,0.9987421445772106
2026-05-22 04:18:00+00:00,0.9944836546486133,0.9335482988149064,0.9987421445772106
2026-05-22 04:19:00+00:00,0.9944836546486133,0.9335482988149064,0.9987421445772106
2026-05-22 04:20:00+00:00,0.9944836546486133,0.9335482988149064,0.9987421445772106
2026-05-22 04:21:00+00:00,0.9944836546486133,0.9335482988149064,0.9987421445772106
2026-05-22 04:22:00+00:00,0.9944836546486133,0.9335482988149064,0.9987421445772106
2026-05-22 04:23:00+00:00,0.9944836546486133,0.9335482988149064,0.9987421445772106
2026-05-22 04:24:00+00:00,0.9944836546486133,0.9335482988149064,0.9987421445772106
2026-05-22 04:25:00+00:00,0.9944836546486133,0.9335482988149064,0.9987421445772106
2026-05-22 04:26:00+00:00,0.9944836546486133,0.9335482988149064,0.9987421445772106
2026-05-22 04:27:00+00:00,0.9944836546486133,0.9335482988149064,0.9987421445772106
2026-05-22 04:28:00+00:00,0.9944836546486133,0.9335482988149064,0.9987421445772106
2026-05-22 04:29:00+00:00,0.9944836546486133,0.9335482988149064,0.9987421445772106
2026-05-22 04:30:00+00:00,0.9944836546486133,0.9335482988149064,0.9987421445772106
2026-05-22 04:31:00+00:00,0.9944836546486133,0.9335482988149064,0.9987421445772106
2026-05-22 04:32:00+00:00,0.9944836546486133,0.9335482988149064,0.9987421445772106
2026-05-22 04:33:00+00:00,0.9944836546486133,0.9335482988149064,0.9987421445772106
2026-05-22 04:34:00+00:00,0.9944836546486133,0.9335482988149064,0.9987421445772106
2026-05-22 04:35:00+00:00,0.9944836546486133,0.9335482988149064,0.9987421445772106
2026-05-22 04:36:00+00:00,0.9944836546486133,0.9335482988149064,0.9987421445772106
2026-05-22 04:37:00+00:00,0.9944836546486133,0.9335482988149064,0.9987421445772106
2026-05-22 04:38:00+00:00,0.9944836546486133,0.9335482988149064,0.9987421445772106
2026-05-22 04:39:00+00:00,0.9944836546486133,0.9335482988149064,0.9987421445772106
2026-05-22 04:40:00+00:00,0.9944836546486133,0.9335482988149064,0.9987421445772106
2026-05-22 04:41:00+00:00,0.9944836546486133,0.9335482988149064,0.9987421445772106
2026-05-22 04:42:00+00:00,0.9944836546486133,0.9335482988149064,0.9987421445772106
2026-05-22 04:43:00+00:00,0.9944836546486133,0.9335482988149064,0.9987421445772106
2026-05-22 04:44:00+00:00,0.9944836546486133,0.9335482988149064,0.9987421445772106
2026-05-22 04:45:00+00:00,0.9944836546486133,0.9323979944561616,0.9987421445772106
2026-05-22 04:46:00+00:00,0.9944836546486133,0.9329355641989574,0.9987421445772106
2026-05-22 04:47:00+00:00,0.9944836546486133,0.9355720719385013,0.9987421445772106
2026-05-22 04:48:00+00:00,0.9944836546486133,0.9347613746554436,0.9987421445772106
2026-05-22 04:49:00+00:00,0.9944836546486133,0.9344802980673242,0.9987421445772106
2026-05-22 04:50:00+00:00,0.9944836546486133,0.9352160493884334,0.9987421445772106
2026-05-22 04:51:00+00:00,0.9944836546486133,0.9365739254541475,0.9987421445772106
2026-05-22 04:52:00+00:00,0.9944836546486133,0.9357096425085855,0.9987421445772106
2026-05-22 04:53:00+00:00,0.9944836546486133,0.9353487683154184,0.9987421445772106
2026-05-22 04:54:00+00:00,0.9944836546486133,0.9328862798151337,0.9987421445772106
2026-05-22 04:55:00+00:00,0.9944836546486133,0.9324535417675618,0.9987421445772106
2026-05-22 04:56:00+00:00,0.9944836546486133,0.9320544449050764,0.9987421445772106
2026-05-22 04:57:00+00:00,0.9944836546486133,0.9314020067936428,0.9987421445772106
2026-05-22 04:58:00+00:00,0.9944836546486133,0.9314020067936428,0.9987421445772106
2026-05-22 04:59:00+00:00,0.9944836546486133,0.9314020067936428,0.9987421445772106
2026-05-22 05:00:00+00:00,0.9944836546486133,0.9314020067936428,0.9987421445772106
2026-05-22 05:01:00+00:00,0.9944836546486133,0.9314020067936428,0.9987421445772106
2026-05-22 05:02:00+00:00,0.9944836546486133,0.9314020067936428,0.9987421445772106
2026-05-22 05:03:00+00:00,0.9944836546486133,0.9314020067936428,0.9987421445772106
2026-05-22 05:04:00+00:00,0.9944836546486133,0.9314020067936428,0.9987421445772106
2026-05-22 05:05:00+00:00,0.9944836546486133,0.9314020067936428,0.9987421445772106
2026-05-22 05:06:00+00:00,0.9944836546486133,0.9314020067936428,0.9987421445772106
2026-05-22 05:07:00+00:00,0.9944836546486133,0.9314020067936428,0.9987421445772106
2026-05-22 05:08:00+00:00,0.9944836546486133,0.9314020067936428,0.9987421445772106
2026-05-22 05:09:00+00:00,0.9944836546486133,0.9314020067936428,0.9987421445772106
2026-05-22 05:10:00+00:00,0.9944836546486133,0.9314020067936428,0.9987421445772106
2026-05-22 05:11:00+00:00,0.9944836546486133,0.9314020067936428,0.9987421445772106
2026-05-22 05:12:00+00:00,0.9944836546486133,0.9314020067936428,0.9987421445772106
2026-05-22 05:13:00+00:00,0.9944836546486133,0.9314020067936428,0.9987421445772106
2026-05-22 05:14:00+00:00,0.9944836546486133,0.9314020067936428,0.9987421445772106
2026-05-22 05:15:00+00:00,0.9944836546486133,0.9314020067936428,0.9987421445772106
2026-05-22 05:16:00+00:00,0.9944836546486133,0.9314020067936428,0.9987421445772106
2026-05-22 05:17:00+00:00,0.9944836546486133,0.9314020067936428,0.9987421445772106
2026-05-22 05:18:00+00:00,0.9944836546486133,0.9314020067936428,0.9987421445772106
2026-05-22 05:19:00+00:00,0.9944836546486133,0.9314020067936428,0.9987421445772106
2026-05-22 05:20:00+00:00,0.9944836546486133,0.9314020067936428,0.9987421445772106
2026-05-22 05:21:00+00:00,0.9944836546486133,0.9314020067936428,0.9987421445772106
2026-05-22 05:22:00+00:00,0.9944836546486133,0.9314020067936428,0.9987421445772106
2026-05-22 05:23:00+00:00,0.9944836546486133,0.9314020067936428,0.9987421445772106
2026-05-22 05:24:00+00:00,0.9944836546486133,0.9314020067936428,0.9987421445772106
2026-05-22 05:25:00+00:00,0.9944836546486133,0.9314020067936428,0.9987421445772106
2026-05-22 05:26:00+00:00,0.9944836546486133,0.9314020067936428,0.9987421445772106
2026-05-22 05:27:00+00:00,0.9944836546486133,0.9314020067936428,0.9987421445772106
2026-05-22 05:28:00+00:00,0.9944836546486133,0.9314020067936428,0.9987421445772106
2026-05-22 05:29:00+00:00,0.9944836546486133,0.9314020067936428,0.9987421445772106
2026-05-22 05:30:00+00:00,0.9944836546486133,0.9314020067936428,0.9987421445772106
2026-05-22 05:31:00+00:00,0.9944836546486133,0.9314020067936428,0.9987421445772106
2026-05-22 05:32:00+00:00,0.9944836546486133,0.9314020067936428,0.9987421445772106
2026-05-22 05:33:00+00:00,0.9944836546486133,0.9314020067936428,0.9987421445772106
2026-05-22 05:34:00+00:00,0.9944836546486133,0.9323554604019483,0.9987421445772106
2026-05-22 05:35:00+00:00,0.9944836546486133,0.93164958511981,0.9987421445772106
2026-05-22 05:36:00+00:00,0.9944836546486133,0.932010223823474,0.9987421445772106
2026-05-22 05:37:00+00:00,0.9944836546486133,0.9330609061618923,0.9987421445772106
2026-05-22 05:38:00+00:00,0.9944836546486133,0.9331598388477923,0.9987421445772106
2026-05-22 05:39:00+00:00,0.9944836546486133,0.9319974853191677,0.9987421445772106
2026-05-22 05:40:00+00:00,0.9944836546486133,0.9343400394502814,0.9987421445772106
2026-05-22 05:41:00+00:00,0.9944836546486133,0.9358817422847407,0.9987421445772106
2026-05-22 05:42:00+00:00,0.9944836546486133,0.9368342530214392,0.9987421445772106
2026-05-22 05:43:00+00:00,0.9944836546486133,0.9353224184754373,0.9987421445772106
2026-05-22 05:44:00+00:00,0.9944836546486133,0.9350306247086163,0.9987421445772106
2026-05-22 05:45:00+00:00,0.9944836546486133,0.9342384959395953,0.9987421445772106
2026-05-22 05:46:00+00:00,0.9944836546486133,0.9354130695182767,0.9987421445772106
2026-05-22 05:47:00+00:00,0.9944836546486133,0.9365678570936142,0.9987421445772106
2026-05-22 05:48:00+00:00,0.9944836546486133,0.9361048476207751,0.9987421445772106
2026-05-22 05:49:00+00:00,0.9944836546486133,0.9360445611184363,0.9987421445772106
2026-05-22 05:50:00+00:00,0.9944836546486133,0.9354775073315463,0.9987421445772106
2026-05-22 05:51:00+00:00,0.9944836546486133,0.9356711264835553,0.9987421445772106
2026-05-22 05:52:00+00:00,0.9944836546486133,0.9353838129643062,0.9987421445772106
2026-05-22 05:53:00+00:00,0.9944836546486133,0.9352205036032453,0.9987421445772106
2026-05-22 05:54:00+00:00,0.9944836546486133,0.9344174203065284,0.9987421445772106
2026-05-22 05:55:00+00:00,0.9944836546486133,0.9335848497936111,0.9987421445772106
2026-05-22 05:56:00+00:00,0.9944836546486133,0.9329313403987556,0.9987421445772106
2026-05-22 05:57:00+00:00,0.9944836546486133,0.9329313403987556,0.9987421445772106
2026-05-22 05:58:00+00:00,0.9944836546486133,0.9312463666350784,0.9987421445772106
2026-05-22 05:59:00+00:00,0.9944836546486133,0.9300249635754388,0.9987421445772106
2026-05-22 06:00:00+00:00,0.9944836546486133,0.9310717090078694,0.9987421445772106
2026-05-22 06:01:00+00:00,0.9944836546486133,0.9329804819458272,0.9987421445772106
2026-05-22 06:02:00+00:00,0.9944836546486133,0.932878429263426,0.9987421445772106
2026-05-22 06:03:00+00:00,0.9944836546486133,0.9319196362213513,0.9987421445772106
2026-05-22 06:04:00+00:00,0.9944836546486133,0.9300691572254597,0.9987421445772106
2026-05-22 06:05:00+00:00,0.9944836546486133,0.9294181088154019,0.9987421445772106
2026-05-22 06:06:00+00:00,0.9944836546486133,0.9294181088154019,0.9987421445772106
2026-05-22 06:07:00+00:00,0.9944836546486133,0.9294181088154019,0.9987421445772106
2026-05-22 06:08:00+00:00,0.9944836546486133,0.9294181088154019,0.9987421445772106
2026-05-22 06:09:00+00:00,0.9944836546486133,0.9294181088154019,0.9987421445772106
2026-05-22 06:10:00+00:00,0.9944836546486133,0.9294181088154019,0.9987421445772106
2026-05-22 06:11:00+00:00,0.9944836546486133,0.9294181088154019,0.9987421445772106
2026-05-22 06:12:00+00:00,0.9944836546486133,0.9294181088154019,0.9987421445772106
2026-05-22 06:13:00+00:00,0.9944836546486133,0.9294181088154019,0.9987421445772106
2026-05-22 06:14:00+00:00,0.9944836546486133,0.9278236699054724,0.9987421445772106
2026-05-22 06:15:00+00:00,0.9944836546486133,0.9286995655899154,0.9987421445772106
2026-05-22 06:16:00+00:00,0.9944836546486133,0.929355372159816,0.9987421445772106
2026-05-22 06:17:00+00:00,0.9944836546486133,0.9298094108194153,0.9987421445772106
2026-05-22 06:18:00+00:00,0.9944836546486133,0.9310925666448071,0.9987421445772106
2026-05-22 06:19:00+00:00,0.9944836546486133,0.9317456879511373,0.9987421445772106
2026-05-22 06:20:00+00:00,0.9944836546486133,0.9325069386740397,0.9987421445772106
2026-05-22 06:21:00+00:00,0.9944836546486133,0.9331626328667599,0.9987421445772106
2026-05-22 06:22:00+00:00,0.9944836546486133,0.9335137077952218,0.9987421445772106
2026-05-22 06:23:00+00:00,0.9944836546486133,0.9316782901674153,0.9987421445772106
2026-05-22 06:24:00+00:00,0.9944836546486133,0.9317643522012794,0.9987421445772106
2026-05-22 06:25:00+00:00,0.9944836546486133,0.9311927517802709,0.9987421445772106
2026-05-22 06:26:00+00:00,0.9944836546486133,0.9298786710975908,0.9987421445772106
2026-05-22 06:27:00+00:00,0.9944836546486133,0.9316060697234493,0.9987421445772106
2026-05-22 06:28:00+00:00,0.9944836546486133,0.9333852685238846,0.9987421445772106
2026-05-22 06:29:00+00:00,0.9944836546486133,0.9347863600173943,0.9987421445772106
2026-05-22 06:30:00+00:00,0.9944836546486133,0.9350497419797671,0.9987421445772106
2026-05-22 06:31:00+00:00,0.9944836546486133,0.9364444498739687,0.9987421445772106
2026-05-22 06:32:00+00:00,0.9944836546486133,0.9364569941062008,0.9987421445772106
2026-05-22 06:33:00+00:00,0.9944836546486133,0.9366666685306446,0.9987421445772106
2026-05-22 06:34:00+00:00,0.9944836546486133,0.9355372404435247,0.9987421445772106
2026-05-22 06:35:00+00:00,0.9944836546486133,0.9359472498609055,0.9987421445772106
2026-05-22 06:36:00+00:00,0.9944836546486133,0.9360097072018031,0.9987421445772106
2026-05-22 06:37:00+00:00,0.9944836546486133,0.9346653016729796,0.9987421445772106
2026-05-22 06:38:00+00:00,0.9944836546486133,0.9346125884300542,0.9987421445772106
2026-05-22 06:39:00+00:00,0.9944836546486133,0.9345304541608486,0.9987421445772106
2026-05-22 06:40:00+00:00,0.9944836546486133,0.936386082897348,0.9987421445772106
2026-05-22 06:41:00+00:00,0.9944836546486133,0.9373105991955357,0.9987421445772106
2026-05-22 06:42:00+00:00,0.9944836546486133,0.9373225264360967,0.9987421445772106
2026-05-22 06:43:00+00:00,0.9944836546486133,0.9375799745336555,0.9987421445772106
2026-05-22 06:44:00+00:00,0.9944836546486133,0.9376258067775598,0.9987421445772106
2026-05-22 06:45:00+00:00,0.9944836546486133,0.9374159752756239,0.9987421445772106
2026-05-22 06:46:00+00:00,0.9944836546486133,0.9362970542266482,0.9987421445772106
2026-05-22 06:47:00+00:00,0.9944836546486133,0.9361410925169865,0.9987421445772106
2026-05-22 06:48:00+00:00,0.9944836546486133,0.9353707733311603,0.9987421445772106
2026-05-22 06:49:00+00:00,0.9944836546486133,0.9347160137898284,0.9987421445772106
2026-05-22 06:50:00+00:00,0.9944836546486133,0.9347160137898284,0.9987421445772106
2026-05-22 06:51:00+00:00,0.9944836546486133,0.9347160137898284,0.9987421445772106
2026-05-22 06:52:00+00:00,0.9944836546486133,0.9347160137898284,0.9987421445772106
2026-05-22 06:53:00+00:00,0.9944836546486133,0.9347160137898284,0.9987421445772106
2026-05-22 06:54:00+00:00,0.9944836546486133,0.9347160137898284,0.9987421445772106
2026-05-22 06:55:00+00:00,0.9944836546486133,0.9347160137898284,0.9987421445772106
2026-05-22 06:56:00+00:00,0.9944836546486133,0.9347160137898284,0.9987421445772106
2026-05-22 06:57:00+00:00,0.9944836546486133,0.9347160137898284,0.9987421445772106
2026-05-22 06:58:00+00:00,0.9944836546486133,0.9347160137898284,0.9987421445772106
2026-05-22 06:59:00+00:00,0.9944836546486133,0.9347160137898284,0.9987421445772106
2026-05-22 07:00:00+00:00,0.9944836546486133,0.9347160137898284,0.9987421445772106
2026-05-22 07:01:00+00:00,0.9944836546486133,0.9347160137898284,0.9987421445772106
2026-05-22 07:02:00+00:00,0.9944836546486133,0.9347160137898284,0.9987421445772106
2026-05-22 07:03:00+00:00,0.9944836546486133,0.9347160137898284,0.9987421445772106
2026-05-22 07:04:00+00:00,0.9944836546486133,0.9347160137898284,0.9987421445772106
2026-05-22 07:05:00+00:00,0.9944836546486133,0.9347160137898284,0.9987421445772106
2026-05-22 07:06:00+00:00,0.9944836546486133,0.9347160137898284,0.9987421445772106
2026-05-22 07:07:00+00:00,0.9944836546486133,0.9347160137898284,0.9987421445772106
2026-05-22 07:08:00+00:00,0.9944836546486133,0.9347160137898284,0.9987421445772106
2026-05-22 07:09:00+00:00,0.9944836546486133,0.9347160137898284,0.9987421445772106
2026-05-22 07:10:00+00:00,0.9944836546486133,0.9347160137898284,0.9987421445772106
2026-05-22 07:11:00+00:00,0.9944836546486133,0.9347160137898284,0.9987421445772106
2026-05-22 07:12:00+00:00,0.9944836546486133,0.9347160137898284,0.9987421445772106
2026-05-22 07:13:00+00:00,0.9944836546486133,0.9347160137898284,0.9987421445772106
2026-05-22 07:14:00+00:00,0.9944836546486133,0.9347160137898284,0.9987421445772106
2026-05-22 07:15:00+00:00,0.9944836546486133,0.9347160137898284,0.9987421445772106
2026-05-22 07:16:00+00:00,0.9944836546486133,0.9347160137898284,0.9987421445772106
2026-05-22 07:17:00+00:00,0.9944836546486133,0.9347160137898284,0.9987421445772106
2026-05-22 07:18:00+00:00,0.9944836546486133,0.9347160137898284,0.9987421445772106
2026-05-22 07:19:00+00:00,0.9944836546486133,0.9347160137898284,0.9987421445772106
2026-05-22 07:20:00+00:00,0.9944836546486133,0.9347160137898284,0.9987421445772106
2026-05-22 07:21:00+00:00,0.9944836546486133,0.9347160137898284,0.9987421445772106
2026-05-22 07:22:00+00:00,0.9944836546486133,0.9359800253118878,0.9987421445772106
2026-05-22 07:23:00+00:00,0.9944836546486133,0.9359498701576875,0.9987421445772106
2026-05-22 07:24:00+00:00,0.9944836546486133,0.9359178493068165,0.9987421445772106
2026-05-22 07:25:00+00:00,0.9944836546486133,0.9360392163667983,0.9987421445772106
2026-05-22 07:26:00+00:00,0.9944836546486133,0.9347841555502902,0.9987421445772106
2026-05-22 07:27:00+00:00,0.9944836546486133,0.937537061813749,0.9987421445772106
2026-05-22 07:28:00+00:00,0.9944836546486133,0.9371272703940393,0.9987421445772106
2026-05-22 07:29:00+00:00,0.9944836546486133,0.9355111121451996,0.9987421445772106
2026-05-22 07:30:00+00:00,0.9944836546486133,0.9366745215142619,0.9987421445772106
2026-05-22 07:31:00+00:00,0.9944836546486133,0.9370669168625971,0.9987421445772106
2026-05-22 07:32:00+00:00,0.9944836546486133,0.9378450169166914,0.9987421445772106
2026-05-22 07:33:00+00:00,0.9944836546486133,0.9387700192929183,0.9987421445772106
2026-05-22 07:34:00+00:00,0.9944836546486133,0.9391078468684597,0.9987421445772106
2026-05-22 07:35:00+00:00,0.9944836546486133,0.9376273150017819,0.9987421445772106
2026-05-22 07:36:00+00:00,0.9944836546486133,0.9357242489525187,0.9987421445772106
2026-05-22 07:37:00+00:00,0.9944836546486133,0.936070969015041,0.9987421445772106
2026-05-22 07:38:00+00:00,0.9944836546486133,0.9341010152689692,0.9987421445772106
2026-05-22 07:39:00+00:00,0.9944836546486133,0.9334471445582808,0.9987421445772106
2026-05-22 07:40:00+00:00,0.9944836546486133,0.9334471445582808,0.9987421445772106
2026-05-22 07:41:00+00:00,0.9944836546486133,0.9334471445582808,0.9987421445772106
2026-05-22 07:42:00+00:00,0.9944836546486133,0.9334471445582808,0.9987421445772106
2026-05-22 07:43:00+00:00,0.9944836546486133,0.9334471445582808,0.9987421445772106
2026-05-22 07:44:00+00:00,0.9944836546486133,0.9334471445582808,0.9987421445772106
2026-05-22 07:45:00+00:00,0.9944836546486133,0.9336710864684314,0.9987421445772106
2026-05-22 07:46:00+00:00,0.9944836546486133,0.9329427774012673,0.9987421445772106
2026-05-22 07:47:00+00:00,0.9944836546486133,0.9339409623189184,0.9987421445772106
2026-05-22 07:48:00+00:00,0.9944836546486133,0.9335682281673215,0.9987421445772106
2026-05-22 07:49:00+00:00,0.9944836546486133,0.9330639278999826,0.9987421445772106
2026-05-22 07:50:00+00:00,0.9944836546486133,0.9339999929930066,0.9987421445772106
2026-05-22 07:51:00+00:00,0.9944836546486133,0.9340321206079745,0.9987421445772106
2026-05-22 07:52:00+00:00,0.9944836546486133,0.9343193764277219,0.9987421445772106
2026-05-22 07:53:00+00:00,0.9944836546486133,0.934333884152085,0.9987421445772106
2026-05-22 07:54:00+00:00,0.9944836546486133,0.9346810593115554,0.9987421445772106
2026-05-22 07:55:00+00:00,0.9944836546486133,0.9351195594925558,0.9987421445772106
2026-05-22 07:56:00+00:00,0.9944836546486133,0.9331230641521864,0.9987421445772106
2026-05-22 07:57:00+00:00,0.9944836546486133,0.9338097603643042,0.9987421445772106
2026-05-22 07:58:00+00:00,0.9944836546486133,0.9327984897199393,0.9987421445772106
2026-05-22 07:59:00+00:00,0.9944836546486133,0.9313151726496128,0.9987421445772106
2026-05-22 08:00:00+00:00,0.9944836546486133,0.9306632520287581,0.9987421445772106
2026-05-22 08:01:00+00:00,0.9944836546486133,0.9306632520287581,0.9987421445772106
2026-05-22 08:02:00+00:00,0.9944836546486133,0.9306632520287581,0.9987421445772106
2026-05-22 08:03:00+00:00,0.9944836546486133,0.9306632520287581,0.9987421445772106
2026-05-22 08:04:00+00:00,0.9944836546486133,0.9306632520287581,0.9987421445772106
2026-05-22 08:05:00+00:00,0.9944836546486133,0.9306632520287581,0.9987421445772106
2026-05-22 08:06:00+00:00,0.9944836546486133,0.9306632520287581,0.9987421445772106
2026-05-22 08:07:00+00:00,0.9944836546486133,0.9306632520287581,0.9987421445772106
2026-05-22 08:08:00+00:00,0.9944836546486133,0.9306632520287581,0.9987421445772106
2026-05-22 08:09:00+00:00,0.9944836546486133,0.9306632520287581,0.9987421445772106
2026-05-22 08:10:00+00:00,0.9944836546486133,0.9306632520287581,0.9987421445772106
2026-05-22 08:11:00+00:00,0.9944836546486133,0.9306632520287581,0.9987421445772106
2026-05-22 08:12:00+00:00,0.9944836546486133,0.9306632520287581,0.9987421445772106
2026-05-22 08:13:00+00:00,0.9944836546486133,0.9320209286997481,0.9987421445772106
2026-05-22 08:14:00+00:00,0.9944836546486133,0.9320335098688405,0.9987421445772106
2026-05-22 08:15:00+00:00,0.9944836546486133,0.9322606529349845,0.9987421445772106
2026-05-22 08:16:00+00:00,0.9944836546486133,0.9323669491360189,0.9987421445772106
2026-05-22 08:17:00+00:00,0.9944836546486133,0.9323956495580699,0.9987421445772106
2026-05-22 08:18:00+00:00,0.9944836546486133,0.9321634591101509,0.9987421445772106
2026-05-22 08:19:00+00:00,0.9944836546486133,0.9311880904639308,0.9987421445772106
2026-05-22 08:20:00+00:00,0.9944836546486133,0.9323290096832662,0.9987421445772106
2026-05-22 08:21:00+00:00,0.9944836546486133,0.9335338676988869,0.9987421445772106
2026-05-22 08:22:00+00:00,0.9944836546486133,0.9346593664960536,0.9987421445772106
2026-05-22 08:23:00+00:00,0.9944836546486133,0.9343612492588649,0.9987421445772106
2026-05-22 08:24:00+00:00,0.9944836546486133,0.9330766828541447,0.9987421445772106
2026-05-22 08:25:00+00:00,0.9944836546486133,0.9335206069045381,0.9987421445772106
2026-05-22 08:26:00+00:00,0.9944836546486133,0.936094006115183,0.9987421445772106
2026-05-22 08:27:00+00:00,0.9944836546486133,0.9378524129043209,0.9987421445772106
2026-05-22 08:28:00+00:00,0.9944836546486133,0.938714034222895,0.9987421445772106
2026-05-22 08:29:00+00:00,0.9944836546486133,0.9392914890427477,0.9987421445772106
2026-05-22 08:30:00+00:00,0.9944836546486133,0.9397145927355236,0.9987421445772106
2026-05-22 08:31:00+00:00,0.9944836546486133,0.9396744957474295,0.9987421445772106
2026-05-22 08:32:00+00:00,0.9944836546486133,0.9399976027033471,0.9987421445772106
2026-05-22 08:33:00+00:00,0.9944836546486133,0.9389084411972219,0.9987421445772106
2026-05-22 08:34:00+00:00,0.9944836546486133,0.939608486305316,0.9987421445772106
2026-05-22 08:35:00+00:00,0.9944836546486133,0.9405020523593599,0.9987421445772106
2026-05-22 08:36:00+00:00,0.9944836546486133,0.9400048448741242,0.9987421445772106
2026-05-22 08:37:00+00:00,0.9944836546486133,0.9415962843559337,0.9987421445772106
2026-05-22 08:38:00+00:00,0.9944836546486133,0.941191207274111,0.9987421445772106
2026-05-22 08:39:00+00:00,0.9944836546486133,0.9410846019639778,0.9987421445772106
2026-05-22 08:40:00+00:00,0.9944836546486133,0.9412376135510818,0.9987421445772106
2026-05-22 08:41:00+00:00,0.9944836546486133,0.9395864434689352,0.9987421445772106
2026-05-22 08:42:00+00:00,0.9944836546486133,0.9402312434488019,0.9987421445772106
2026-05-22 08:43:00+00:00,0.9944836546486133,0.9380911189852678,0.9987421445772106
2026-05-22 08:44:00+00:00,0.9944836546486133,0.937434455201978,0.9987421445772106
2026-05-22 08:45:00+00:00,0.9944836546486133,0.937434455201978,0.9987421445772106
2026-05-22 08:46:00+00:00,0.9944836546486133,0.937434455201978,0.9987421445772106
2026-05-22 08:47:00+00:00,0.9944836546486133,0.937434455201978,0.9987421445772106
2026-05-22 08:48:00+00:00,0.9944836546486133,0.937434455201978,0.9987421445772106
2026-05-22 08:49:00+00:00,0.9944836546486133,0.937434455201978,0.9987421445772106
2026-05-22 08:50:00+00:00,0.9944836546486133,0.937434455201978,0.9987421445772106
2026-05-22 08:51:00+00:00,0.9944836546486133,0.937434455201978,0.9987421445772106
2026-05-22 08:52:00+00:00,0.9944836546486133,0.937434455201978,0.9987421445772106
2026-05-22 08:53:00+00:00,0.9944836546486133,0.937434455201978,0.9987421445772106
2026-05-22 08:54:00+00:00,0.9944836546486133,0.937434455201978,0.9987421445772106
2026-05-22 08:55:00+00:00,0.9944836546486133,0.937434455201978,0.9987421445772106
2026-05-22 08:56:00+00:00,0.9944836546486133,0.937434455201978,0.9987421445772106
2026-05-22 08:57:00+00:00,0.9944836546486133,0.937434455201978,0.9987421445772106
2026-05-22 08:58:00+00:00,0.9944836546486133,0.937434455201978,0.9987421445772106
2026-05-22 08:59:00+00:00,0.9944836546486133,0.937434455201978,0.9987421445772106
2026-05-22 09:00:00+00:00,0.9944836546486133,0.937434455201978,0.9987421445772106
2026-05-22 09:01:00+00:00,0.9944836546486133,0.937434455201978,0.9987421445772106
2026-05-22 09:02:00+00:00,0.9944836546486133,0.937434455201978,0.9987421445772106
2026-05-22 09:03:00+00:00,0.9944836546486133,0.937434455201978,0.9987421445772106
2026-05-22 09:04:00+00:00,0.9944836546486133,0.937434455201978,0.9987421445772106
2026-05-22 09:05:00+00:00,0.9944836546486133,0.937434455201978,0.9987421445772106
2026-05-22 09:06:00+00:00,0.9944836546486133,0.937434455201978,0.9987421445772106
2026-05-22 09:07:00+00:00,0.9944836546486133,0.937434455201978,0.9987421445772106
2026-05-22 09:08:00+00:00,0.9944836546486133,0.937434455201978,0.9987421445772106
2026-05-22 09:09:00+00:00,0.9944836546486133,0.937434455201978,0.9987421445772106
2026-05-22 09:10:00+00:00,0.9944836546486133,0.937434455201978,0.9987421445772106
2026-05-22 09:11:00+00:00,0.9944836546486133,0.937434455201978,0.9987421445772106
2026-05-22 09:12:00+00:00,0.9944836546486133,0.9370986768708855,0.9987421445772106
2026-05-22 09:13:00+00:00,0.9944836546486133,0.9377085939271165,0.9987421445772106
2026-05-22 09:14:00+00:00,0.9944836546486133,0.936518596142929,0.9987421445772106
2026-05-22 09:15:00+00:00,0.9944836546486133,0.9364278756573003,0.9987421445772106
2026-05-22 09:16:00+00:00,0.9944836546486133,0.9374000930294377,0.9987421445772106
2026-05-22 09:17:00+00:00,0.9944836546486133,0.938296365867885,0.9987421445772106
2026-05-22 09:18:00+00:00,0.9944836546486133,0.9385155785129412,0.9987421445772106
2026-05-22 09:19:00+00:00,0.9944836546486133,0.9394340913949469,0.9987421445772106
2026-05-22 09:20:00+00:00,0.9944836546486133,0.9399430677694744,0.9987421445772106
2026-05-22 09:21:00+00:00,0.9944836546486133,0.9411889436692654,0.9987421445772106
2026-05-22 09:22:00+00:00,0.9944836546486133,0.9414896032752722,0.9987421445772106
2026-05-22 09:23:00+00:00,0.9944836546486133,0.9411202268556086,0.9987421445772106
2026-05-22 09:24:00+00:00,0.9944836546486133,0.9414691529314696,0.9987421445772106
2026-05-22 09:25:00+00:00,0.9944836546486133,0.9384296026571816,0.9987421445772106
2026-05-22 09:26:00+00:00,0.9944836546486133,0.9388262666126176,0.9987421445772106
2026-05-22 09:27:00+00:00,0.9944836546486133,0.935054304286797,0.9987421445772106
2026-05-22 09:28:00+00:00,0.9944836546486133,0.9343997662737963,0.9987421445772106
2026-05-22 09:29:00+00:00,0.9944836546486133,0.9343997662737963,0.9987421445772106
2026-05-22 09:30:00+00:00,0.9944836546486133,0.9343997662737963,0.9987421445772106
2026-05-22 09:31:00+00:00,0.9944836546486133,0.9343997662737963,0.9987421445772106
2026-05-22 09:32:00+00:00,0.9944836546486133,0.9343997662737963,0.9987421445772106
2026-05-22 09:33:00+00:00,0.9944836546486133,0.9343997662737963,0.9987421445772106
2026-05-22 09:34:00+00:00,0.9944836546486133,0.9343997662737963,0.9987421445772106
2026-05-22 09:35:00+00:00,0.9944836546486133,0.9343997662737963,0.9987421445772106
2026-05-22 09:36:00+00:00,0.9944836546486133,0.9343997662737963,0.9987421445772106
2026-05-22 09:37:00+00:00,0.9944836546486133,0.9343997662737963,0.9987421445772106
2026-05-22 09:38:00+00:00,0.9944836546486133,0.9343997662737963,0.9987421445772106
2026-05-22 09:39:00+00:00,0.9944836546486133,0.9343997662737963,0.9987421445772106
2026-05-22 09:40:00+00:00,0.9944836546486133,0.9343997662737963,0.9987421445772106
2026-05-22 09:41:00+00:00,0.9944836546486133,0.9343997662737963,0.9987421445772106
2026-05-22 09:42:00+00:00,0.9944836546486133,0.9343997662737963,0.9987421445772106
2026-05-22 09:43:00+00:00,0.9944836546486133,0.9343997662737963,0.9987421445772106
2026-05-22 09:44:00+00:00,0.9944836546486133,0.9343997662737963,0.9987421445772106
2026-05-22 09:45:00+00:00,0.9944836546486133,0.9343997662737963,0.9987421445772106
2026-05-22 09:46:00+00:00,0.9944836546486133,0.9343997662737963,0.9987421445772106
2026-05-22 09:47:00+00:00,0.9944836546486133,0.9343997662737963,0.9987421445772106
2026-05-22 09:48:00+00:00,0.9944836546486133,0.9343997662737963,0.9987421445772106
2026-05-22 09:49:00+00:00,0.9944836546486133,0.9343997662737963,0.9987421445772106
2026-05-22 09:50:00+00:00,0.9944836546486133,0.9343997662737963,0.9987421445772106
2026-05-22 09:51:00+00:00,0.9944836546486133,0.9343997662737963,0.9987421445772106
2026-05-22 09:52:00+00:00,0.9944836546486133,0.9343997662737963,0.9987421445772106
2026-05-22 09:53:00+00:00,0.9944836546486133,0.9343997662737963,0.9987421445772106
2026-05-22 09:54:00+00:00,0.9944836546486133,0.9343997662737963,0.9987421445772106
2026-05-22 09:55:00+00:00,0.9944836546486133,0.9343997662737963,0.9987421445772106
2026-05-22 09:56:00+00:00,0.9944836546486133,0.9343997662737963,0.9987421445772106
2026-05-22 09:57:00+00:00,0.9944836546486133,0.9343997662737963,0.9987421445772106
2026-05-22 09:58:00+00:00,0.9944836546486133,0.9343997662737963,0.9987421445772106
2026-05-22 09:59:00+00:00,0.9944836546486133,0.9343997662737963,0.9987421445772106
2026-05-22 10:00:00+00:00,0.9944836546486133,0.9343997662737963,0.9987421445772106
2026-05-22 10:01:00+00:00,0.9944836546486133,0.9343997662737963,0.9987421445772106
2026-05-22 10:02:00+00:00,0.9944836546486133,0.9343997662737963,0.9987421445772106
2026-05-22 10:03:00+00:00,0.9944836546486133,0.9343997662737963,0.9987421445772106
2026-05-22 10:04:00+00:00,0.9944836546486133,0.9343997662737963,0.9987421445772106
2026-05-22 10:05:00+00:00,0.9944836546486133,0.9343997662737963,0.9987421445772106
2026-05-22 10:06:00+00:00,0.9944836546486133,0.9343997662737963,0.9987421445772106
2026-05-22 10:07:00+00:00,0.9944836546486133,0.9343997662737963,0.9987421445772106
2026-05-22 10:08:00+00:00,0.9944836546486133,0.9343997662737963,0.9987421445772106
2026-05-22 10:09:00+00:00,0.9944836546486133,0.9343997662737963,0.9987421445772106
2026-05-22 10:10:00+00:00,0.9944836546486133,0.9343997662737963,0.9987421445772106
2026-05-22 10:11:00+00:00,0.9944836546486133,0.9343997662737963,0.9987421445772106
2026-05-22 10:12:00+00:00,0.9944836546486133,0.9336326367507476,0.9987421445772106
2026-05-22 10:13:00+00:00,0.9944836546486133,0.9339961826872585,0.9987421445772106
2026-05-22 10:14:00+00:00,0.9944836546486133,0.9347869251611481,0.9987421445772106
2026-05-22 10:15:00+00:00,0.9944836546486133,0.9349120191530734,0.9987421445772106
2026-05-22 10:16:00+00:00,0.9944836546486133,0.9350470209192462,0.9987421445772106
2026-05-22 10:17:00+00:00,0.9944836546486133,0.9358974453089179,0.9987421445772106
2026-05-22 10:18:00+00:00,0.9944836546486133,0.9358363128373841,0.9987421445772106
2026-05-22 10:19:00+00:00,0.9944836546486133,0.93508359089176,0.9987421445772106
2026-05-22 10:20:00+00:00,0.9944836546486133,0.9346561073223927,0.9987421445772106
2026-05-22 10:21:00+00:00,0.9944836546486133,0.9353102206551738,0.9987421445772106
2026-05-22 10:22:00+00:00,0.9944836546486133,0.9353133989849446,0.9987421445772106
2026-05-22 10:23:00+00:00,0.9944836546486133,0.9356646827582971,0.9987421445772106
2026-05-22 10:24:00+00:00,0.9944836546486133,0.936356872523319,0.9987421445772106
2026-05-22 10:25:00+00:00,0.9944836546486133,0.9359697382273118,0.9987421445772106
2026-05-22 10:26:00+00:00,0.9944836546486133,0.9367512206185888,0.9987421445772106
2026-05-22 10:27:00+00:00,0.9944836546486133,0.937142994072927,0.9987421445772106
2026-05-22 10:28:00+00:00,0.9944836546486133,0.935867015896951,0.9987421445772106
2026-05-22 10:29:00+00:00,0.9944836546486133,0.937357766934111,0.9987421445772106
2026-05-22 10:30:00+00:00,0.9944836546486133,0.9368400535954075,0.9987421445772106
2026-05-22 10:31:00+00:00,0.9944836546486133,0.9351307010344555,0.9987421445772106
2026-05-22 10:32:00+00:00,0.9944836546486133,0.9340530382462884,0.9987421445772106
2026-05-22 10:33:00+00:00,0.9944836546486133,0.9333992011195159,0.9987421445772106
2026-05-22 10:34:00+00:00,0.9944836546486133,0.9333992011195159,0.9987421445772106
2026-05-22 10:35:00+00:00,0.9944836546486133,0.9333992011195159,0.9987421445772106
2026-05-22 10:36:00+00:00,0.9944836546486133,0.9333992011195159,0.9987421445772106
2026-05-22 10:37:00+00:00,0.9944836546486133,0.9333992011195159,0.9987421445772106
2026-05-22 10:38:00+00:00,0.9944836546486133,0.9333992011195159,0.9987421445772106
2026-05-22 10:39:00+00:00,0.9944836546486133,0.9333992011195159,0.9987421445772106
2026-05-22 10:40:00+00:00,0.9944836546486133,0.9333992011195159,0.9987421445772106
2026-05-22 10:41:00+00:00,0.9944836546486133,0.9333992011195159,0.9987421445772106
2026-05-22 10:42:00+00:00,0.9944836546486133,0.9333992011195159,0.9987421445772106
2026-05-22 10:43:00+00:00,0.9944836546486133,0.9333992011195159,0.9987421445772106
2026-05-22 10:44:00+00:00,0.9944836546486133,0.9333992011195159,0.9987421445772106
2026-05-22 10:45:00+00:00,0.9944836546486133,0.9327085910586073,0.9987421445772106
2026-05-22 10:46:00+00:00,0.9944836546486133,0.9327132706673101,0.9987421445772106
2026-05-22 10:47:00+00:00,0.9944836546486133,0.9316364725490014,0.9987421445772106
2026-05-22 10:48:00+00:00,0.9944836546486133,0.9304146512005003,0.9987421445772106
2026-05-22 10:49:00+00:00,0.9944836546486133,0.9302063524946365,0.9987421445772106
2026-05-22 10:50:00+00:00,0.9944836546486133,0.9307197224255742,0.9987421445772106
2026-05-22 10:51:00+00:00,0.9944836546486133,0.930221227604319,0.9987421445772106
2026-05-22 10:52:00+00:00,0.9944836546486133,0.9307628758355014,0.9987421445772106
2026-05-22 10:53:00+00:00,0.9944836546486133,0.9307642176464999,0.9987421445772106
2026-05-22 10:54:00+00:00,0.9944836546486133,0.9297507421754052,0.9987421445772106
2026-05-22 10:55:00+00:00,0.9944836546486133,0.9290999166558824,0.9987421445772106
2026-05-22 10:56:00+00:00,0.9944836546486133,0.9290999166558824,0.9987421445772106
2026-05-22 10:57:00+00:00,0.9944836546486133,0.9290999166558824,0.9987421445772106
2026-05-22 10:58:00+00:00,0.9944836546486133,0.9290999166558824,0.9987421445772106
2026-05-22 10:59:00+00:00,0.9944836546486133,0.9290999166558824,0.9987421445772106
2026-05-22 11:00:00+00:00,0.9944836546486133,0.9290999166558824,0.9987421445772106
2026-05-22 11:01:00+00:00,0.9944836546486133,0.9290999166558824,0.9987421445772106
2026-05-22 11:02:00+00:00,0.9944836546486133,0.9290999166558824,0.9987421445772106
2026-05-22 11:03:00+00:00,0.9944836546486133,0.9290999166558824,0.9987421445772106
2026-05-22 11:04:00+00:00,0.9944836546486133,0.9290999166558824,0.9987421445772106
2026-05-22 11:05:00+00:00,0.9944836546486133,0.9290999166558824,0.9987421445772106
2026-05-22 11:06:00+00:00,0.9944836546486133,0.9290999166558824,0.9987421445772106
2026-05-22 11:07:00+00:00,0.9944836546486133,0.9290999166558824,0.9987421445772106
2026-05-22 11:08:00+00:00,0.9944836546486133,0.9290999166558824,0.9987421445772106
2026-05-22 11:09:00+00:00,0.9944836546486133,0.9290999166558824,0.9987421445772106
2026-05-22 11:10:00+00:00,0.9944836546486133,0.9290999166558824,0.9987421445772106
2026-05-22 11:11:00+00:00,0.9944836546486133,0.9290999166558824,0.9987421445772106
2026-05-22 11:12:00+00:00,0.9944836546486133,0.9290999166558824,0.9987421445772106
2026-05-22 11:13:00+00:00,0.9944836546486133,0.9290999166558824,0.9987421445772106
2026-05-22 11:14:00+00:00,0.9944836546486133,0.9290999166558824,0.9987421445772106
2026-05-22 11:15:00+00:00,0.9944836546486133,0.9290999166558824,0.9987421445772106
2026-05-22 11:16:00+00:00,0.9944836546486133,0.9290999166558824,0.9987421445772106
2026-05-22 11:17:00+00:00,0.9944836546486133,0.9290999166558824,0.9987421445772106
2026-05-22 11:18:00+00:00,0.9944836546486133,0.9290999166558824,0.9987421445772106
2026-05-22 11:19:00+00:00,0.9944836546486133,0.9290999166558824,0.9987421445772106
2026-05-22 11:20:00+00:00,0.9944836546486133,0.927981761298539,0.9987421445772106
2026-05-22 11:21:00+00:00,0.9944836546486133,0.929141987257359,0.9987421445772106
2026-05-22 11:22:00+00:00,0.9944836546486133,0.9284816507812147,0.9987421445772106
2026-05-22 11:23:00+00:00,0.9944836546486133,0.9284200097720957,0.9987421445772106
2026-05-22 11:24:00+00:00,0.9944836546486133,0.9273225346789318,0.9987421445772106
2026-05-22 11:25:00+00:00,0.9944836546486133,0.9277883550633859,0.9987421445772106
2026-05-22 11:26:00+00:00,0.9944836546486133,0.9292691304174384,0.9987421445772106
2026-05-22 11:27:00+00:00,0.9944836546486133,0.9291898992504408,0.9987421445772106
2026-05-22 11:28:00+00:00,0.9944836546486133,0.9289881352865986,0.9987421445772106
2026-05-22 11:29:00+00:00,0.9944836546486133,0.9278463156689443,0.9987421445772106
2026-05-22 11:30:00+00:00,0.9944836546486133,0.9276116712330104,0.9987421445772106
2026-05-22 11:31:00+00:00,0.9944836546486133,0.9259828136830561,0.9987421445772106
2026-05-22 11:32:00+00:00,0.9944836546486133,0.9253346257134779,0.9987421445772106
2026-05-22 11:33:00+00:00,0.9944836546486133,0.9253346257134779,0.9987421445772106
2026-05-22 11:34:00+00:00,0.9944836546486133,0.9253346257134779,0.9987421445772106
2026-05-22 11:35:00+00:00,0.9944836546486133,0.9253346257134779,0.9987421445772106
2026-05-22 11:36:00+00:00,0.9944836546486133,0.9253346257134779,0.9987421445772106
2026-05-22 11:37:00+00:00,0.9944836546486133,0.9253346257134779,0.9987421445772106
2026-05-22 11:38:00+00:00,0.9944836546486133,0.9253346257134779,0.9987421445772106
2026-05-22 11:39:00+00:00,0.9944836546486133,0.9253346257134779,0.9987421445772106
2026-05-22 11:40:00+00:00,0.9944836546486133,0.9253346257134779,0.9987421445772106
2026-05-22 11:41:00+00:00,0.9944836546486133,0.9253346257134779,0.9987421445772106
2026-05-22 11:42:00+00:00,0.9944836546486133,0.9253346257134779,0.9987421445772106
2026-05-22 11:43:00+00:00,0.9944836546486133,0.9253346257134779,0.9987421445772106
2026-05-22 11:44:00+00:00,0.9944836546486133,0.9253346257134779,0.9987421445772106
2026-05-22 11:45:00+00:00,0.9944836546486133,0.9253346257134779,0.9987421445772106
2026-05-22 11:46:00+00:00,0.9944836546486133,0.9253346257134779,0.9987421445772106
2026-05-22 11:47:00+00:00,0.9944836546486133,0.9253346257134779,0.9987421445772106
2026-05-22 11:48:00+00:00,0.9944836546486133,0.9253346257134779,0.9987421445772106
2026-05-22 11:49:00+00:00,0.9944836546486133,0.9253346257134779,0.9987421445772106
2026-05-22 11:50:00+00:00,0.9944836546486133,0.9253346257134779,0.9987421445772106
2026-05-22 11:51:00+00:00,0.9944836546486133,0.9253346257134779,0.9987421445772106
2026-05-22 11:52:00+00:00,0.9944836546486133,0.9253346257134779,0.9987421445772106
2026-05-22 11:53:00+00:00,0.9944836546486133,0.9253346257134779,0.9987421445772106
2026-05-22 11:54:00+00:00,0.9944836546486133,0.9253346257134779,0.9987421445772106
2026-05-22 11:55:00+00:00,0.9944836546486133,0.9253346257134779,0.9987421445772106
2026-05-22 11:56:00+00:00,0.9944836546486133,0.9253346257134779,0.9987421445772106
2026-05-22 11:57:00+00:00,0.9944836546486133,0.92595599346081,0.9987421445772106
2026-05-22 11:58:00+00:00,0.9944836546486133,0.9271115022037928,0.9987421445772106
2026-05-22 11:59:00+00:00,0.9944836546486133,0.9277400538001868,0.9987421445772106
2026-05-22 12:00:00+00:00,0.9944836546486133,0.9283528946951679,0.9987421445772106
2026-05-22 12:01:00+00:00,0.9944836546486133,0.9288854831647165,0.997470054868994
2026-05-22 12:02:00+00:00,0.9944836546486133,0.927761479412483,0.9986770498158776
2026-05-22 12:03:00+00:00,0.9944836546486133,0.928479218302805,0.9979044489120561
2026-05-22 12:04:00+00:00,0.9944836546486133,0.9270912416157394,0.9993962088606965
2026-05-22 12:05:00+00:00,0.9944836546486133,0.9262787936331296,1.000272020644121
2026-05-22 12:06:00+00:00,0.9944836546486133,0.9276122471407777,0.9988320478803069
2026-05-22 12:07:00+00:00,0.9944836546486133,0.9284727806888302,0.9981328654467906
2026-05-22 12:08:00+00:00,0.9944836546486133,0.9299980284920719,0.9981328654467906
2026-05-22 12:09:00+00:00,0.9944836546486133,0.9297193585562488,0.9981328654467906
2026-05-22 12:10:00+00:00,0.9944836546486133,0.9285380810872571,0.9981328654467906
2026-05-22 12:11:00+00:00,0.9944836546486133,0.9282918457665408,0.9981328654467906
2026-05-22 12:12:00+00:00,0.9944836546486133,0.9283964553599009,0.9981328654467906
2026-05-22 12:13:00+00:00,0.9944836546486133,0.928477468137085,0.9981328654467906
2026-05-22 12:14:00+00:00,0.9944836546486133,0.9296397971210285,0.9981328654467906
2026-05-22 12:15:00+00:00,0.9944836546486133,0.9292693559603279,0.9981328654467906
2026-05-22 12:16:00+00:00,0.9944836546486133,0.9296304994864114,0.9981328654467906
2026-05-22 12:17:00+00:00,0.9944836546486133,0.9286169837792903,0.9981328654467906
2026-05-22 12:18:00+00:00,0.9944836546486133,0.9290786292763459,0.9981328654467906
2026-05-22 12:19:00+00:00,0.9944836546486133,0.9290819045958021,0.9981328654467906
2026-05-22 12:20:00+00:00,0.9944836546486133,0.9283135885521264,0.9981328654467906
2026-05-22 12:21:00+00:00,0.9944836546486133,0.9280721316536052,0.9981328654467906
2026-05-22 12:22:00+00:00,0.9944836546486133,0.9278836239785406,0.9981328654467906
2026-05-22 12:23:00+00:00,0.9944836546486133,0.9272341054417557,0.9981328654467906
2026-05-22 12:24:00+00:00,0.9944836546486133,0.9272341054417557,0.9981328654467906
2026-05-22 12:25:00+00:00,0.9944836546486133,0.9272341054417557,0.9981328654467906
2026-05-22 12:26:00+00:00,0.9944836546486133,0.9272341054417557,0.9981328654467906
2026-05-22 12:27:00+00:00,0.9944836546486133,0.9272341054417557,0.9981328654467906
2026-05-22 12:28:00+00:00,0.9944836546486133,0.9272341054417557,0.9981328654467906
2026-05-22 12:29:00+00:00,0.9944836546486133,0.9272341054417557,0.9981328654467906
2026-05-22 12:30:00+00:00,0.9944836546486133,0.9272341054417557,0.9981328654467906
2026-05-22 12:31:00+00:00,0.9944836546486133,0.9251701404518116,0.9981328654467906
2026-05-22 12:32:00+00:00,0.9944836546486133,0.925338422385609,0.9981328654467906
2026-05-22 12:33:00+00:00,0.9944836546486133,0.9240217843931543,0.9981328654467906
2026-05-22 12:34:00+00:00,0.9944836546486133,0.923374969144079,0.9981328654467906
2026-05-22 12:35:00+00:00,0.9944836546486133,0.923374969144079,0.9981328654467906
2026-05-22 12:36:00+00:00,0.9944836546486133,0.923374969144079,0.9981328654467906
2026-05-22 12:37:00+00:00,0.9944836546486133,0.923374969144079,0.9981328654467906
2026-05-22 12:38:00+00:00,0.9944836546486133,0.923374969144079,0.9981328654467906
2026-05-22 12:39:00+00:00,0.9944836546486133,0.923374969144079,0.9981328654467906
2026-05-22 12:40:00+00:00,0.9944836546486133,0.923374969144079,0.9981328654467906
2026-05-22 12:41:00+00:00,0.9944836546486133,0.923374969144079,0.9981328654467906
2026-05-22 12:42:00+00:00,0.9944836546486133,0.9227137159451808,0.9981328654467906
2026-05-22 12:43:00+00:00,0.9944836546486133,0.9220107023268749,0.9981328654467906
2026-05-22 12:44:00+00:00,0.9944836546486133,0.9215291627524035,0.9981328654467906
2026-05-22 12:45:00+00:00,0.9944836546486133,0.9219197258013896,0.9981328654467906
2026-05-22 12:46:00+00:00,0.9944836546486133,0.9208823665517708,0.9981328654467906
2026-05-22 12:47:00+00:00,0.9944836546486133,0.9198348296994814,0.9981328654467906
2026-05-22 12:48:00+00:00,0.9944836546486133,0.9191909453186917,0.9981328654467906
2026-05-22 12:49:00+00:00,0.9944836546486133,0.9191909453186917,0.9981328654467906
2026-05-22 12:50:00+00:00,0.9944836546486133,0.9191909453186917,0.9981328654467906
2026-05-22 12:51:00+00:00,0.9931716370962416,0.9191909453186917,0.9981328654467906
2026-05-22 12:52:00+00:00,0.9924764169502741,0.9191909453186917,0.9981328654467906
2026-05-22 12:53:00+00:00,0.9924764169502741,0.9191909453186917,0.9981328654467906
2026-05-22 12:54:00+00:00,0.9924764169502741,0.9191909453186917,0.9981328654467906
2026-05-22 12:55:00+00:00,0.9924764169502741,0.9191909453186917,0.9981328654467906
2026-05-22 12:56:00+00:00,0.9924764169502741,0.9191909453186917,0.9981328654467906
2026-05-22 12:57:00+00:00,0.9924764169502741,0.9191909453186917,0.9981328654467906
2026-05-22 12:58:00+00:00,0.9924764169502741,0.9191909453186917,0.9981328654467906
2026-05-22 12:59:00+00:00,0.9924764169502741,0.9191909453186917,0.9981328654467906
2026-05-22 13:00:00+00:00,0.9924764169502741,0.9191909453186917,0.9981328654467906
2026-05-22 13:01:00+00:00,0.9924764169502741,0.9191909453186917,0.9981328654467906
2026-05-22 13:02:00+00:00,0.9924764169502741,0.9195461308876509,0.9981328654467906
2026-05-22 13:03:00+00:00,0.9924764169502741,0.920419121123591,0.9981328654467906
2026-05-22 13:04:00+00:00,0.9924764169502741,0.9179197411777239,0.9981328654467906
2026-05-22 13:05:00+00:00,0.9924764169502741,0.9160928519825694,0.9981328654467906
2026-05-22 13:06:00+00:00,0.9924764169502741,0.9154515869861816,0.9981328654467906
2026-05-22 13:07:00+00:00,0.9924764169502741,0.9154515869861816,0.9981328654467906
2026-05-22 13:08:00+00:00,0.9924764169502741,0.9154515869861816,0.9981328654467906
2026-05-22 13:09:00+00:00,0.9924764169502741,0.9154515869861816,0.9981328654467906
2026-05-22 13:10:00+00:00,0.9924764169502741,0.9154515869861816,0.9981328654467906
2026-05-22 13:11:00+00:00,0.9924764169502741,0.9154515869861816,0.9981328654467906
2026-05-22 13:12:00+00:00,0.9924764169502741,0.9148963938823536,0.9981328654467906
2026-05-22 13:13:00+00:00,0.9924764169502741,0.9165103931071261,0.9981328654467906
2026-05-22 13:14:00+00:00,0.9924764169502741,0.9172806018253085,0.9981328654467906
2026-05-22 13:15:00+00:00,0.9924764169502741,0.917130062496275,0.9981328654467906
2026-05-22 13:16:00+00:00,0.9924764169502741,0.9167592853491486,0.9981328654467906
2026-05-22 13:17:00+00:00,0.9924764169502741,0.9163367776114549,0.9981328654467906
2026-05-22 13:18:00+00:00,0.9924764169502741,0.9176709363431592,0.9981328654467906
2026-05-22 13:19:00+00:00,0.9924764169502741,0.9168049632941316,0.9981328654467906
2026-05-22 13:20:00+00:00,0.9924764169502741,0.9176140697385015,0.9981328654467906
2026-05-22 13:21:00+00:00,0.9924764169502741,0.9169729496021891,0.9981328654467906
2026-05-22 13:22:00+00:00,0.9924764169502741,0.9169836271207443,0.9981328654467906
2026-05-22 13:23:00+00:00,0.9924764169502741,0.9183752054737077,0.9981328654467906
2026-05-22 13:24:00+00:00,0.9924764169502741,0.918695498147535,0.9981328654467906
2026-05-22 13:25:00+00:00,0.9924764169502741,0.9183249459649003,0.9981328654467906
2026-05-22 13:26:00+00:00,0.9924764169502741,0.917703501078271,0.9981328654467906
2026-05-22 13:27:00+00:00,0.9924764169502741,0.9178461758324209,0.9981328654467906
2026-05-22 13:28:00+00:00,0.9924764169502741,0.916293360376878,0.9981328654467906
2026-05-22 13:29:00+00:00,0.9924764169502741,0.9152740060643257,0.9981328654467906
2026-05-22 13:30:00+00:00,0.9924764169502741,0.9146333142600807,0.9981328654467906
2026-05-22 13:31:00+00:00,0.9924764169502741,0.9146333142600807,0.9981328654467906
2026-05-22 13:32:00+00:00,0.9924764169502741,0.9146333142600807,0.9981328654467906
2026-05-22 13:33:00+00:00,0.9924764169502741,0.9146333142600807,0.9981328654467906
2026-05-22 13:34:00+00:00,0.9924764169502741,0.9146333142600807,0.9981328654467906
2026-05-22 13:35:00+00:00,0.9924764169502741,0.9146333142600807,0.9981328654467906
2026-05-22 13:36:00+00:00,0.9924764169502741,0.9146333142600807,0.9981328654467906
2026-05-22 13:37:00+00:00,0.9924764169502741,0.9146333142600807,0.9981328654467906
2026-05-22 13:38:00+00:00,0.9924764169502741,0.9146333142600807,0.9981328654467906
2026-05-22 13:39:00+00:00,0.9924764169502741,0.9146333142600807,0.9981328654467906
2026-05-22 13:40:00+00:00,0.9924764169502741,0.9146333142600807,0.9981328654467906
2026-05-22 13:41:00+00:00,0.9924764169502741,0.9146333142600807,0.9981328654467906
2026-05-22 13:42:00+00:00,0.9924764169502741,0.9146333142600807,0.9981328654467906
2026-05-22 13:43:00+00:00,0.9924764169502741,0.9146333142600807,0.9981328654467906
2026-05-22 13:44:00+00:00,0.9924764169502741,0.9146333142600807,0.9981328654467906
2026-05-22 13:45:00+00:00,0.9924764169502741,0.9148802200974676,0.9981328654467906
2026-05-22 13:46:00+00:00,0.9924764169502741,0.9125738150796557,0.9981328654467906
2026-05-22 13:47:00+00:00,0.9924764169502741,0.9122740848263248,0.9981328654467906
2026-05-22 13:48:00+00:00,0.9924764169502741,0.9113808862596328,0.9981328654467906
2026-05-22 13:49:00+00:00,0.9924764169502741,0.910742919639251,0.9981328654467906
2026-05-22 13:50:00+00:00,0.9924764169502741,0.910742919639251,0.9981328654467906
2026-05-22 13:51:00+00:00,0.9924764169502741,0.910742919639251,0.9981328654467906
2026-05-22 13:52:00+00:00,0.9924764169502741,0.910742919639251,0.9981328654467906
2026-05-22 13:53:00+00:00,0.9924764169502741,0.910742919639251,0.9981328654467906
2026-05-22 13:54:00+00:00,0.9924764169502741,0.9119231350130388,0.9981328654467906
2026-05-22 13:55:00+00:00,0.9924764169502741,0.9141841619084006,0.9981328654467906
2026-05-22 13:56:00+00:00,0.9924764169502741,0.9153891330618946,0.9981328654467906
2026-05-22 13:57:00+00:00,0.9924764169502741,0.9140497179040218,0.9981328654467906
2026-05-22 13:58:00+00:00,0.9924764169502741,0.9140944495337219,0.9981328654467906
2026-05-22 13:59:00+00:00,0.9924764169502741,0.9127916693190063,0.9981328654467906
2026-05-22 14:00:00+00:00,0.9924764169502741,0.9123775295095596,0.9981328654467906
2026-05-22 14:01:00+00:00,0.9924764169502741,0.9115892336021579,0.9981328654467906
2026-05-22 14:02:00+00:00,0.9924764169502741,0.9124949229139625,0.9981328654467906
2026-05-22 14:03:00+00:00,0.9924764169502741,0.9119671094962503,0.9981328654467906
2026-05-22 14:04:00+00:00,0.9924764169502741,0.9112333989585589,0.9981328654467906
2026-05-22 14:05:00+00:00,0.9924764169502741,0.9118129599102344,0.9981328654467906
2026-05-22 14:06:00+00:00,0.9924764169502741,0.9112497108118052,0.9981328654467906
2026-05-22 14:07:00+00:00,0.9924764169502741,0.9106801212725,0.9981328654467906
2026-05-22 14:08:00+00:00,0.9924764169502741,0.9112321194716466,0.9981328654467906
2026-05-22 14:09:00+00:00,0.9924764169502741,0.9173728060102164,0.9981328654467906
2026-05-22 14:10:00+00:00,0.9924764169502741,0.918570626226434,0.9981328654467906
2026-05-22 14:11:00+00:00,0.9924764169502741,0.9184828509648638,0.9981328654467906
2026-05-22 14:12:00+00:00,0.9924764169502741,0.9181512719192982,0.9981328654467906
2026-05-22 14:13:00+00:00,0.9924764169502741,0.9189537863730576,0.9981328654467906
2026-05-22 14:14:00+00:00,0.9924764169502741,0.9189267399005604,0.9981328654467906
2026-05-22 14:15:00+00:00,0.9924764169502741,0.9183479387375287,0.9981328654467906
2026-05-22 14:16:00+00:00,0.9924764169502741,0.9177211794772439,0.9981328654467906
2026-05-22 14:17:00+00:00,0.9924764169502741,0.9161481846741929,0.9981328654467906
2026-05-22 14:18:00+00:00,0.9924764169502741,0.9148562285260916,0.9981328654467906
2026-05-22 14:19:00+00:00,0.9924764169502741,0.9158664076322766,0.9981328654467906
2026-05-22 14:20:00+00:00,0.9924764169502741,0.9141632472967202,0.9981328654467906
2026-05-22 14:21:00+00:00,0.9924764169502741,0.9135233330236124,0.9981328654467906
2026-05-22 14:22:00+00:00,0.9924764169502741,0.9135233330236124,0.9981328654467906
2026-05-22 14:23:00+00:00,0.9924764169502741,0.9135233330236124,0.9981328654467906
2026-05-22 14:24:00+00:00,0.9924764169502741,0.9135233330236124,0.9981328654467906
2026-05-22 14:25:00+00:00,0.9924764169502741,0.9135233330236124,0.9981328654467906
2026-05-22 14:26:00+00:00,0.9924764169502741,0.9135233330236124,0.9981328654467906
2026-05-22 14:27:00+00:00,0.9924764169502741,0.9135233330236124,0.9981328654467906
2026-05-22 14:28:00+00:00,0.9924764169502741,0.9135233330236124,0.9981328654467906
2026-05-22 14:29:00+00:00,0.9924764169502741,0.9135233330236124,0.9981328654467906
2026-05-22 14:30:00+00:00,0.9924764169502741,0.9135233330236124,0.9981328654467906
2026-05-22 14:31:00+00:00,0.9924764169502741,0.9135233330236124,0.9981328654467906
2026-05-22 14:32:00+00:00,0.9924764169502741,0.9135233330236124,0.9981328654467906
2026-05-22 14:33:00+00:00,0.9924764169502741,0.9135233330236124,0.9981328654467906
2026-05-22 14:34:00+00:00,0.9924764169502741,0.9135233330236124,0.9981328654467906
2026-05-22 14:35:00+00:00,0.9924764169502741,0.9135233330236124,0.9981328654467906
2026-05-22 14:36:00+00:00,0.9924764169502741,0.9135233330236124,0.9981328654467906
2026-05-22 14:37:00+00:00,0.9924764169502741,0.9135233330236124,0.9981328654467906
2026-05-22 14:38:00+00:00,0.9924764169502741,0.9135233330236124,0.9981328654467906
2026-05-22 14:39:00+00:00,0.9924764169502741,0.9135233330236124,0.9981328654467906
2026-05-22 14:40:00+00:00,0.9924764169502741,0.9135233330236124,0.9981328654467906
2026-05-22 14:41:00+00:00,0.9924764169502741,0.9135233330236124,0.9981328654467906
2026-05-22 14:42:00+00:00,0.9924764169502741,0.9135233330236124,0.9981328654467906
2026-05-22 14:43:00+00:00,0.9924764169502741,0.9135233330236124,0.9981328654467906
2026-05-22 14:44:00+00:00,0.9924764169502741,0.9135233330236124,0.9981328654467906
2026-05-22 14:45:00+00:00,0.9924764169502741,0.9135233330236124,0.9981328654467906
2026-05-22 14:46:00+00:00,0.9924764169502741,0.9135233330236124,0.9981328654467906
2026-05-22 14:47:00+00:00,0.9924764169502741,0.9135233330236124,0.9981328654467906
2026-05-22 14:48:00+00:00,0.9924764169502741,0.9135233330236124,0.9981328654467906
2026-05-22 14:49:00+00:00,0.9924764169502741,0.9143461342851787,0.9981328654467906
2026-05-22 14:50:00+00:00,0.9924764169502741,0.9139679961626791,0.9981328654467906
2026-05-22 14:51:00+00:00,0.9924764169502741,0.9143443989265452,0.9981328654467906
2026-05-22 14:52:00+00:00,0.9924764169502741,0.9137155167799704,0.9981328654467906
2026-05-22 14:53:00+00:00,0.9924764169502741,0.9137391522796696,0.9981328654467906
2026-05-22 14:54:00+00:00,0.9924764169502741,0.9131347191107902,0.9981328654467906
2026-05-22 14:55:00+00:00,0.9924764169502741,0.9147686828363615,0.9981328654467906
2026-05-22 14:56:00+00:00,0.9924764169502741,0.9151359691888887,0.9981328654467906
2026-05-22 14:57:00+00:00,0.9924764169502741,0.9149159105227633,0.9981328654467906
2026-05-22 14:58:00+00:00,0.9924764169502741,0.9161218527002213,0.9981328654467906
2026-05-22 14:59:00+00:00,0.9924764169502741,0.9139302531953197,0.9981328654467906
2026-05-22 15:00:00+00:00,0.9924764169502741,0.9119013755361086,0.9981328654467906
2026-05-22 15:01:00+00:00,0.9924764169502741,0.9112630445732333,0.9981328654467906
2026-05-22 15:02:00+00:00,0.9924764169502741,0.9112630445732333,0.9981328654467906
2026-05-22 15:03:00+00:00,0.9924764169502741,0.9112630445732333,0.9981328654467906
2026-05-22 15:04:00+00:00,0.9924764169502741,0.9112630445732333,0.9981328654467906
2026-05-22 15:05:00+00:00,0.9924764169502741,0.9112630445732333,0.9981328654467906
2026-05-22 15:06:00+00:00,0.9924764169502741,0.9112630445732333,0.9981328654467906
2026-05-22 15:07:00+00:00,0.9924764169502741,0.9112630445732333,0.9981328654467906
2026-05-22 15:08:00+00:00,0.9924764169502741,0.9112630445732333,0.9981328654467906
2026-05-22 15:09:00+00:00,0.9924764169502741,0.9112630445732333,0.9981328654467906
2026-05-22 15:10:00+00:00,0.9924764169502741,0.9112630445732333,0.9981328654467906
2026-05-22 15:11:00+00:00,0.9924764169502741,0.9112630445732333,0.9981328654467906
2026-05-22 15:12:00+00:00,0.9924764169502741,0.9112630445732333,0.9981328654467906
2026-05-22 15:13:00+00:00,0.9924764169502741,0.9112630445732333,0.9981328654467906
2026-05-22 15:14:00+00:00,0.9924764169502741,0.9112630445732333,0.9981328654467906
2026-05-22 15:15:00+00:00,0.9924764169502741,0.9112630445732333,0.9981328654467906
2026-05-22 15:16:00+00:00,0.9924764169502741,0.9112630445732333,0.9981328654467906
2026-05-22 15:17:00+00:00,0.9924764169502741,0.9115952712586125,0.9981328654467906
2026-05-22 15:18:00+00:00,0.9924764169502741,0.9115413845933166,0.9981328654467906
2026-05-22 15:19:00+00:00,0.9924764169502741,0.9136355110802199,0.9981328654467906
2026-05-22 15:20:00+00:00,0.9924764169502741,0.9130159229915896,0.9981328654467906
2026-05-22 15:21:00+00:00,0.9924764169502741,0.912256018779821,0.9981328654467906
2026-05-22 15:22:00+00:00,0.9924764169502741,0.9125086697442755,0.9981328654467906
2026-05-22 15:23:00+00:00,0.9924764169502741,0.9150030673989892,0.9981328654467906
2026-05-22 15:24:00+00:00,0.9924764169502741,0.9160084940752014,0.9981328654467906
2026-05-22 15:25:00+00:00,0.9924764169502741,0.9147613512643581,0.9981328654467906
2026-05-22 15:26:00+00:00,0.9924764169502741,0.9175611223451512,0.9981328654467906
2026-05-22 15:27:00+00:00,0.9924764169502741,0.9179128369349783,0.9981328654467906
2026-05-22 15:28:00+00:00,0.9924764169502741,0.9191071869510475,0.9981328654467906
2026-05-22 15:29:00+00:00,0.9924764169502741,0.9182907327584504,0.9981328654467906
2026-05-22 15:30:00+00:00,0.9924764169502741,0.9189744907179805,0.9981328654467906
2026-05-22 15:31:00+00:00,0.9924764169502741,0.9185646763387151,0.9981328654467906
2026-05-22 15:32:00+00:00,0.9924764169502741,0.9179912521775885,0.9981328654467906
2026-05-22 15:33:00+00:00,0.9924764169502741,0.9161292189780557,0.9981328654467906
2026-05-22 15:34:00+00:00,0.9924764169502741,0.9163342680115154,0.9981328654467906
2026-05-22 15:35:00+00:00,0.9924764169502741,0.9159538640692512,0.9981328654467906
2026-05-22 15:36:00+00:00,0.9924764169502741,0.917453540616731,0.9981328654467906
2026-05-22 15:37:00+00:00,0.9924764169502741,0.9162475025913855,0.9981328654467906
2026-05-22 15:38:00+00:00,0.9924764169502741,0.9170160098143981,0.9981328654467906
2026-05-22 15:39:00+00:00,0.9924764169502741,0.9175831763823014,0.9981328654467906
2026-05-22 15:40:00+00:00,0.9924764169502741,0.9176056153708233,0.9981328654467906
2026-05-22 15:41:00+00:00,0.9924764169502741,0.9191866698601033,0.9981328654467906
2026-05-22 15:42:00+00:00,0.9924764169502741,0.9189545118784017,0.9981328654467906
2026-05-22 15:43:00+00:00,0.9924764169502741,0.917972848213252,0.9981328654467906
2026-05-22 15:44:00+00:00,0.9924764169502741,0.9176759827531423,0.9981328654467906
2026-05-22 15:45:00+00:00,0.9924764169502741,0.9192834545414672,0.9981328654467906
2026-05-22 15:46:00+00:00,0.9924764169502741,0.9194089513982258,0.9981328654467906
2026-05-22 15:47:00+00:00,0.9924764169502741,0.9186557343400991,0.9981328654467906
2026-05-22 15:48:00+00:00,0.9924764169502741,0.9205574179071943,0.9981328654467906
2026-05-22 15:49:00+00:00,0.9924764169502741,0.9216484431350486,0.9981328654467906
2026-05-22 15:50:00+00:00,0.9924764169502741,0.9207564656119842,0.9981328654467906
2026-05-22 15:51:00+00:00,0.9924764169502741,0.9204819116810947,0.9981328654467906
2026-05-22 15:52:00+00:00,0.9924764169502741,0.9200632777392538,0.9981328654467906
2026-05-22 15:53:00+00:00,0.9924764169502741,0.9181733692652243,0.9981328654467906
2026-05-22 15:54:00+00:00,0.9924764169502741,0.9175306479067387,0.9981328654467906
2026-05-22 15:55:00+00:00,0.9924764169502741,0.9175306479067387,0.9981328654467906
2026-05-22 15:56:00+00:00,0.9924764169502741,0.9175306479067387,0.9981328654467906
2026-05-22 15:57:00+00:00,0.9924764169502741,0.9166720181883385,0.9981328654467906
2026-05-22 15:58:00+00:00,0.9924764169502741,0.9158653827678973,0.9981328654467906
2026-05-22 15:59:00+00:00,0.9924764169502741,0.916297917630894,0.9981328654467906
2026-05-22 16:00:00+00:00,0.9924764169502741,0.9167419812014829,0.9981328654467906
2026-05-22 16:01:00+00:00,0.9924764169502741,0.916209397137389,0.9981328654467906
2026-05-22 16:02:00+00:00,0.9924764169502741,0.9151663109589255,0.9981328654467906
2026-05-22 16:03:00+00:00,0.9924764169502741,0.9175019992633016,0.9981328654467906
2026-05-22 16:04:00+00:00,0.9924764169502741,0.9178330556849963,0.9981328654467906
2026-05-22 16:05:00+00:00,0.9924764169502741,0.9170917799194899,0.9981328654467906
2026-05-22 16:06:00+00:00,0.9924764169502741,0.9180192457588173,0.9981328654467906
2026-05-22 16:07:00+00:00,0.9924764169502741,0.9179087745146164,0.9981328654467906
2026-05-22 16:08:00+00:00,0.9924764169502741,0.9176527567240671,0.9981328654467906
2026-05-22 16:09:00+00:00,0.9924764169502741,0.9182223818691622,0.9981328654467906
2026-05-22 16:10:00+00:00,0.9924764169502741,0.9169144213353729,0.9981328654467906
2026-05-22 16:11:00+00:00,0.9924764169502741,0.917271363296956,0.9981328654467906
2026-05-22 16:12:00+00:00,0.9924764169502741,0.9192097610708693,0.9981328654467906
2026-05-22 16:13:00+00:00,0.9924764169502741,0.919682825649156,0.9981328654467906
2026-05-22 16:14:00+00:00,0.9924764169502741,0.9193011947801093,0.9981328654467906
2026-05-22 16:15:00+00:00,0.9924764169502741,0.9187870055873191,0.9981328654467906
2026-05-22 16:16:00+00:00,0.9924764169502741,0.9183711606410113,0.9981328654467906
2026-05-22 16:17:00+00:00,0.9924764169502741,0.9181139184713291,0.9981328654467906
2026-05-22 16:18:00+00:00,0.9924764169502741,0.9177313239660928,0.9981328654467906
2026-05-22 16:19:00+00:00,0.9924764169502741,0.9186598229509948,0.9981328654467906
2026-05-22 16:20:00+00:00,0.9924764169502741,0.9169046045121656,0.9981328654467906
2026-05-22 16:21:00+00:00,0.9924764169502741,0.916262771289007,0.9981328654467906
2026-05-22 16:22:00+00:00,0.9924764169502741,0.916262771289007,0.9981328654467906
2026-05-22 16:23:00+00:00,0.9924764169502741,0.916262771289007,0.9981328654467906
2026-05-22 16:24:00+00:00,0.9924764169502741,0.916262771289007,0.9981328654467906
2026-05-22 16:25:00+00:00,0.9924764169502741,0.916262771289007,0.9981328654467906
2026-05-22 16:26:00+00:00,0.9924764169502741,0.916262771289007,0.9981328654467906
2026-05-22 16:27:00+00:00,0.9924764169502741,0.916262771289007,0.9981328654467906
2026-05-22 16:28:00+00:00,0.9924764169502741,0.916262771289007,0.9981328654467906
2026-05-22 16:29:00+00:00,0.9924764169502741,0.916262771289007,0.9981328654467906
2026-05-22 16:30:00+00:00,0.9924764169502741,0.916262771289007,0.9981328654467906
2026-05-22 16:31:00+00:00,0.9924764169502741,0.916262771289007,0.9981328654467906
2026-05-22 16:32:00+00:00,0.9924764169502741,0.916262771289007,0.9981328654467906
2026-05-22 16:33:00+00:00,0.9924764169502741,0.916262771289007,0.9981328654467906
2026-05-22 16:34:00+00:00,0.9924764169502741,0.916262771289007,0.9981328654467906
2026-05-22 16:35:00+00:00,0.9924764169502741,0.916262771289007,0.9981328654467906
2026-05-22 16:36:00+00:00,0.9924764169502741,0.916262771289007,0.9981328654467906
2026-05-22 16:37:00+00:00,0.9924764169502741,0.916262771289007,0.9981328654467906
2026-05-22 16:38:00+00:00,0.9924764169502741,0.9168619228584132,0.9981328654467906
2026-05-22 16:39:00+00:00,0.9924764169502741,0.9139658971538638,0.9981328654467906
2026-05-22 16:40:00+00:00,0.9924764169502741,0.9136458912636424,0.9981328654467906
2026-05-22 16:41:00+00:00,0.9924764169502741,0.9134799945519555,0.9981328654467906
2026-05-22 16:42:00+00:00,0.9924764169502741,0.9128405585557691,0.9981328654467906
2026-05-22 16:43:00+00:00,0.9924764169502741,0.9128405585557691,0.9981328654467906
2026-05-22 16:44:00+00:00,0.9924764169502741,0.9128405585557691,0.9981328654467906
2026-05-22 16:45:00+00:00,0.9924764169502741,0.9128405585557691,0.9981328654467906
2026-05-22 16:46:00+00:00,0.9924764169502741,0.9128405585557691,0.9981328654467906
2026-05-22 16:47:00+00:00,0.9924764169502741,0.9128405585557691,0.9981328654467906
2026-05-22 16:48:00+00:00,0.9924764169502741,0.9128405585557691,0.9981328654467906
2026-05-22 16:49:00+00:00,0.9924764169502741,0.9107120963317883,0.9981328654467906
2026-05-22 16:50:00+00:00,0.9924764169502741,0.9112570887374913,0.9981328654467906
2026-05-22 16:51:00+00:00,0.9924764169502741,0.9107921061629212,0.9981328654467906
2026-05-22 16:52:00+00:00,0.9924764169502741,0.9126707207679069,0.9981328654467906
2026-05-22 16:53:00+00:00,0.9924764169502741,0.910793148733046,0.9981328654467906
2026-05-22 16:54:00+00:00,0.9924764169502741,0.91018717256747,0.9981328654467906
2026-05-22 16:55:00+00:00,0.9924764169502741,0.9095500415466727,0.9981328654467906
2026-05-22 16:56:00+00:00,0.9924764169502741,0.9095500415466727,0.9981328654467906
2026-05-22 16:57:00+00:00,0.9924764169502741,0.9095500415466727,0.9981328654467906
2026-05-22 16:58:00+00:00,0.9924764169502741,0.9095500415466727,0.9981328654467906
2026-05-22 16:59:00+00:00,0.9924764169502741,0.9095500415466727,0.9981328654467906
2026-05-22 17:00:00+00:00,0.9924764169502741,0.9095500415466727,0.9981328654467906
2026-05-22 17:01:00+00:00,0.9924764169502741,0.9095500415466727,0.9981328654467906
2026-05-22 17:02:00+00:00,0.9924764169502741,0.9095500415466727,0.9981328654467906
2026-05-22 17:03:00+00:00,0.9924764169502741,0.9095500415466727,0.9981328654467906
2026-05-22 17:04:00+00:00,0.9924764169502741,0.9095500415466727,0.9981328654467906
2026-05-22 17:05:00+00:00,0.9924764169502741,0.9095500415466727,0.9981328654467906
2026-05-22 17:06:00+00:00,0.9924764169502741,0.9095500415466727,0.9981328654467906
2026-05-22 17:07:00+00:00,0.9924764169502741,0.9095500415466727,0.9981328654467906
2026-05-22 17:08:00+00:00,0.9924764169502741,0.9095500415466727,0.9981328654467906
2026-05-22 17:09:00+00:00,0.9924764169502741,0.9095500415466727,0.9981328654467906
2026-05-22 17:10:00+00:00,0.9924764169502741,0.9095500415466727,0.9981328654467906
2026-05-22 17:11:00+00:00,0.9924764169502741,0.9095500415466727,0.9981328654467906
2026-05-22 17:12:00+00:00,0.9924764169502741,0.9095500415466727,0.9981328654467906
2026-05-22 17:13:00+00:00,0.9924764169502741,0.908058562742943,0.9981328654467906
2026-05-22 17:14:00+00:00,0.9924764169502741,0.9102951746724811,0.9981328654467906
2026-05-22 17:15:00+00:00,0.9924764169502741,0.9112957683651077,0.9981328654467906
2026-05-22 17:16:00+00:00,0.9924764169502741,0.9122729478799723,0.9981328654467906
2026-05-22 17:17:00+00:00,0.9924764169502741,0.9123012441964142,0.9981328654467906
2026-05-22 17:18:00+00:00,0.9924764169502741,0.9120826753406742,0.9981328654467906
2026-05-22 17:19:00+00:00,0.9924764169502741,0.911872024829614,0.9981328654467906
2026-05-22 17:20:00+00:00,0.9924764169502741,0.9122651589392397,0.9981328654467906
2026-05-22 17:21:00+00:00,0.9924764169502741,0.9136768569498258,0.9981328654467906
2026-05-22 17:22:00+00:00,0.9924764169502741,0.9138597666361988,0.9981328654467906
2026-05-22 17:23:00+00:00,0.9924764169502741,0.9129411966743486,0.9981328654467906
2026-05-22 17:24:00+00:00,0.9924764169502741,0.9137721953778544,0.9981328654467906
2026-05-22 17:25:00+00:00,0.9924764169502741,0.9147015733212527,0.9981328654467906
2026-05-22 17:26:00+00:00,0.9924764169502741,0.915362679645648,0.9981328654467906
2026-05-22 17:27:00+00:00,0.9924764169502741,0.9161160896912486,0.9981328654467906
2026-05-22 17:28:00+00:00,0.9924764169502741,0.9158423335890588,0.9981328654467906
2026-05-22 17:29:00+00:00,0.9924764169502741,0.9149040571572885,0.9981328654467906
2026-05-22 17:30:00+00:00,0.9924764169502741,0.9140280589142364,0.9981328654467906
2026-05-22 17:31:00+00:00,0.9924764169502741,0.9123800941244504,0.9981328654467906
2026-05-22 17:32:00+00:00,0.9924764169502741,0.9117414280585633,0.9981328654467906
2026-05-22 17:33:00+00:00,0.9924764169502741,0.9117414280585633,0.9981328654467906
2026-05-22 17:34:00+00:00,0.9924764169502741,0.9117414280585633,0.9981328654467906
2026-05-22 17:35:00+00:00,0.9924764169502741,0.9117414280585633,0.9981328654467906
2026-05-22 17:36:00+00:00,0.9924764169502741,0.9117414280585633,0.9981328654467906
2026-05-22 17:37:00+00:00,0.9924764169502741,0.9117414280585633,0.9981328654467906
2026-05-22 17:38:00+00:00,0.9924764169502741,0.9117414280585633,0.9981328654467906
2026-05-22 17:39:00+00:00,0.9924764169502741,0.9117414280585633,0.9981328654467906
2026-05-22 17:40:00+00:00,0.9924764169502741,0.9117414280585633,0.9981328654467906
2026-05-22 17:41:00+00:00,0.9924764169502741,0.9117414280585633,0.9981328654467906
2026-05-22 17:42:00+00:00,0.9924764169502741,0.9117414280585633,0.9981328654467906
2026-05-22 17:43:00+00:00,0.9924764169502741,0.9117414280585633,0.9981328654467906
2026-05-22 17:44:00+00:00,0.9924764169502741,0.9117414280585633,0.9981328654467906
2026-05-22 17:45:00+00:00,0.9924764169502741,0.9117414280585633,0.9981328654467906
2026-05-22 17:46:00+00:00,0.9924764169502741,0.9117414280585633,0.9981328654467906
2026-05-22 17:47:00+00:00,0.9924764169502741,0.9117414280585633,0.9981328654467906
2026-05-22 17:48:00+00:00,0.9924764169502741,0.9117414280585633,0.9981328654467906
2026-05-22 17:49:00+00:00,0.9924764169502741,0.9117414280585633,0.9981328654467906
2026-05-22 17:50:00+00:00,0.9924764169502741,0.9117414280585633,0.9981328654467906
2026-05-22 17:51:00+00:00,0.9924764169502741,0.9117414280585633,0.9981328654467906
2026-05-22 17:52:00+00:00,0.9924764169502741,0.9117414280585633,0.9981328654467906
2026-05-22 17:53:00+00:00,0.9924764169502741,0.9117414280585633,0.9981328654467906
2026-05-22 17:54:00+00:00,0.9924764169502741,0.9117414280585633,0.9981328654467906
2026-05-22 17:55:00+00:00,0.9924764169502741,0.9117414280585633,0.9981328654467906
2026-05-22 17:56:00+00:00,0.9924764169502741,0.9117414280585633,0.9981328654467906
2026-05-22 17:57:00+00:00,0.9924764169502741,0.9114628598601104,0.9981328654467906
2026-05-22 17:58:00+00:00,0.9924764169502741,0.9124319840909073,0.9981328654467906
2026-05-22 17:59:00+00:00,0.9924764169502741,0.9117027910859297,0.9981328654467906
2026-05-22 18:00:00+00:00,0.9924764169502741,0.9108443655906312,0.9981328654467906
2026-05-22 18:01:00+00:00,0.9924764169502741,0.911306616983865,0.9981328654467906
2026-05-22 18:02:00+00:00,0.9924764169502741,0.912301338896548,0.9981328654467906
2026-05-22 18:03:00+00:00,0.9924764169502741,0.912341952859313,0.9981328654467906
2026-05-22 18:04:00+00:00,0.9924764169502741,0.9110478868013426,0.9981328654467906
2026-05-22 18:05:00+00:00,0.9924764169502741,0.9096815067414072,0.9981328654467906
2026-05-22 18:06:00+00:00,0.9924764169502741,0.908250146257036,0.9981328654467906
2026-05-22 18:07:00+00:00,0.9924764169502741,0.907614371154656,0.9981328654467906
2026-05-22 18:08:00+00:00,0.9924764169502741,0.907614371154656,0.9981328654467906
2026-05-22 18:09:00+00:00,0.9924764169502741,0.907614371154656,0.9981328654467906
2026-05-22 18:10:00+00:00,0.9924764169502741,0.907614371154656,0.9981328654467906
2026-05-22 18:11:00+00:00,0.9924764169502741,0.907614371154656,0.9981328654467906
2026-05-22 18:12:00+00:00,0.9924764169502741,0.907614371154656,0.9981328654467906
2026-05-22 18:13:00+00:00,0.9924764169502741,0.907614371154656,0.9981328654467906
2026-05-22 18:14:00+00:00,0.9924764169502741,0.907614371154656,0.9981328654467906
2026-05-22 18:15:00+00:00,0.9924764169502741,0.907614371154656,0.9981328654467906
2026-05-22 18:16:00+00:00,0.9924764169502741,0.907614371154656,0.9981328654467906
2026-05-22 18:17:00+00:00,0.9924764169502741,0.907614371154656,0.9981328654467906
2026-05-22 18:18:00+00:00,0.9924764169502741,0.907614371154656,0.9981328654467906
2026-05-22 18:19:00+00:00,0.9924764169502741,0.907614371154656,0.9981328654467906
2026-05-22 18:20:00+00:00,0.9924764169502741,0.907614371154656,0.9981328654467906
2026-05-22 18:21:00+00:00,0.9924764169502741,0.907614371154656,0.9981328654467906
2026-05-22 18:22:00+00:00,0.9924764169502741,0.907614371154656,0.9981328654467906
2026-05-22 18:23:00+00:00,0.9924764169502741,0.907614371154656,0.9981328654467906
2026-05-22 18:24:00+00:00,0.9924764169502741,0.907614371154656,0.9981328654467906
2026-05-22 18:25:00+00:00,0.9924764169502741,0.907614371154656,0.9981328654467906
2026-05-22 18:26:00+00:00,0.9924764169502741,0.907614371154656,0.9981328654467906
2026-05-22 18:27:00+00:00,0.9924764169502741,0.907614371154656,0.9981328654467906
2026-05-22 18:28:00+00:00,0.9924764169502741,0.907614371154656,0.9981328654467906
2026-05-22 18:29:00+00:00,0.9924764169502741,0.907614371154656,0.9981328654467906
2026-05-22 18:30:00+00:00,0.9924764169502741,0.907614371154656,0.9981328654467906
2026-05-22 18:31:00+00:00,0.9924764169502741,0.907614371154656,0.9981328654467906
2026-05-22 18:32:00+00:00,0.9924764169502741,0.907614371154656,0.9981328654467906
2026-05-22 18:33:00+00:00,0.9924764169502741,0.907614371154656,0.9981328654467906
2026-05-22 18:34:00+00:00,0.9924764169502741,0.907614371154656,0.9981328654467906
2026-05-22 18:35:00+00:00,0.9924764169502741,0.907614371154656,0.9981328654467906
2026-05-22 18:36:00+00:00,0.9924764169502741,0.9062656086318308,0.9981328654467906
2026-05-22 18:37:00+00:00,0.9924764169502741,0.907446280184039,0.9981328654467906
2026-05-22 18:38:00+00:00,0.9924764169502741,0.908013072704872,0.9981328654467906
2026-05-22 18:39:00+00:00,0.9924764169502741,0.9086386041945111,0.9981328654467906
2026-05-22 18:40:00+00:00,0.9924764169502741,0.9073088747036745,0.9981328654467906
2026-05-22 18:41:00+00:00,0.9924764169502741,0.9069780443665916,0.9981328654467906
2026-05-22 18:42:00+00:00,0.9924764169502741,0.9071898422932868,0.9981328654467906
2026-05-22 18:43:00+00:00,0.9924764169502741,0.9066903700263,0.9981328654467906
2026-05-22 18:44:00+00:00,0.9924764169502741,0.9087961011906822,0.9981328654467906
2026-05-22 18:45:00+00:00,0.9924764169502741,0.9088392695139432,0.9981328654467906
2026-05-22 18:46:00+00:00,0.9924764169502741,0.9068337044678709,0.9981328654467906
2026-05-22 18:47:00+00:00,0.9924764169502741,0.9067011736191519,0.9981328654467906
2026-05-22 18:48:00+00:00,0.9924764169502741,0.9066331362172148,0.9981328654467906
2026-05-22 18:49:00+00:00,0.9924764169502741,0.9060845108900129,0.9981328654467906
2026-05-22 18:50:00+00:00,0.9924764169502741,0.9054502517323898,0.9981328654467906
2026-05-22 18:51:00+00:00,0.9924764169502741,0.9054502517323898,0.9981328654467906
2026-05-22 18:52:00+00:00,0.9924764169502741,0.9054502517323898,0.9981328654467906
2026-05-22 18:53:00+00:00,0.9924764169502741,0.9054502517323898,0.9981328654467906
2026-05-22 18:54:00+00:00,0.9924764169502741,0.9054502517323898,0.9981328654467906
2026-05-22 18:55:00+00:00,0.9924764169502741,0.9054502517323898,0.9981328654467906
2026-05-22 18:56:00+00:00,0.9924764169502741,0.9054502517323898,0.9981328654467906
2026-05-22 18:57:00+00:00,0.9924764169502741,0.9054502517323898,0.9981328654467906
2026-05-22 18:58:00+00:00,0.9924764169502741,0.9060823896490761,0.9981328654467906
2026-05-22 18:59:00+00:00,0.9924764169502741,0.9088273699224487,0.9981328654467906
2026-05-22 19:00:00+00:00,0.9924764169502741,0.9090620501339488,0.9981328654467906
2026-05-22 19:01:00+00:00,0.9924764169502741,0.9092509172013888,0.9981328654467906
2026-05-22 19:02:00+00:00,0.9924764169502741,0.9096766094090563,0.9981328654467906
2026-05-22 19:03:00+00:00,0.9924764169502741,0.9085928937296822,0.9981328654467906
2026-05-22 19:04:00+00:00,0.9924764169502741,0.9073903653189742,0.9981328654467906
2026-05-22 19:05:00+00:00,0.9924764169502741,0.907560869864246,0.9981328654467906
2026-05-22 19:06:00+00:00,0.9924764169502741,0.9096961000838081,0.9981328654467906
2026-05-22 19:07:00+00:00,0.9924764169502741,0.9090761588143023,0.9981328654467906
2026-05-22 19:08:00+00:00,0.9924764169502741,0.9085187961629424,0.9981328654467906
2026-05-22 19:09:00+00:00,0.9924764169502741,0.9082084832449708,0.9981328654467906
2026-05-22 19:10:00+00:00,0.9924764169502741,0.9072242397080629,0.9981328654467906
2026-05-22 19:11:00+00:00,0.9924764169502741,0.9083895124484085,0.9981328654467906
2026-05-22 19:12:00+00:00,0.9924764169502741,0.9063736469452222,0.9981328654467906
2026-05-22 19:13:00+00:00,0.9924764169502741,0.9057391853923604,0.9981328654467906
2026-05-22 19:14:00+00:00,0.9924764169502741,0.9057391853923604,0.9981328654467906
2026-05-22 19:15:00+00:00,0.9924764169502741,0.9057391853923604,0.9981328654467906
2026-05-22 19:16:00+00:00,0.9924764169502741,0.9057391853923604,0.9981328654467906
2026-05-22 19:17:00+00:00,0.9924764169502741,0.9057391853923604,0.9981328654467906
2026-05-22 19:18:00+00:00,0.9924764169502741,0.9057391853923604,0.9981328654467906
2026-05-22 19:19:00+00:00,0.9924764169502741,0.9057391853923604,0.9981328654467906
2026-05-22 19:20:00+00:00,0.9924764169502741,0.9057391853923604,0.9981328654467906
2026-05-22 19:21:00+00:00,0.9924764169502741,0.9057391853923604,0.9981328654467906
2026-05-22 19:22:00+00:00,0.9924764169502741,0.9057391853923604,0.9981328654467906
2026-05-22 19:23:00+00:00,0.9924764169502741,0.9057391853923604,0.9981328654467906
2026-05-22 19:24:00+00:00,0.9924764169502741,0.9057391853923604,0.9981328654467906
2026-05-22 19:25:00+00:00,0.9924764169502741,0.9057391853923604,0.9981328654467906
2026-05-22 19:26:00+00:00,0.9924764169502741,0.9057391853923604,0.9981328654467906
2026-05-22 19:27:00+00:00,0.9924764169502741,0.9057391853923604,0.9981328654467906
2026-05-22 19:28:00+00:00,0.9924764169502741,0.9057391853923604,0.9981328654467906
2026-05-22 19:29:00+00:00,0.9924764169502741,0.9057391853923604,0.9981328654467906
2026-05-22 19:30:00+00:00,0.9924764169502741,0.9057391853923604,0.9981328654467906
2026-05-22 19:31:00+00:00,0.9924764169502741,0.9054702804713091,0.9981328654467906
2026-05-22 19:32:00+00:00,0.9924764169502741,0.9068439138258644,0.9981328654467906
2026-05-22 19:33:00+00:00,0.9924764169502741,0.9074724075338709,0.9981328654467906
2026-05-22 19:34:00+00:00,0.9924764169502741,0.9082016386825165,0.9981328654467906
2026-05-22 19:35:00+00:00,0.9924764169502741,0.9074280098048887,0.9981328654467906
2026-05-22 19:36:00+00:00,0.9924764169502741,0.9066173692756329,0.9981328654467906
2026-05-22 19:37:00+00:00,0.9924764169502741,0.9067631443436299,0.9981328654467906
2026-05-22 19:38:00+00:00,0.9924764169502741,0.9071552443926219,0.9981328654467906
2026-05-22 19:39:00+00:00,0.9924764169502741,0.9070150798561164,0.9981328654467906
2026-05-22 19:40:00+00:00,0.9924764169502741,0.9078319094633452,0.9981328654467906
2026-05-22 19:41:00+00:00,0.9924764169502741,0.9089799578382701,0.9981328654467906
2026-05-22 19:42:00+00:00,0.9924764169502741,0.9099224583292421,0.9981328654467906
2026-05-22 19:43:00+00:00,0.9924764169502741,0.9105595494506801,0.9981328654467906
2026-05-22 19:44:00+00:00,0.9924764169502741,0.9117277471651901,0.9981328654467906
2026-05-22 19:45:00+00:00,0.9924764169502741,0.9115646028473431,0.9981328654467906
2026-05-22 19:46:00+00:00,0.9924764169502741,0.9108302079933214,0.9981328654467906
2026-05-22 19:47:00+00:00,0.9924764169502741,0.9124238829624137,0.9981328654467906
2026-05-22 19:48:00+00:00,0.9924764169502741,0.9123984953071418,0.9981328654467906
2026-05-22 19:49:00+00:00,0.9924764169502741,0.9126198148901864,0.9981328654467906
2026-05-22 19:50:00+00:00,0.9924764169502741,0.9122757459830013,0.9981328654467906
2026-05-22 19:51:00+00:00,0.9924764169502741,0.9122886842160413,0.9981328654467906
2026-05-22 19:52:00+00:00,0.9924764169502741,0.9137507445651266,0.9981328654467906
2026-05-22 19:53:00+00:00,0.9924764169502741,0.9150226395778314,0.9981328654467906
2026-05-22 19:54:00+00:00,0.9924764169502741,0.9149928429403076,0.9981328654467906
2026-05-22 19:55:00+00:00,0.9924764169502741,0.9139534354199567,0.9981328654467906
2026-05-22 19:56:00+00:00,0.9924764169502741,0.916183684717166,0.9981328654467906
2026-05-22 19:57:00+00:00,0.9924764169502741,0.9158340063402708,0.9981328654467906
2026-05-22 19:58:00+00:00,0.9924764169502741,0.914630898272117,0.9981328654467906
2026-05-22 19:59:00+00:00,0.9924764169502741,0.9147852429547502,0.9981328654467906
2026-05-22 20:00:00+00:00,0.9924764169502741,0.9142295896234319,0.9981328654467906
2026-05-22 20:01:00+00:00,0.9924764169502741,0.9149385041739861,0.9981328654467906
2026-05-22 20:02:00+00:00,0.9924764169502741,0.9150589226780097,0.9981328654467906
2026-05-22 20:03:00+00:00,0.9924764169502741,0.9166940809487348,0.9981328654467906
2026-05-22 20:04:00+00:00,0.9924764169502741,0.9190623463719639,0.9981328654467906
2026-05-22 20:05:00+00:00,0.9924764169502741,0.9181056442084897,0.9981328654467906
2026-05-22 20:06:00+00:00,0.9924764169502741,0.9191029192932582,0.9981328654467906
2026-05-22 20:07:00+00:00,0.9924764169502741,0.9195647151779901,0.9981328654467906
2026-05-22 20:08:00+00:00,0.9924764169502741,0.9209703976713713,0.9981328654467906
2026-05-22 20:09:00+00:00,0.9924764169502741,0.9224021022653567,0.9981328654467906
2026-05-22 20:10:00+00:00,0.9924764169502741,0.922578937783871,0.9981328654467906
2026-05-22 20:11:00+00:00,0.9924764169502741,0.9233212916717312,0.9981328654467906
2026-05-22 20:12:00+00:00,0.9924764169502741,0.922936023375347,0.9981328654467906
2026-05-22 20:13:00+00:00,0.9924764169502741,0.9224749388491297,0.9981328654467906
2026-05-22 20:14:00+00:00,0.9924764169502741,0.9221481915333918,0.9981328654467906
2026-05-22 20:15:00+00:00,0.9924764169502741,0.9219052795232299,0.9981328654467906
2026-05-22 20:16:00+00:00,0.9924764169502741,0.9202987316387607,0.9981328654467906
2026-05-22 20:17:00+00:00,0.9924764169502741,0.9213821752782161,0.9981328654467906
2026-05-22 20:18:00+00:00,0.9924764169502741,0.9214379394135562,0.9981328654467906
2026-05-22 20:19:00+00:00,0.9924764169502741,0.9202854315184911,0.9981328654467906
2026-05-22 20:20:00+00:00,0.9924764169502741,0.9190002927386793,0.9981328654467906
2026-05-22 20:21:00+00:00,0.9924764169502741,0.9183569925337622,0.9981328654467906
2026-05-22 20:22:00+00:00,0.9924764169502741,0.9183569925337622,0.9981328654467906
2026-05-22 20:23:00+00:00,0.9924764169502741,0.9183569925337622,0.9981328654467906
2026-05-22 20:24:00+00:00,0.9924764169502741,0.9183569925337622,0.9981328654467906
2026-05-22 20:25:00+00:00,0.9924764169502741,0.9183569925337622,0.9981328654467906
2026-05-22 20:26:00+00:00,0.9924764169502741,0.9183569925337622,0.9981328654467906
2026-05-22 20:27:00+00:00,0.9924764169502741,0.9183569925337622,0.9981328654467906
2026-05-22 20:28:00+00:00,0.9924764169502741,0.9183569925337622,0.9981328654467906
2026-05-22 20:29:00+00:00,0.9924764169502741,0.9183569925337622,0.9981328654467906
2026-05-22 20:30:00+00:00,0.9924764169502741,0.9183569925337622,0.9981328654467906
2026-05-22 20:31:00+00:00,0.9924764169502741,0.9183569925337622,0.9981328654467906
2026-05-22 20:32:00+00:00,0.9924764169502741,0.9183569925337622,0.9981328654467906
2026-05-22 20:33:00+00:00,0.9924764169502741,0.9183569925337622,0.9981328654467906
2026-05-22 20:34:00+00:00,0.9924764169502741,0.9183569925337622,0.9981328654467906
2026-05-22 20:35:00+00:00,0.9924764169502741,0.9183569925337622,0.9981328654467906
2026-05-22 20:36:00+00:00,0.9924764169502741,0.9183569925337622,0.9981328654467906
2026-05-22 20:37:00+00:00,0.9924764169502741,0.9183569925337622,0.9981328654467906
2026-05-22 20:38:00+00:00,0.9924764169502741,0.9183569925337622,0.9981328654467906
2026-05-22 20:39:00+00:00,0.9924764169502741,0.9183569925337622,0.9981328654467906
2026-05-22 20:40:00+00:00,0.9924764169502741,0.9183569925337622,0.9981328654467906
2026-05-22 20:41:00+00:00,0.9924764169502741,0.9183569925337622,0.9981328654467906
2026-05-22 20:42:00+00:00,0.9924764169502741,0.9183569925337622,0.9981328654467906
2026-05-22 20:43:00+00:00,0.9924764169502741,0.9183569925337622,0.9981328654467906
2026-05-22 20:44:00+00:00,0.9924764169502741,0.9153416270121366,0.9981328654467906
2026-05-22 20:45:00+00:00,0.9924764169502741,0.9169495708834027,0.9981328654467906
2026-05-22 20:46:00+00:00,0.9924764169502741,0.9173292360105595,0.9981328654467906
2026-05-22 20:47:00+00:00,0.9924764169502741,0.9184210187967129,0.9981328654467906
2026-05-22 20:48:00+00:00,0.9924764169502741,0.9171856495733443,0.9981328654467906
2026-05-22 20:49:00+00:00,0.9924764169502741,0.9163453073142347,0.9981328654467906
2026-05-22 20:50:00+00:00,0.9924764169502741,0.9164929738873075,0.9981328654467906
2026-05-22 20:51:00+00:00,0.9924764169502741,0.916475830361631,0.9981328654467906
2026-05-22 20:52:00+00:00,0.9924764169502741,0.9167622317365591,0.9981328654467906
2026-05-22 20:53:00+00:00,0.9924764169502741,0.9178600971025678,0.9981328654467906
2026-05-22 20:54:00+00:00,0.9924764169502741,0.9160740470782366,0.9981328654467906
2026-05-22 20:55:00+00:00,0.9924764169502741,0.9170590624171249,0.9981328654467906
2026-05-22 20:56:00+00:00,0.9924764169502741,0.9170675305850851,0.9981328654467906
2026-05-22 20:57:00+00:00,0.9924764169502741,0.9168614217649302,0.9981328654467906
2026-05-22 20:58:00+00:00,0.9924764169502741,0.9153743401128149,0.9981328654467906
2026-05-22 20:59:00+00:00,0.9924764169502741,0.9147335780747359,0.9981328654467906
2026-05-22 21:00:00+00:00,0.9924764169502741,0.9147335780747359,0.9981328654467906
2026-05-22 21:01:00+00:00,0.9924764169502741,0.9147335780747359,0.9981328654467906
2026-05-22 21:02:00+00:00,0.9924764169502741,0.9147335780747359,0.9981328654467906
2026-05-22 21:03:00+00:00,0.9924764169502741,0.9147335780747359,0.9981328654467906
2026-05-22 21:04:00+00:00,0.9924764169502741,0.9147335780747359,0.9981328654467906
2026-05-22 21:05:00+00:00,0.9924764169502741,0.9147335780747359,0.9981328654467906
2026-05-22 21:06:00+00:00,0.9924764169502741,0.9147335780747359,0.9981328654467906
2026-05-22 21:07:00+00:00,0.9924764169502741,0.9147335780747359,0.9981328654467906
2026-05-22 21:08:00+00:00,0.9924764169502741,0.9147335780747359,0.9981328654467906
2026-05-22 21:09:00+00:00,0.9924764169502741,0.9147335780747359,0.9981328654467906
2026-05-22 21:10:00+00:00,0.9924764169502741,0.9147335780747359,0.9981328654467906
2026-05-22 21:11:00+00:00,0.9924764169502741,0.9147335780747359,0.9981328654467906
2026-05-22 21:12:00+00:00,0.9924764169502741,0.9147335780747359,0.9981328654467906
2026-05-22 21:13:00+00:00,0.9924764169502741,0.9147335780747359,0.9981328654467906
2026-05-22 21:14:00+00:00,0.9924764169502741,0.9147335780747359,0.9981328654467906
2026-05-22 21:15:00+00:00,0.9924764169502741,0.9147335780747359,0.9981328654467906
2026-05-22 21:16:00+00:00,0.9924764169502741,0.9133340104035913,0.9981328654467906
2026-05-22 21:17:00+00:00,0.9924764169502741,0.9132042842171059,0.9981328654467906
2026-05-22 21:18:00+00:00,0.9924764169502741,0.9107957008529964,0.9981328654467906
2026-05-22 21:19:00+00:00,0.9924764169502741,0.9101581438623993,0.9981328654467906
2026-05-22 21:20:00+00:00,0.9924764169502741,0.9101581438623993,0.9981328654467906
2026-05-22 21:21:00+00:00,0.9924764169502741,0.9101581438623993,0.9981328654467906
2026-05-22 21:22:00+00:00,0.9924764169502741,0.9101581438623993,0.9981328654467906
2026-05-22 21:23:00+00:00,0.9924764169502741,0.9101581438623993,0.9981328654467906
2026-05-22 21:24:00+00:00,0.9924764169502741,0.9101581438623993,0.9981328654467906
2026-05-22 21:25:00+00:00,0.9924764169502741,0.9101581438623993,0.9981328654467906
2026-05-22 21:26:00+00:00,0.9924764169502741,0.9101581438623993,0.9981328654467906
2026-05-22 21:27:00+00:00,0.9924764169502741,0.9101581438623993,0.9981328654467906
2026-05-22 21:28:00+00:00,0.9924764169502741,0.9101581438623993,0.9981328654467906
2026-05-22 21:29:00+00:00,0.9924764169502741,0.9101581438623993,0.9981328654467906
2026-05-22 21:30:00+00:00,0.9924764169502741,0.9101581438623993,0.9981328654467906
2026-05-22 21:31:00+00:00,0.9924764169502741,0.9101581438623993,0.9981328654467906
2026-05-22 21:32:00+00:00,0.9924764169502741,0.9101581438623993,0.9981328654467906
2026-05-22 21:33:00+00:00,0.9924764169502741,0.9101581438623993,0.9981328654467906
2026-05-22 21:34:00+00:00,0.9924764169502741,0.9101581438623993,0.9981328654467906
2026-05-22 21:35:00+00:00,0.9924764169502741,0.9101581438623993,0.9981328654467906
2026-05-22 21:36:00+00:00,0.9924764169502741,0.9101581438623993,0.9981328654467906
2026-05-22 21:37:00+00:00,0.9924764169502741,0.9101581438623993,0.9981328654467906
2026-05-22 21:38:00+00:00,0.9924764169502741,0.9101581438623993,0.9981328654467906
2026-05-22 21:39:00+00:00,0.9924764169502741,0.9101581438623993,0.9981328654467906
2026-05-22 21:40:00+00:00,0.9924764169502741,0.9100609298529507,0.9981328654467906
2026-05-22 21:41:00+00:00,0.9924764169502741,0.9088263908213029,0.9981328654467906
2026-05-22 21:42:00+00:00,0.9924764169502741,0.9094674148875419,0.9981328654467906
2026-05-22 21:43:00+00:00,0.9924764169502741,0.9088245994470061,0.9981328654467906
2026-05-22 21:44:00+00:00,0.9924764169502741,0.9093642110954121,0.9981328654467906
2026-05-22 21:45:00+00:00,0.9924764169502741,0.9091152850067191,0.9981328654467906
2026-05-22 21:46:00+00:00,0.9924764169502741,0.9092570333960981,0.9981328654467906
2026-05-22 21:47:00+00:00,0.9924764169502741,0.9083805503989233,0.9981328654467906
2026-05-22 21:48:00+00:00,0.9924764169502741,0.9089163872858455,0.9981328654467906
2026-05-22 21:49:00+00:00,0.9924764169502741,0.9104921258374744,0.9981328654467906
2026-05-22 21:50:00+00:00,0.9924764169502741,0.9118794321446616,0.9981328654467906
2026-05-22 21:51:00+00:00,0.9924764169502741,0.9124143825549543,0.9981328654467906
2026-05-22 21:52:00+00:00,0.9924764169502741,0.9136710156864376,0.9981328654467906
2026-05-22 21:53:00+00:00,0.9924764169502741,0.9132572541532898,0.9981328654467906
2026-05-22 21:54:00+00:00,0.9924764169502741,0.913726427432028,0.9981328654467906
2026-05-22 21:55:00+00:00,0.9924764169502741,0.91132894704827,0.9981328654467906
2026-05-22 21:56:00+00:00,0.9924764169502741,0.913074681082331,0.9981328654467906
2026-05-22 21:57:00+00:00,0.9924764169502741,0.9128693995945921,0.9981328654467906
2026-05-22 21:58:00+00:00,0.9924764169502741,0.9140048248474945,0.9981328654467906
2026-05-22 21:59:00+00:00,0.9924764169502741,0.9145022377343937,0.9981328654467906
2026-05-22 22:00:00+00:00,0.9924764169502741,0.9143594289677415,0.9981328654467906
2026-05-22 22:01:00+00:00,0.9924764169502741,0.9167025699501781,0.9981328654467906
2026-05-22 22:02:00+00:00,0.9924764169502741,0.9164628880809033,0.9981328654467906
2026-05-22 22:03:00+00:00,0.9924764169502741,0.9145363810245798,0.9981328654467906
2026-05-22 22:04:00+00:00,0.9924764169502741,0.9149937748431356,0.9981328654467906
2026-05-22 22:05:00+00:00,0.9924764169502741,0.9147313293690585,0.9981328654467906
2026-05-22 22:06:00+00:00,0.9924764169502741,0.9136961187746093,0.9981328654467906
2026-05-22 22:07:00+00:00,0.9924764169502741,0.9138613214584528,0.9981328654467906
2026-05-22 22:08:00+00:00,0.9924764169502741,0.9160990564355682,0.9981328654467906
2026-05-22 22:09:00+00:00,0.9924764169502741,0.9183966070100997,0.9981328654467906
2026-05-22 22:10:00+00:00,0.9924764169502741,0.9177466923277687,0.9981328654467906
2026-05-22 22:11:00+00:00,0.9924764169502741,0.9178612046686332,0.9981328654467906
2026-05-22 22:12:00+00:00,0.9924764169502741,0.9188862276960699,0.9981328654467906
2026-05-22 22:13:00+00:00,0.9924764169502741,0.9187577663497574,0.9981328654467906
2026-05-22 22:14:00+00:00,0.9924764169502741,0.9193492386749702,0.9981328654467906
2026-05-22 22:15:00+00:00,0.9924764169502741,0.9198850719314344,0.9981328654467906
2026-05-22 22:16:00+00:00,0.9924764169502741,0.9192693506459265,0.9981328654467906
2026-05-22 22:17:00+00:00,0.9924764169502741,0.9206259034284825,0.9981328654467906
2026-05-22 22:18:00+00:00,0.9924764169502741,0.9195612464935302,0.9981328654467906
2026-05-22 22:19:00+00:00,0.9924764169502741,0.9209783155079048,0.9981328654467906
2026-05-22 22:20:00+00:00,0.9924764169502741,0.9216514693725236,0.9981328654467906
2026-05-22 22:21:00+00:00,0.9924764169502741,0.9196936325049507,0.9981328654467906
2026-05-22 22:22:00+00:00,0.9924764169502741,0.9185487274243767,0.9981328654467906
2026-05-22 22:23:00+00:00,0.9924764169502741,0.9184497037762602,0.9981328654467906
2026-05-22 22:24:00+00:00,0.9924764169502741,0.9194023360788306,0.9981328654467906
2026-05-22 22:25:00+00:00,0.9924764169502741,0.9199390582582969,0.9981328654467906
2026-05-22 22:26:00+00:00,0.9924764169502741,0.9198645838111961,0.9981328654467906
2026-05-22 22:27:00+00:00,0.9924764169502741,0.9198264076636488,0.9981328654467906
2026-05-22 22:28:00+00:00,0.9924764169502741,0.9199185499938172,0.9981328654467906
2026-05-22 22:29:00+00:00,0.9924764169502741,0.919949760244057,0.9981328654467906
2026-05-22 22:30:00+00:00,0.9924764169502741,0.9201672680012223,0.9981328654467906
2026-05-22 22:31:00+00:00,0.9924764169502741,0.9216301743504862,0.9981328654467906
2026-05-22 22:32:00+00:00,0.9924764169502741,0.9221552261141361,0.9981328654467906
2026-05-22 22:33:00+00:00,0.9924764169502741,0.9212239700999872,0.9981328654467906
2026-05-22 22:34:00+00:00,0.9924764169502741,0.9226138093588414,0.9981328654467906
2026-05-22 22:35:00+00:00,0.9924764169502741,0.9228066842601206,0.9981328654467906
2026-05-22 22:36:00+00:00,0.9924764169502741,0.9236409693485625,0.9981328654467906
2026-05-22 22:37:00+00:00,0.9924764169502741,0.9235273845526857,0.9981328654467906
2026-05-22 22:38:00+00:00,0.9924764169502741,0.9239232635999873,0.9981328654467906
2026-05-22 22:39:00+00:00,0.9924764169502741,0.9224157061841366,0.9981328654467906
2026-05-22 22:40:00+00:00,0.9924764169502741,0.9218998423824256,0.9981328654467906
2026-05-22 22:41:00+00:00,0.9924764169502741,0.9232332775693746,0.9981328654467906
2026-05-22 22:42:00+00:00,0.9924764169502741,0.9225491131671475,0.9981328654467906
2026-05-22 22:43:00+00:00,0.9924764169502741,0.9233372914252864,0.9981328654467906
2026-05-22 22:44:00+00:00,0.9924764169502741,0.9239249061150605,0.9981328654467906
2026-05-22 22:45:00+00:00,0.9924764169502741,0.9236048156389194,0.9981328654467906
2026-05-22 22:46:00+00:00,0.9924764169502741,0.9241057682434386,0.9981328654467906
2026-05-22 22:47:00+00:00,0.9924764169502741,0.9231947622503742,0.9981328654467906
2026-05-22 22:48:00+00:00,0.9924764169502741,0.9239833477916873,0.9981328654467906
2026-05-22 22:49:00+00:00,0.9924764169502741,0.9246141174966033,0.9981328654467906
2026-05-22 22:50:00+00:00,0.9924764169502741,0.9252834745609274,0.9981328654467906
2026-05-22 22:51:00+00:00,0.9924764169502741,0.9258607386782495,0.9981328654467906
2026-05-22 22:52:00+00:00,0.9924764169502741,0.9247369650093676,0.9981328654467906
2026-05-22 22:53:00+00:00,0.9924764169502741,0.9240950156973239,0.9981328654467906
2026-05-22 22:54:00+00:00,0.9924764169502741,0.9223496255373531,0.9981328654467906
2026-05-22 22:55:00+00:00,0.9924764169502741,0.9217039807994769,0.9981328654467906
2026-05-22 22:56:00+00:00,0.9924764169502741,0.9217039807994769,0.9981328654467906
2026-05-22 22:57:00+00:00,0.9924764169502741,0.9217039807994769,0.9981328654467906
2026-05-22 22:58:00+00:00,0.9924764169502741,0.9217039807994769,0.9981328654467906
2026-05-22 22:59:00+00:00,0.9924764169502741,0.9217039807994769,0.9981328654467906
2026-05-22 23:00:00+00:00,0.9924764169502741,0.9217039807994769,0.9981328654467906
2026-05-22 23:01:00+00:00,0.9924764169502741,0.9217039807994769,0.9981328654467906
2026-05-22 23:02:00+00:00,0.9924764169502741,0.9217039807994769,0.9981328654467906
2026-05-22 23:03:00+00:00,0.9924764169502741,0.9217039807994769,0.9981328654467906
2026-05-22 23:04:00+00:00,0.9924764169502741,0.9217039807994769,0.9981328654467906
2026-05-22 23:05:00+00:00,0.9924764169502741,0.9202017943253014,0.9981328654467906
2026-05-22 23:06:00+00:00,0.9924764169502741,0.9211331397485693,0.9981328654467906
2026-05-22 23:07:00+00:00,0.9924764169502741,0.9182728426012491,0.9981328654467906
2026-05-22 23:08:00+00:00,0.9924764169502741,0.9187300250579266,0.9981328654467906
2026-05-22 23:09:00+00:00,0.9924764169502741,0.9186569236139489,0.9981328654467906
2026-05-22 23:10:00+00:00,0.9924764169502741,0.9199690044823531,0.9981328654467906
2026-05-22 23:11:00+00:00,0.9924764169502741,0.9182353253336027,0.9981328654467906
2026-05-22 23:12:00+00:00,0.9924764169502741,0.9175925606058692,0.9981328654467906
2026-05-22 23:13:00+00:00,0.9924764169502741,0.9175925606058692,0.9981328654467906
2026-05-22 23:14:00+00:00,0.9924764169502741,0.9175925606058692,0.9981328654467906
2026-05-22 23:15:00+00:00,0.9924764169502741,0.9175925606058692,0.9981328654467906
2026-05-22 23:16:00+00:00,0.9924764169502741,0.9175925606058692,0.9981328654467906
2026-05-22 23:17:00+00:00,0.9924764169502741,0.9175925606058692,0.9981328654467906
2026-05-22 23:18:00+00:00,0.9924764169502741,0.9175925606058692,0.9981328654467906
2026-05-22 23:19:00+00:00,0.9924764169502741,0.9175925606058692,0.9981328654467906
2026-05-22 23:20:00+00:00,0.9924764169502741,0.9175925606058692,0.9981328654467906
2026-05-22 23:21:00+00:00,0.9924764169502741,0.9175925606058692,0.9981328654467906
2026-05-22 23:22:00+00:00,0.9924764169502741,0.9175925606058692,0.9981328654467906
2026-05-22 23:23:00+00:00,0.9924764169502741,0.9175925606058692,0.9981328654467906
2026-05-22 23:24:00+00:00,0.9924764169502741,0.9175925606058692,0.9981328654467906
2026-05-22 23:25:00+00:00,0.9924764169502741,0.9175925606058692,0.9981328654467906
2026-05-22 23:26:00+00:00,0.9924764169502741,0.9175925606058692,0.9981328654467906
2026-05-22 23:27:00+00:00,0.9924764169502741,0.9175925606058692,0.9981328654467906
2026-05-22 23:28:00+00:00,0.9924764169502741,0.9175925606058692,0.9981328654467906
2026-05-22 23:29:00+00:00,0.9924764169502741,0.9175925606058692,0.9981328654467906
2026-05-22 23:30:00+00:00,0.9924764169502741,0.9175925606058692,0.9981328654467906
2026-05-22 23:31:00+00:00,0.9924764169502741,0.9175925606058692,0.9981328654467906
2026-05-22 23:32:00+00:00,0.9924764169502741,0.9175925606058692,0.9981328654467906
2026-05-22 23:33:00+00:00,0.9924764169502741,0.9175925606058692,0.9981328654467906
2026-05-22 23:34:00+00:00,0.9924764169502741,0.9175925606058692,0.9981328654467906
2026-05-22 23:35:00+00:00,0.9924764169502741,0.9175925606058692,0.9981328654467906
2026-05-22 23:36:00+00:00,0.9924764169502741,0.9175925606058692,0.9981328654467906
2026-05-22 23:37:00+00:00,0.9924764169502741,0.9173986164717319,0.9981328654467906
2026-05-22 23:38:00+00:00,0.9924764169502741,0.917438724025256,0.9981328654467906
2026-05-22 23:39:00+00:00,0.9924764169502741,0.9169905994611127,0.9981328654467906
2026-05-22 23:40:00+00:00,0.9924764169502741,0.9172985025855994,0.9981328654467906
2026-05-22 23:41:00+00:00,0.9924764169502741,0.9177129746621627,0.9981328654467906
2026-05-22 23:42:00+00:00,0.9924764169502741,0.9176193581559542,0.9981328654467906
2026-05-22 23:43:00+00:00,0.9924764169502741,0.9195622720793114,0.9981328654467906
2026-05-22 23:44:00+00:00,0.9924764169502741,0.9190780031311291,0.9981328654467906
2026-05-22 23:45:00+00:00,0.9924764169502741,0.9190784867810503,0.9981328654467906
2026-05-22 23:46:00+00:00,0.9924764169502741,0.9190381420956975,0.9981328654467906
2026-05-22 23:47:00+00:00,0.9924764169502741,0.918063223483862,0.9981328654467906
2026-05-22 23:48:00+00:00,0.9924764169502741,0.920039324422877,0.9981328654467906
2026-05-22 23:49:00+00:00,0.9924764169502741,0.9220409713348471,0.9981328654467906
2026-05-22 23:50:00+00:00,0.9924764169502741,0.9217622601352368,0.9981328654467906
2026-05-22 23:51:00+00:00,0.9924764169502741,0.9217694112671512,0.9981328654467906
2026-05-22 23:52:00+00:00,0.9924764169502741,0.9215962119926018,0.9981328654467906
2026-05-22 23:53:00+00:00,0.9924764169502741,0.9220659683553485,0.9981328654467906
2026-05-22 23:54:00+00:00,0.9924764169502741,0.9213896686227085,0.9981328654467906
2026-05-22 23:55:00+00:00,0.9924764169502741,0.920440850865397,0.9981328654467906
2026-05-22 23:56:00+00:00,0.9924764169502741,0.9164700899758134,0.9981328654467906
2026-05-22 23:57:00+00:00,0.9924764169502741,0.9158285609128303,0.9981328654467906
2026-05-22 23:58:00+00:00,0.9924764169502741,0.9158285609128303,0.9981328654467906
2026-05-22 23:59:00+00:00,0.9924764169502741,0.9158285609128303,0.9981328654467906
2026-05-23 00:00:00+00:00,0.9924764169502741,0.9158285609128303,0.9981328654467906
2026-05-23 00:01:00+00:00,0.9924764169502741,0.9158285609128303,0.9981328654467906
2026-05-23 00:02:00+00:00,0.9924764169502741,0.9158285609128303,0.9981328654467906
2026-05-23 00:03:00+00:00,0.9910433935314067,0.9158285609128303,0.9981328654467906
2026-05-23 00:04:00+00:00,0.9903496631559346,0.9158285609128303,0.9981328654467906
2026-05-23 00:05:00+00:00,0.9903496631559346,0.9158285609128303,0.9981328654467906
2026-05-23 00:06:00+00:00,0.9903496631559346,0.914302604825673,0.9981328654467906
2026-05-23 00:07:00+00:00,0.9903496631559346,0.9140742481144417,0.9981328654467906
2026-05-23 00:08:00+00:00,0.9903496631559346,0.9148283876568849,0.9981328654467906
2026-05-23 00:09:00+00:00,0.9903496631559346,0.9148864314075837,0.9981328654467906
2026-05-23 00:10:00+00:00,0.9903496631559346,0.9137592110302348,0.9981328654467906
2026-05-23 00:11:00+00:00,0.9903496631559346,0.9141774553939046,0.9981328654467906
2026-05-23 00:12:00+00:00,0.9903496631559346,0.9147614662036264,0.9981328654467906
2026-05-23 00:13:00+00:00,0.9903496631559346,0.9148503486943123,0.9981328654467906
2026-05-23 00:14:00+00:00,0.9903496631559346,0.9150721366718879,0.9981328654467906
2026-05-23 00:15:00+00:00,0.9903496631559346,0.9148110304242055,0.9981328654467906
2026-05-23 00:16:00+00:00,0.9903496631559346,0.91630461460324,0.9981328654467906
2026-05-23 00:17:00+00:00,0.9903496631559346,0.9153944473121061,0.9981328654467906
2026-05-23 00:18:00+00:00,0.9903496631559346,0.9148014653521421,0.9981328654467906
2026-05-23 00:19:00+00:00,0.9903496631559346,0.9148126418825601,0.9981328654467906
2026-05-23 00:20:00+00:00,0.9903496631559346,0.9157004392858569,0.9981328654467906
2026-05-23 00:21:00+00:00,0.9903496631559346,0.9141887516927861,0.9981328654467906
2026-05-23 00:22:00+00:00,0.9903496631559346,0.9135488195666012,0.9981328654467906
2026-05-23 00:23:00+00:00,0.9903496631559346,0.9135488195666012,0.9981328654467906
2026-05-23 00:24:00+00:00,0.9903496631559346,0.9135488195666012,0.9981328654467906
2026-05-23 00:25:00+00:00,0.9903496631559346,0.9135488195666012,0.9981328654467906
2026-05-23 00:26:00+00:00,0.9903496631559346,0.9135488195666012,0.9981328654467906
2026-05-23 00:27:00+00:00,0.9903496631559346,0.9135488195666012,0.9981328654467906
2026-05-23 00:28:00+00:00,0.9903496631559346,0.9135488195666012,0.9981328654467906
2026-05-23 00:29:00+00:00,0.9903496631559346,0.9135488195666012,0.9981328654467906
2026-05-23 00:30:00+00:00,0.9903496631559346,0.9135488195666012,0.9981328654467906
2026-05-23 00:31:00+00:00,0.9903496631559346,0.9135488195666012,0.9981328654467906
2026-05-23 00:32:00+00:00,0.9903496631559346,0.9135488195666012,0.9981328654467906
2026-05-23 00:33:00+00:00,0.9903496631559346,0.9135488195666012,0.9981328654467906
2026-05-23 00:34:00+00:00,0.9903496631559346,0.9135488195666012,0.9981328654467906
2026-05-23 00:35:00+00:00,0.9903496631559346,0.9135488195666012,0.9981328654467906
2026-05-23 00:36:00+00:00,0.9903496631559346,0.9135488195666012,0.9981328654467906
2026-05-23 00:37:00+00:00,0.9903496631559346,0.9135488195666012,0.9981328654467906
2026-05-23 00:38:00+00:00,0.9903496631559346,0.9135488195666012,0.9981328654467906
2026-05-23 00:39:00+00:00,0.9903496631559346,0.9135488195666012,0.9981328654467906
2026-05-23 00:40:00+00:00,0.9903496631559346,0.9135488195666012,0.9981328654467906
2026-05-23 00:41:00+00:00,0.9903496631559346,0.9135488195666012,0.9981328654467906
2026-05-23 00:42:00+00:00,0.9903496631559346,0.9135488195666012,0.9981328654467906
2026-05-23 00:43:00+00:00,0.9903496631559346,0.9135488195666012,0.9981328654467906
2026-05-23 00:44:00+00:00,0.9903496631559346,0.9135488195666012,0.9981328654467906
2026-05-23 00:45:00+00:00,0.9903496631559346,0.9135488195666012,0.9981328654467906
2026-05-23 00:46:00+00:00,0.9903496631559346,0.9135488195666012,0.9981328654467906
2026-05-23 00:47:00+00:00,0.9893988539039269,0.9135488195666012,0.9981328654467906
2026-05-23 00:48:00+00:00,0.9884463441948564,0.9135488195666012,0.9981328654467906
2026-05-23 00:49:00+00:00,0.98775443175392,0.9135488195666012,0.9981328654467906
2026-05-23 00:50:00+00:00,0.98775443175392,0.9135488195666012,0.9981328654467906
2026-05-23 00:51:00+00:00,0.98775443175392,0.9135488195666012,0.9981328654467906
2026-05-23 00:52:00+00:00,0.98775443175392,0.9135488195666012,0.9981328654467906
2026-05-23 00:53:00+00:00,0.98775443175392,0.9135488195666012,0.9981328654467906
2026-05-23 00:54:00+00:00,0.98775443175392,0.9121732278494536,0.9981328654467906
2026-05-23 00:55:00+00:00,0.98775443175392,0.9103505416054294,0.9981328654467906
2026-05-23 00:56:00+00:00,0.98775443175392,0.9089175160595261,0.9981328654467906
2026-05-23 00:57:00+00:00,0.98775443175392,0.9082812737982844,0.9981328654467906
2026-05-23 00:58:00+00:00,0.98775443175392,0.9082812737982844,0.9981328654467906
2026-05-23 00:59:00+00:00,0.98775443175392,0.9082812737982844,0.9981328654467906
2026-05-23 01:00:00+00:00,0.98775443175392,0.9082812737982844,0.9981328654467906
2026-05-23 01:01:00+00:00,0.98775443175392,0.9082812737982844,0.9981328654467906
2026-05-23 01:02:00+00:00,0.98775443175392,0.9082812737982844,0.9981328654467906
2026-05-23 01:03:00+00:00,0.98775443175392,0.9082812737982844,0.9981328654467906
2026-05-23 01:04:00+00:00,0.98775443175392,0.9082812737982844,0.9981328654467906
2026-05-23 01:05:00+00:00,0.98775443175392,0.9082812737982844,0.9981328654467906
2026-05-23 01:06:00+00:00,0.98775443175392,0.9082812737982844,0.9981328654467906
2026-05-23 01:07:00+00:00,0.98775443175392,0.9082812737982844,0.9981328654467906
2026-05-23 01:08:00+00:00,0.98775443175392,0.9082812737982844,0.9981328654467906
2026-05-23 01:09:00+00:00,0.98775443175392,0.9082812737982844,0.9981328654467906
2026-05-23 01:10:00+00:00,0.98775443175392,0.9082812737982844,0.9981328654467906
2026-05-23 01:11:00+00:00,0.98775443175392,0.9082812737982844,0.9981328654467906
2026-05-23 01:12:00+00:00,0.98775443175392,0.9079123683076473,0.9981328654467906
2026-05-23 01:13:00+00:00,0.98775443175392,0.908494769691856,0.9981328654467906
2026-05-23 01:14:00+00:00,0.98775443175392,0.9100482518070945,0.9981328654467906
2026-05-23 01:15:00+00:00,0.98775443175392,0.9095931232086247,0.9981328654467906
2026-05-23 01:16:00+00:00,0.98775443175392,0.9100445656611447,0.9981328654467906
2026-05-23 01:17:00+00:00,0.98775443175392,0.9111241041526739,0.9981328654467906
2026-05-23 01:18:00+00:00,0.98775443175392,0.9116814152963556,0.9981328654467906
2026-05-23 01:19:00+00:00,0.98775443175392,0.9106029403757291,0.9981328654467906
2026-05-23 01:20:00+00:00,0.98775443175392,0.9099968047000944,0.9981328654467906
2026-05-23 01:21:00+00:00,0.98775443175392,0.9101272755256367,0.9981328654467906
2026-05-23 01:22:00+00:00,0.98775443175392,0.9095052078852455,0.9981328654467906
2026-05-23 01:23:00+00:00,0.98775443175392,0.910669485126025,0.9981328654467906
2026-05-23 01:24:00+00:00,0.98775443175392,0.9106368691778303,0.9981328654467906
2026-05-23 01:25:00+00:00,0.98775443175392,0.9104887315098773,0.9981328654467906
2026-05-23 01:26:00+00:00,0.98775443175392,0.91096056785875,0.9981328654467906
2026-05-23 01:27:00+00:00,0.98775443175392,0.9105226437713906,0.9981328654467906
2026-05-23 01:28:00+00:00,0.98775443175392,0.9113063512492282,0.9981328654467906
2026-05-23 01:29:00+00:00,0.98775443175392,0.9107934428669391,0.9981328654467906
2026-05-23 01:30:00+00:00,0.98775443175392,0.9102385485793504,0.9981328654467906
2026-05-23 01:31:00+00:00,0.98775443175392,0.9131638198021346,0.9981328654467906
2026-05-23 01:32:00+00:00,0.98775443175392,0.9119635296549251,0.9981328654467906
2026-05-23 01:33:00+00:00,0.98775443175392,0.915025211523892,0.9981328654467906
2026-05-23 01:34:00+00:00,0.98775443175392,0.9156469421753817,0.9981328654467906
2026-05-23 01:35:00+00:00,0.98775443175392,0.9146102641130263,0.9981328654467906
2026-05-23 01:36:00+00:00,0.98775443175392,0.9149303424345169,0.9981328654467906
2026-05-23 01:37:00+00:00,0.98775443175392,0.9164093234922582,0.9981328654467906
2026-05-23 01:38:00+00:00,0.98775443175392,0.9175145937239334,0.9981328654467906
2026-05-23 01:39:00+00:00,0.98775443175392,0.9164742222432952,0.9981328654467906
2026-05-23 01:40:00+00:00,0.98775443175392,0.9184153055212215,0.9981328654467906
2026-05-23 01:41:00+00:00,0.98775443175392,0.9172703313894355,0.9981328654467906
2026-05-23 01:42:00+00:00,0.98775443175392,0.9173260159268909,0.9981328654467906
2026-05-23 01:43:00+00:00,0.98775443175392,0.9185321323196234,0.9981328654467906
2026-05-23 01:44:00+00:00,0.98775443175392,0.9191228867969415,0.9981328654467906
2026-05-23 01:45:00+00:00,0.98775443175392,0.920153918750633,0.9981328654467906
2026-05-23 01:46:00+00:00,0.98775443175392,0.9192738746781811,0.9981328654467906
2026-05-23 01:47:00+00:00,0.98775443175392,0.9185305155113681,0.9981328654467906
2026-05-23 01:48:00+00:00,0.98775443175392,0.9202712753155079,0.9981328654467906
2026-05-23 01:49:00+00:00,0.98775443175392,0.9206809427024364,0.9981328654467906
2026-05-23 01:50:00+00:00,0.98775443175392,0.9215573893972691,0.9981328654467906
2026-05-23 01:51:00+00:00,0.98775443175392,0.9202409725797385,0.9981328654467906
2026-05-23 01:52:00+00:00,0.98775443175392,0.9216108394126732,0.9981328654467906
2026-05-23 01:53:00+00:00,0.98775443175392,0.9199778472937998,0.9981328654467906
2026-05-23 01:54:00+00:00,0.98775443175392,0.920011559050223,0.9981328654467906
2026-05-23 01:55:00+00:00,0.98775443175392,0.9211903223692239,0.9981328654467906
2026-05-23 01:56:00+00:00,0.98775443175392,0.9218784336187282,0.9981328654467906
2026-05-23 01:57:00+00:00,0.98775443175392,0.9226934477251406,0.9981328654467906
2026-05-23 01:58:00+00:00,0.98775443175392,0.9239902244049133,0.9981328654467906
2026-05-23 01:59:00+00:00,0.98775443175392,0.9238934460037221,0.9981328654467906
2026-05-23 02:00:00+00:00,0.98775443175392,0.9251443616588636,0.9981328654467906
2026-05-23 02:01:00+00:00,0.98775443175392,0.9273674757926423,0.9981328654467906
2026-05-23 02:02:00+00:00,0.98775443175392,0.9277558391784517,0.9981328654467906
2026-05-23 02:03:00+00:00,0.98775443175392,0.9295995993224632,0.9981328654467906
2026-05-23 02:04:00+00:00,0.98775443175392,0.9303707495571777,0.9981328654467906
2026-05-23 02:05:00+00:00,0.98775443175392,0.9313035149221872,0.9981328654467906
2026-05-23 02:06:00+00:00,0.98775443175392,0.9321983185422812,0.9981328654467906
2026-05-23 02:07:00+00:00,0.98775443175392,0.9301376507306768,0.9981328654467906
2026-05-23 02:08:00+00:00,0.98775443175392,0.9300796605550161,0.9981328654467906
2026-05-23 02:09:00+00:00,0.98775443175392,0.9298277089784419,0.9981328654467906
2026-05-23 02:10:00+00:00,0.98775443175392,0.9316484932777904,0.9981328654467906
2026-05-23 02:11:00+00:00,0.98775443175392,0.9323204692368336,0.9981328654467906
2026-05-23 02:12:00+00:00,0.98775443175392,0.9320988526127829,0.9981328654467906
2026-05-23 02:13:00+00:00,0.98775443175392,0.9331519450785329,0.9981328654467906
2026-05-23 02:14:00+00:00,0.98775443175392,0.932216346756729,0.9981328654467906
2026-05-23 02:15:00+00:00,0.98775443175392,0.9334526238901082,0.9981328654467906
2026-05-23 02:16:00+00:00,0.98775443175392,0.933747457433293,0.9981328654467906
2026-05-23 02:17:00+00:00,0.98775443175392,0.9343510214459679,0.9981328654467906
2026-05-23 02:18:00+00:00,0.98775443175392,0.9341814972374286,0.9981328654467906
2026-05-23 02:19:00+00:00,0.98775443175392,0.9348414214617196,0.9981328654467906
2026-05-23 02:20:00+00:00,0.98775443175392,0.9351207375325614,0.9981328654467906
2026-05-23 02:21:00+00:00,0.98775443175392,0.9353642752257847,0.9981328654467906
2026-05-23 02:22:00+00:00,0.98775443175392,0.9361218780632656,0.9981328654467906
2026-05-23 02:23:00+00:00,0.98775443175392,0.9356205593390905,0.9981328654467906
2026-05-23 02:24:00+00:00,0.98775443175392,0.9353743178049144,0.9981328654467906
2026-05-23 02:25:00+00:00,0.98775443175392,0.9354656882829203,0.9981328654467906
2026-05-23 02:26:00+00:00,0.98775443175392,0.9359098398362822,0.9981328654467906
2026-05-23 02:27:00+00:00,0.98775443175392,0.9350867561203451,0.9981328654467906
2026-05-23 02:28:00+00:00,0.98775443175392,0.9353299797740224,0.9981328654467906
2026-05-23 02:29:00+00:00,0.98775443175392,0.9356463834641289,0.9981328654467906
2026-05-23 02:30:00+00:00,0.98775443175392,0.9355381997312233,0.9981328654467906
2026-05-23 02:31:00+00:00,0.98775443175392,0.933785011409045,0.9981328654467906
2026-05-23 02:32:00+00:00,0.98775443175392,0.9307005341635685,0.9981328654467906
2026-05-23 02:33:00+00:00,0.98775443175392,0.9300490437896539,0.9981328654467906
2026-05-23 02:34:00+00:00,0.98775443175392,0.9300490437896539,0.9981328654467906
2026-05-23 02:35:00+00:00,0.98775443175392,0.9300490437896539,0.9981328654467906
2026-05-23 02:36:00+00:00,0.98775443175392,0.9300490437896539,0.9981328654467906
2026-05-23 02:37:00+00:00,0.98775443175392,0.9300490437896539,0.9981328654467906
2026-05-23 02:38:00+00:00,0.98775443175392,0.9300490437896539,0.9981328654467906
2026-05-23 02:39:00+00:00,0.98775443175392,0.9300490437896539,0.9981328654467906
2026-05-23 02:40:00+00:00,0.98775443175392,0.9300490437896539,0.9981328654467906
2026-05-23 02:41:00+00:00,0.98775443175392,0.9300490437896539,0.9981328654467906
2026-05-23 02:42:00+00:00,0.98775443175392,0.9300490437896539,0.9981328654467906
2026-05-23 02:43:00+00:00,0.98775443175392,0.9300490437896539,0.9981328654467906
2026-05-23 02:44:00+00:00,0.98775443175392,0.9300490437896539,0.9981328654467906
2026-05-23 02:45:00+00:00,0.98775443175392,0.9300490437896539,0.9981328654467906
2026-05-23 02:46:00+00:00,0.98775443175392,0.9300490437896539,0.9981328654467906
2026-05-23 02:47:00+00:00,0.98775443175392,0.9300490437896539,0.9981328654467906
2026-05-23 02:48:00+00:00,0.98775443175392,0.9300490437896539,0.9981328654467906
2026-05-23 02:49:00+00:00,0.98775443175392,0.9300490437896539,0.9981328654467906
2026-05-23 02:50:00+00:00,0.98775443175392,0.9300490437896539,0.9981328654467906
2026-05-23 02:51:00+00:00,0.98775443175392,0.9300490437896539,0.9981328654467906
2026-05-23 02:52:00+00:00,0.98775443175392,0.9300490437896539,0.9981328654467906
2026-05-23 02:53:00+00:00,0.98775443175392,0.9300490437896539,0.9981328654467906
2026-05-23 02:54:00+00:00,0.98775443175392,0.9300490437896539,0.9981328654467906
2026-05-23 02:55:00+00:00,0.98775443175392,0.9300490437896539,0.9981328654467906
2026-05-23 02:56:00+00:00,0.98775443175392,0.9300490437896539,0.9981328654467906
2026-05-23 02:57:00+00:00,0.98775443175392,0.9300490437896539,0.9981328654467906
2026-05-23 02:58:00+00:00,0.98775443175392,0.9300490437896539,0.9981328654467906
2026-05-23 02:59:00+00:00,0.98775443175392,0.9300490437896539,0.9981328654467906
2026-05-23 03:00:00+00:00,0.98775443175392,0.9300490437896539,0.9981328654467906
2026-05-23 03:01:00+00:00,0.98775443175392,0.9300490437896539,0.9981328654467906
2026-05-23 03:02:00+00:00,0.98775443175392,0.9300490437896539,0.9981328654467906
2026-05-23 03:03:00+00:00,0.98775443175392,0.9300490437896539,0.9981328654467906
2026-05-23 03:04:00+00:00,0.98775443175392,0.9300490437896539,0.9981328654467906
2026-05-23 03:05:00+00:00,0.98775443175392,0.9300490437896539,0.9981328654467906
2026-05-23 03:06:00+00:00,0.98775443175392,0.9300490437896539,0.9981328654467906
2026-05-23 03:07:00+00:00,0.98775443175392,0.9300490437896539,0.9981328654467906
2026-05-23 03:08:00+00:00,0.98775443175392,0.9300490437896539,0.9981328654467906
2026-05-23 03:09:00+00:00,0.98775443175392,0.9300490437896539,0.9981328654467906
2026-05-23 03:10:00+00:00,0.98775443175392,0.9300490437896539,0.9981328654467906
2026-05-23 03:11:00+00:00,0.98775443175392,0.9300490437896539,0.9981328654467906
2026-05-23 03:12:00+00:00,0.98775443175392,0.9300490437896539,0.9981328654467906
2026-05-23 03:13:00+00:00,0.98775443175392,0.9295615973122201,0.9981328654467906
2026-05-23 03:14:00+00:00,0.98775443175392,0.9295328800393483,0.9981328654467906
2026-05-23 03:15:00+00:00,0.98775443175392,0.9288559347896612,0.9981328654467906
2026-05-23 03:16:00+00:00,0.98775443175392,0.9294525932820367,0.9981328654467906
2026-05-23 03:17:00+00:00,0.98775443175392,0.929941627300375,0.9981328654467906
2026-05-23 03:18:00+00:00,0.98775443175392,0.9299567801620757,0.9981328654467906
2026-05-23 03:19:00+00:00,0.98775443175392,0.9291465507432466,0.9981328654467906
2026-05-23 03:20:00+00:00,0.98775443175392,0.9292798644160835,0.9981328654467906
2026-05-23 03:21:00+00:00,0.98775443175392,0.9292083813343,0.9981328654467906
2026-05-23 03:22:00+00:00,0.98775443175392,0.9278421868027125,0.9981328654467906
2026-05-23 03:23:00+00:00,0.98775443175392,0.9271926972719505,0.9981328654467906
2026-05-23 03:24:00+00:00,0.98775443175392,0.9271926972719505,0.9981328654467906
2026-05-23 03:25:00+00:00,0.98775443175392,0.9271926972719505,0.9981328654467906
2026-05-23 03:26:00+00:00,0.98775443175392,0.9271926972719505,0.9981328654467906
2026-05-23 03:27:00+00:00,0.98775443175392,0.9271926972719505,0.9981328654467906
2026-05-23 03:28:00+00:00,0.98775443175392,0.9271926972719505,0.9981328654467906
2026-05-23 03:29:00+00:00,0.98775443175392,0.9271926972719505,0.9981328654467906
2026-05-23 03:30:00+00:00,0.98775443175392,0.9271926972719505,0.9981328654467906
2026-05-23 03:31:00+00:00,0.98775443175392,0.9271926972719505,0.9981328654467906
2026-05-23 03:32:00+00:00,0.98775443175392,0.9271926972719505,0.9981328654467906
2026-05-23 03:33:00+00:00,0.98775443175392,0.9271926972719505,0.9981328654467906
2026-05-23 03:34:00+00:00,0.98775443175392,0.9271926972719505,0.9981328654467906
2026-05-23 03:35:00+00:00,0.98775443175392,0.9271926972719505,0.9981328654467906
2026-05-23 03:36:00+00:00,0.98775443175392,0.9271926972719505,0.9981328654467906
2026-05-23 03:37:00+00:00,0.98775443175392,0.9271926972719505,0.9981328654467906
2026-05-23 03:38:00+00:00,0.98775443175392,0.9271926972719505,0.9981328654467906
2026-05-23 03:39:00+00:00,0.98775443175392,0.9271926972719505,0.9981328654467906
2026-05-23 03:40:00+00:00,0.98775443175392,0.9271926972719505,0.9981328654467906
2026-05-23 03:41:00+00:00,0.98775443175392,0.9271926972719505,0.9981328654467906
2026-05-23 03:42:00+00:00,0.98775443175392,0.9271926972719505,0.9981328654467906
2026-05-23 03:43:00+00:00,0.98775443175392,0.9271926972719505,0.9981328654467906
2026-05-23 03:44:00+00:00,0.98775443175392,0.9271926972719505,0.9981328654467906
2026-05-23 03:45:00+00:00,0.98775443175392,0.9271926972719505,0.9981328654467906
2026-05-23 03:46:00+00:00,0.98775443175392,0.9271926972719505,0.9981328654467906
2026-05-23 03:47:00+00:00,0.98775443175392,0.9271926972719505,0.9981328654467906
2026-05-23 03:48:00+00:00,0.98775443175392,0.9271926972719505,0.9981328654467906
2026-05-23 03:49:00+00:00,0.98775443175392,0.9271926972719505,0.9981328654467906
2026-05-23 03:50:00+00:00,0.98775443175392,0.9271926972719505,0.9981328654467906
2026-05-23 03:51:00+00:00,0.98775443175392,0.9271926972719505,0.9981328654467906
2026-05-23 03:52:00+00:00,0.98775443175392,0.9271926972719505,0.9981328654467906
2026-05-23 03:53:00+00:00,0.98775443175392,0.9271926972719505,0.9981328654467906
2026-05-23 03:54:00+00:00,0.98775443175392,0.9260396262899739,0.9981328654467906
2026-05-23 03:55:00+00:00,0.98775443175392,0.9241917738445341,0.9981328654467906
2026-05-23 03:56:00+00:00,0.98775443175392,0.9235773995516168,0.9981328654467906
2026-05-23 03:57:00+00:00,0.98775443175392,0.9229308953719306,0.9981328654467906
2026-05-23 03:58:00+00:00,0.98775443175392,0.9229308953719306,0.9981328654467906
2026-05-23 03:59:00+00:00,0.98775443175392,0.9229308953719306,0.9981328654467906
2026-05-23 04:00:00+00:00,0.98775443175392,0.9229308953719306,0.9981328654467906
2026-05-23 04:01:00+00:00,0.98775443175392,0.9229308953719306,0.9981328654467906
2026-05-23 04:02:00+00:00,0.98775443175392,0.9229308953719306,0.9981328654467906
2026-05-23 04:03:00+00:00,0.98775443175392,0.9229308953719306,0.9981328654467906
2026-05-23 04:04:00+00:00,0.98775443175392,0.9229308953719306,0.9981328654467906
2026-05-23 04:05:00+00:00,0.98775443175392,0.9229308953719306,0.9981328654467906
2026-05-23 04:06:00+00:00,0.98775443175392,0.9229308953719306,0.9981328654467906
2026-05-23 04:07:00+00:00,0.98775443175392,0.9229308953719306,0.9981328654467906
2026-05-23 04:08:00+00:00,0.98775443175392,0.9229308953719306,0.9981328654467906
2026-05-23 04:09:00+00:00,0.98775443175392,0.9229308953719306,0.9981328654467906
2026-05-23 04:10:00+00:00,0.98775443175392,0.9229308953719306,0.9981328654467906
2026-05-23 04:11:00+00:00,0.98775443175392,0.9229308953719306,0.9981328654467906
2026-05-23 04:12:00+00:00,0.98775443175392,0.9222272161812908,0.9981328654467906
2026-05-23 04:13:00+00:00,0.98775443175392,0.923535035932582,0.9981328654467906
2026-05-23 04:14:00+00:00,0.98775443175392,0.9235700806569348,0.9981328654467906
2026-05-23 04:15:00+00:00,0.98775443175392,0.923515209993672,0.9981328654467906
2026-05-23 04:16:00+00:00,0.98775443175392,0.925709645758361,0.9981328654467906
2026-05-23 04:17:00+00:00,0.98775443175392,0.9266438830561331,0.9981328654467906
2026-05-23 04:18:00+00:00,0.98775443175392,0.9262272625775132,0.9981328654467906
2026-05-23 04:19:00+00:00,0.98775443175392,0.9258314895221007,0.9981328654467906
2026-05-23 04:20:00+00:00,0.98775443175392,0.927009282235774,0.9981328654467906
2026-05-23 04:21:00+00:00,0.98775443175392,0.9268470984223537,0.9981328654467906
2026-05-23 04:22:00+00:00,0.98775443175392,0.9258007508750339,0.9981328654467906
2026-05-23 04:23:00+00:00,0.98775443175392,0.9250064664521649,0.9981328654467906
2026-05-23 04:24:00+00:00,0.98775443175392,0.9251036335630552,0.9981328654467906
2026-05-23 04:25:00+00:00,0.98775443175392,0.9255811457349482,0.9981328654467906
2026-05-23 04:26:00+00:00,0.98775443175392,0.9262236188691864,0.9981328654467906
2026-05-23 04:27:00+00:00,0.98775443175392,0.9257452654422972,0.9981328654467906
2026-05-23 04:28:00+00:00,0.98775443175392,0.9255458501087969,0.9981328654467906
2026-05-23 04:29:00+00:00,0.98775443175392,0.9249027181736964,0.9981328654467906
2026-05-23 04:30:00+00:00,0.98775443175392,0.9247680291006063,0.9981328654467906
2026-05-23 04:31:00+00:00,0.98775443175392,0.9239320493108061,0.9981328654467906
2026-05-23 04:32:00+00:00,0.98775443175392,0.9232852968762885,0.9981328654467906
2026-05-23 04:33:00+00:00,0.98775443175392,0.9232852968762885,0.9981328654467906
2026-05-23 04:34:00+00:00,0.98775443175392,0.9232852968762885,0.9981328654467906
2026-05-23 04:35:00+00:00,0.98775443175392,0.9232852968762885,0.9981328654467906
2026-05-23 04:36:00+00:00,0.98775443175392,0.9232852968762885,0.9981328654467906
2026-05-23 04:37:00+00:00,0.98775443175392,0.9232852968762885,0.9981328654467906
2026-05-23 04:38:00+00:00,0.98775443175392,0.9232852968762885,0.9981328654467906
2026-05-23 04:39:00+00:00,0.98775443175392,0.9232852968762885,0.9981328654467906
2026-05-23 04:40:00+00:00,0.98775443175392,0.9232852968762885,0.9981328654467906
2026-05-23 04:41:00+00:00,0.98775443175392,0.9232852968762885,0.9981328654467906
2026-05-23 04:42:00+00:00,0.98775443175392,0.9232852968762885,0.9981328654467906
2026-05-23 04:43:00+00:00,0.98775443175392,0.9232852968762885,0.9981328654467906
2026-05-23 04:44:00+00:00,0.98775443175392,0.9232852968762885,0.9981328654467906
2026-05-23 04:45:00+00:00,0.98775443175392,0.9232852968762885,0.9981328654467906
2026-05-23 04:46:00+00:00,0.98775443175392,0.9232852968762885,0.9981328654467906
2026-05-23 04:47:00+00:00,0.98775443175392,0.9232852968762885,0.9981328654467906
2026-05-23 04:48:00+00:00,0.98775443175392,0.9232852968762885,0.9981328654467906
2026-05-23 04:49:00+00:00,0.98775443175392,0.9232852968762885,0.9981328654467906
2026-05-23 04:50:00+00:00,0.98775443175392,0.9232852968762885,0.9981328654467906
2026-05-23 04:51:00+00:00,0.98775443175392,0.9232852968762885,0.9981328654467906
2026-05-23 04:52:00+00:00,0.98775443175392,0.9232852968762885,0.9981328654467906
2026-05-23 04:53:00+00:00,0.98775443175392,0.9232852968762885,0.9981328654467906
2026-05-23 04:54:00+00:00,0.98775443175392,0.9232852968762885,0.9981328654467906
2026-05-23 04:55:00+00:00,0.98775443175392,0.9232852968762885,0.9981328654467906
2026-05-23 04:56:00+00:00,0.98775443175392,0.9232852968762885,0.9981328654467906
2026-05-23 04:57:00+00:00,0.98775443175392,0.9232852968762885,0.9981328654467906
2026-05-23 04:58:00+00:00,0.98775443175392,0.9232852968762885,0.9981328654467906
2026-05-23 04:59:00+00:00,0.98775443175392,0.9232852968762885,0.9981328654467906
2026-05-23 05:00:00+00:00,0.98775443175392,0.9232852968762885,0.9981328654467906
2026-05-23 05:01:00+00:00,0.98775443175392,0.9232852968762885,0.9981328654467906
2026-05-23 05:02:00+00:00,0.98775443175392,0.9232852968762885,0.9981328654467906
2026-05-23 05:03:00+00:00,0.98775443175392,0.9232852968762885,0.9981328654467906
2026-05-23 05:04:00+00:00,0.98775443175392,0.9232852968762885,0.9981328654467906
2026-05-23 05:05:00+00:00,0.98775443175392,0.922105608006931,0.9981328654467906
2026-05-23 05:06:00+00:00,0.98775443175392,0.9225354834369665,0.9981328654467906
2026-05-23 05:07:00+00:00,0.98775443175392,0.923623901155332,0.9981328654467906
2026-05-23 05:08:00+00:00,0.98775443175392,0.923723877533498,0.9981328654467906
2026-05-23 05:09:00+00:00,0.98775443175392,0.9261100210241554,0.9981328654467906
2026-05-23 05:10:00+00:00,0.98775443175392,0.9257238566335704,0.9981328654467906
2026-05-23 05:11:00+00:00,0.98775443175392,0.9260550651856202,0.9981328654467906
2026-05-23 05:12:00+00:00,0.98775443175392,0.9252392307078858,0.9981328654467906
2026-05-23 05:13:00+00:00,0.98775443175392,0.9248804892994923,0.9981328654467906
2026-05-23 05:14:00+00:00,0.98775443175392,0.9251346696851254,0.9981328654467906
2026-05-23 05:15:00+00:00,0.98775443175392,0.9259991214252569,0.9981328654467906
2026-05-23 05:16:00+00:00,0.98775443175392,0.9263253233025913,0.9981328654467906
2026-05-23 05:17:00+00:00,0.98775443175392,0.9276133435367696,0.9981328654467906
2026-05-23 05:18:00+00:00,0.98775443175392,0.9275162305915436,0.9981328654467906
2026-05-23 05:19:00+00:00,0.98775443175392,0.9271764097489074,0.9981328654467906
2026-05-23 05:20:00+00:00,0.98775443175392,0.9299471188064686,0.9981328654467906
2026-05-23 05:21:00+00:00,0.98775443175392,0.9303518513315238,0.9969997640463465
2026-05-23 05:22:00+00:00,0.98775443175392,0.9296135990703436,0.997790902720548
2026-05-23 05:23:00+00:00,0.98775443175392,0.9289017809857121,0.9985549251164636
2026-05-23 05:24:00+00:00,0.98775443175392,0.927936106408303,0.9995930102241357
2026-05-23 05:25:00+00:00,0.98775443175392,0.9288956942958848,0.9985593212249704
2026-05-23 05:26:00+00:00,0.98775443175392,0.9285223663392215,0.9978603297001128
2026-05-23 05:27:00+00:00,0.98775443175392,0.9286529595425624,0.9978603297001128
2026-05-23 05:28:00+00:00,0.98775443175392,0.9285879699701369,0.9978603297001128
2026-05-23 05:29:00+00:00,0.98775443175392,0.929337901606338,0.9978603297001128
2026-05-23 05:30:00+00:00,0.98775443175392,0.928470058820359,0.9978603297001128
2026-05-23 05:31:00+00:00,0.98775443175392,0.9273688306161406,0.9978603297001128
2026-05-23 05:32:00+00:00,0.98775443175392,0.9275984769517629,0.9978603297001128
2026-05-23 05:33:00+00:00,0.98775443175392,0.9282138999324302,0.9978603297001128
2026-05-23 05:34:00+00:00,0.98775443175392,0.9285546504382322,0.9978603297001128
2026-05-23 05:35:00+00:00,0.98775443175392,0.9277257132436026,0.9978603297001128
2026-05-23 05:36:00+00:00,0.98775443175392,0.9284196167986691,0.9978603297001128
2026-05-23 05:37:00+00:00,0.98775443175392,0.9276579415895227,0.9978603297001128
2026-05-23 05:38:00+00:00,0.98775443175392,0.927124311962526,0.9978603297001128
2026-05-23 05:39:00+00:00,0.98775443175392,0.9264753249441522,0.9978603297001128
2026-05-23 05:40:00+00:00,0.98775443175392,0.9264753249441522,0.9978603297001128
2026-05-23 05:41:00+00:00,0.98775443175392,0.9264753249441522,0.9978603297001128
2026-05-23 05:42:00+00:00,0.98775443175392,0.9264753249441522,0.9978603297001128
2026-05-23 05:43:00+00:00,0.98775443175392,0.9264753249441522,0.9978603297001128
2026-05-23 05:44:00+00:00,0.98775443175392,0.9264753249441522,0.9978603297001128
2026-05-23 05:45:00+00:00,0.9852018619784817,0.9240811135530248,0.9978603297001128
2026-05-23 05:46:00+00:00,0.9843995600373071,0.9233285854673414,0.9978603297001128
2026-05-23 05:47:00+00:00,0.983710480345281,0.9227010845862215,0.9978603297001128
2026-05-23 05:48:00+00:00,0.983710480345281,0.9218352937265789,0.9978603297001128
2026-05-23 05:49:00+00:00,0.983710480345281,0.9207398916366436,0.9978603297001128
2026-05-23 05:50:00+00:00,0.983710480345281,0.9200953737124979,0.9978603297001128
2026-05-23 05:51:00+00:00,0.983710480345281,0.9200953737124979,0.9978603297001128
2026-05-23 05:52:00+00:00,0.983710480345281,0.9200953737124979,0.9978603297001128
2026-05-23 05:53:00+00:00,0.983710480345281,0.9200953737124979,0.9978603297001128
2026-05-23 05:54:00+00:00,0.983710480345281,0.9200953737124979,0.9978603297001128
2026-05-23 05:55:00+00:00,0.983710480345281,0.9200953737124979,0.9978603297001128
2026-05-23 05:56:00+00:00,0.983710480345281,0.9200953737124979,0.9978603297001128
2026-05-23 05:57:00+00:00,0.983710480345281,0.9200953737124979,0.9978603297001128
2026-05-23 05:58:00+00:00,0.983710480345281,0.9200953737124979,0.9978603297001128
2026-05-23 05:59:00+00:00,0.983710480345281,0.9200953737124979,0.9978603297001128
2026-05-23 06:00:00+00:00,0.983710480345281,0.9200953737124979,0.9978603297001128
2026-05-23 06:01:00+00:00,0.983710480345281,0.9200953737124979,0.9978603297001128
2026-05-23 06:02:00+00:00,0.983710480345281,0.9200953737124979,0.9978603297001128
2026-05-23 06:03:00+00:00,0.983710480345281,0.9200953737124979,0.9978603297001128
2026-05-23 06:04:00+00:00,0.983710480345281,0.9200953737124979,0.9978603297001128
2026-05-23 06:05:00+00:00,0.983710480345281,0.9200953737124979,0.9978603297001128
2026-05-23 06:06:00+00:00,0.983710480345281,0.9174072553834529,0.9978603297001128
2026-05-23 06:07:00+00:00,0.983710480345281,0.9168512448209237,0.9978603297001128
2026-05-23 06:08:00+00:00,0.983710480345281,0.916209448949549,0.9978603297001128
2026-05-23 06:09:00+00:00,0.983710480345281,0.916209448949549,0.9978603297001128
2026-05-23 06:10:00+00:00,0.983710480345281,0.916209448949549,0.9978603297001128
2026-05-23 06:11:00+00:00,0.983710480345281,0.916209448949549,0.9978603297001128
2026-05-23 06:12:00+00:00,0.983710480345281,0.916209448949549,0.9978603297001128
2026-05-23 06:13:00+00:00,0.983710480345281,0.916209448949549,0.9978603297001128
2026-05-23 06:14:00+00:00,0.983710480345281,0.916209448949549,0.9978603297001128
2026-05-23 06:15:00+00:00,0.983710480345281,0.916209448949549,0.9978603297001128
2026-05-23 06:16:00+00:00,0.983710480345281,0.916209448949549,0.9978603297001128
2026-05-23 06:17:00+00:00,0.983710480345281,0.916209448949549,0.9978603297001128
2026-05-23 06:18:00+00:00,0.983710480345281,0.9161133303861129,0.9978603297001128
2026-05-23 06:19:00+00:00,0.983710480345281,0.9162920141322244,0.9978603297001128
2026-05-23 06:20:00+00:00,0.983710480345281,0.9162001140098806,0.9978603297001128
2026-05-23 06:21:00+00:00,0.983710480345281,0.9155883763233933,0.9978603297001128
2026-05-23 06:22:00+00:00,0.983710480345281,0.9144956178706298,0.9978603297001128
2026-05-23 06:23:00+00:00,0.983710480345281,0.9147925156131651,0.9978603297001128
2026-05-23 06:24:00+00:00,0.983710480345281,0.9152527797404262,0.9978603297001128
2026-05-23 06:25:00+00:00,0.983710480345281,0.914810571978948,0.9978603297001128
2026-05-23 06:26:00+00:00,0.983710480345281,0.9141936473155085,0.9978603297001128
2026-05-23 06:27:00+00:00,0.983710480345281,0.9135537117623875,0.9978603297001128
2026-05-23 06:28:00+00:00,0.983710480345281,0.9135537117623875,0.9978603297001128
2026-05-23 06:29:00+00:00,0.983710480345281,0.9135537117623875,0.9978603297001128
2026-05-23 06:30:00+00:00,0.983710480345281,0.9135537117623875,0.9978603297001128
2026-05-23 06:31:00+00:00,0.983710480345281,0.9135537117623875,0.9978603297001128
2026-05-23 06:32:00+00:00,0.983710480345281,0.9120413087883171,0.9978603297001128
2026-05-23 06:33:00+00:00,0.983710480345281,0.9120553830160546,0.9978603297001128
2026-05-23 06:34:00+00:00,0.983710480345281,0.912066820061813,0.9978603297001128
2026-05-23 06:35:00+00:00,0.983710480345281,0.91196820675063,0.9978603297001128
2026-05-23 06:36:00+00:00,0.983710480345281,0.9113151522997316,0.9978603297001128
2026-05-23 06:37:00+00:00,0.983710480345281,0.9098225621073872,0.9978603297001128
2026-05-23 06:38:00+00:00,0.983710480345281,0.9091856863139121,0.9978603297001128
2026-05-23 06:39:00+00:00,0.983710480345281,0.9091856863139121,0.9978603297001128
2026-05-23 06:40:00+00:00,0.983710480345281,0.9091856863139121,0.9978603297001128
2026-05-23 06:41:00+00:00,0.983710480345281,0.9091856863139121,0.9978603297001128
2026-05-23 06:42:00+00:00,0.983710480345281,0.9091856863139121,0.9978603297001128
2026-05-23 06:43:00+00:00,0.983710480345281,0.9091856863139121,0.9978603297001128
2026-05-23 06:44:00+00:00,0.983710480345281,0.9091856863139121,0.9978603297001128
2026-05-23 06:45:00+00:00,0.983710480345281,0.9091856863139121,0.9978603297001128
2026-05-23 06:46:00+00:00,0.983710480345281,0.9091856863139121,0.9978603297001128
2026-05-23 06:47:00+00:00,0.983710480345281,0.9091856863139121,0.9978603297001128
2026-05-23 06:48:00+00:00,0.983710480345281,0.9091856863139121,0.9978603297001128
2026-05-23 06:49:00+00:00,0.983710480345281,0.9091856863139121,0.9978603297001128
2026-05-23 06:50:00+00:00,0.983710480345281,0.9091856863139121,0.9978603297001128
2026-05-23 06:51:00+00:00,0.983710480345281,0.9091856863139121,0.9978603297001128
2026-05-23 06:52:00+00:00,0.983710480345281,0.9091856863139121,0.9978603297001128
2026-05-23 06:53:00+00:00,0.983710480345281,0.9091856863139121,0.9978603297001128
2026-05-23 06:54:00+00:00,0.983710480345281,0.9091856863139121,0.9978603297001128
2026-05-23 06:55:00+00:00,0.983710480345281,0.9091856863139121,0.9978603297001128
2026-05-23 06:56:00+00:00,0.983710480345281,0.9091856863139121,0.9978603297001128
2026-05-23 06:57:00+00:00,0.983710480345281,0.9091856863139121,0.9978603297001128
2026-05-23 06:58:00+00:00,0.983710480345281,0.9091856863139121,0.9978603297001128
2026-05-23 06:59:00+00:00,0.983710480345281,0.9091856863139121,0.9978603297001128
2026-05-23 07:00:00+00:00,0.983710480345281,0.9091856863139121,0.9978603297001128
2026-05-23 07:01:00+00:00,0.983710480345281,0.9091856863139121,0.9978603297001128
2026-05-23 07:02:00+00:00,0.983710480345281,0.9091856863139121,0.9978603297001128
2026-05-23 07:03:00+00:00,0.983710480345281,0.9091856863139121,0.9978603297001128
2026-05-23 07:04:00+00:00,0.983710480345281,0.9091856863139121,0.9978603297001128
2026-05-23 07:05:00+00:00,0.983710480345281,0.9091856863139121,0.9978603297001128
2026-05-23 07:06:00+00:00,0.983710480345281,0.9091856863139121,0.9978603297001128
2026-05-23 07:07:00+00:00,0.983710480345281,0.9091856863139121,0.9978603297001128
2026-05-23 07:08:00+00:00,0.983710480345281,0.9091856863139121,0.9978603297001128
2026-05-23 07:09:00+00:00,0.983710480345281,0.9091856863139121,0.9978603297001128
2026-05-23 07:10:00+00:00,0.983710480345281,0.9091856863139121,0.9978603297001128
2026-05-23 07:11:00+00:00,0.983710480345281,0.9091856863139121,0.9978603297001128
2026-05-23 07:12:00+00:00,0.983710480345281,0.9075114182887609,0.9978603297001128
2026-05-23 07:13:00+00:00,0.983710480345281,0.9086946844779643,0.9978603297001128
2026-05-23 07:14:00+00:00,0.983710480345281,0.9083616380210957,0.9978603297001128
2026-05-23 07:15:00+00:00,0.983710480345281,0.9081142541067613,0.9978603297001128
2026-05-23 07:16:00+00:00,0.983710480345281,0.9070266736315136,0.9978603297001128
2026-05-23 07:17:00+00:00,0.983710480345281,0.9064750100036726,0.9978603297001128
2026-05-23 07:18:00+00:00,0.983710480345281,0.90584047749667,0.9978603297001128
2026-05-23 07:19:00+00:00,0.983710480345281,0.90584047749667,0.9978603297001128
2026-05-23 07:20:00+00:00,0.983710480345281,0.9050681464810844,0.9978603297001128
2026-05-23 07:21:00+00:00,0.983710480345281,0.9052627696949647,0.9978603297001128
2026-05-23 07:22:00+00:00,0.983710480345281,0.9047854559995269,0.9978603297001128
2026-05-23 07:23:00+00:00,0.983710480345281,0.903996916869916,0.9978603297001128
2026-05-23 07:24:00+00:00,0.983710480345281,0.9033896735503715,0.9978603297001128
2026-05-23 07:25:00+00:00,0.983710480345281,0.9036031661038266,0.9978603297001128
2026-05-23 07:26:00+00:00,0.983710480345281,0.905442194489722,0.9978603297001128
2026-05-23 07:27:00+00:00,0.983710480345281,0.9058970801205916,0.9978603297001128
2026-05-23 07:28:00+00:00,0.983710480345281,0.9054806823727617,0.9978603297001128
2026-05-23 07:29:00+00:00,0.983710480345281,0.906569488566154,0.9978603297001128
2026-05-23 07:30:00+00:00,0.983710480345281,0.9059376699617865,0.9978603297001128
2026-05-23 07:31:00+00:00,0.983710480345281,0.9050290265817972,0.9978603297001128
2026-05-23 07:32:00+00:00,0.983710480345281,0.9049022325419739,0.9978603297001128
2026-05-23 07:33:00+00:00,0.983710480345281,0.9079562773268125,0.9978603297001128
2026-05-23 07:34:00+00:00,0.983710480345281,0.9092358136988912,0.9978603297001128
2026-05-23 07:35:00+00:00,0.983710480345281,0.9073413076473742,0.9978603297001128
2026-05-23 07:36:00+00:00,0.983710480345281,0.9078882653576263,0.9978603297001128
2026-05-23 07:37:00+00:00,0.983710480345281,0.9098737820086037,0.9978603297001128
2026-05-23 07:38:00+00:00,0.983710480345281,0.9086326334916954,0.9978603297001128
2026-05-23 07:39:00+00:00,0.983710480345281,0.9086191559307268,0.9978603297001128
2026-05-23 07:40:00+00:00,0.983710480345281,0.9075105383086705,0.9978603297001128
2026-05-23 07:41:00+00:00,0.983710480345281,0.9072330590619538,0.9978603297001128
2026-05-23 07:42:00+00:00,0.983710480345281,0.9067737890704186,0.9978603297001128
2026-05-23 07:43:00+00:00,0.983710480345281,0.9064104023202189,0.9978603297001128
2026-05-23 07:44:00+00:00,0.983710480345281,0.9057759150385947,0.9978603297001128
2026-05-23 07:45:00+00:00,0.983710480345281,0.9057759150385947,0.9978603297001128
2026-05-23 07:46:00+00:00,0.983710480345281,0.9057759150385947,0.9978603297001128
2026-05-23 07:47:00+00:00,0.983710480345281,0.9057759150385947,0.9978603297001128
2026-05-23 07:48:00+00:00,0.983710480345281,0.9057759150385947,0.9978603297001128
2026-05-23 07:49:00+00:00,0.983710480345281,0.9057759150385947,0.9978603297001128
2026-05-23 07:50:00+00:00,0.983710480345281,0.9057759150385947,0.9978603297001128
2026-05-23 07:51:00+00:00,0.983710480345281,0.9047156664150053,0.9978603297001128
2026-05-23 07:52:00+00:00,0.983710480345281,0.9058795002062703,0.9978603297001128
2026-05-23 07:53:00+00:00,0.983710480345281,0.9068074465006981,0.9978603297001128
2026-05-23 07:54:00+00:00,0.983710480345281,0.9093853511589378,0.9978603297001128
2026-05-23 07:55:00+00:00,0.983710480345281,0.908633134531596,0.9978603297001128
2026-05-23 07:56:00+00:00,0.983710480345281,0.9081246163499226,0.9978603297001128
2026-05-23 07:57:00+00:00,0.983710480345281,0.9078179949512771,0.9978603297001128
2026-05-23 07:58:00+00:00,0.983710480345281,0.9046372805146761,0.9978603297001128
2026-05-23 07:59:00+00:00,0.983710480345281,0.9037493445891291,0.9978603297001128
2026-05-23 08:00:00+00:00,0.983710480345281,0.9031167200479168,0.9978603297001128
2026-05-23 08:01:00+00:00,0.983710480345281,0.9031167200479168,0.9978603297001128
2026-05-23 08:02:00+00:00,0.983710480345281,0.9031167200479168,0.9978603297001128
2026-05-23 08:03:00+00:00,0.983710480345281,0.9031167200479168,0.9978603297001128
2026-05-23 08:04:00+00:00,0.983710480345281,0.9031167200479168,0.9978603297001128
2026-05-23 08:05:00+00:00,0.983710480345281,0.9031167200479168,0.9978603297001128
2026-05-23 08:06:00+00:00,0.983710480345281,0.9031167200479168,0.9978603297001128
2026-05-23 08:07:00+00:00,0.983710480345281,0.9031167200479168,0.9978603297001128
2026-05-23 08:08:00+00:00,0.983710480345281,0.9031167200479168,0.9978603297001128
2026-05-23 08:09:00+00:00,0.983710480345281,0.9031167200479168,0.9978603297001128
2026-05-23 08:10:00+00:00,0.983710480345281,0.9031167200479168,0.9978603297001128
2026-05-23 08:11:00+00:00,0.983710480345281,0.9031167200479168,0.9978603297001128
2026-05-23 08:12:00+00:00,0.983710480345281,0.9031167200479168,0.9978603297001128
2026-05-23 08:13:00+00:00,0.983710480345281,0.9031167200479168,0.9978603297001128
2026-05-23 08:14:00+00:00,0.983710480345281,0.9031167200479168,0.9978603297001128
2026-05-23 08:15:00+00:00,0.983710480345281,0.9031167200479168,0.9978603297001128
2026-05-23 08:16:00+00:00,0.983710480345281,0.9031167200479168,0.9978603297001128
2026-05-23 08:17:00+00:00,0.983710480345281,0.9031167200479168,0.9978603297001128
2026-05-23 08:18:00+00:00,0.983710480345281,0.9031167200479168,0.9978603297001128
2026-05-23 08:19:00+00:00,0.983710480345281,0.9031167200479168,0.9978603297001128
2026-05-23 08:20:00+00:00,0.983710480345281,0.9036216775370867,0.9978603297001128
2026-05-23 08:21:00+00:00,0.983710480345281,0.9036334462900778,0.9978603297001128
2026-05-23 08:22:00+00:00,0.983710480345281,0.9012600906543625,0.9978603297001128
2026-05-23 08:23:00+00:00,0.983710480345281,0.9017741929819523,0.9978603297001128
2026-05-23 08:24:00+00:00,0.983710480345281,0.8995684156916901,0.9978603297001128
2026-05-23 08:25:00+00:00,0.983710480345281,0.90102881983559,0.9978603297001128
2026-05-23 08:26:00+00:00,0.983710480345281,0.9011974228108716,0.9978603297001128
2026-05-23 08:27:00+00:00,0.983710480345281,0.9021921813755635,0.9978603297001128
2026-05-23 08:28:00+00:00,0.983710480345281,0.9012946207636016,0.9978603297001128
2026-05-23 08:29:00+00:00,0.983710480345281,0.8997519731272312,0.9978603297001128
2026-05-23 08:30:00+00:00,0.983710480345281,0.8991221467460421,0.9978603297001128
2026-05-23 08:31:00+00:00,0.983710480345281,0.8991221467460421,0.9978603297001128
2026-05-23 08:32:00+00:00,0.983710480345281,0.8991221467460421,0.9978603297001128
2026-05-23 08:33:00+00:00,0.983710480345281,0.8991221467460421,0.9978603297001128
2026-05-23 08:34:00+00:00,0.983710480345281,0.8991221467460421,0.9978603297001128
2026-05-23 08:35:00+00:00,0.9839282709252976,0.8991221467460421,0.9978603297001128
2026-05-23 08:36:00+00:00,0.985068507083249,0.8991221467460421,0.9978603297001128
2026-05-23 08:37:00+00:00,0.9859863858727468,0.8991221467460421,0.9978603297001128
2026-05-23 08:38:00+00:00,0.987597465338381,0.8991221467460421,0.9978603297001128
2026-05-23 08:39:00+00:00,0.9873904430397971,0.8983042853307542,0.9978603297001128
2026-05-23 08:40:00+00:00,0.9851542867978562,0.8962698836926135,0.9978603297001128
2026-05-23 08:41:00+00:00,0.9849493912259013,0.8960834745860338,0.9978603297001128
2026-05-23 08:42:00+00:00,0.9858321286481171,0.8968865680479848,0.9978603297001128
2026-05-23 08:43:00+00:00,0.9847777983501369,0.8959273634784998,0.9978603297001128
2026-05-23 08:44:00+00:00,0.9845862578028909,0.8957531044550116,0.9978603297001128
2026-05-23 08:45:00+00:00,0.9838350539831893,0.8950696771288189,0.9978603297001128
2026-05-23 08:46:00+00:00,0.9854671582440645,0.8965545266754047,0.9978603297001128
2026-05-23 08:47:00+00:00,0.9862825771228481,0.8972963753314397,0.9978603297001128
2026-05-23 08:48:00+00:00,0.9869920221962585,0.8979418115458002,0.9978603297001128
2026-05-23 08:49:00+00:00,0.9876693471512242,0.8985580256421551,0.9978603297001128
2026-05-23 08:50:00+00:00,0.9876288451712846,0.898521177906388,0.9978603297001128
2026-05-23 08:51:00+00:00,0.9878442640463222,0.8987171608632329,0.9978603297001128
2026-05-23 08:52:00+00:00,0.9865532788733054,0.8975426533303777,0.9978603297001128
2026-05-23 08:53:00+00:00,0.9841760012388542,0.8953798628137165,0.9978603297001128
2026-05-23 08:54:00+00:00,0.9843390984550396,0.8947530969097469,0.9978603297001128
2026-05-23 08:55:00+00:00,0.984691171028041,0.8947530969097469,0.9978603297001128
2026-05-23 08:56:00+00:00,0.9860061065369122,0.8947530969097469,0.9978603297001128
2026-05-23 08:57:00+00:00,0.9877173481877858,0.8947530969097469,0.9978603297001128
2026-05-23 08:58:00+00:00,0.9894300996334967,0.8947530969097469,0.9978603297001128
2026-05-23 08:59:00+00:00,0.9883411404074932,0.8931420113034554,0.9978603297001128
2026-05-23 09:00:00+00:00,0.9879571255402185,0.892794985568205,0.9978603297001128
2026-05-23 09:01:00+00:00,0.9884810118668793,0.8932684100451982,0.9978603297001128
2026-05-23 09:02:00+00:00,0.9912466772004483,0.8957676805881584,0.9978603297001128
2026-05-23 09:03:00+00:00,0.9928670498279619,0.8972319754641177,0.9978603297001128
2026-05-23 09:04:00+00:00,0.9940943175944571,0.8983410301786907,0.9978603297001128
2026-05-23 09:05:00+00:00,0.993669116120693,0.897956785018836,0.9978603297001128
2026-05-23 09:06:00+00:00,0.9927012640249013,0.8970821585036196,0.9978603297001128
2026-05-23 09:07:00+00:00,0.9935659207121741,0.8978635296124245,0.9978603297001128
2026-05-23 09:08:00+00:00,0.9923600105039452,0.8967737752504996,0.9978603297001128
2026-05-23 09:09:00+00:00,0.9920990409354674,0.8965379428281205,0.9978603297001128
2026-05-23 09:10:00+00:00,0.9919734894086453,0.8964244846924591,0.9978603297001128
2026-05-23 09:11:00+00:00,0.9937187466585908,0.8980016350373446,0.9978603297001128
2026-05-23 09:12:00+00:00,0.9933299763026971,0.8976503118722937,0.9978603297001128
2026-05-23 09:13:00+00:00,0.9906599691930779,0.8952374855488882,0.9978603297001128
2026-05-23 09:14:00+00:00,0.9912116597557614,0.8957360360985185,0.9978603297001128
2026-05-23 09:15:00+00:00,0.9904474748870666,0.8950454591481829,0.9978603297001128
2026-05-23 09:16:00+00:00,0.9904941630849705,0.8944189273267792,0.9978603297001128
2026-05-23 09:17:00+00:00,0.9903994948909278,0.8944189273267792,0.9978603297001128
2026-05-23 09:18:00+00:00,0.9901005084571638,0.8944189273267792,0.9978603297001128
2026-05-23 09:19:00+00:00,0.9909644665102043,0.8944189273267792,0.9978603297001128
2026-05-23 09:20:00+00:00,0.9892897835108683,0.8944189273267792,0.9978603297001128
2026-05-23 09:21:00+00:00,0.9887256368206079,0.8944189273267792,0.9978603297001128
2026-05-23 09:22:00+00:00,0.9894723209927082,0.8944189273267792,0.9978603297001128
2026-05-23 09:23:00+00:00,0.988802149114538,0.8944189273267792,0.9978603297001128
2026-05-23 09:24:00+00:00,0.9870484023303172,0.8944189273267792,0.9978603297001128
2026-05-23 09:25:00+00:00,0.9877769439181633,0.8944189273267792,0.9978603297001128
2026-05-23 09:26:00+00:00,0.9890019550639061,0.8944189273267792,0.9978603297001128
2026-05-23 09:27:00+00:00,0.9889529453609884,0.8944189273267792,0.9978603297001128
2026-05-23 09:28:00+00:00,0.9868155124364811,0.8944189273267792,0.9978603297001128
2026-05-23 09:29:00+00:00,0.9875846545491883,0.8944189273267792,0.9978603297001128
2026-05-23 09:30:00+00:00,0.9857775004608283,0.8944189273267792,0.9978603297001128
2026-05-23 09:31:00+00:00,0.986113557292162,0.8944189273267792,0.9978603297001128
2026-05-23 09:32:00+00:00,0.9851484288935431,0.8944189273267792,0.9978603297001128
2026-05-23 09:33:00+00:00,0.9838884837267889,0.8944189273267792,0.9978603297001128
2026-05-23 09:34:00+00:00,0.9834089143572585,0.8942287939736839,0.9978603297001128
2026-05-23 09:35:00+00:00,0.9832101196037097,0.8944095610890912,0.9978603297001128
2026-05-23 09:36:00+00:00,0.9825115294243042,0.8950450567204778,0.9978603297001128
2026-05-23 09:37:00+00:00,0.9831500885303364,0.8944633442884489,0.9978603297001128
2026-05-23 09:38:00+00:00,0.9826663688686047,0.8949034291863481,0.9978603297001128
2026-05-23 09:39:00+00:00,0.9837299047875738,0.8939348787493935,0.9978603297001128
2026-05-23 09:40:00+00:00,0.9840352650958873,0.8936573917797906,0.9978603297001128
2026-05-23 09:41:00+00:00,0.9832782021158342,0.8943449229610044,0.9978603297001128
2026-05-23 09:42:00+00:00,0.982339180113121,0.895199014467221,0.9978603297001128
2026-05-23 09:43:00+00:00,0.980555032391857,0.8968248961525627,0.9978603297001128
2026-05-23 09:44:00+00:00,0.9798686438691827,0.896537048291928,0.9978603297001128
2026-05-23 09:45:00+00:00,0.9798686438691827,0.8968876899305088,0.9978603297001128
2026-05-23 09:46:00+00:00,0.9798686438691827,0.894614381969764,0.9978603297001128
2026-05-23 09:47:00+00:00,0.9798686438691827,0.8951429898769406,0.9978603297001128
2026-05-23 09:48:00+00:00,0.9798686438691827,0.8960324746103951,0.9978603297001128
2026-05-23 09:49:00+00:00,0.9798686438691827,0.8944730843700033,0.9978603297001128
2026-05-23 09:50:00+00:00,0.977343410969575,0.896152112044832,0.9978603297001128
2026-05-23 09:51:00+00:00,0.9766592705818963,0.8975762184947492,0.9978603297001128
2026-05-23 09:52:00+00:00,0.9766592705818963,0.8964760872694744,0.9978603297001128
2026-05-23 09:53:00+00:00,0.9766592705818963,0.8951328342715601,0.9978603297001128
2026-05-23 09:54:00+00:00,0.9766592705818963,0.8958683083771992,0.9978603297001128
2026-05-23 09:55:00+00:00,0.9766592705818963,0.8964928650697956,0.9978603297001128
2026-05-23 09:56:00+00:00,0.9766592705818963,0.8958829572132085,0.9978603297001128
2026-05-23 09:57:00+00:00,0.9766592705818963,0.8981804546283131,0.9978603297001128
2026-05-23 09:58:00+00:00,0.9766592705818963,0.9000231412668801,0.9978603297001128
2026-05-23 09:59:00+00:00,0.9766592705818963,0.9003018236014186,0.9978603297001128
2026-05-23 10:00:00+00:00,0.9766592705818963,0.8987606658954909,0.9978603297001128
2026-05-23 10:01:00+00:00,0.9766592705818963,0.8991926160158881,0.9978603297001128
2026-05-23 10:02:00+00:00,0.9766592705818963,0.8990923717564486,0.9978603297001128
2026-05-23 10:03:00+00:00,0.9766592705818963,0.89796672089098,0.9978603297001128
2026-05-23 10:04:00+00:00,0.9766592705818963,0.8958765294771454,0.9978603297001128
2026-05-23 10:05:00+00:00,0.9766592705818963,0.8952494159065113,0.9978603297001128
2026-05-23 10:06:00+00:00,0.9766592705818963,0.8952494159065113,0.9978603297001128
2026-05-23 10:07:00+00:00,0.9766592705818963,0.8952494159065113,0.9978603297001128
2026-05-23 10:08:00+00:00,0.9743365763579654,0.8952494159065113,0.9978603297001128
2026-05-23 10:09:00+00:00,0.9736545407545149,0.8952494159065113,0.9978603297001128
2026-05-23 10:10:00+00:00,0.9718796083287583,0.8952494159065113,0.9978603297001128
2026-05-23 10:11:00+00:00,0.9711992926029281,0.8952494159065113,0.9978603297001128
2026-05-23 10:12:00+00:00,0.9711992926029281,0.8952494159065113,0.9978603297001128
2026-05-23 10:13:00+00:00,0.9711992926029281,0.8952494159065113,0.9978603297001128
2026-05-23 10:14:00+00:00,0.9711992926029281,0.8952494159065113,0.9978603297001128
2026-05-23 10:15:00+00:00,0.9711992926029281,0.8952494159065113,0.9978603297001128
2026-05-23 10:16:00+00:00,0.9711992926029281,0.8952494159065113,0.9978603297001128
2026-05-23 10:17:00+00:00,0.9711992926029281,0.8952494159065113,0.9978603297001128
2026-05-23 10:18:00+00:00,0.9711992926029281,0.8952494159065113,0.9978603297001128
2026-05-23 10:19:00+00:00,0.9711992926029281,0.8952494159065113,0.9978603297001128
2026-05-23 10:20:00+00:00,0.9711992926029281,0.8952494159065113,0.9978603297001128
2026-05-23 10:21:00+00:00,0.9711992926029281,0.8952494159065113,0.9978603297001128
2026-05-23 10:22:00+00:00,0.9711992926029281,0.8952494159065113,0.9978603297001128
2026-05-23 10:23:00+00:00,0.9711992926029281,0.8952494159065113,0.9978603297001128
2026-05-23 10:24:00+00:00,0.9711992926029281,0.8942513558766227,0.9978603297001128
2026-05-23 10:25:00+00:00,0.9711992926029281,0.8937995275277555,0.9978603297001128
2026-05-23 10:26:00+00:00,0.9711992926029281,0.8945583539969352,0.9978603297001128
2026-05-23 10:27:00+00:00,0.9711992926029281,0.895367360724731,0.9978603297001128
2026-05-23 10:28:00+00:00,0.9711992926029281,0.8948389277289874,0.9978603297001128
2026-05-23 10:29:00+00:00,0.9711992926029281,0.8944410056457289,0.9978603297001128
2026-05-23 10:30:00+00:00,0.9711992926029281,0.8949753425480019,0.9978603297001128
2026-05-23 10:31:00+00:00,0.9711992926029281,0.8941584929843659,0.9978603297001128
2026-05-23 10:32:00+00:00,0.9711992926029281,0.8937536036111201,0.9978603297001128
2026-05-23 10:33:00+00:00,0.9711992926029281,0.8938420524722889,0.9978603297001128
2026-05-23 10:34:00+00:00,0.9711992926029281,0.8948250037022824,0.9978603297001128
2026-05-23 10:35:00+00:00,0.9711992926029281,0.894228297165517,0.9978603297001128
2026-05-23 10:36:00+00:00,0.9711992926029281,0.892412240951516,0.9978603297001128
2026-05-23 10:37:00+00:00,0.9711992926029281,0.8917875523828499,0.9978603297001128
2026-05-23 10:38:00+00:00,0.9711992926029281,0.8917875523828499,0.9978603297001128
2026-05-23 10:39:00+00:00,0.9711992926029281,0.8917875523828499,0.9978603297001128
2026-05-23 10:40:00+00:00,0.9711992926029281,0.8913153503087566,0.9978603297001128
2026-05-23 10:41:00+00:00,0.9711992926029281,0.892483814629241,0.9978603297001128
2026-05-23 10:42:00+00:00,0.9711992926029281,0.8931755578910832,0.9978603297001128
2026-05-23 10:43:00+00:00,0.9711992926029281,0.8939380835595764,0.9978603297001128
2026-05-23 10:44:00+00:00,0.9711992926029281,0.894372426614607,0.9978603297001128
2026-05-23 10:45:00+00:00,0.9711992926029281,0.8930661863237659,0.9978603297001128
2026-05-23 10:46:00+00:00,0.9711992926029281,0.8924135296841521,0.9978603297001128
2026-05-23 10:47:00+00:00,0.9711992926029281,0.8923975611146924,0.9978603297001128
2026-05-23 10:48:00+00:00,0.9711992926029281,0.8928513508879375,0.9978603297001128
2026-05-23 10:49:00+00:00,0.9711992926029281,0.8932780015667057,0.9978603297001128
2026-05-23 10:50:00+00:00,0.9711992926029281,0.8929547953194445,0.9978603297001128
2026-05-23 10:51:00+00:00,0.9711992926029281,0.8923789120854828,0.9978603297001128
2026-05-23 10:52:00+00:00,0.9711992926029281,0.8932721266117859,0.9978603297001128
2026-05-23 10:53:00+00:00,0.9711992926029281,0.8932360817168256,0.9978603297001128
2026-05-23 10:54:00+00:00,0.9711992926029281,0.8952362467326128,0.9978603297001128
2026-05-23 10:55:00+00:00,0.9711992926029281,0.895026991339458,0.9978603297001128
2026-05-23 10:56:00+00:00,0.9711992926029281,0.8942738608292015,0.9978603297001128
2026-05-23 10:57:00+00:00,0.9711992926029281,0.894550107160188,0.9978603297001128
2026-05-23 10:58:00+00:00,0.9711992926029281,0.892755105681464,0.9978603297001128
2026-05-23 10:59:00+00:00,0.9711992926029281,0.8936227355187077,0.9978603297001128
2026-05-23 11:00:00+00:00,0.9711992926029281,0.8934082089618327,0.9978603297001128
2026-05-23 11:01:00+00:00,0.9711992926029281,0.8934434412186283,0.9978603297001128
2026-05-23 11:02:00+00:00,0.9711992926029281,0.8935422334386,0.9978603297001128
2026-05-23 11:03:00+00:00,0.9711992926029281,0.8936548631192329,0.9978603297001128
2026-05-23 11:04:00+00:00,0.9711992926029281,0.8935491528673851,0.9978603297001128
2026-05-23 11:05:00+00:00,0.9711992926029281,0.8927125817797132,0.9978603297001128
2026-05-23 11:06:00+00:00,0.9711992926029281,0.8920876829724674,0.9978603297001128
2026-05-23 11:07:00+00:00,0.9711992926029281,0.8920876829724674,0.9978603297001128
2026-05-23 11:08:00+00:00,0.9711992926029281,0.8920876829724674,0.9978603297001128
2026-05-23 11:09:00+00:00,0.9711992926029281,0.8920876829724674,0.9978603297001128
2026-05-23 11:10:00+00:00,0.9711992926029281,0.8920876829724674,0.9978603297001128
2026-05-23 11:11:00+00:00,0.9711992926029281,0.8920876829724674,0.9978603297001128
2026-05-23 11:12:00+00:00,0.9711992926029281,0.8920876829724674,0.9978603297001128
2026-05-23 11:13:00+00:00,0.9711992926029281,0.8920876829724674,0.9978603297001128
2026-05-23 11:14:00+00:00,0.9711992926029281,0.8913431356472072,0.9978603297001128
2026-05-23 11:15:00+00:00,0.9711992926029281,0.889189297173932,0.9978603297001128
2026-05-23 11:16:00+00:00,0.9711992926029281,0.8886517763762453,0.9978603297001128
2026-05-23 11:17:00+00:00,0.9711992926029281,0.8898606648432752,0.9978603297001128
2026-05-23 11:18:00+00:00,0.9711992926029281,0.8904040027338014,0.9978603297001128
2026-05-23 11:19:00+00:00,0.9711992926029281,0.8906486881525685,0.9978603297001128
2026-05-23 11:20:00+00:00,0.9711992926029281,0.8916406523347117,0.9978603297001128
2026-05-23 11:21:00+00:00,0.9711992926029281,0.8921175196954962,0.9978603297001128
2026-05-23 11:22:00+00:00,0.9711992926029281,0.8933171743716986,0.9978603297001128
2026-05-23 11:23:00+00:00,0.9711992926029281,0.8942240437618374,0.9978603297001128
2026-05-23 11:24:00+00:00,0.9711992926029281,0.8957269335067637,0.9978603297001128
2026-05-23 11:25:00+00:00,0.9711992926029281,0.8960817272640842,0.9978603297001128
2026-05-23 11:26:00+00:00,0.9711992926029281,0.896977383355875,0.9978603297001128
2026-05-23 11:27:00+00:00,0.9711992926029281,0.89667352833906,0.9978603297001128
2026-05-23 11:28:00+00:00,0.9711992926029281,0.8960786917850146,0.9978603297001128
2026-05-23 11:29:00+00:00,0.9711992926029281,0.8977680192749494,0.9978603297001128
2026-05-23 11:30:00+00:00,0.9711992926029281,0.8979823164694627,0.9978603297001128
2026-05-23 11:31:00+00:00,0.9711992926029281,0.8987803128946026,0.9978603297001128
2026-05-23 11:32:00+00:00,0.9711992926029281,0.8989031298022172,0.9978603297001128
2026-05-23 11:33:00+00:00,0.9711992926029281,0.8983216288143477,0.9978603297001128
2026-05-23 11:34:00+00:00,0.9711992926029281,0.8983326014052713,0.9978603297001128
2026-05-23 11:35:00+00:00,0.9711992926029281,0.8997572978023998,0.9978603297001128
2026-05-23 11:36:00+00:00,0.9711992926029281,0.9003088276080956,0.9978603297001128
2026-05-23 11:37:00+00:00,0.9711992926029281,0.8986102240813849,0.9978603297001128
2026-05-23 11:38:00+00:00,0.9711992926029281,0.8983968998898967,0.9978603297001128
2026-05-23 11:39:00+00:00,0.9711992926029281,0.9001656155116443,0.9978603297001128
2026-05-23 11:40:00+00:00,0.9711992926029281,0.8999533596502537,0.9978603297001128
2026-05-23 11:41:00+00:00,0.9711992926029281,0.8981672086545489,0.9978603297001128
2026-05-23 11:42:00+00:00,0.9711992926029281,0.9000454647877838,0.9978603297001128
2026-05-23 11:43:00+00:00,0.9711992926029281,0.9007235424123694,0.9978603297001128
2026-05-23 11:44:00+00:00,0.9711992926029281,0.9006540432149431,0.9978603297001128
2026-05-23 11:45:00+00:00,0.9711992926029281,0.9002850714265259,0.9978603297001128
2026-05-23 11:46:00+00:00,0.9711992926029281,0.9013610530126298,0.9978603297001128
2026-05-23 11:47:00+00:00,0.9711992926029281,0.900822227493021,0.9978603297001128
2026-05-23 11:48:00+00:00,0.9711992926029281,0.9019644430791495,0.9978603297001128
2026-05-23 11:49:00+00:00,0.9711992926029281,0.9025043345373973,0.9978603297001128
2026-05-23 11:50:00+00:00,0.9711992926029281,0.9027481297284113,0.9978603297001128
2026-05-23 11:51:00+00:00,0.9711992926029281,0.9028931832227068,0.9978603297001128
2026-05-23 11:52:00+00:00,0.9711992926029281,0.9027189618374274,0.9978603297001128
2026-05-23 11:53:00+00:00,0.9711992926029281,0.9037612397003418,0.9978603297001128
2026-05-23 11:54:00+00:00,0.9711992926029281,0.9028987505525911,0.9978603297001128
2026-05-23 11:55:00+00:00,0.9711992926029281,0.9012843157280818,0.9978603297001128
2026-05-23 11:56:00+00:00,0.9711992926029281,0.9018956966434614,0.9978603297001128
2026-05-23 11:57:00+00:00,0.9711992926029281,0.902524221672623,0.9978603297001128
2026-05-23 11:58:00+00:00,0.9711992926029281,0.9030027124824829,0.9978603297001128
2026-05-23 11:59:00+00:00,0.9711992926029281,0.9034091668861581,0.9978603297001128
2026-05-23 12:00:00+00:00,0.9711992926029281,0.9030897661267155,0.9978603297001128
2026-05-23 12:01:00+00:00,0.9711992926029281,0.9038749484669095,0.9978603297001128
2026-05-23 12:02:00+00:00,0.9711992926029281,0.9038295957787329,0.9978603297001128
2026-05-23 12:03:00+00:00,0.9711992926029281,0.9033439881233597,0.9978603297001128
2026-05-23 12:04:00+00:00,0.9711992926029281,0.9030332289376077,0.9978603297001128
2026-05-23 12:05:00+00:00,0.9711992926029281,0.9050490767365278,0.9978603297001128
2026-05-23 12:06:00+00:00,0.9711992926029281,0.9033181020832501,0.9978603297001128
2026-05-23 12:07:00+00:00,0.9711992926029281,0.9038165085013408,0.9978603297001128
2026-05-23 12:08:00+00:00,0.9711992926029281,0.9021435033462526,0.9978603297001128
2026-05-23 12:09:00+00:00,0.9711992926029281,0.9015120028939102,0.9978603297001128
2026-05-23 12:10:00+00:00,0.9711992926029281,0.9015120028939102,0.9978603297001128
2026-05-23 12:11:00+00:00,0.9711992926029281,0.9015120028939102,0.9978603297001128
2026-05-23 12:12:00+00:00,0.9711992926029281,0.9015120028939102,0.9978603297001128
2026-05-23 12:13:00+00:00,0.9711992926029281,0.9015120028939102,0.9978603297001128
2026-05-23 12:14:00+00:00,0.9711992926029281,0.9015120028939102,0.9978603297001128
2026-05-23 12:15:00+00:00,0.9711992926029281,0.9000452730731516,0.9978603297001128
2026-05-23 12:16:00+00:00,0.9711992926029281,0.8986188431466444,0.9978603297001128
2026-05-23 12:17:00+00:00,0.9711992926029281,0.8971399302651145,0.9978603297001128
2026-05-23 12:18:00+00:00,0.9711992926029281,0.8965119323139289,0.9978603297001128
2026-05-23 12:19:00+00:00,0.9711992926029281,0.8965119323139289,0.9978603297001128
2026-05-23 12:20:00+00:00,0.9711992926029281,0.8965119323139289,0.9978603297001128
2026-05-23 12:21:00+00:00,0.9711992926029281,0.8965119323139289,0.9978603297001128
2026-05-23 12:22:00+00:00,0.9711992926029281,0.8965119323139289,0.9978603297001128
2026-05-23 12:23:00+00:00,0.9711992926029281,0.8949535003525433,0.9978603297001128
2026-05-23 12:24:00+00:00,0.9711992926029281,0.8951524473960512,0.9978603297001128
2026-05-23 12:25:00+00:00,0.9711992926029281,0.8955867822294272,0.9978603297001128
2026-05-23 12:26:00+00:00,0.9711992926029281,0.8938002846469204,0.9978603297001128
2026-05-23 12:27:00+00:00,0.9711992926029281,0.8942634133905096,0.9978603297001128
2026-05-23 12:28:00+00:00,0.9711992926029281,0.8965092952010962,0.9978603297001128
2026-05-23 12:29:00+00:00,0.9711992926029281,0.8971426770760306,0.9978603297001128
2026-05-23 12:30:00+00:00,0.9711992926029281,0.898602589749932,0.9978603297001128
2026-05-23 12:31:00+00:00,0.9711992926029281,0.8987840690701007,0.9978603297001128
2026-05-23 12:32:00+00:00,0.9711992926029281,0.898711540638708,0.9978603297001128
2026-05-23 12:33:00+00:00,0.9711992926029281,0.8990898145715844,0.9978603297001128
2026-05-23 12:34:00+00:00,0.9711992926029281,0.8982808641073043,0.9978603297001128
2026-05-23 12:35:00+00:00,0.9711992926029281,0.89732613436202,0.9978603297001128
2026-05-23 12:36:00+00:00,0.9711992926029281,0.8985809613306769,0.9978603297001128
2026-05-23 12:37:00+00:00,0.9711992926029281,0.8999428392040737,0.9978603297001128
2026-05-23 12:38:00+00:00,0.9711992926029281,0.8989592307401018,0.9978603297001128
2026-05-23 12:39:00+00:00,0.9711992926029281,0.8999200634771584,0.9978603297001128
2026-05-23 12:40:00+00:00,0.9711992926029281,0.8998337985859607,0.9978603297001128
2026-05-23 12:41:00+00:00,0.9711992926029281,0.9001713582582134,0.9978603297001128
2026-05-23 12:42:00+00:00,0.9711992926029281,0.900628702641403,0.9978603297001128
2026-05-23 12:43:00+00:00,0.9711992926029281,0.9016175369611872,0.9978603297001128
2026-05-23 12:44:00+00:00,0.9711992926029281,0.901699923825154,0.9978603297001128
2026-05-23 12:45:00+00:00,0.9711992926029281,0.9031042172408371,0.9978603297001128
2026-05-23 12:46:00+00:00,0.9711992926029281,0.9034127019632894,0.9978603297001128
2026-05-23 12:47:00+00:00,0.9711992926029281,0.9040352471720541,0.9978603297001128
2026-05-23 12:48:00+00:00,0.9711992926029281,0.90320446915656,0.9978603297001128
2026-05-23 12:49:00+00:00,0.9711992926029281,0.9053585755463526,0.9978603297001128
2026-05-23 12:50:00+00:00,0.9711992926029281,0.9058281573559867,0.9978603297001128
2026-05-23 12:51:00+00:00,0.9711992926029281,0.9065412065152855,0.9978603297001128
2026-05-23 12:52:00+00:00,0.9711992926029281,0.9049339783564907,0.9978603297001128
2026-05-23 12:53:00+00:00,0.9711992926029281,0.9041129102912714,0.9978603297001128
2026-05-23 12:54:00+00:00,0.9711992926029281,0.9053488342052447,0.9978603297001128
2026-05-23 12:55:00+00:00,0.9711992926029281,0.9056355783828245,0.9978603297001128
2026-05-23 12:56:00+00:00,0.9711992926029281,0.9037251546692069,0.9978603297001128
2026-05-23 12:57:00+00:00,0.9711992926029281,0.9047612559597892,0.9978603297001128
2026-05-23 12:58:00+00:00,0.9711992926029281,0.9042186024143153,0.9978603297001128
2026-05-23 12:59:00+00:00,0.9711992926029281,0.9056279726053319,0.9978603297001128
2026-05-23 13:00:00+00:00,0.9711992926029281,0.9055402855246993,0.9978603297001128
2026-05-23 13:01:00+00:00,0.9711992926029281,0.9057449460302339,0.9978603297001128
2026-05-23 13:02:00+00:00,0.9711992926029281,0.9069241246754581,0.9978603297001128
2026-05-23 13:03:00+00:00,0.9711992926029281,0.906026473538791,0.9978603297001128
2026-05-23 13:04:00+00:00,0.9711992926029281,0.9050344776581429,0.9978603297001128
2026-05-23 13:05:00+00:00,0.9711992926029281,0.9048383454781042,0.9978603297001128
2026-05-23 13:06:00+00:00,0.9711992926029281,0.9056647126397912,0.9978603297001128
2026-05-23 13:07:00+00:00,0.9711992926029281,0.9043357254818153,0.9978603297001128
2026-05-23 13:08:00+00:00,0.9711992926029281,0.903702690473978,0.9978603297001128
2026-05-23 13:09:00+00:00,0.9711992926029281,0.903702690473978,0.9978603297001128
2026-05-23 13:10:00+00:00,0.9711992926029281,0.903702690473978,0.9978603297001128
2026-05-23 13:11:00+00:00,0.9711992926029281,0.903702690473978,0.9978603297001128
2026-05-23 13:12:00+00:00,0.9711992926029281,0.903702690473978,0.9978603297001128
2026-05-23 13:13:00+00:00,0.9711992926029281,0.903702690473978,0.9978603297001128
2026-05-23 13:14:00+00:00,0.9711992926029281,0.903702690473978,0.9978603297001128
2026-05-23 13:15:00+00:00,0.9711992926029281,0.903702690473978,0.9978603297001128
2026-05-23 13:16:00+00:00,0.9711992926029281,0.903702690473978,0.9978603297001128
2026-05-23 13:17:00+00:00,0.9711992926029281,0.903702690473978,0.9978603297001128
2026-05-23 13:18:00+00:00,0.9711992926029281,0.903702690473978,0.9978603297001128
2026-05-23 13:19:00+00:00,0.9711992926029281,0.903702690473978,0.9978603297001128
2026-05-23 13:20:00+00:00,0.9711992926029281,0.903702690473978,0.9978603297001128
2026-05-23 13:21:00+00:00,0.9711992926029281,0.903702690473978,0.9978603297001128
2026-05-23 13:22:00+00:00,0.9711992926029281,0.903702690473978,0.9978603297001128
2026-05-23 13:23:00+00:00,0.9711992926029281,0.903702690473978,0.9978603297001128
2026-05-23 13:24:00+00:00,0.9711992926029281,0.903702690473978,0.9978603297001128
2026-05-23 13:25:00+00:00,0.9711992926029281,0.903702690473978,0.9978603297001128
2026-05-23 13:26:00+00:00,0.9711992926029281,0.903702690473978,0.9978603297001128
2026-05-23 13:27:00+00:00,0.9711992926029281,0.903702690473978,0.9978603297001128
2026-05-23 13:28:00+00:00,0.9711992926029281,0.903702690473978,0.9978603297001128
2026-05-23 13:29:00+00:00,0.9711992926029281,0.903702690473978,0.9978603297001128
2026-05-23 13:30:00+00:00,0.9711992926029281,0.903702690473978,0.9978603297001128
2026-05-23 13:31:00+00:00,0.9711992926029281,0.903702690473978,0.9978603297001128
2026-05-23 13:32:00+00:00,0.9711992926029281,0.903702690473978,0.9978603297001128
2026-05-23 13:33:00+00:00,0.9711992926029281,0.903702690473978,0.9978603297001128
2026-05-23 13:34:00+00:00,0.9711992926029281,0.903702690473978,0.9978603297001128
2026-05-23 13:35:00+00:00,0.9711992926029281,0.903702690473978,0.9978603297001128
2026-05-23 13:36:00+00:00,0.9711992926029281,0.903702690473978,0.9978603297001128
2026-05-23 13:37:00+00:00,0.9711992926029281,0.903702690473978,0.9978603297001128
2026-05-23 13:38:00+00:00,0.9711992926029281,0.903702690473978,0.9978603297001128
2026-05-23 13:39:00+00:00,0.9711992926029281,0.903702690473978,0.9978603297001128
2026-05-23 13:40:00+00:00,0.9711992926029281,0.903702690473978,0.9978603297001128
2026-05-23 13:41:00+00:00,0.9711992926029281,0.903702690473978,0.9978603297001128
2026-05-23 13:42:00+00:00,0.9711992926029281,0.903702690473978,0.9978603297001128
2026-05-23 13:43:00+00:00,0.9711992926029281,0.903702690473978,0.9978603297001128
2026-05-23 13:44:00+00:00,0.9711992926029281,0.903702690473978,0.9978603297001128
2026-05-23 13:45:00+00:00,0.9711992926029281,0.903702690473978,0.9978603297001128
2026-05-23 13:46:00+00:00,0.9711992926029281,0.903702690473978,0.9978603297001128
2026-05-23 13:47:00+00:00,0.9711992926029281,0.903702690473978,0.9978603297001128
2026-05-23 13:48:00+00:00,0.9711992926029281,0.902016359687195,0.9978603297001128
2026-05-23 13:49:00+00:00,0.9711992926029281,0.9001294283047256,0.9978603297001128
2026-05-23 13:50:00+00:00,0.9711992926029281,0.9014083528710108,0.9978603297001128
2026-05-23 13:51:00+00:00,0.9711992926029281,0.9005864021679599,0.9978603297001128
2026-05-23 13:52:00+00:00,0.9711992926029281,0.9005659106240037,0.9978603297001128
2026-05-23 13:53:00+00:00,0.9711992926029281,0.8999839273057053,0.9978603297001128
2026-05-23 13:54:00+00:00,0.9711992926029281,0.8993539385565913,0.9978603297001128
2026-05-23 13:55:00+00:00,0.9711992926029281,0.8993539385565913,0.9978603297001128
2026-05-23 13:56:00+00:00,0.9711992926029281,0.8993539385565913,0.9978603297001128
2026-05-23 13:57:00+00:00,0.9711992926029281,0.8993539385565913,0.9978603297001128
2026-05-23 13:58:00+00:00,0.9711992926029281,0.8993539385565913,0.9978603297001128
2026-05-23 13:59:00+00:00,0.9711992926029281,0.8993539385565913,0.9978603297001128
2026-05-23 14:00:00+00:00,0.9711992926029281,0.8993539385565913,0.9978603297001128
2026-05-23 14:01:00+00:00,0.9711992926029281,0.8993539385565913,0.9978603297001128
2026-05-23 14:02:00+00:00,0.9711992926029281,0.8993539385565913,0.9978603297001128
2026-05-23 14:03:00+00:00,0.9711992926029281,0.8993539385565913,0.9978603297001128
2026-05-23 14:04:00+00:00,0.9711992926029281,0.8993539385565913,0.9978603297001128
2026-05-23 14:05:00+00:00,0.9711992926029281,0.8993539385565913,0.9978603297001128
2026-05-23 14:06:00+00:00,0.9711992926029281,0.8993539385565913,0.9978603297001128
2026-05-23 14:07:00+00:00,0.9711992926029281,0.8993539385565913,0.9978603297001128
2026-05-23 14:08:00+00:00,0.9711992926029281,0.8993539385565913,0.9978603297001128
2026-05-23 14:09:00+00:00,0.9711992926029281,0.8993539385565913,0.9978603297001128
2026-05-23 14:10:00+00:00,0.9711992926029281,0.8993539385565913,0.9978603297001128
2026-05-23 14:11:00+00:00,0.9711992926029281,0.8993539385565913,0.9978603297001128
2026-05-23 14:12:00+00:00,0.9711992926029281,0.8993539385565913,0.9978603297001128
2026-05-23 14:13:00+00:00,0.9711992926029281,0.8993539385565913,0.9978603297001128
2026-05-23 14:14:00+00:00,0.9711992926029281,0.8993539385565913,0.9978603297001128
2026-05-23 14:15:00+00:00,0.9711992926029281,0.8993539385565913,0.9978603297001128
2026-05-23 14:16:00+00:00,0.9711992926029281,0.8993539385565913,0.9978603297001128
2026-05-23 14:17:00+00:00,0.9711992926029281,0.8993539385565913,0.9978603297001128
2026-05-23 14:18:00+00:00,0.9711992926029281,0.8993539385565913,0.9978603297001128
2026-05-23 14:19:00+00:00,0.9711992926029281,0.8993539385565913,0.9978603297001128
2026-05-23 14:20:00+00:00,0.9711992926029281,0.8993539385565913,0.9978603297001128
2026-05-23 14:21:00+00:00,0.9711992926029281,0.8993539385565913,0.9978603297001128
2026-05-23 14:22:00+00:00,0.9711992926029281,0.8993539385565913,0.9978603297001128
2026-05-23 14:23:00+00:00,0.9711992926029281,0.8993539385565913,0.9978603297001128
2026-05-23 14:24:00+00:00,0.9711992926029281,0.8993539385565913,0.9978603297001128
2026-05-23 14:25:00+00:00,0.9711992926029281,0.8993539385565913,0.9978603297001128
2026-05-23 14:26:00+00:00,0.9711992926029281,0.8993539385565913,0.9978603297001128
2026-05-23 14:27:00+00:00,0.9711992926029281,0.8993539385565913,0.9978603297001128
2026-05-23 14:28:00+00:00,0.9711992926029281,0.8993539385565913,0.9978603297001128
2026-05-23 14:29:00+00:00,0.9711992926029281,0.899747925778461,0.9978603297001128
2026-05-23 14:30:00+00:00,0.9711992926029281,0.8998107050493331,0.9978603297001128
2026-05-23 14:31:00+00:00,0.9711992926029281,0.9001736730704328,0.9978603297001128
2026-05-23 14:32:00+00:00,0.9711992926029281,0.898782725551853,0.9978603297001128
2026-05-23 14:33:00+00:00,0.9711992926029281,0.8978356341574387,0.9978603297001128
2026-05-23 14:34:00+00:00,0.9711992926029281,0.8973447284942128,0.9978603297001128
2026-05-23 14:35:00+00:00,0.9711992926029281,0.8972004288229142,0.9978603297001128
2026-05-23 14:36:00+00:00,0.9711992926029281,0.8968109466109382,0.9978603297001128
2026-05-23 14:37:00+00:00,0.9711992926029281,0.8961831789483105,0.9978603297001128
2026-05-23 14:38:00+00:00,0.9711992926029281,0.8961831789483105,0.9978603297001128
2026-05-23 14:39:00+00:00,0.9711992926029281,0.8961831789483105,0.9978603297001128
2026-05-23 14:40:00+00:00,0.9711992926029281,0.8961831789483105,0.9978603297001128
2026-05-23 14:41:00+00:00,0.9711992926029281,0.8961831789483105,0.9978603297001128
2026-05-23 14:42:00+00:00,0.9711992926029281,0.8961831789483105,0.9978603297001128
2026-05-23 14:43:00+00:00,0.9711992926029281,0.8961831789483105,0.9978603297001128
2026-05-23 14:44:00+00:00,0.9711992926029281,0.8961831789483105,0.9978603297001128
2026-05-23 14:45:00+00:00,0.9711992926029281,0.8961831789483105,0.9978603297001128
2026-05-23 14:46:00+00:00,0.9711992926029281,0.8961831789483105,0.9978603297001128
2026-05-23 14:47:00+00:00,0.9711992926029281,0.8961831789483105,0.9978603297001128
2026-05-23 14:48:00+00:00,0.9711992926029281,0.8961831789483105,0.9978603297001128
2026-05-23 14:49:00+00:00,0.9711992926029281,0.8961831789483105,0.9978603297001128
2026-05-23 14:50:00+00:00,0.9711992926029281,0.8961831789483105,0.9978603297001128
2026-05-23 14:51:00+00:00,0.9711992926029281,0.8961831789483105,0.9978603297001128
2026-05-23 14:52:00+00:00,0.9711992926029281,0.8961831789483105,0.9978603297001128
2026-05-23 14:53:00+00:00,0.9711992926029281,0.8961831789483105,0.9978603297001128
2026-05-23 14:54:00+00:00,0.9711992926029281,0.8961831789483105,0.9978603297001128
2026-05-23 14:55:00+00:00,0.9711992926029281,0.8961831789483105,0.9978603297001128
2026-05-23 14:56:00+00:00,0.9711992926029281,0.8961831789483105,0.9978603297001128
2026-05-23 14:57:00+00:00,0.9711992926029281,0.8961831789483105,0.9978603297001128
2026-05-23 14:58:00+00:00,0.9711992926029281,0.8961831789483105,0.9978603297001128
2026-05-23 14:59:00+00:00,0.9711992926029281,0.8961831789483105,0.9978603297001128
2026-05-23 15:00:00+00:00,0.9711992926029281,0.8961831789483105,0.9978603297001128
2026-05-23 15:01:00+00:00,0.9711992926029281,0.8961831789483105,0.9978603297001128
2026-05-23 15:02:00+00:00,0.9711992926029281,0.8961831789483105,0.9978603297001128
2026-05-23 15:03:00+00:00,0.9711992926029281,0.8961831789483105,0.9978603297001128
2026-05-23 15:04:00+00:00,0.9711992926029281,0.8961831789483105,0.9978603297001128
2026-05-23 15:05:00+00:00,0.9711992926029281,0.8961831789483105,0.9978603297001128
2026-05-23 15:06:00+00:00,0.9711992926029281,0.8961831789483105,0.9978603297001128
2026-05-23 15:07:00+00:00,0.9711992926029281,0.8961831789483105,0.9978603297001128
2026-05-23 15:08:00+00:00,0.9711992926029281,0.8961831789483105,0.9978603297001128
2026-05-23 15:09:00+00:00,0.9711992926029281,0.8968423442062268,0.9978603297001128
2026-05-23 15:10:00+00:00,0.9711992926029281,0.8951311015223996,0.9978603297001128
2026-05-23 15:11:00+00:00,0.9711992926029281,0.8955875779987036,0.9978603297001128
2026-05-23 15:12:00+00:00,0.9711992926029281,0.8956128304543173,0.9978603297001128
2026-05-23 15:13:00+00:00,0.9711992926029281,0.8960107215602903,0.9978603297001128
2026-05-23 15:14:00+00:00,0.9711992926029281,0.8969439245258637,0.9978603297001128
2026-05-23 15:15:00+00:00,0.9711992926029281,0.8971765505016536,0.9978603297001128
2026-05-23 15:16:00+00:00,0.9711992926029281,0.894739471765858,0.9978603297001128
2026-05-23 15:17:00+00:00,0.9711992926029281,0.8941131541356219,0.9978603297001128
2026-05-23 15:18:00+00:00,0.9711992926029281,0.8941131541356219,0.9978603297001128
2026-05-23 15:19:00+00:00,0.9711992926029281,0.8941131541356219,0.9978603297001128
2026-05-23 15:20:00+00:00,0.9711992926029281,0.8941131541356219,0.9978603297001128
2026-05-23 15:21:00+00:00,0.9711992926029281,0.8941131541356219,0.9978603297001128
2026-05-23 15:22:00+00:00,0.9711992926029281,0.8941131541356219,0.9978603297001128
2026-05-23 15:23:00+00:00,0.9711992926029281,0.8941131541356219,0.9978603297001128
2026-05-23 15:24:00+00:00,0.9711992926029281,0.8941131541356219,0.9978603297001128
2026-05-23 15:25:00+00:00,0.9711992926029281,0.8941131541356219,0.9978603297001128
2026-05-23 15:26:00+00:00,0.9711992926029281,0.8941131541356219,0.9978603297001128
2026-05-23 15:27:00+00:00,0.9711992926029281,0.8941131541356219,0.9978603297001128
2026-05-23 15:28:00+00:00,0.9711992926029281,0.8941131541356219,0.9978603297001128
2026-05-23 15:29:00+00:00,0.9711992926029281,0.8941131541356219,0.9978603297001128
2026-05-23 15:30:00+00:00,0.9711992926029281,0.8941131541356219,0.9978603297001128
2026-05-23 15:31:00+00:00,0.9711992926029281,0.8941131541356219,0.9978603297001128
2026-05-23 15:32:00+00:00,0.9711992926029281,0.8941131541356219,0.9978603297001128
2026-05-23 15:33:00+00:00,0.9711992926029281,0.8941131541356219,0.9978603297001128
2026-05-23 15:34:00+00:00,0.9711992926029281,0.8941131541356219,0.9978603297001128
2026-05-23 15:35:00+00:00,0.9711992926029281,0.8941131541356219,0.9978603297001128
2026-05-23 15:36:00+00:00,0.9711992926029281,0.8941131541356219,0.9978603297001128
2026-05-23 15:37:00+00:00,0.9711992926029281,0.8941131541356219,0.9978603297001128
2026-05-23 15:38:00+00:00,0.9711992926029281,0.8928024413945144,0.9978603297001128
2026-05-23 15:39:00+00:00,0.9711992926029281,0.8912109427747394,0.9978603297001128
2026-05-23 15:40:00+00:00,0.9711992926029281,0.8905870951147971,0.9978603297001128
2026-05-23 15:41:00+00:00,0.9711992926029281,0.8905870951147971,0.9978603297001128
2026-05-23 15:42:00+00:00,0.9711992926029281,0.8905870951147971,0.9978603297001128
2026-05-23 15:43:00+00:00,0.9711992926029281,0.8905870951147971,0.9978603297001128
2026-05-23 15:44:00+00:00,0.9711992926029281,0.8905870951147971,0.9978603297001128
2026-05-23 15:45:00+00:00,0.9711992926029281,0.8905870951147971,0.9978603297001128
2026-05-23 15:46:00+00:00,0.9711992926029281,0.8905870951147971,0.9978603297001128
2026-05-23 15:47:00+00:00,0.9711992926029281,0.8905870951147971,0.9978603297001128
2026-05-23 15:48:00+00:00,0.9711992926029281,0.8905870951147971,0.9978603297001128
2026-05-23 15:49:00+00:00,0.9711992926029281,0.8905870951147971,0.9978603297001128
2026-05-23 15:50:00+00:00,0.9711992926029281,0.8905870951147971,0.9978603297001128
2026-05-23 15:51:00+00:00,0.9711992926029281,0.8905870951147971,0.9978603297001128
2026-05-23 15:52:00+00:00,0.9711992926029281,0.8905870951147971,0.9978603297001128
2026-05-23 15:53:00+00:00,0.9711992926029281,0.8905870951147971,0.9978603297001128
2026-05-23 15:54:00+00:00,0.9711992926029281,0.8905102536021356,0.9978603297001128
2026-05-23 15:55:00+00:00,0.9711992926029281,0.8900546988830265,0.9978603297001128
2026-05-23 15:56:00+00:00,0.9711992926029281,0.8905120899419533,0.9978603297001128
2026-05-23 15:57:00+00:00,0.9711992926029281,0.8895193905518594,0.9978603297001128
2026-05-23 15:58:00+00:00,0.9711992926029281,0.8909974684382161,0.9978603297001128
2026-05-23 15:59:00+00:00,0.9711992926029281,0.8903478316334399,0.9978603297001128
2026-05-23 16:00:00+00:00,0.9711992926029281,0.8908403569937048,0.9978603297001128
2026-05-23 16:01:00+00:00,0.9711992926029281,0.8918889353172448,0.9978603297001128
2026-05-23 16:02:00+00:00,0.9711992926029281,0.8922677808411091,0.9978603297001128
2026-05-23 16:03:00+00:00,0.9711992926029281,0.8923608852380517,0.9978603297001128
2026-05-23 16:04:00+00:00,0.9711992926029281,0.8923716069781255,0.9978603297001128
2026-05-23 16:05:00+00:00,0.9711992926029281,0.8923161155196542,0.9978603297001128
2026-05-23 16:06:00+00:00,0.9711992926029281,0.8917485359243301,0.9978603297001128
2026-05-23 16:07:00+00:00,0.9711992926029281,0.8913064288976219,0.9978603297001128
2026-05-23 16:08:00+00:00,0.9711992926029281,0.8927629297783043,0.9978603297001128
2026-05-23 16:09:00+00:00,0.9711992926029281,0.8926560971963994,0.9978603297001128
2026-05-23 16:10:00+00:00,0.9711992926029281,0.8918824899253138,0.9978603297001128
2026-05-23 16:11:00+00:00,0.9711992926029281,0.8913745950385671,0.9978603297001128
2026-05-23 16:12:00+00:00,0.9711992926029281,0.8924576719775417,0.9978603297001128
2026-05-23 16:13:00+00:00,0.9711992926029281,0.8931233453290821,0.9978603297001128
2026-05-23 16:14:00+00:00,0.9711992926029281,0.8936758272779795,0.9978603297001128
2026-05-23 16:15:00+00:00,0.9711992926029281,0.8934219942033018,0.9978603297001128
2026-05-23 16:16:00+00:00,0.9711992926029281,0.8939875180465907,0.9978603297001128
2026-05-23 16:17:00+00:00,0.9711992926029281,0.8933529602161057,0.9978603297001128
2026-05-23 16:18:00+00:00,0.9711992926029281,0.8930971563366215,0.9978603297001128
2026-05-23 16:19:00+00:00,0.9711992926029281,0.894053504946991,0.9978603297001128
2026-05-23 16:20:00+00:00,0.9711992926029281,0.8949165382606812,0.9978603297001128
2026-05-23 16:21:00+00:00,0.9711992926029281,0.8939474951769782,0.9978603297001128
2026-05-23 16:22:00+00:00,0.9711992926029281,0.8931040457708227,0.9978603297001128
2026-05-23 16:23:00+00:00,0.9711992926029281,0.893211265046736,0.9978603297001128
2026-05-23 16:24:00+00:00,0.9711992926029281,0.8949143094998491,0.9978603297001128
2026-05-23 16:25:00+00:00,0.9711992926029281,0.8930247427130736,0.9978603297001128
2026-05-23 16:26:00+00:00,0.9711992926029281,0.8932991474581753,0.9978603297001128
2026-05-23 16:27:00+00:00,0.9711992926029281,0.8919438504841617,0.9978603297001128
2026-05-23 16:28:00+00:00,0.9711992926029281,0.8913194897888228,0.9978603297001128
2026-05-23 16:29:00+00:00,0.9711992926029281,0.8913194897888228,0.9978603297001128
2026-05-23 16:30:00+00:00,0.9711992926029281,0.8913194897888228,0.9978603297001128
2026-05-23 16:31:00+00:00,0.9711992926029281,0.8913194897888228,0.9978603297001128
2026-05-23 16:32:00+00:00,0.9711992926029281,0.8913194897888228,0.9978603297001128
2026-05-23 16:33:00+00:00,0.9711992926029281,0.8913194897888228,0.9978603297001128
2026-05-23 16:34:00+00:00,0.9711992926029281,0.8921327190240866,0.9978603297001128
2026-05-23 16:35:00+00:00,0.9711992926029281,0.8913645643389891,0.9978603297001128
2026-05-23 16:36:00+00:00,0.9711992926029281,0.8906236481635654,0.9978603297001128
2026-05-23 16:37:00+00:00,0.9711992926029281,0.8897945224705195,0.9978603297001128
2026-05-23 16:38:00+00:00,0.9711992926029281,0.8913059468729417,0.9978603297001128
2026-05-23 16:39:00+00:00,0.9711992926029281,0.8910118175761742,0.9978603297001128
2026-05-23 16:40:00+00:00,0.9711992926029281,0.8903468564242519,0.9978603297001128
2026-05-23 16:41:00+00:00,0.9711992926029281,0.8913593259405632,0.9978603297001128
2026-05-23 16:42:00+00:00,0.9711992926029281,0.8913502183632758,0.9978603297001128
2026-05-23 16:43:00+00:00,0.9711992926029281,0.8914644840538838,0.9978603297001128
2026-05-23 16:44:00+00:00,0.9711992926029281,0.8896504170306843,0.9978603297001128
2026-05-23 16:45:00+00:00,0.9711992926029281,0.8890276617387628,0.9978603297001128
2026-05-23 16:46:00+00:00,0.9711992926029281,0.8890276617387628,0.9978603297001128
2026-05-23 16:47:00+00:00,0.9711992926029281,0.8890276617387628,0.9978603297001128
2026-05-23 16:48:00+00:00,0.9711992926029281,0.8890276617387628,0.9978603297001128
2026-05-23 16:49:00+00:00,0.9711992926029281,0.8890276617387628,0.9978603297001128
2026-05-23 16:50:00+00:00,0.9711992926029281,0.8890276617387628,0.9978603297001128
2026-05-23 16:51:00+00:00,0.9711992926029281,0.8890276617387628,0.9978603297001128
2026-05-23 16:52:00+00:00,0.9711992926029281,0.8890276617387628,0.9978603297001128
2026-05-23 16:53:00+00:00,0.9711992926029281,0.8890276617387628,0.9978603297001128
2026-05-23 16:54:00+00:00,0.9711992926029281,0.8890276617387628,0.9978603297001128
2026-05-23 16:55:00+00:00,0.9711992926029281,0.8890276617387628,0.9978603297001128
2026-05-23 16:56:00+00:00,0.9711992926029281,0.8890276617387628,0.9978603297001128
2026-05-23 16:57:00+00:00,0.9711992926029281,0.8884793984448233,0.9978603297001128
2026-05-23 16:58:00+00:00,0.9711992926029281,0.8883149120420466,0.9978603297001128
2026-05-23 16:59:00+00:00,0.9711992926029281,0.889390044830531,0.9978603297001128
2026-05-23 17:00:00+00:00,0.9711992926029281,0.8899599237085551,0.9978603297001128
2026-05-23 17:01:00+00:00,0.9711992926029281,0.8906789746472441,0.9978603297001128
2026-05-23 17:02:00+00:00,0.9711992926029281,0.8900261153671672,0.9978603297001128
2026-05-23 17:03:00+00:00,0.9711992926029281,0.8890002170727601,0.9978603297001128
2026-05-23 17:04:00+00:00,0.9711992926029281,0.8884435467757804,0.9978603297001128
2026-05-23 17:05:00+00:00,0.9711992926029281,0.8878352020132881,0.9978603297001128
2026-05-23 17:06:00+00:00,0.9711992926029281,0.8886058629468616,0.9978603297001128
2026-05-23 17:07:00+00:00,0.9711992926029281,0.8895634680826954,0.9978603297001128
2026-05-23 17:08:00+00:00,0.9711992926029281,0.8894112881851206,0.9978603297001128
2026-05-23 17:09:00+00:00,0.9711992926029281,0.8908168472605754,0.9978603297001128
2026-05-23 17:10:00+00:00,0.9711992926029281,0.8921631450951067,0.9978603297001128
2026-05-23 17:11:00+00:00,0.9711992926029281,0.892402883365002,0.9978603297001128
2026-05-23 17:12:00+00:00,0.9711992926029281,0.8915939822261504,0.9978603297001128
2026-05-23 17:13:00+00:00,0.9711992926029281,0.893145351436666,0.9978603297001128
2026-05-23 17:14:00+00:00,0.9711992926029281,0.8930853019679419,0.9978603297001128
2026-05-23 17:15:00+00:00,0.9711992926029281,0.8932097310004112,0.9978603297001128
2026-05-23 17:16:00+00:00,0.9711992926029281,0.8928751523297271,0.9978603297001128
2026-05-23 17:17:00+00:00,0.9711992926029281,0.891998988186079,0.9978603297001128
2026-05-23 17:18:00+00:00,0.9711992926029281,0.8905546645490101,0.9978603297001128
2026-05-23 17:19:00+00:00,0.9711992926029281,0.8911768890108163,0.9978603297001128
2026-05-23 17:20:00+00:00,0.9711992926029281,0.8904069170688701,0.9978603297001128
2026-05-23 17:21:00+00:00,0.9711992926029281,0.8897836322269218,0.9978603297001128
2026-05-23 17:22:00+00:00,0.9711992926029281,0.8897836322269218,0.9978603297001128
2026-05-23 17:23:00+00:00,0.9711992926029281,0.8897836322269218,0.9978603297001128
2026-05-23 17:24:00+00:00,0.9711992926029281,0.8897836322269218,0.9978603297001128
2026-05-23 17:25:00+00:00,0.9711992926029281,0.8897836322269218,0.9978603297001128
2026-05-23 17:26:00+00:00,0.9711992926029281,0.8897836322269218,0.9978603297001128
2026-05-23 17:27:00+00:00,0.9711992926029281,0.8897836322269218,0.9978603297001128
2026-05-23 17:28:00+00:00,0.9711992926029281,0.8897836322269218,0.9978603297001128
2026-05-23 17:29:00+00:00,0.9711992926029281,0.8897836322269218,0.9978603297001128
2026-05-23 17:30:00+00:00,0.9711992926029281,0.8897836322269218,0.9978603297001128
2026-05-23 17:31:00+00:00,0.9711992926029281,0.8897836322269218,0.9978603297001128
2026-05-23 17:32:00+00:00,0.9711992926029281,0.8897836322269218,0.9978603297001128
2026-05-23 17:33:00+00:00,0.9711992926029281,0.8897836322269218,0.9978603297001128
2026-05-23 17:34:00+00:00,0.9711992926029281,0.8904579554011468,0.9978603297001128
2026-05-23 17:35:00+00:00,0.9711992926029281,0.890985559692255,0.9978603297001128
2026-05-23 17:36:00+00:00,0.9711992926029281,0.8918024037610568,0.9978603297001128
2026-05-23 17:37:00+00:00,0.9711992926029281,0.8914121353896662,0.9978603297001128
2026-05-23 17:38:00+00:00,0.9711992926029281,0.8911114157454579,0.9978603297001128
2026-05-23 17:39:00+00:00,0.9711992926029281,0.8902320082744843,0.9978603297001128
2026-05-23 17:40:00+00:00,0.9711992926029281,0.8894925137088397,0.9978603297001128
2026-05-23 17:41:00+00:00,0.9711992926029281,0.8883719792626928,0.9978603297001128
2026-05-23 17:42:00+00:00,0.9711992926029281,0.8883737753501569,0.9978603297001128
2026-05-23 17:43:00+00:00,0.9711992926029281,0.8880761530538208,0.9978603297001128
2026-05-23 17:44:00+00:00,0.9711992926029281,0.8875746592508398,0.9978603297001128
2026-05-23 17:45:00+00:00,0.9711992926029281,0.8869533569893642,0.9978603297001128
2026-05-23 17:46:00+00:00,0.9711992926029281,0.8869533569893642,0.9978603297001128
2026-05-23 17:47:00+00:00,0.9711992926029281,0.8869533569893642,0.9978603297001128
2026-05-23 17:48:00+00:00,0.9711992926029281,0.8869533569893642,0.9978603297001128
2026-05-23 17:49:00+00:00,0.9711992926029281,0.8869533569893642,0.9978603297001128
2026-05-23 17:50:00+00:00,0.9711992926029281,0.8869533569893642,0.9978603297001128
2026-05-23 17:51:00+00:00,0.9711992926029281,0.8869533569893642,0.9978603297001128
2026-05-23 17:52:00+00:00,0.9711992926029281,0.8869533569893642,0.9978603297001128
2026-05-23 17:53:00+00:00,0.9711992926029281,0.8869533569893642,0.9978603297001128
2026-05-23 17:54:00+00:00,0.9711992926029281,0.8869533569893642,0.9978603297001128
2026-05-23 17:55:00+00:00,0.9711992926029281,0.8869533569893642,0.9978603297001128
2026-05-23 17:56:00+00:00,0.9711992926029281,0.8869533569893642,0.9978603297001128
2026-05-23 17:57:00+00:00,0.9711992926029281,0.8869533569893642,0.9978603297001128
2026-05-23 17:58:00+00:00,0.9711992926029281,0.8869533569893642,0.9978603297001128
2026-05-23 17:59:00+00:00,0.9711992926029281,0.8869533569893642,0.9978603297001128
2026-05-23 18:00:00+00:00,0.9711992926029281,0.8869533569893642,0.9978603297001128
2026-05-23 18:01:00+00:00,0.9711992926029281,0.8869533569893642,0.9978603297001128
2026-05-23 18:02:00+00:00,0.9711992926029281,0.8869533569893642,0.9978603297001128
2026-05-23 18:03:00+00:00,0.9711992926029281,0.8869533569893642,0.9978603297001128
2026-05-23 18:04:00+00:00,0.9711992926029281,0.8869533569893642,0.9978603297001128
2026-05-23 18:05:00+00:00,0.9711992926029281,0.8869533569893642,0.9978603297001128
2026-05-23 18:06:00+00:00,0.9711992926029281,0.8869533569893642,0.9978603297001128
2026-05-23 18:07:00+00:00,0.9711992926029281,0.8869533569893642,0.9978603297001128
2026-05-23 18:08:00+00:00,0.9711992926029281,0.8869533569893642,0.9978603297001128
2026-05-23 18:09:00+00:00,0.9711992926029281,0.8869533569893642,0.9978603297001128
2026-05-23 18:10:00+00:00,0.9711992926029281,0.8869533569893642,0.9978603297001128
2026-05-23 18:11:00+00:00,0.9711992926029281,0.8869533569893642,0.9978603297001128
2026-05-23 18:12:00+00:00,0.9711992926029281,0.8869533569893642,0.9978603297001128
2026-05-23 18:13:00+00:00,0.9711992926029281,0.8869533569893642,0.9978603297001128
2026-05-23 18:14:00+00:00,0.9711992926029281,0.8869533569893642,0.9978603297001128
2026-05-23 18:15:00+00:00,0.9711992926029281,0.8869533569893642,0.9978603297001128
2026-05-23 18:16:00+00:00,0.9711992926029281,0.8853350649403899,0.9978603297001128
2026-05-23 18:17:00+00:00,0.9711992926029281,0.8862267203053115,0.9978603297001128
2026-05-23 18:18:00+00:00,0.9711992926029281,0.8855210266175229,0.9978603297001128
2026-05-23 18:19:00+00:00,0.9711992926029281,0.8857403023625623,0.9978603297001128
2026-05-23 18:20:00+00:00,0.9711992926029281,0.8844970865884987,0.9978603297001128
2026-05-23 18:21:00+00:00,0.9711992926029281,0.883868392558306,0.9978603297001128
2026-05-23 18:22:00+00:00,0.9711992926029281,0.8832091614509786,0.9978603297001128
2026-05-23 18:23:00+00:00,0.9711992926029281,0.8825909150379629,0.9978603297001128
2026-05-23 18:24:00+00:00,0.9711992926029281,0.8825909150379629,0.9978603297001128
2026-05-23 18:25:00+00:00,0.9711992926029281,0.8825909150379629,0.9978603297001128
2026-05-23 18:26:00+00:00,0.9711992926029281,0.8825909150379629,0.9978603297001128
2026-05-23 18:27:00+00:00,0.9711992926029281,0.8825909150379629,0.9978603297001128
2026-05-23 18:28:00+00:00,0.9711992926029281,0.8825909150379629,0.9978603297001128
2026-05-23 18:29:00+00:00,0.9711992926029281,0.8825909150379629,0.9978603297001128
2026-05-23 18:30:00+00:00,0.9711992926029281,0.8825909150379629,0.9978603297001128
2026-05-23 18:31:00+00:00,0.9711992926029281,0.8825909150379629,0.9978603297001128
2026-05-23 18:32:00+00:00,0.9711992926029281,0.8825909150379629,0.9978603297001128
2026-05-23 18:33:00+00:00,0.9711992926029281,0.8825909150379629,0.9978603297001128
2026-05-23 18:34:00+00:00,0.9711992926029281,0.8825909150379629,0.9978603297001128
2026-05-23 18:35:00+00:00,0.9711992926029281,0.8825909150379629,0.9978603297001128
2026-05-23 18:36:00+00:00,0.9711992926029281,0.8825909150379629,0.9978603297001128
2026-05-23 18:37:00+00:00,0.9711992926029281,0.8825909150379629,0.9978603297001128
2026-05-23 18:38:00+00:00,0.9711992926029281,0.8825909150379629,0.9978603297001128
2026-05-23 18:39:00+00:00,0.9711992926029281,0.8825909150379629,0.9978603297001128
2026-05-23 18:40:00+00:00,0.9711992926029281,0.8825909150379629,0.9978603297001128
2026-05-23 18:41:00+00:00,0.9711992926029281,0.8825909150379629,0.9978603297001128
2026-05-23 18:42:00+00:00,0.9711992926029281,0.8825909150379629,0.9978603297001128
2026-05-23 18:43:00+00:00,0.9711992926029281,0.8825909150379629,0.9978603297001128
2026-05-23 18:44:00+00:00,0.9711992926029281,0.8825909150379629,0.9978603297001128
2026-05-23 18:45:00+00:00,0.9711992926029281,0.8825909150379629,0.9978603297001128
2026-05-23 18:46:00+00:00,0.9711992926029281,0.8825909150379629,0.9978603297001128
2026-05-23 18:47:00+00:00,0.9711992926029281,0.8825909150379629,0.9978603297001128
2026-05-23 18:48:00+00:00,0.9711992926029281,0.8808347532428633,0.9978603297001128
2026-05-23 18:49:00+00:00,0.9711992926029281,0.8815688524548322,0.9978603297001128
2026-05-23 18:50:00+00:00,0.9711992926029281,0.8812824296826013,0.9978603297001128
2026-05-23 18:51:00+00:00,0.9711992926029281,0.8788390729971437,0.9978603297001128
2026-05-23 18:52:00+00:00,0.9711992926029281,0.8782238856460457,0.9978603297001128
2026-05-23 18:53:00+00:00,0.9711992926029281,0.8782238856460457,0.9978603297001128
2026-05-23 18:54:00+00:00,0.9711992926029281,0.8782238856460457,0.9978603297001128
2026-05-23 18:55:00+00:00,0.9711992926029281,0.8782238856460457,0.9978603297001128
2026-05-23 18:56:00+00:00,0.9711992926029281,0.8782238856460457,0.9978603297001128
2026-05-23 18:57:00+00:00,0.9711992926029281,0.8782238856460457,0.9978603297001128
2026-05-23 18:58:00+00:00,0.9711992926029281,0.8782238856460457,0.9978603297001128
2026-05-23 18:59:00+00:00,0.9711992926029281,0.8782238856460457,0.9978603297001128
2026-05-23 19:00:00+00:00,0.9711992926029281,0.8782238856460457,0.9978603297001128
2026-05-23 19:01:00+00:00,0.9711992926029281,0.8782238856460457,0.9978603297001128
2026-05-23 19:02:00+00:00,0.9711992926029281,0.8782238856460457,0.9978603297001128
2026-05-23 19:03:00+00:00,0.9711992926029281,0.8782238856460457,0.9978603297001128
2026-05-23 19:04:00+00:00,0.9711992926029281,0.8782238856460457,0.9978603297001128
2026-05-23 19:05:00+00:00,0.9711992926029281,0.8782238856460457,0.9978603297001128
2026-05-23 19:06:00+00:00,0.9711992926029281,0.8782238856460457,0.9978603297001128
2026-05-23 19:07:00+00:00,0.9711992926029281,0.8782238856460457,0.9978603297001128
2026-05-23 19:08:00+00:00,0.9711992926029281,0.8782238856460457,0.9978603297001128
2026-05-23 19:09:00+00:00,0.9711992926029281,0.8782238856460457,0.9978603297001128
2026-05-23 19:10:00+00:00,0.9711992926029281,0.8782238856460457,0.9978603297001128
2026-05-23 19:11:00+00:00,0.9711992926029281,0.8782238856460457,0.9978603297001128
2026-05-23 19:12:00+00:00,0.9711992926029281,0.8782238856460457,0.9978603297001128
2026-05-23 19:13:00+00:00,0.9711992926029281,0.8782238856460457,0.9978603297001128
2026-05-23 19:14:00+00:00,0.9711992926029281,0.8782238856460457,0.9978603297001128
2026-05-23 19:15:00+00:00,0.9711992926029281,0.8782238856460457,0.9978603297001128
2026-05-23 19:16:00+00:00,0.9711992926029281,0.8782238856460457,0.9978603297001128
2026-05-23 19:17:00+00:00,0.9711992926029281,0.8782238856460457,0.9978603297001128
2026-05-23 19:18:00+00:00,0.9711992926029281,0.8782238856460457,0.9978603297001128
2026-05-23 19:19:00+00:00,0.9711992926029281,0.8782238856460457,0.9978603297001128
2026-05-23 19:20:00+00:00,0.9711992926029281,0.8782238856460457,0.9978603297001128
2026-05-23 19:21:00+00:00,0.9711992926029281,0.8782238856460457,0.9978603297001128
2026-05-23 19:22:00+00:00,0.9711992926029281,0.8782238856460457,0.9978603297001128
2026-05-23 19:23:00+00:00,0.9711992926029281,0.8782238856460457,0.9978603297001128
2026-05-23 19:24:00+00:00,0.9711992926029281,0.8782238856460457,0.9978603297001128
2026-05-23 19:25:00+00:00,0.9711992926029281,0.8782238856460457,0.9978603297001128
2026-05-23 19:26:00+00:00,0.9711992926029281,0.8782238856460457,0.9978603297001128
2026-05-23 19:27:00+00:00,0.9711992926029281,0.8782238856460457,0.9978603297001128
2026-05-23 19:28:00+00:00,0.9711992926029281,0.878230361182607,0.9978603297001128
2026-05-23 19:29:00+00:00,0.9711992926029281,0.8798089843110597,0.9978603297001128
2026-05-23 19:30:00+00:00,0.9711992926029281,0.8797517489210841,0.9978603297001128
2026-05-23 19:31:00+00:00,0.9711992926029281,0.8820752846922647,0.9978603297001128
2026-05-23 19:32:00+00:00,0.9711992926029281,0.8816030358368515,0.9978603297001128
2026-05-23 19:33:00+00:00,0.9711992926029281,0.8808578004892562,0.9978603297001128
2026-05-23 19:34:00+00:00,0.9711992926029281,0.8796824926997892,0.9978603297001128
2026-05-23 19:35:00+00:00,0.9711992926029281,0.8819482317050583,0.9978603297001128
2026-05-23 19:36:00+00:00,0.9711992926029281,0.882746168792524,0.9978603297001128
2026-05-23 19:37:00+00:00,0.9711992926029281,0.882746168792524,0.9978603297001128
