,vwap_pullback,ema_breakout,rsi_mean_reversion
2026-03-31 17:00:00+00:00,1.0,1.0,1.0
2026-03-31 17:05:00+00:00,1.0,1.0,1.0
2026-03-31 17:10:00+00:00,1.0,1.0,1.0
2026-03-31 17:15:00+00:00,1.0,1.0,1.0
2026-03-31 17:20:00+00:00,1.0,1.0,1.0
2026-03-31 17:25:00+00:00,1.0,1.0,1.0
2026-03-31 17:30:00+00:00,1.0,1.0,1.0
2026-03-31 17:35:00+00:00,1.0,1.0,1.0
2026-03-31 17:40:00+00:00,1.0,1.0,1.0
2026-03-31 17:45:00+00:00,1.0,1.0,1.0
2026-03-31 17:50:00+00:00,1.0,1.0,1.0
2026-03-31 17:55:00+00:00,1.0,1.0,1.0
2026-03-31 18:00:00+00:00,1.0,1.0,1.0
2026-03-31 18:05:00+00:00,1.0,1.0,1.0
2026-03-31 18:10:00+00:00,1.0,1.0,1.0
2026-03-31 18:15:00+00:00,1.0,1.0,1.0
2026-03-31 18:20:00+00:00,1.0,1.0,1.0
2026-03-31 18:25:00+00:00,1.0,1.0,1.0
2026-03-31 18:30:00+00:00,1.0,1.0,1.0
2026-03-31 18:35:00+00:00,1.0,1.0,1.0
2026-03-31 18:40:00+00:00,1.0,1.0,1.0
2026-03-31 18:45:00+00:00,1.0,0.9952619664508401,1.0
2026-03-31 18:50:00+00:00,1.0,0.9988922756485383,1.0
2026-03-31 18:55:00+00:00,1.0,0.997008532864781,1.0
2026-03-31 19:00:00+00:00,1.0,0.9940172693939943,1.0
2026-03-31 19:05:00+00:00,1.0,0.994727734190511,1.0
2026-03-31 19:10:00+00:00,1.0,0.9953533618797671,1.0
2026-03-31 19:15:00+00:00,1.0,0.9941687545757867,1.0
2026-03-31 19:20:00+00:00,1.0,0.996670256438151,1.0
2026-03-31 19:25:00+00:00,1.0,1.0031094502271924,1.0
2026-03-31 19:30:00+00:00,1.0,1.0034060070629391,1.0
2026-03-31 19:35:00+00:00,1.0,1.0076477576377436,1.0
2026-03-31 19:40:00+00:00,1.0,1.0101608619426998,1.0
2026-03-31 19:45:00+00:00,1.0,1.0112516236068538,1.0
2026-03-31 19:50:00+00:00,1.0,1.00721008552952,1.0
2026-03-31 19:55:00+00:00,1.0,1.0094953531076514,1.0
2026-04-01 13:30:00+00:00,1.0,1.0141500899128275,1.0
2026-04-01 13:35:00+00:00,1.0,1.013129672685178,1.0
2026-04-01 13:40:00+00:00,1.0,1.0096579540554524,1.0
2026-04-01 13:45:00+00:00,1.0,1.003020703905939,1.0
2026-04-01 13:50:00+00:00,1.0,1.0050978688300254,1.0
2026-04-01 13:55:00+00:00,1.0,1.0021393740252256,1.0
2026-04-01 14:00:00+00:00,1.0,1.001437876463408,1.0
2026-04-01 14:05:00+00:00,1.0,1.001437876463408,1.0
2026-04-01 14:10:00+00:00,1.0,1.001437876463408,1.0
2026-04-01 14:15:00+00:00,1.0,1.001437876463408,1.0
2026-04-01 14:20:00+00:00,1.0,1.001437876463408,1.0
2026-04-01 14:25:00+00:00,1.0,1.001437876463408,1.0
2026-04-01 14:30:00+00:00,1.0,1.001437876463408,1.0
2026-04-01 14:35:00+00:00,1.0,1.001437876463408,1.0
2026-04-01 14:40:00+00:00,1.0,1.001437876463408,1.0
2026-04-01 14:45:00+00:00,1.0,1.001437876463408,1.0
2026-04-01 14:50:00+00:00,1.0,1.001437876463408,1.0
2026-04-01 14:55:00+00:00,1.0,1.001437876463408,1.0
2026-04-01 15:00:00+00:00,1.0,1.001437876463408,1.0
2026-04-01 15:05:00+00:00,0.9984429548121331,1.001437876463408,1.0
2026-04-01 15:10:00+00:00,1.0001880925067546,1.001437876463408,1.0
2026-04-01 15:15:00+00:00,0.9959136723028872,1.001437876463408,1.0
2026-04-01 15:20:00+00:00,0.9952165327322752,1.001437876463408,1.0
2026-04-01 15:25:00+00:00,0.9952165327322752,1.001437876463408,1.0
2026-04-01 15:30:00+00:00,0.9952165327322752,1.001437876463408,1.0
2026-04-01 15:35:00+00:00,0.9952165327322752,1.001437876463408,1.0
2026-04-01 15:40:00+00:00,0.9952165327322752,1.001437876463408,1.0
2026-04-01 15:45:00+00:00,0.9952165327322752,1.001437876463408,1.0
2026-04-01 15:50:00+00:00,0.9952165327322752,1.001437876463408,1.0
2026-04-01 15:55:00+00:00,0.9952165327322752,1.001437876463408,1.0
2026-04-01 16:00:00+00:00,0.9952165327322752,1.001437876463408,1.0
2026-04-01 16:05:00+00:00,0.9952165327322752,1.001437876463408,1.0
2026-04-01 16:10:00+00:00,0.9952165327322752,1.001437876463408,1.0
2026-04-01 16:15:00+00:00,0.9952165327322752,1.001437876463408,1.0
2026-04-01 16:20:00+00:00,0.9952165327322752,1.001437876463408,1.0
2026-04-01 16:25:00+00:00,0.9952165327322752,1.001437876463408,1.0
2026-04-01 16:30:00+00:00,0.9952165327322752,1.0032022017819784,1.0
2026-04-01 16:35:00+00:00,0.9952165327322752,1.0001289926955266,1.0
2026-04-01 16:40:00+00:00,0.9952165327322752,0.9985160305327155,1.0
2026-04-01 16:45:00+00:00,0.9952165327322752,0.9952439478464808,1.0
2026-04-01 16:50:00+00:00,0.9952165327322752,0.9999420254080262,1.0
2026-04-01 16:55:00+00:00,0.9952165327322752,0.993598567801592,1.0
2026-04-01 17:00:00+00:00,0.9952165327322752,0.9877897163904464,1.0
2026-04-01 17:05:00+00:00,0.9952165327322752,0.9870982635889731,1.0
2026-04-01 17:10:00+00:00,0.9952165327322752,0.9870982635889731,1.0
2026-04-01 17:15:00+00:00,0.9947636499666825,0.9870982635889731,1.0
2026-04-01 17:20:00+00:00,0.9964287116632253,0.9870982635889731,1.0
2026-04-01 17:25:00+00:00,0.9965203346270883,0.9870982635889731,1.0
2026-04-01 17:30:00+00:00,0.9972718936741759,0.9870982635889731,1.0
2026-04-01 17:35:00+00:00,0.9989470950993333,0.9870982635889731,1.0
2026-04-01 17:40:00+00:00,1.0006227994322092,0.9870982635889731,1.0
2026-04-01 17:45:00+00:00,0.9989165436676402,0.9870982635889731,1.0
2026-04-01 17:50:00+00:00,0.9977341291182892,0.9870982635889731,1.0
2026-04-01 17:55:00+00:00,0.9979283614189552,0.9870982635889731,1.0
2026-04-01 18:00:00+00:00,1.0017625365001015,0.9870982635889731,1.0
2026-04-01 18:05:00+00:00,0.9953519750660043,0.9870982635889731,1.0
2026-04-01 18:10:00+00:00,0.9932476001723596,0.9870982635889731,1.0
2026-04-01 18:15:00+00:00,0.9925523268522389,0.9870982635889731,1.0
2026-04-01 18:20:00+00:00,0.9925523268522389,0.9870982635889731,1.0
2026-04-01 18:25:00+00:00,0.9925523268522389,0.9870982635889731,1.0
2026-04-01 18:30:00+00:00,0.9925523268522389,0.983962048831563,1.0
2026-04-01 18:35:00+00:00,0.9925523268522389,0.9852261972142793,1.0
2026-04-01 18:40:00+00:00,0.9925523268522389,0.9846046458202042,1.0
2026-04-01 18:45:00+00:00,0.9925523268522389,0.9870034734467017,1.0
2026-04-01 18:50:00+00:00,0.9925523268522389,0.9918361540419974,1.0
2026-04-01 18:55:00+00:00,0.9925523268522389,0.9940040900736524,1.0
2026-04-01 19:00:00+00:00,0.9925523268522389,1.0001754816269812,1.0
2026-04-01 19:05:00+00:00,0.9925523268522389,0.9897862210982984,1.0
2026-04-01 19:10:00+00:00,0.9925523268522389,0.9894895648165478,1.0
2026-04-01 19:15:00+00:00,0.9925523268522389,0.9883185633726218,1.0
2026-04-01 19:20:00+00:00,0.9925523268522389,0.9820254092719979,1.0
2026-04-01 19:25:00+00:00,0.9925523268522389,0.9813379914855075,1.0
2026-04-01 19:30:00+00:00,0.9925523268522389,0.9813379914855075,1.0
2026-04-01 19:35:00+00:00,0.9925523268522389,0.9813379914855075,1.0
2026-04-01 19:40:00+00:00,0.9925523268522389,0.9813379914855075,1.0
2026-04-01 19:45:00+00:00,0.9925523268522389,0.9813379914855075,1.0
2026-04-01 19:50:00+00:00,0.9918101174501298,0.9813379914855075,1.0
2026-04-01 19:55:00+00:00,0.998212132259581,0.9813379914855075,1.0
2026-04-02 13:30:00+00:00,0.9925055158234588,0.9750409051741667,1.0
2026-04-02 13:35:00+00:00,0.9918107619623824,0.9741946798480692,1.0
2026-04-02 13:40:00+00:00,0.9918107619623824,0.979080651854203,1.0
2026-04-02 13:45:00+00:00,0.9950980155586822,0.983011069281111,1.0
2026-04-02 13:50:00+00:00,0.9927704674209822,0.9807117926793392,1.0
2026-04-02 13:55:00+00:00,0.9914722879137583,0.979429381494147,1.0
2026-04-02 14:00:00+00:00,0.9881894862984403,0.9761864543898258,1.0
2026-04-02 14:05:00+00:00,0.9874977536580314,0.9770079417000829,1.0
2026-04-02 14:10:00+00:00,0.9874977536580314,0.9784919632834048,1.0
2026-04-02 14:15:00+00:00,0.9874977536580314,0.9794793909262284,1.0
2026-04-02 14:20:00+00:00,0.9874977536580314,0.9796322093132818,1.0
2026-04-02 14:25:00+00:00,0.9874977536580314,0.9797438446840987,1.0
2026-04-02 14:30:00+00:00,0.9874977536580314,0.976016388823402,1.0
2026-04-02 14:35:00+00:00,0.9874977536580314,0.9761517394329511,1.0
2026-04-02 14:40:00+00:00,0.9874977536580314,0.9775278615443067,1.0
2026-04-02 14:45:00+00:00,0.9874977536580314,0.9724562878998165,1.0
2026-04-02 14:50:00+00:00,0.9874977536580314,0.9717755684982866,1.0
2026-04-02 14:55:00+00:00,0.9874977536580314,0.9717755684982866,1.0
2026-04-02 15:00:00+00:00,0.9874977536580314,0.9729958642924306,1.0
2026-04-02 15:05:00+00:00,0.9874977536580314,0.9710319724416397,1.0
2026-04-02 15:10:00+00:00,0.9874977536580314,0.9722993178755839,1.0
2026-04-02 15:15:00+00:00,0.9874977536580314,0.9736337297494171,1.0
2026-04-02 15:20:00+00:00,0.9874977536580314,0.9710889226578872,1.0
2026-04-02 15:25:00+00:00,0.9874977536580314,0.9711228391640169,1.0
2026-04-02 15:30:00+00:00,0.9874977536580314,0.9707636736257574,1.0
2026-04-02 15:35:00+00:00,0.9874977536580314,0.9701189859344136,1.0
2026-04-02 15:40:00+00:00,0.9874977536580314,0.9708360990323285,1.0
2026-04-02 15:45:00+00:00,0.9874977536580314,0.9681562320771508,1.0
2026-04-02 15:50:00+00:00,0.9874977536580314,0.9703974654261388,1.0
2026-04-02 15:55:00+00:00,0.9874977536580314,0.9680077256590263,1.0
2026-04-02 16:00:00+00:00,0.9874977536580314,0.9693552096303,1.0
2026-04-02 16:05:00+00:00,0.9874977536580314,0.9633056156429773,1.0
2026-04-02 16:10:00+00:00,0.9874977536580314,0.9626313017120273,1.0
2026-04-02 16:15:00+00:00,0.9874977536580314,0.9626313017120273,1.0
2026-04-02 16:20:00+00:00,0.9874977536580314,0.9626313017120273,1.0
2026-04-02 16:25:00+00:00,0.983231370223406,0.9626313017120273,1.0
2026-04-02 16:30:00+00:00,0.9861104815578552,0.9626313017120273,1.0
2026-04-02 16:35:00+00:00,0.9898345644093672,0.9626313017120273,1.0
2026-04-02 16:40:00+00:00,0.9926216085994913,0.9646679086709076,1.0
2026-04-02 16:45:00+00:00,0.991869371202167,0.9639368553968157,1.0
2026-04-02 16:50:00+00:00,0.9894469285952722,0.961582632374444,1.0
2026-04-02 16:55:00+00:00,0.9953451657399075,0.9673147663939606,1.0
2026-04-02 17:00:00+00:00,1.0012143335305745,0.9730186496957254,1.0
2026-04-02 17:05:00+00:00,1.000511179633597,0.972335297657653,1.0
2026-04-02 17:10:00+00:00,1.0023268195994735,0.9740998065033273,1.0
2026-04-02 17:15:00+00:00,1.0026705336144037,0.9744338410207014,1.0
2026-04-02 17:20:00+00:00,0.998434439045262,0.9703170411711477,1.0
2026-04-02 17:25:00+00:00,0.9989690523778998,0.9708365989976905,1.0
2026-04-02 17:30:00+00:00,1.0012085204496934,0.9730130003198423,1.0
2026-04-02 17:35:00+00:00,1.0012600715681024,0.9730630996821313,1.0
2026-04-02 17:40:00+00:00,0.999658645061232,0.971506771726051,1.0
2026-04-02 17:45:00+00:00,1.0017507685788174,0.9735399779356538,1.0
2026-04-02 17:50:00+00:00,1.0019495607684539,0.9737331718417459,1.0
2026-04-02 17:55:00+00:00,0.995914037725899,0.9678676180992567,1.0
2026-04-02 18:00:00+00:00,0.9993710636748426,0.9712272890589628,1.0
2026-04-02 18:05:00+00:00,0.9962586273305798,0.9682025035484725,1.0
2026-04-02 18:10:00+00:00,0.9985900129543404,0.9704682338877019,1.0
2026-04-02 18:15:00+00:00,1.000691993864461,0.9725110198910141,1.0
2026-04-02 18:20:00+00:00,0.9996886214888199,0.9715359039728814,1.0
2026-04-02 18:25:00+00:00,1.0072153004303208,0.9788506204477518,1.0
2026-04-02 18:30:00+00:00,1.0085008048916184,0.9800999231926485,1.0
2026-04-02 18:35:00+00:00,1.0129445972508013,0.9844185717537544,1.0
2026-04-02 18:40:00+00:00,1.011264665864825,0.9827859497326531,1.0
2026-04-02 18:45:00+00:00,1.0088012100926644,0.9803918685367115,1.0
2026-04-02 18:50:00+00:00,1.0107358024963795,0.9822719799427644,1.0
2026-04-02 18:55:00+00:00,1.0094206290173537,0.9809938437037788,1.0
2026-04-02 19:00:00+00:00,1.0139809587321094,0.9854257477553037,1.0
2026-04-02 19:05:00+00:00,1.0132119619224942,0.9846784070388823,1.0
2026-04-02 19:10:00+00:00,1.0147446223342285,0.9861679054552793,1.0
2026-04-02 19:15:00+00:00,1.0112956793573131,0.9828160898390946,1.0
2026-04-02 19:20:00+00:00,1.0102386436093143,0.9817888217889348,1.0
2026-04-02 19:25:00+00:00,1.0058551464745507,0.9775287704491059,1.0
2026-04-02 19:30:00+00:00,1.0015044208636752,0.9768445003097915,1.0
2026-04-02 19:35:00+00:00,1.0005451600860589,0.9768445003097915,1.0
2026-04-02 19:40:00+00:00,0.9950796430221898,0.9768445003097915,1.0
2026-04-02 19:45:00+00:00,0.9939324529192397,0.9768445003097915,1.0
2026-04-02 19:50:00+00:00,0.9965721233573335,0.9768445003097915,1.0
2026-04-02 19:55:00+00:00,0.9965202770615533,0.9768445003097915,1.0
2026-04-03 13:30:00+00:00,1.0070086312519717,0.9768445003097915,1.0
2026-04-03 13:35:00+00:00,1.0074329853536275,0.9768445003097915,1.0
2026-04-03 13:40:00+00:00,1.0056652370610215,0.9768445003097915,1.0
2026-04-03 13:45:00+00:00,1.002426610945424,0.9768445003097915,1.0
2026-04-03 13:50:00+00:00,1.0017249123177623,0.9768445003097915,1.0
2026-04-03 13:55:00+00:00,1.0017249123177623,0.9768445003097915,1.0
2026-04-03 14:00:00+00:00,1.0017249123177623,0.9768445003097915,1.0
2026-04-03 14:05:00+00:00,1.0017249123177623,0.9768445003097915,1.0
2026-04-03 14:10:00+00:00,1.0017249123177623,0.9768445003097915,1.0
2026-04-03 14:15:00+00:00,1.0017249123177623,0.9768445003097915,1.0
2026-04-03 14:20:00+00:00,1.0017249123177623,0.9768445003097915,1.0
2026-04-03 14:25:00+00:00,1.0017249123177623,0.9768445003097915,1.0
2026-04-03 14:30:00+00:00,1.0017249123177623,0.9768445003097915,1.0
2026-04-03 14:35:00+00:00,1.0017249123177623,0.9768445003097915,1.0
2026-04-03 14:40:00+00:00,1.0017249123177623,0.9768445003097915,1.0
2026-04-03 14:45:00+00:00,1.0017249123177623,0.9781335484130989,1.0
2026-04-03 14:50:00+00:00,1.0017249123177623,0.9752898863661299,1.0
2026-04-03 14:55:00+00:00,1.0017249123177623,0.9701071224563566,1.0
2026-04-03 15:00:00+00:00,1.0017249123177623,0.968691313378461,1.0
2026-04-03 15:05:00+00:00,1.0017249123177623,0.9732020279352461,1.0
2026-04-03 15:10:00+00:00,1.0017249123177623,0.9745961008866723,1.0
2026-04-03 15:15:00+00:00,1.0017249123177623,0.9779051036163902,1.0
2026-04-03 15:20:00+00:00,1.0017249123177623,0.9768907897014873,1.0
2026-04-03 15:25:00+00:00,1.0017249123177623,0.9674304386726678,1.0
2026-04-03 15:30:00+00:00,1.0017249123177623,0.9667532373655968,1.0
2026-04-03 15:35:00+00:00,1.0017249123177623,0.9667532373655968,1.0
2026-04-03 15:40:00+00:00,1.0017249123177623,0.9667532373655968,1.0
2026-04-03 15:45:00+00:00,1.0017249123177623,0.9667532373655968,1.0
2026-04-03 15:50:00+00:00,1.0017249123177623,0.9667532373655968,1.0
2026-04-03 15:55:00+00:00,1.0017249123177623,0.9667532373655968,1.0
2026-04-03 16:00:00+00:00,1.0017249123177623,0.9667532373655968,1.0
2026-04-03 16:05:00+00:00,1.0017249123177623,0.9686607264634451,1.0
2026-04-03 16:10:00+00:00,1.0017249123177623,0.9751268603587945,1.0
2026-04-03 16:15:00+00:00,1.0017249123177623,0.9812777979124157,1.0
2026-04-03 16:20:00+00:00,1.0017249123177623,0.9859942353606977,1.0
2026-04-03 16:25:00+00:00,1.0017249123177623,0.9783476598099006,1.0
2026-04-03 16:30:00+00:00,1.0017249123177623,0.9821476003798701,1.0
2026-04-03 16:35:00+00:00,1.0017249123177623,0.9862824039837371,1.0
2026-04-03 16:40:00+00:00,1.0017249123177623,0.9889450994780874,1.0
2026-04-03 16:45:00+00:00,1.0017249123177623,0.9867783604477783,1.0
2026-04-03 16:50:00+00:00,1.0017249123177623,0.9835474925979915,1.0
2026-04-03 16:55:00+00:00,1.0017249123177623,0.9865560836788475,1.0
2026-04-03 17:00:00+00:00,1.0017249123177623,0.9894487962760611,1.0
2026-04-03 17:05:00+00:00,1.0017249123177623,0.987855589112338,1.0
2026-04-03 17:10:00+00:00,1.0017249123177623,0.9879610137410312,1.0
2026-04-03 17:15:00+00:00,1.0017249123177623,0.9928665778780736,1.0
2026-04-03 17:20:00+00:00,1.0017249123177623,0.9883650698587054,1.0
2026-04-03 17:25:00+00:00,1.0017249123177623,0.9868038373026983,1.0
2026-04-03 17:30:00+00:00,1.0017249123177623,0.9806268020887515,1.0
2026-04-03 17:35:00+00:00,1.0017249123177623,0.9777762736778882,1.0
2026-04-03 17:40:00+00:00,1.0017249123177623,0.9770918302863136,1.0
2026-04-03 17:45:00+00:00,1.0017249123177623,0.9770918302863136,1.0
2026-04-03 17:50:00+00:00,1.0017249123177623,0.9770918302863136,1.0
2026-04-03 17:55:00+00:00,1.0017249123177623,0.9770918302863136,1.0
2026-04-03 18:00:00+00:00,1.0017249123177623,0.9770918302863136,1.0
2026-04-03 18:05:00+00:00,1.0017249123177623,0.9770918302863136,1.0
2026-04-03 18:10:00+00:00,1.0017249123177623,0.9770918302863136,1.0
2026-04-03 18:15:00+00:00,1.0017249123177623,0.9770918302863136,1.0
2026-04-03 18:20:00+00:00,1.0017249123177623,0.9746335902991067,1.0
2026-04-03 18:25:00+00:00,1.0017249123177623,0.985480933275976,1.0
2026-04-03 18:30:00+00:00,1.0017249123177623,0.980033255399254,1.0
2026-04-03 18:35:00+00:00,1.0017249123177623,0.9831011463598327,1.0
2026-04-03 18:40:00+00:00,1.0017249123177623,0.9901717738724002,1.0
2026-04-03 18:45:00+00:00,1.0017249123177623,0.9896531525061777,1.0
2026-04-03 18:50:00+00:00,1.0017249123177623,0.9895856290662025,1.0
2026-04-03 18:55:00+00:00,1.0017249123177623,0.988969887979401,1.0
2026-04-03 19:00:00+00:00,1.0017249123177623,0.9912503449322703,1.0
2026-04-03 19:05:00+00:00,1.0017249123177623,0.9894669345088744,1.0
2026-04-03 19:10:00+00:00,1.0017249123177623,0.9875957752400593,1.0
2026-04-03 19:15:00+00:00,1.0017249123177623,0.984239621944759,1.0
2026-04-03 19:20:00+00:00,1.0017249123177623,0.9846221092946734,1.0
2026-04-03 19:25:00+00:00,1.0017249123177623,0.9862151673220196,1.0
2026-04-03 19:30:00+00:00,1.0017249123177623,0.9910132468494693,1.0
2026-04-03 19:35:00+00:00,1.0017249123177623,0.9905588252755029,1.0
2026-04-03 19:40:00+00:00,1.0017249123177623,0.9956866341417653,1.0
2026-04-03 19:45:00+00:00,1.0017249123177623,0.9917133403038636,1.0
2026-04-03 19:50:00+00:00,1.0017249123177623,0.9886299241596412,1.0
2026-04-03 19:55:00+00:00,1.0017249123177623,0.9896003639144015,1.0
2026-04-06 13:30:00+00:00,1.0017249123177623,0.9892513465063348,1.0
2026-04-06 13:35:00+00:00,1.0017249123177623,0.9893552233728626,1.0
2026-04-06 13:40:00+00:00,1.0017249123177623,0.9877238294857642,1.0
2026-04-06 13:45:00+00:00,1.0017249123177623,0.9914076242659405,1.0
2026-04-06 13:50:00+00:00,1.0017249123177623,0.9907324654037474,1.0
2026-04-06 13:55:00+00:00,1.0017249123177623,0.9827206402196341,1.0
2026-04-06 14:00:00+00:00,1.0037403363708661,0.9820327357714803,1.0
2026-04-06 14:05:00+00:00,1.0065041281523663,0.9820327357714803,1.0
2026-04-06 14:10:00+00:00,1.0046727663257005,0.9795584773984183,1.0
2026-04-06 14:15:00+00:00,1.0028304162360093,0.9777621814210796,1.0
2026-04-06 14:20:00+00:00,1.00575964334072,0.9806181852253217,1.0
2026-04-06 14:25:00+00:00,1.0087910927751538,0.9835738560584868,1.0
2026-04-06 14:30:00+00:00,1.0015033983951958,0.9764683356842415,1.0
2026-04-06 14:35:00+00:00,1.0011654464336854,0.9761388316706495,1.0
2026-04-06 14:40:00+00:00,0.9956235625363361,0.9707354809137062,1.0
2026-04-06 14:45:00+00:00,0.9949266260425607,0.9700559660770666,1.0
2026-04-06 14:50:00+00:00,0.9949266260425607,0.9700559660770666,1.0
2026-04-06 14:55:00+00:00,0.9949266260425607,0.9700559660770666,1.0
2026-04-06 15:00:00+00:00,0.9949266260425607,0.9700559660770666,1.0
2026-04-06 15:05:00+00:00,0.9949266260425607,0.9700559660770666,1.0
2026-04-06 15:10:00+00:00,0.9949266260425607,0.9700559660770666,1.0
2026-04-06 15:15:00+00:00,0.9949266260425607,0.9700559660770666,1.0
2026-04-06 15:20:00+00:00,0.9949266260425607,0.9700559660770666,1.0
2026-04-06 15:25:00+00:00,0.9949266260425607,0.9700559660770666,1.0
2026-04-06 15:30:00+00:00,0.9949266260425607,0.9700559660770666,1.0
2026-04-06 15:35:00+00:00,0.9949266260425607,0.9700559660770666,1.0
2026-04-06 15:40:00+00:00,0.9943259413748309,0.9700559660770666,1.0
2026-04-06 15:45:00+00:00,0.9849303390000913,0.9700559660770666,1.0
2026-04-06 15:50:00+00:00,0.9842408877627912,0.9700559660770666,1.0
2026-04-06 15:55:00+00:00,0.9842408877627912,0.9700559660770666,1.0
2026-04-06 16:00:00+00:00,0.9842408877627912,0.9700559660770666,1.0
2026-04-06 16:05:00+00:00,0.9842408877627912,0.9700559660770666,1.0
2026-04-06 16:10:00+00:00,0.9842408877627912,0.9700559660770666,1.0
2026-04-06 16:15:00+00:00,0.9842408877627912,0.9700559660770666,1.0
2026-04-06 16:20:00+00:00,0.9842408877627912,0.9700559660770666,1.0
2026-04-06 16:25:00+00:00,0.9842408877627912,0.9700559660770666,1.0
2026-04-06 16:30:00+00:00,0.9842408877627912,0.9700559660770666,1.0
2026-04-06 16:35:00+00:00,0.9842408877627912,0.9700559660770666,1.0
2026-04-06 16:40:00+00:00,0.9842408877627912,0.9700559660770666,1.0
2026-04-06 16:45:00+00:00,0.9842408877627912,0.9700559660770666,1.0
2026-04-06 16:50:00+00:00,0.9842408877627912,0.9700559660770666,1.0
2026-04-06 16:55:00+00:00,0.9842408877627912,0.9609035107272694,1.0
2026-04-06 17:00:00+00:00,0.9842408877627912,0.9602308782697603,1.0
2026-04-06 17:05:00+00:00,0.9842408877627912,0.9602308782697603,1.0
2026-04-06 17:10:00+00:00,0.9842408877627912,0.9602308782697603,1.0
2026-04-06 17:15:00+00:00,0.9842408877627912,0.9602308782697603,1.0
2026-04-06 17:20:00+00:00,0.9842408877627912,0.9602308782697603,1.0
2026-04-06 17:25:00+00:00,0.9842408877627912,0.9602308782697603,1.0
2026-04-06 17:30:00+00:00,0.9842408877627912,0.9602308782697603,1.0
2026-04-06 17:35:00+00:00,0.9842408877627912,0.9602308782697603,1.0
2026-04-06 17:40:00+00:00,0.9842408877627912,0.9602308782697603,1.0
2026-04-06 17:45:00+00:00,0.9842408877627912,0.9600035096044088,1.0
2026-04-06 17:50:00+00:00,0.9842408877627912,0.9611401705949414,1.0
2026-04-06 17:55:00+00:00,0.9842408877627912,0.9607576485241173,1.0
2026-04-06 18:00:00+00:00,0.9842408877627912,0.9647296416811021,1.0
2026-04-06 18:05:00+00:00,0.9842408877627912,0.9605223778578226,1.0
2026-04-06 18:10:00+00:00,0.9842408877627912,0.9686358335376878,1.0
2026-04-06 18:15:00+00:00,0.9842408877627912,0.9661683911303922,1.0
2026-04-06 18:20:00+00:00,0.9842408877627912,0.965702631798042,1.0
2026-04-06 18:25:00+00:00,0.9842408877627912,0.9676733998295104,1.0
2026-04-06 18:30:00+00:00,0.9842408877627912,0.9696213283488864,1.0
2026-04-06 18:35:00+00:00,0.9842408877627912,0.9727556709160512,1.0
2026-04-06 18:40:00+00:00,0.9842408877627912,0.9734034229776846,1.0
2026-04-06 18:45:00+00:00,0.9842408877627912,0.9741247025138442,1.0
2026-04-06 18:50:00+00:00,0.9842408877627912,0.9702521469551081,1.0
2026-04-06 18:55:00+00:00,0.9842408877627912,0.9724832795410443,1.0
2026-04-06 19:00:00+00:00,0.9842408877627912,0.9716408493188864,1.0
2026-04-06 19:05:00+00:00,0.9842408877627912,0.9695363426072932,1.0
2026-04-06 19:10:00+00:00,0.9842408877627912,0.9733346693711888,1.0
2026-04-06 19:15:00+00:00,0.9842408877627912,0.9796914648582234,1.0
2026-04-06 19:20:00+00:00,0.9842408877627912,0.9800786418814015,1.0
2026-04-06 19:25:00+00:00,0.9842408877627912,0.9809040647624948,1.0
2026-04-06 19:30:00+00:00,0.9842408877627912,0.9675466793804396,1.0
2026-04-06 19:35:00+00:00,0.9842408877627912,0.9668693967048733,1.0
2026-04-06 19:40:00+00:00,0.9842408877627912,0.9668693967048733,1.0
2026-04-06 19:45:00+00:00,0.9842408877627912,0.9668693967048733,1.0
2026-04-06 19:50:00+00:00,0.9842408877627912,0.9668693967048733,1.0
2026-04-06 19:55:00+00:00,0.9842408877627912,0.9668693967048733,1.0
2026-04-07 13:30:00+00:00,0.9842408877627912,0.9668693967048733,1.0
2026-04-07 13:35:00+00:00,0.9842408877627912,0.9668693967048733,1.0
2026-04-07 13:40:00+00:00,0.9842408877627912,0.9668693967048733,1.0
2026-04-07 13:45:00+00:00,0.9842408877627912,0.9668693967048733,1.0
2026-04-07 13:50:00+00:00,0.9842408877627912,0.9668693967048733,1.0
2026-04-07 13:55:00+00:00,0.9842408877627912,0.9668693967048733,1.0
2026-04-07 14:00:00+00:00,0.9842408877627912,0.9668693967048733,1.0
2026-04-07 14:05:00+00:00,0.9842408877627912,0.9668693967048733,1.0
2026-04-07 14:10:00+00:00,0.9842408877627912,0.9668693967048733,1.0
2026-04-07 14:15:00+00:00,0.9842408877627912,0.9668693967048733,1.0
2026-04-07 14:20:00+00:00,0.9842408877627912,0.9668693967048733,1.0
2026-04-07 14:25:00+00:00,0.9842408877627912,0.9668693967048733,1.0
2026-04-07 14:30:00+00:00,0.9842408877627912,0.9634945695287743,1.0
2026-04-07 14:35:00+00:00,0.9842408877627912,0.9754012775498231,1.0
2026-04-07 14:40:00+00:00,0.9842408877627912,0.975383129493988,1.0
2026-04-07 14:45:00+00:00,0.9842408877627912,0.9694274357272693,1.0
2026-04-07 14:50:00+00:00,0.9842408877627912,0.9703891127620493,1.0
2026-04-07 14:55:00+00:00,0.9842408877627912,0.9695260881105564,1.0
2026-04-07 15:00:00+00:00,0.9842408877627912,0.9747059182096023,1.0
2026-04-07 15:05:00+00:00,0.9842408877627912,0.9746838132677175,1.0
2026-04-07 15:10:00+00:00,0.9842408877627912,0.9697165992428624,1.0
2026-04-07 15:15:00+00:00,0.9842408877627912,0.9762628939941461,1.0
2026-04-07 15:20:00+00:00,0.9842408877627912,0.9796927176268144,1.0
2026-04-07 15:25:00+00:00,0.9842408877627912,0.9850022208671618,1.0
2026-04-07 15:30:00+00:00,0.9842408877627912,0.9840305102284614,1.0
2026-04-07 15:35:00+00:00,0.9842408877627912,0.9835070983044483,1.0
2026-04-07 15:40:00+00:00,0.9842408877627912,0.9747746840690387,1.0
2026-04-07 15:45:00+00:00,0.9842408877627912,0.9749972945500932,1.0
2026-04-07 15:50:00+00:00,0.9842408877627912,0.9721910350360943,1.0
2026-04-07 15:55:00+00:00,0.9842408877627912,0.9743880274844653,1.0
2026-04-07 16:00:00+00:00,0.9842408877627912,0.9752932566274272,1.0
2026-04-07 16:05:00+00:00,0.9842408877627912,0.9774218627202957,1.0
2026-04-07 16:10:00+00:00,0.9842408877627912,0.9760477708940788,1.0
2026-04-07 16:15:00+00:00,0.9842408877627912,0.9804150908486812,1.0
2026-04-07 16:20:00+00:00,0.9842408877627912,0.9805360545555828,1.0
2026-04-07 16:25:00+00:00,0.9842408877627912,0.9791504076535104,1.0
2026-04-07 16:30:00+00:00,0.9842408877627912,0.9758778297616124,1.0
2026-04-07 16:35:00+00:00,0.9842408877627912,0.971762232952596,1.0
2026-04-07 16:40:00+00:00,0.9842408877627912,0.9710819993895291,1.0
2026-04-07 16:45:00+00:00,0.9842408877627912,0.9710819993895291,1.0
2026-04-07 16:50:00+00:00,0.9842408877627912,0.9710819993895291,1.0
2026-04-07 16:55:00+00:00,0.9842408877627912,0.9710819993895291,1.0
2026-04-07 17:00:00+00:00,0.9842408877627912,0.9710819993895291,1.0
2026-04-07 17:05:00+00:00,0.9842408877627912,0.9710819993895291,1.0
2026-04-07 17:10:00+00:00,0.9842408877627912,0.9710819993895291,1.0
2026-04-07 17:15:00+00:00,0.9842408877627912,0.9710819993895291,1.0
2026-04-07 17:20:00+00:00,0.9842408877627912,0.9710819993895291,1.0
2026-04-07 17:25:00+00:00,0.9842408877627912,0.9710819993895291,1.0
2026-04-07 17:30:00+00:00,0.9842408877627912,0.9710819993895291,1.0
2026-04-07 17:35:00+00:00,0.9842408877627912,0.9710819993895291,1.0
2026-04-07 17:40:00+00:00,0.9842408877627912,0.9710819993895291,1.0
2026-04-07 17:45:00+00:00,0.9842408877627912,0.9710819993895291,1.0
2026-04-07 17:50:00+00:00,0.9842408877627912,0.9710819993895291,1.0
2026-04-07 17:55:00+00:00,0.9842408877627912,0.9710819993895291,1.0
2026-04-07 18:00:00+00:00,0.9842408877627912,0.9723988581188522,1.0
2026-04-07 18:05:00+00:00,0.9842408877627912,0.977041633464616,1.0
2026-04-07 18:10:00+00:00,0.9842408877627912,0.9784038238251195,1.0
2026-04-07 18:15:00+00:00,0.9842408877627912,0.9768190453494427,1.0
2026-04-07 18:20:00+00:00,0.9842408877627912,0.9719080012391212,1.0
2026-04-07 18:25:00+00:00,0.9842408877627912,0.9680342571470855,1.0
2026-04-07 18:30:00+00:00,0.9842408877627912,0.9673566331670824,1.0
2026-04-07 18:35:00+00:00,0.9842408877627912,0.9673566331670824,1.0
2026-04-07 18:40:00+00:00,0.9842408877627912,0.9673566331670824,1.0
2026-04-07 18:45:00+00:00,0.9842408877627912,0.9673566331670824,1.0
2026-04-07 18:50:00+00:00,0.9842408877627912,0.9673566331670824,1.0
2026-04-07 18:55:00+00:00,0.9842408877627912,0.9673566331670824,1.0
2026-04-07 19:00:00+00:00,0.9842408877627912,0.9673566331670824,1.0
2026-04-07 19:05:00+00:00,0.9842408877627912,0.9673566331670824,1.0
2026-04-07 19:10:00+00:00,0.9842408877627912,0.9673566331670824,1.0
2026-04-07 19:15:00+00:00,0.9842408877627912,0.9673566331670824,1.0
2026-04-07 19:20:00+00:00,0.9842408877627912,0.9673566331670824,1.0
2026-04-07 19:25:00+00:00,0.9842408877627912,0.9673566331670824,1.0
2026-04-07 19:30:00+00:00,0.9842408877627912,0.9673566331670824,1.0
2026-04-07 19:35:00+00:00,0.9842408877627912,0.9625401648641358,1.0
2026-04-07 19:40:00+00:00,0.9842408877627912,0.966168797111842,1.0
2026-04-07 19:45:00+00:00,0.9842408877627912,0.9655320625598345,1.0
2026-04-07 19:50:00+00:00,0.9842408877627912,0.9586434492714346,1.0
2026-04-07 19:55:00+00:00,0.9842408877627912,0.9598980491125435,1.0
2026-04-08 13:30:00+00:00,0.9842408877627912,0.9649742732614945,1.0
2026-04-08 13:35:00+00:00,0.9842408877627912,0.9634104541720343,1.0
2026-04-08 13:40:00+00:00,0.9842408877627912,0.9659283378371919,1.0
2026-04-08 13:45:00+00:00,0.9842408877627912,0.9635197359175431,1.0
2026-04-08 13:50:00+00:00,0.9842408877627912,0.9624598811899862,1.0
2026-04-08 13:55:00+00:00,0.9842408877627912,0.9611908203983532,1.0
2026-04-08 14:00:00+00:00,0.9842408877627912,0.9542156341410708,1.0
2026-04-08 14:05:00+00:00,0.9842408877627912,0.953547683197172,1.0
2026-04-08 14:10:00+00:00,0.9842408877627912,0.953547683197172,1.0
2026-04-08 14:15:00+00:00,0.9842408877627912,0.953547683197172,1.0
2026-04-08 14:20:00+00:00,0.9842408877627912,0.953547683197172,1.0
2026-04-08 14:25:00+00:00,0.9842408877627912,0.953547683197172,1.0
2026-04-08 14:30:00+00:00,0.9842408877627912,0.953547683197172,1.0
2026-04-08 14:35:00+00:00,0.9842408877627912,0.953547683197172,1.0
2026-04-08 14:40:00+00:00,0.9842408877627912,0.953547683197172,1.0
2026-04-08 14:45:00+00:00,0.9842408877627912,0.953547683197172,1.0
2026-04-08 14:50:00+00:00,0.9842408877627912,0.9517004096001186,1.0
2026-04-08 14:55:00+00:00,0.9842408877627912,0.9575291479827807,1.0
2026-04-08 15:00:00+00:00,0.9842408877627912,0.954853535189736,1.0
2026-04-08 15:05:00+00:00,0.9842408877627912,0.958923433255908,1.0
2026-04-08 15:10:00+00:00,0.9842408877627912,0.9587132386261354,1.0
2026-04-08 15:15:00+00:00,0.9842408877627912,0.9609579970135297,1.0
2026-04-08 15:20:00+00:00,0.9842408877627912,0.9680279044439343,1.0
2026-04-08 15:25:00+00:00,0.9842408877627912,0.9663895879615244,1.0
2026-04-08 15:30:00+00:00,0.9842408877627912,0.9707355408733429,1.0
2026-04-08 15:35:00+00:00,0.9842408877627912,0.968074157547999,1.0
2026-04-08 15:40:00+00:00,0.9842408877627912,0.9640088603159267,1.0
2026-04-08 15:45:00+00:00,0.9842408877627912,0.9655586504647535,1.0
2026-04-08 15:50:00+00:00,0.9842408877627912,0.9642886229124534,1.0
2026-04-08 15:55:00+00:00,0.9842408877627912,0.9600982967304403,1.0
2026-04-08 16:00:00+00:00,0.9842408877627912,0.9603417735847943,1.0
2026-04-08 16:05:00+00:00,0.9842408877627912,0.9595225659604361,1.0
2026-04-08 16:10:00+00:00,0.9842408877627912,0.9606133476471393,1.0
2026-04-08 16:15:00+00:00,0.9842408877627912,0.9618581362958184,1.0
2026-04-08 16:20:00+00:00,0.9842408877627912,0.9613294821906778,1.0
2026-04-08 16:25:00+00:00,0.9842408877627912,0.9556710466694647,1.0
2026-04-08 16:30:00+00:00,0.9842408877627912,0.9550020769367961,1.0
2026-04-08 16:35:00+00:00,0.9842408877627912,0.9550020769367961,1.0
2026-04-08 16:40:00+00:00,0.9842408877627912,0.9550020769367961,1.0
2026-04-08 16:45:00+00:00,0.9842408877627912,0.9550020769367961,1.0
2026-04-08 16:50:00+00:00,0.9842408877627912,0.9550020769367961,1.0
2026-04-08 16:55:00+00:00,0.9842408877627912,0.9550020769367961,1.0
2026-04-08 17:00:00+00:00,0.9842408877627912,0.9496332315577598,1.0
2026-04-08 17:05:00+00:00,0.9842408877627912,0.9509799649425648,1.0
2026-04-08 17:10:00+00:00,0.9842408877627912,0.9572451241404574,1.0
2026-04-08 17:15:00+00:00,0.9842408877627912,0.9596820695601785,1.0
2026-04-08 17:20:00+00:00,0.9842408877627912,0.9598615346378031,1.0
2026-04-08 17:25:00+00:00,0.9842408877627912,0.9634034983334703,1.0
2026-04-08 17:30:00+00:00,0.9842408877627912,0.9681871084629157,1.0
2026-04-08 17:35:00+00:00,0.9842408877627912,0.9722954742237946,1.0
2026-04-08 17:40:00+00:00,0.9842408877627912,0.9726345380828594,1.0
2026-04-08 17:45:00+00:00,0.9842408877627912,0.9710083875811082,1.0
2026-04-08 17:50:00+00:00,0.9842408877627912,0.9730365960043197,1.0
2026-04-08 17:55:00+00:00,0.9842408877627912,0.9647481678134411,1.0
2026-04-08 18:00:00+00:00,0.9842408877627912,0.9609431730075864,1.0
2026-04-08 18:05:00+00:00,0.9842408877627912,0.963881200154651,1.0
2026-04-08 18:10:00+00:00,0.9842408877627912,0.9652885347382234,1.0
2026-04-08 18:15:00+00:00,0.9842408877627912,0.9697615197275152,1.0
2026-04-08 18:20:00+00:00,0.9842408877627912,0.9672915328749542,1.0
2026-04-08 18:25:00+00:00,0.9842408877627912,0.9686331738153624,1.0
2026-04-08 18:30:00+00:00,0.9842408877627912,0.9709508637532981,1.0
2026-04-08 18:35:00+00:00,0.9842408877627912,0.9710948589101206,1.0
2026-04-08 18:40:00+00:00,0.9842408877627912,0.9654624350144363,1.0
2026-04-08 18:45:00+00:00,0.9842408877627912,0.9612605420956359,1.0
2026-04-08 18:50:00+00:00,0.9842408877627912,0.960587659716169,1.0
2026-04-08 18:55:00+00:00,0.9842408877627912,0.960587659716169,1.0
2026-04-08 19:00:00+00:00,0.9842408877627912,0.9593199242198306,1.0
2026-04-08 19:05:00+00:00,0.9842408877627912,0.9578808511048663,1.0
2026-04-08 19:10:00+00:00,0.9842408877627912,0.9629194992420573,1.0
2026-04-08 19:15:00+00:00,0.9842408877627912,0.9644970636763341,1.0
2026-04-08 19:20:00+00:00,0.9842408877627912,0.9733723732041734,1.0
2026-04-08 19:25:00+00:00,0.9842408877627912,0.9693948274861286,1.0
2026-04-08 19:30:00+00:00,0.9842408877627912,0.9691119812976468,1.0
2026-04-08 19:35:00+00:00,0.9842408877627912,0.9717641269460728,1.0
2026-04-08 19:40:00+00:00,0.9842408877627912,0.9748781932313122,1.0
2026-04-08 19:45:00+00:00,0.9842408877627912,0.9731978197720187,1.0
2026-04-08 19:50:00+00:00,0.9842408877627912,0.9702389378128645,1.0
2026-04-08 19:55:00+00:00,0.9842408877627912,0.9642357062405612,1.0
2026-04-09 13:30:00+00:00,0.9842408877627912,0.9684035053481049,1.0
2026-04-09 13:35:00+00:00,0.9842408877627912,0.9682581026814581,1.0
2026-04-09 13:40:00+00:00,0.9842408877627912,0.9686430651528861,1.0
2026-04-09 13:45:00+00:00,0.9842408877627912,0.9732456339653218,1.0
2026-04-09 13:50:00+00:00,0.9842408877627912,0.9742408267111057,1.0
2026-04-09 13:55:00+00:00,0.9842408877627912,0.9724541441746282,1.0
2026-04-09 14:00:00+00:00,0.9842408877627912,0.9732000945803847,1.0
2026-04-09 14:05:00+00:00,0.9842408877627912,0.9743068819027872,1.0
2026-04-09 14:10:00+00:00,0.9842408877627912,0.9774328413474649,1.0
2026-04-09 14:15:00+00:00,0.9842408877627912,0.9791672638839892,1.0
2026-04-09 14:20:00+00:00,0.9842408877627912,0.9814255662213082,1.0
2026-04-09 14:25:00+00:00,0.9842408877627912,0.982272399066699,1.0
2026-04-09 14:30:00+00:00,0.9842408877627912,0.9788097221839327,1.0
2026-04-09 14:35:00+00:00,0.9842408877627912,0.9814510495455945,1.0
2026-04-09 14:40:00+00:00,0.9842408877627912,0.9749339824344163,1.0
2026-04-09 14:45:00+00:00,0.9842408877627912,0.9798503968888053,1.0
2026-04-09 14:50:00+00:00,0.9842408877627912,0.9820043688952114,1.0
2026-04-09 14:55:00+00:00,0.9842408877627912,0.9846284283617247,1.0
2026-04-09 15:00:00+00:00,0.9842408877627912,0.9855000557314916,1.0
2026-04-09 15:05:00+00:00,0.9842408877627912,0.9814067725735504,1.0
2026-04-09 15:10:00+00:00,0.9842408877627912,0.9860965596381225,1.0
2026-04-09 15:15:00+00:00,0.9842408877627912,0.9874461937698774,1.0
2026-04-09 15:20:00+00:00,0.9842408877627912,0.9844716216459444,1.0
2026-04-09 15:25:00+00:00,0.9842408877627912,0.9835736272238647,1.0
2026-04-09 15:30:00+00:00,0.9842408877627912,0.9869417518140959,1.0
2026-04-09 15:35:00+00:00,0.9842408877627912,0.9850433641976017,1.0
2026-04-09 15:40:00+00:00,0.9842408877627912,0.9829354386290236,1.0
2026-04-09 15:45:00+00:00,0.9842408877627912,0.9815889836676487,1.0
2026-04-09 15:50:00+00:00,0.9842408877627912,0.9795074423906037,1.0
2026-04-09 15:55:00+00:00,0.9842408877627912,0.9788217871809303,1.0
2026-04-09 16:00:00+00:00,0.9842408877627912,0.9788217871809303,1.0
2026-04-09 16:05:00+00:00,0.9842408877627912,0.9869914948293695,1.0
2026-04-09 16:10:00+00:00,0.9842408877627912,0.994032059666431,1.0
2026-04-09 16:15:00+00:00,0.9842408877627912,0.9918740937519351,1.0
2026-04-09 16:20:00+00:00,0.9842408877627912,0.9882812004418231,1.0
2026-04-09 16:25:00+00:00,0.9842408877627912,0.9877849879632263,1.0
2026-04-09 16:30:00+00:00,0.9842408877627912,0.9843480486895849,1.0
2026-04-09 16:35:00+00:00,0.9842408877627912,0.981804569917339,1.0
2026-04-09 16:40:00+00:00,0.9842408877627912,0.9783407825985908,1.0
2026-04-09 16:45:00+00:00,0.9842408877627912,0.973849388728183,1.0
2026-04-09 16:50:00+00:00,0.9842408877627912,0.9731676941560733,1.0
2026-04-09 16:55:00+00:00,0.9842408877627912,0.9731676941560733,1.0
2026-04-09 17:00:00+00:00,0.9842408877627912,0.9731676941560733,1.0
2026-04-09 17:05:00+00:00,0.9842408877627912,0.9731676941560733,1.0
2026-04-09 17:10:00+00:00,0.9842408877627912,0.9731676941560733,1.0
2026-04-09 17:15:00+00:00,0.9842408877627912,0.9731676941560733,1.0
2026-04-09 17:20:00+00:00,0.9842408877627912,0.9731676941560733,1.0
2026-04-09 17:25:00+00:00,0.9842408877627912,0.9731676941560733,1.0
2026-04-09 17:30:00+00:00,0.9842408877627912,0.9731676941560733,1.0
2026-04-09 17:35:00+00:00,0.9842408877627912,0.9731676941560733,1.0
2026-04-09 17:40:00+00:00,0.9842408877627912,0.9731676941560733,1.0
2026-04-09 17:45:00+00:00,0.9842408877627912,0.9731676941560733,1.0
2026-04-09 17:50:00+00:00,0.9842408877627912,0.9731676941560733,1.0
2026-04-09 17:55:00+00:00,0.9842408877627912,0.9731676941560733,1.0
2026-04-09 18:00:00+00:00,0.9842408877627912,0.9731676941560733,1.0
2026-04-09 18:05:00+00:00,0.9842408877627912,0.9731676941560733,1.0
2026-04-09 18:10:00+00:00,0.9842408877627912,0.9731676941560733,1.0
2026-04-09 18:15:00+00:00,0.9842408877627912,0.9731676941560733,1.0
2026-04-09 18:20:00+00:00,0.9842408877627912,0.9731676941560733,1.0
2026-04-09 18:25:00+00:00,0.9842408877627912,0.9731676941560733,1.0
2026-04-09 18:30:00+00:00,0.9842408877627912,0.9731676941560733,1.0
2026-04-09 18:35:00+00:00,0.9842408877627912,0.9731676941560733,1.0
2026-04-09 18:40:00+00:00,0.9842408877627912,0.9731676941560733,1.0
2026-04-09 18:45:00+00:00,0.9842408877627912,0.9731676941560733,1.0
2026-04-09 18:50:00+00:00,0.9842408877627912,0.9731676941560733,1.0
2026-04-09 18:55:00+00:00,0.9842408877627912,0.9731676941560733,1.0
2026-04-09 19:00:00+00:00,0.9842408877627912,0.9731676941560733,1.0
2026-04-09 19:05:00+00:00,0.9842408877627912,0.9731676941560733,1.0
2026-04-09 19:10:00+00:00,0.9842408877627912,0.9765392948170899,1.0
2026-04-09 19:15:00+00:00,0.9842408877627912,0.9813421740928159,1.0
2026-04-09 19:20:00+00:00,0.9842408877627912,0.9799971248893905,1.0
2026-04-09 19:25:00+00:00,0.9842408877627912,0.9857251953874051,1.0
2026-04-09 19:30:00+00:00,0.9842408877627912,0.9832657750483365,1.0
2026-04-09 19:35:00+00:00,0.9842408877627912,0.98607275129767,1.0
2026-04-09 19:40:00+00:00,0.9842408877627912,0.9855713125825905,1.0
2026-04-09 19:45:00+00:00,0.9842408877627912,0.9904228969704124,1.0
2026-04-09 19:50:00+00:00,0.9842408877627912,0.9954947058519947,1.0
2026-04-09 19:55:00+00:00,0.9842408877627912,0.9988074884787986,1.0
2026-04-10 13:30:00+00:00,0.9842408877627912,1.0051256468167287,1.0
2026-04-10 13:35:00+00:00,0.9842408877627912,1.0031853583645325,1.0
2026-04-10 13:40:00+00:00,0.9842408877627912,0.9981634976649123,1.0
2026-04-10 13:45:00+00:00,0.9842408877627912,0.9984819864313016,1.0
2026-04-10 13:50:00+00:00,0.9842408877627912,0.9997957431895768,1.0
2026-04-10 13:55:00+00:00,0.9842408877627912,0.9896080336298237,1.0
2026-04-10 14:00:00+00:00,0.9842408877627912,0.9891425105407167,1.0
2026-04-10 14:05:00+00:00,0.9842408877627912,0.9878438781455996,1.0
2026-04-10 14:10:00+00:00,0.9842408877627912,0.9871523874308976,1.0
2026-04-10 14:15:00+00:00,0.9842408877627912,0.9871523874308976,1.0
2026-04-10 14:20:00+00:00,0.9842408877627912,0.9871523874308976,1.0
2026-04-10 14:25:00+00:00,0.9853167775773038,0.9871523874308976,1.0
2026-04-10 14:30:00+00:00,0.9852292185356514,0.9871523874308976,1.0
2026-04-10 14:35:00+00:00,0.9767086272235455,0.9871523874308976,1.0
2026-04-10 14:40:00+00:00,0.976024931184489,0.9871523874308976,1.0
2026-04-10 14:45:00+00:00,0.976024931184489,0.9871523874308976,1.0
2026-04-10 14:50:00+00:00,0.976024931184489,0.9875217254392898,1.0
2026-04-10 14:55:00+00:00,0.976024931184489,0.9905503871638449,1.0
2026-04-10 15:00:00+00:00,0.976024931184489,0.9940478979617404,1.0
2026-04-10 15:05:00+00:00,0.976024931184489,0.9942992699940071,1.0
2026-04-10 15:10:00+00:00,0.976024931184489,0.9913420798882392,1.0
2026-04-10 15:15:00+00:00,0.976024931184489,0.9897472724832843,1.0
2026-04-10 15:20:00+00:00,0.976024931184489,0.9919533775271744,1.0
2026-04-10 15:25:00+00:00,0.976024931184489,0.9887900933680447,1.0
2026-04-10 15:30:00+00:00,0.976024931184489,0.9839129927787806,1.0
2026-04-10 15:35:00+00:00,0.976024931184489,0.9832242536838355,1.0
2026-04-10 15:40:00+00:00,0.976024931184489,0.9832242536838355,1.0
2026-04-10 15:45:00+00:00,0.976024931184489,0.9832242536838355,1.0
2026-04-10 15:50:00+00:00,0.976024931184489,0.9832242536838355,1.0
2026-04-10 15:55:00+00:00,0.976024931184489,0.9832242536838355,1.0
2026-04-10 16:00:00+00:00,0.976024931184489,0.9832242536838355,1.0
2026-04-10 16:05:00+00:00,0.976024931184489,0.9832242536838355,1.0
2026-04-10 16:10:00+00:00,0.976024931184489,0.9832242536838355,1.0
2026-04-10 16:15:00+00:00,0.976024931184489,0.9832242536838355,1.0
2026-04-10 16:20:00+00:00,0.976024931184489,0.9832242536838355,1.0
2026-04-10 16:25:00+00:00,0.976024931184489,0.9832242536838355,1.0
2026-04-10 16:30:00+00:00,0.976024931184489,0.9832242536838355,1.0
2026-04-10 16:35:00+00:00,0.976024931184489,0.9832242536838355,1.0
2026-04-10 16:40:00+00:00,0.976024931184489,0.9832242536838355,1.0
2026-04-10 16:45:00+00:00,0.976024931184489,0.9832242536838355,1.0
2026-04-10 16:50:00+00:00,0.976024931184489,0.9832242536838355,1.0
2026-04-10 16:55:00+00:00,0.976024931184489,0.9832242536838355,1.0
2026-04-10 17:00:00+00:00,0.976024931184489,0.9832242536838355,1.0
2026-04-10 17:05:00+00:00,0.976024931184489,0.9832242536838355,1.0
2026-04-10 17:10:00+00:00,0.976024931184489,0.9832242536838355,1.0
2026-04-10 17:15:00+00:00,0.976024931184489,0.9832242536838355,1.0
2026-04-10 17:20:00+00:00,0.976024931184489,0.9844177105532015,1.0
2026-04-10 17:25:00+00:00,0.976024931184489,0.9787027235255423,1.0
2026-04-10 17:30:00+00:00,0.976024931184489,0.980635394512456,1.0
2026-04-10 17:35:00+00:00,0.976024931184489,0.9856606354433898,1.0
2026-04-10 17:40:00+00:00,0.976024931184489,0.9854488066602597,1.0
2026-04-10 17:45:00+00:00,0.976024931184489,0.98423931362539,1.0
2026-04-10 17:50:00+00:00,0.976024931184489,0.980378995001022,1.0
2026-04-10 17:55:00+00:00,0.976024931184489,0.9817188257483759,1.0
2026-04-10 18:00:00+00:00,0.976024931184489,0.9759543944221046,1.0
2026-04-10 18:05:00+00:00,0.976024931184489,0.9752712263460092,1.0
2026-04-10 18:10:00+00:00,0.976024931184489,0.9752712263460092,1.0
2026-04-10 18:15:00+00:00,0.976024931184489,0.9752712263460092,1.0
2026-04-10 18:20:00+00:00,0.976024931184489,0.9752712263460092,1.0
2026-04-10 18:25:00+00:00,0.976024931184489,0.9752712263460092,1.0
2026-04-10 18:30:00+00:00,0.976024931184489,0.9752712263460092,1.0
2026-04-10 18:35:00+00:00,0.976024931184489,0.9752712263460092,1.0
2026-04-10 18:40:00+00:00,0.976024931184489,0.9752712263460092,1.0
2026-04-10 18:45:00+00:00,0.976024931184489,0.9752712263460092,1.0
2026-04-10 18:50:00+00:00,0.976024931184489,0.9752712263460092,1.0
2026-04-10 18:55:00+00:00,0.976024931184489,0.9752712263460092,1.0
2026-04-10 19:00:00+00:00,0.976024931184489,0.9752712263460092,1.0
2026-04-10 19:05:00+00:00,0.976024931184489,0.9752712263460092,1.0
2026-04-10 19:10:00+00:00,0.976024931184489,0.9740699078226666,1.0
2026-04-10 19:15:00+00:00,0.976024931184489,0.9767702891152722,1.0
2026-04-10 19:20:00+00:00,0.976024931184489,0.9748074951465736,1.0
2026-04-10 19:25:00+00:00,0.976024931184489,0.9709024049111453,1.0
2026-04-10 19:30:00+00:00,0.976024931184489,0.9689020763019105,1.0
2026-04-10 19:35:00+00:00,0.976024931184489,0.9701382956255877,1.0
2026-04-10 19:40:00+00:00,0.976024931184489,0.9641504473473138,1.0
2026-04-10 19:45:00+00:00,0.976024931184489,0.9634755420341706,1.0
2026-04-10 19:50:00+00:00,0.976024931184489,0.9634755420341706,1.0
2026-04-10 19:55:00+00:00,0.976024931184489,0.9634755420341706,1.0
2026-04-13 13:30:00+00:00,0.976024931184489,0.9634755420341706,1.0
2026-04-13 13:35:00+00:00,0.976024931184489,0.9634755420341706,1.0
2026-04-13 13:40:00+00:00,0.976024931184489,0.9634755420341706,1.0
2026-04-13 13:45:00+00:00,0.976024931184489,0.9634755420341706,1.0
2026-04-13 13:50:00+00:00,0.976024931184489,0.9634755420341706,1.0
2026-04-13 13:55:00+00:00,0.976024931184489,0.9634755420341706,1.0
2026-04-13 14:00:00+00:00,0.976024931184489,0.9634755420341706,1.0
2026-04-13 14:05:00+00:00,0.976024931184489,0.9634755420341706,1.0
2026-04-13 14:10:00+00:00,0.976024931184489,0.9634755420341706,1.0
2026-04-13 14:15:00+00:00,0.976024931184489,0.9634755420341706,1.0
2026-04-13 14:20:00+00:00,0.976024931184489,0.9634755420341706,1.0
2026-04-13 14:25:00+00:00,0.976024931184489,0.9634755420341706,1.0
2026-04-13 14:30:00+00:00,0.976024931184489,0.9634755420341706,1.0
2026-04-13 14:35:00+00:00,0.976024931184489,0.9634755420341706,1.0
2026-04-13 14:40:00+00:00,0.9707035011225873,0.9582225330694657,1.0
2026-04-13 14:45:00+00:00,0.9718273836160308,0.9593319650726412,1.0
2026-04-13 14:50:00+00:00,0.9717164017228475,0.9592224101460461,1.0
2026-04-13 14:55:00+00:00,0.9684997917272701,0.9560471582032086,1.0
2026-04-13 15:00:00+00:00,0.9619309829397844,0.9495628088747945,1.0
2026-04-13 15:05:00+00:00,0.9612576312517265,0.9488981149085821,1.0
2026-04-13 15:10:00+00:00,0.9612576312517265,0.9488981149085821,1.0
2026-04-13 15:15:00+00:00,0.9612576312517265,0.9488981149085821,1.0
2026-04-13 15:20:00+00:00,0.9612576312517265,0.9488981149085821,1.0
2026-04-13 15:25:00+00:00,0.9612576312517265,0.9488981149085821,1.0
2026-04-13 15:30:00+00:00,0.9612576312517265,0.9488981149085821,1.0
2026-04-13 15:35:00+00:00,0.9612576312517265,0.9451557354334116,1.0
2026-04-13 15:40:00+00:00,0.9612576312517265,0.9432283861513895,1.0
2026-04-13 15:45:00+00:00,0.9612576312517265,0.9399617217299365,1.0
2026-04-13 15:50:00+00:00,0.9612576312517265,0.9363190990189901,1.0
2026-04-13 15:55:00+00:00,0.9676225875735781,0.9356636756496768,1.0
2026-04-13 16:00:00+00:00,0.9605560429890205,0.9356636756496768,1.0
2026-04-13 16:05:00+00:00,0.9551374434491656,0.9356636756496768,1.0
2026-04-13 16:10:00+00:00,0.9544688472387511,0.9356636756496768,1.0
2026-04-13 16:15:00+00:00,0.9544688472387511,0.9356636756496768,1.0
2026-04-13 16:20:00+00:00,0.9544688472387511,0.9356636756496768,1.0
2026-04-13 16:25:00+00:00,0.9544688472387511,0.9356636756496768,1.0
2026-04-13 16:30:00+00:00,0.9544688472387511,0.9356636756496768,1.0
2026-04-13 16:35:00+00:00,0.9544688472387511,0.9356636756496768,1.0
2026-04-13 16:40:00+00:00,0.9544688472387511,0.9356636756496768,1.0
2026-04-13 16:45:00+00:00,0.9544688472387511,0.9356636756496768,1.0
2026-04-13 16:50:00+00:00,0.9544688472387511,0.9356636756496768,1.0
2026-04-13 16:55:00+00:00,0.9544688472387511,0.9356636756496768,1.0
2026-04-13 17:00:00+00:00,0.9544688472387511,0.9356636756496768,1.0
2026-04-13 17:05:00+00:00,0.9544688472387511,0.9356636756496768,1.0
2026-04-13 17:10:00+00:00,0.9544688472387511,0.9356636756496768,1.0
2026-04-13 17:15:00+00:00,0.9544688472387511,0.9356636756496768,1.0
2026-04-13 17:20:00+00:00,0.9544688472387511,0.9356636756496768,1.0
2026-04-13 17:25:00+00:00,0.9544688472387511,0.9356636756496768,1.0
2026-04-13 17:30:00+00:00,0.9544688472387511,0.9356636756496768,1.0
2026-04-13 17:35:00+00:00,0.9544688472387511,0.9356636756496768,1.0
2026-04-13 17:40:00+00:00,0.9544688472387511,0.9356636756496768,1.0
2026-04-13 17:45:00+00:00,0.9544688472387511,0.9356636756496768,1.0
2026-04-13 17:50:00+00:00,0.9544688472387511,0.9356636756496768,1.0
2026-04-13 17:55:00+00:00,0.9544688472387511,0.9356636756496768,1.0
2026-04-13 18:00:00+00:00,0.9544688472387511,0.9356636756496768,1.0
2026-04-13 18:05:00+00:00,0.9544688472387511,0.9356636756496768,1.0
2026-04-13 18:10:00+00:00,0.9544688472387511,0.9356636756496768,1.0
2026-04-13 18:15:00+00:00,0.9544688472387511,0.9356636756496768,1.0
2026-04-13 18:20:00+00:00,0.9544688472387511,0.9356636756496768,1.0
2026-04-13 18:25:00+00:00,0.9544688472387511,0.9356636756496768,1.0
2026-04-13 18:30:00+00:00,0.9544688472387511,0.9356636756496768,1.0
2026-04-13 18:35:00+00:00,0.9544688472387511,0.9356636756496768,1.0
2026-04-13 18:40:00+00:00,0.9544688472387511,0.9356636756496768,1.0
2026-04-13 18:45:00+00:00,0.9544688472387511,0.9356636756496768,1.0
2026-04-13 18:50:00+00:00,0.9544688472387511,0.9356636756496768,1.0
2026-04-13 18:55:00+00:00,0.9544688472387511,0.9356636756496768,1.0
2026-04-13 19:00:00+00:00,0.9544688472387511,0.9356636756496768,1.0
2026-04-13 19:05:00+00:00,0.9544688472387511,0.9356636756496768,1.0
2026-04-13 19:10:00+00:00,0.9544688472387511,0.9356636756496768,1.0
2026-04-13 19:15:00+00:00,0.9544688472387511,0.9356636756496768,1.0
2026-04-13 19:20:00+00:00,0.9544688472387511,0.9356636756496768,1.0
2026-04-13 19:25:00+00:00,0.9544688472387511,0.9356636756496768,1.0
2026-04-13 19:30:00+00:00,0.9544688472387511,0.9356636756496768,1.0
2026-04-13 19:35:00+00:00,0.9544688472387511,0.9356636756496768,1.0
2026-04-13 19:40:00+00:00,0.9544688472387511,0.9356636756496768,1.0
2026-04-13 19:45:00+00:00,0.9544688472387511,0.9356636756496768,1.0
2026-04-13 19:50:00+00:00,0.9544688472387511,0.9356636756496768,1.0
2026-04-13 19:55:00+00:00,0.9544688472387511,0.9356636756496768,1.0
2026-04-14 13:30:00+00:00,0.9544688472387511,0.9356636756496768,1.0
2026-04-14 13:35:00+00:00,0.9544688472387511,0.9404448646093218,1.0
2026-04-14 13:40:00+00:00,0.9544688472387511,0.9345172381669825,1.0
2026-04-14 13:45:00+00:00,0.9544688472387511,0.9375724744967143,1.0
2026-04-14 13:50:00+00:00,0.9544688472387511,0.9299464269052847,1.0
2026-04-14 13:55:00+00:00,0.9544688472387511,0.926863634417585,1.0
2026-04-14 14:00:00+00:00,0.9544688472387511,0.9249944990070422,1.0
2026-04-14 14:05:00+00:00,0.9544688472387511,0.9243470028577373,1.0
2026-04-14 14:10:00+00:00,0.9544688472387511,0.9243470028577373,1.0
2026-04-14 14:15:00+00:00,0.9544688472387511,0.9243470028577373,1.0
2026-04-14 14:20:00+00:00,0.9544688472387511,0.9243470028577373,1.0
2026-04-14 14:25:00+00:00,0.9544688472387511,0.9243470028577373,1.0
2026-04-14 14:30:00+00:00,0.9544688472387511,0.9243470028577373,1.0
2026-04-14 14:35:00+00:00,0.9544688472387511,0.9243470028577373,1.0
2026-04-14 14:40:00+00:00,0.9544688472387511,0.9243470028577373,1.0
2026-04-14 14:45:00+00:00,0.9544688472387511,0.9243470028577373,1.0
2026-04-14 14:50:00+00:00,0.9544688472387511,0.9243470028577373,1.0
2026-04-14 14:55:00+00:00,0.9544688472387511,0.9243470028577373,1.0
2026-04-14 15:00:00+00:00,0.9544688472387511,0.9243470028577373,1.0
2026-04-14 15:05:00+00:00,0.9544688472387511,0.9243470028577373,1.0
2026-04-14 15:10:00+00:00,0.9544688472387511,0.9243470028577373,1.0
2026-04-14 15:15:00+00:00,0.9544688472387511,0.9243470028577373,1.0
2026-04-14 15:20:00+00:00,0.9544688472387511,0.9243470028577373,1.0
2026-04-14 15:25:00+00:00,0.9544688472387511,0.9243470028577373,1.0
2026-04-14 15:30:00+00:00,0.9544688472387511,0.9265721204151126,1.0
2026-04-14 15:35:00+00:00,0.9544688472387511,0.9236298124427695,1.0
2026-04-14 15:40:00+00:00,0.9544688472387511,0.9164720408918943,1.0
2026-04-14 15:45:00+00:00,0.9544688472387511,0.9158305104632699,1.0
2026-04-14 15:50:00+00:00,0.9544688472387511,0.9158305104632699,1.0
2026-04-14 15:55:00+00:00,0.9544688472387511,0.9158305104632699,1.0
2026-04-14 16:00:00+00:00,0.9544688472387511,0.9158305104632699,1.0
2026-04-14 16:05:00+00:00,0.9544688472387511,0.9158305104632699,1.0
2026-04-14 16:10:00+00:00,0.9544688472387511,0.9158305104632699,1.0
2026-04-14 16:15:00+00:00,0.9544688472387511,0.9158305104632699,1.0
2026-04-14 16:20:00+00:00,0.9544688472387511,0.9158305104632699,1.0
2026-04-14 16:25:00+00:00,0.9544688472387511,0.9144792633035685,1.0
2026-04-14 16:30:00+00:00,0.9544688472387511,0.9093312729552362,1.0
2026-04-14 16:35:00+00:00,0.9544688472387511,0.9165531939833823,1.0
2026-04-14 16:40:00+00:00,0.9544688472387511,0.9143906870761704,1.0
2026-04-14 16:45:00+00:00,0.9544688472387511,0.9088755660716941,1.0
2026-04-14 16:50:00+00:00,0.9544688472387511,0.9082393531754438,1.0
2026-04-14 16:55:00+00:00,0.9544688472387511,0.9082393531754438,1.0
2026-04-14 17:00:00+00:00,0.9544688472387511,0.9082393531754438,1.0
2026-04-14 17:05:00+00:00,0.9544688472387511,0.9082393531754438,1.0
2026-04-14 17:10:00+00:00,0.9544688472387511,0.9082393531754438,1.0
2026-04-14 17:15:00+00:00,0.9544688472387511,0.9082393531754438,1.0
2026-04-14 17:20:00+00:00,0.9544688472387511,0.9082393531754438,1.0
2026-04-14 17:25:00+00:00,0.9544688472387511,0.9082393531754438,1.0
2026-04-14 17:30:00+00:00,0.9544688472387511,0.9082393531754438,1.0
2026-04-14 17:35:00+00:00,0.9544688472387511,0.9082393531754438,1.0
2026-04-14 17:40:00+00:00,0.9544688472387511,0.9082393531754438,1.0
2026-04-14 17:45:00+00:00,0.9544688472387511,0.9082393531754438,1.0
2026-04-14 17:50:00+00:00,0.954448137341748,0.9082393531754438,1.0
2026-04-14 17:55:00+00:00,0.9528682288990161,0.9082393531754438,1.0
2026-04-14 18:00:00+00:00,0.9418778695309276,0.9082393531754438,1.0
2026-04-14 18:05:00+00:00,0.9412185550222559,0.9082393531754438,1.0
2026-04-14 18:10:00+00:00,0.9412185550222559,0.908568434859312,1.0
2026-04-14 18:15:00+00:00,0.9412185550222559,0.9068181999989057,1.0
2026-04-14 18:20:00+00:00,0.9412185550222559,0.9074410877214634,1.0
2026-04-14 18:25:00+00:00,0.9412185550222559,0.9041556675022743,1.0
2026-04-14 18:30:00+00:00,0.9412185550222559,0.902611324861022,1.0
2026-04-14 18:35:00+00:00,0.9412185550222559,0.9054327900493824,1.0
2026-04-14 18:40:00+00:00,0.9412185550222559,0.9091478525468322,1.0
2026-04-14 18:45:00+00:00,0.9412185550222559,0.9101036832163382,1.0
2026-04-14 18:50:00+00:00,0.9412185550222559,0.9134195083135298,1.0
2026-04-14 18:55:00+00:00,0.9412185550222559,0.9151736806352991,1.0
2026-04-14 19:00:00+00:00,0.9412185550222559,0.9127830334101434,1.0
2026-04-14 19:05:00+00:00,0.9412185550222559,0.9130808053744739,1.0
2026-04-14 19:10:00+00:00,0.9412185550222559,0.9115228570491163,1.0
2026-04-14 19:15:00+00:00,0.9412185550222559,0.9118942392935668,1.0
2026-04-14 19:20:00+00:00,0.9412185550222559,0.9124023276175826,1.0
2026-04-14 19:25:00+00:00,0.9412185550222559,0.9138838879076197,1.0
2026-04-14 19:30:00+00:00,0.9412185550222559,0.911586589954053,1.0
2026-04-14 19:35:00+00:00,0.9412185550222559,0.9112150135476026,1.0
2026-04-14 19:40:00+00:00,0.9412185550222559,0.9104755775970773,1.0
2026-04-14 19:45:00+00:00,0.9412185550222559,0.908795376169751,1.0
2026-04-14 19:50:00+00:00,0.9412185550222559,0.9058267552131222,1.0
2026-04-14 19:55:00+00:00,0.9412185550222559,0.905192676484473,1.0
2026-04-15 13:30:00+00:00,0.9412185550222559,0.905192676484473,1.0
2026-04-15 13:35:00+00:00,0.9412185550222559,0.905192676484473,1.0
2026-04-15 13:40:00+00:00,0.9412185550222559,0.9098266953997635,1.0
2026-04-15 13:45:00+00:00,0.9412185550222559,0.9104126026725543,1.0
2026-04-15 13:50:00+00:00,0.9412185550222559,0.9130636361807725,1.0
2026-04-15 13:55:00+00:00,0.9412185550222559,0.9102709604752895,1.0
2026-04-15 14:00:00+00:00,0.9412185550222559,0.9044428708516202,1.0
2026-04-15 14:05:00+00:00,0.9412185550222559,0.903844073614892,1.0
2026-04-15 14:10:00+00:00,0.9412185550222559,0.9085361770630409,1.0
2026-04-15 14:15:00+00:00,0.9412185550222559,0.911709478687677,1.0
2026-04-15 14:20:00+00:00,0.9412185550222559,0.9086583635172524,1.0
2026-04-15 14:25:00+00:00,0.9412185550222559,0.9041013510744497,1.0
2026-04-15 14:30:00+00:00,0.9412185550222559,0.9034684801286975,1.0
2026-04-15 14:35:00+00:00,0.9412185550222559,0.9034684801286975,1.0
2026-04-15 14:40:00+00:00,0.9412185550222559,0.9034684801286975,1.0
2026-04-15 14:45:00+00:00,0.9412185550222559,0.9034684801286975,1.0
2026-04-15 14:50:00+00:00,0.9412185550222559,0.9034684801286975,1.0
2026-04-15 14:55:00+00:00,0.9412185550222559,0.9034684801286975,1.0
2026-04-15 15:00:00+00:00,0.9412185550222559,0.9034684801286975,1.0
2026-04-15 15:05:00+00:00,0.9412185550222559,0.9034684801286975,1.0
2026-04-15 15:10:00+00:00,0.9412185550222559,0.9034684801286975,1.0
2026-04-15 15:15:00+00:00,0.9412185550222559,0.8998385659296826,1.0
2026-04-15 15:20:00+00:00,0.9412185550222559,0.9005268179891315,1.0
2026-04-15 15:25:00+00:00,0.9412185550222559,0.8982561319816474,1.0
2026-04-15 15:30:00+00:00,0.9412185550222559,0.8985412457215016,1.0
2026-04-15 15:35:00+00:00,0.9412185550222559,0.9002457590486745,1.0
2026-04-15 15:40:00+00:00,0.9412185550222559,0.9021080507155043,1.0
2026-04-15 15:45:00+00:00,0.9412185550222559,0.9070039401687664,1.0
2026-04-15 15:50:00+00:00,0.9412185550222559,0.9012429399058612,1.0
2026-04-15 15:55:00+00:00,0.9412185550222559,0.9023213542967241,1.0
2026-04-15 16:00:00+00:00,0.9412185550222559,0.8973558902008979,1.0
2026-04-15 16:05:00+00:00,0.9412185550222559,0.8967277410777572,1.0
2026-04-15 16:10:00+00:00,0.9412185550222559,0.8967277410777572,1.0
2026-04-15 16:15:00+00:00,0.9412185550222559,0.8967277410777572,1.0
2026-04-15 16:20:00+00:00,0.9412185550222559,0.9010594679803111,1.0
2026-04-15 16:25:00+00:00,0.9412185550222559,0.9051602818666565,1.0
2026-04-15 16:30:00+00:00,0.9412185550222559,0.9023553853250423,1.0
2026-04-15 16:35:00+00:00,0.9412185550222559,0.9027228640737888,1.0
2026-04-15 16:40:00+00:00,0.9412185550222559,0.9026088826633576,1.0
2026-04-15 16:45:00+00:00,0.9412185550222559,0.9028560269800118,1.0
2026-04-15 16:50:00+00:00,0.9412185550222559,0.9032342261010313,1.0
2026-04-15 16:55:00+00:00,0.9412185550222559,0.9038782115055992,1.0
2026-04-15 17:00:00+00:00,0.9412185550222559,0.9104132490526333,1.0
2026-04-15 17:05:00+00:00,0.9412185550222559,0.9099088923224397,1.0
2026-04-15 17:10:00+00:00,0.9412185550222559,0.9098137709724131,1.0
2026-04-15 17:15:00+00:00,0.9412185550222559,0.9089709236379077,1.0
2026-04-15 17:20:00+00:00,0.9412185550222559,0.904662166073529,1.0
2026-04-15 17:25:00+00:00,0.9412185550222559,0.9025339465788208,1.0
2026-04-15 17:30:00+00:00,0.9412185550222559,0.9040063805620728,1.0
2026-04-15 17:35:00+00:00,0.9412185550222559,0.9019643364454455,1.0
2026-04-15 17:40:00+00:00,0.9412185550222559,0.899987480518124,1.0
2026-04-15 17:45:00+00:00,0.9412185550222559,0.8993574892817613,1.0
2026-04-15 17:50:00+00:00,0.9412185550222559,0.8993574892817613,1.0
2026-04-15 17:55:00+00:00,0.9412185550222559,0.8993574892817613,1.0
2026-04-15 18:00:00+00:00,0.9412185550222559,0.8993574892817613,1.0
2026-04-15 18:05:00+00:00,0.9412185550222559,0.8993574892817613,1.0
2026-04-15 18:10:00+00:00,0.9412185550222559,0.8993574892817613,1.0
2026-04-15 18:15:00+00:00,0.9412185550222559,0.8993574892817613,1.0
2026-04-15 18:20:00+00:00,0.9412185550222559,0.8993574892817613,1.0
2026-04-15 18:25:00+00:00,0.9412185550222559,0.8993574892817613,1.0
2026-04-15 18:30:00+00:00,0.9412185550222559,0.8993574892817613,1.0
2026-04-15 18:35:00+00:00,0.9412185550222559,0.8993574892817613,1.0
2026-04-15 18:40:00+00:00,0.9412185550222559,0.8993574892817613,1.0
2026-04-15 18:45:00+00:00,0.9412185550222559,0.8993574892817613,1.0
2026-04-15 18:50:00+00:00,0.9412185550222559,0.8993574892817613,1.0
2026-04-15 18:55:00+00:00,0.9412185550222559,0.8993574892817613,1.0
2026-04-15 19:00:00+00:00,0.9412185550222559,0.8993574892817613,1.0
2026-04-15 19:05:00+00:00,0.9412185550222559,0.8993574892817613,1.0
2026-04-15 19:10:00+00:00,0.9412185550222559,0.8993574892817613,1.0
2026-04-15 19:15:00+00:00,0.9412185550222559,0.8993574892817613,1.0
2026-04-15 19:20:00+00:00,0.9412185550222559,0.9026214093441495,1.0
2026-04-15 19:25:00+00:00,0.9412185550222559,0.9041326732213416,1.0
2026-04-15 19:30:00+00:00,0.9412185550222559,0.9102497335232214,1.0
2026-04-15 19:35:00+00:00,0.9412185550222559,0.9088388132589292,1.0
2026-04-15 19:40:00+00:00,0.9412185550222559,0.9108948081630291,1.0
2026-04-15 19:45:00+00:00,0.9412185550222559,0.9077983970628255,1.0
2026-04-15 19:50:00+00:00,0.9412185550222559,0.9039919667274576,1.0
2026-04-15 19:55:00+00:00,0.9412185550222559,0.9097454454139897,1.0
2026-04-16 13:30:00+00:00,0.9412185550222559,0.8994138114099393,1.0
2026-04-16 13:35:00+00:00,0.9412185550222559,0.9004157701186795,1.0
2026-04-16 13:40:00+00:00,0.9412185550222559,0.8962904153914084,1.0
2026-04-16 13:45:00+00:00,0.9412185550222559,0.8956630121006344,1.0
2026-04-16 13:50:00+00:00,0.9412185550222559,0.8956630121006344,1.0
2026-04-16 13:55:00+00:00,0.9412185550222559,0.8956630121006344,1.0
2026-04-16 14:00:00+00:00,0.9412185550222559,0.8956630121006344,1.0
2026-04-16 14:05:00+00:00,0.9412185550222559,0.8956630121006344,1.0
2026-04-16 14:10:00+00:00,0.9374285302522194,0.8956630121006344,1.0
2026-04-16 14:15:00+00:00,0.9367723302810428,0.8956630121006344,1.0
2026-04-16 14:20:00+00:00,0.9367723302810428,0.8956630121006344,1.0
2026-04-16 14:25:00+00:00,0.9367723302810428,0.8956630121006344,1.0
2026-04-16 14:30:00+00:00,0.9367723302810428,0.8956630121006344,1.0
2026-04-16 14:35:00+00:00,0.9367723302810428,0.8956630121006344,1.0
2026-04-16 14:40:00+00:00,0.9367723302810428,0.8956630121006344,1.0
2026-04-16 14:45:00+00:00,0.9367723302810428,0.8956630121006344,1.0
2026-04-16 14:50:00+00:00,0.9367723302810428,0.8956630121006344,1.0
2026-04-16 14:55:00+00:00,0.9367723302810428,0.8956630121006344,1.0
2026-04-16 15:00:00+00:00,0.9367723302810428,0.8951042686433682,1.0
2026-04-16 15:05:00+00:00,0.9367723302810428,0.8950647051274708,1.0
2026-04-16 15:10:00+00:00,0.9367723302810428,0.8916032686589345,1.0
2026-04-16 15:15:00+00:00,0.9367723302810428,0.8956509734615397,1.0
2026-04-16 15:20:00+00:00,0.9367723302810428,0.8918157790910615,1.0
2026-04-16 15:25:00+00:00,0.9367723302810428,0.8889480655955485,1.0
2026-04-16 15:30:00+00:00,0.9367723302810428,0.8928288612030234,1.0
2026-04-16 15:35:00+00:00,0.9367723302810428,0.8930733752878129,1.0
2026-04-16 15:40:00+00:00,0.9367723302810428,0.8943634255861762,1.0
2026-04-16 15:45:00+00:00,0.9367723302810428,0.9031070261129915,1.0
2026-04-16 15:50:00+00:00,0.9367723302810428,0.9120618229447368,1.0
2026-04-16 15:55:00+00:00,0.9367723302810428,0.9157468697559649,1.0
2026-04-16 16:00:00+00:00,0.9367723302810428,0.9177686313259703,1.0
2026-04-16 16:05:00+00:00,0.9367723302810428,0.9247516613631654,1.0
2026-04-16 16:10:00+00:00,0.9367723302810428,0.9243520739340099,1.0
2026-04-16 16:15:00+00:00,0.9367723302810428,0.9268172628635813,1.0
2026-04-16 16:20:00+00:00,0.9367723302810428,0.923008392111593,1.0
2026-04-16 16:25:00+00:00,0.9367723302810428,0.9245984170453941,1.0
2026-04-16 16:30:00+00:00,0.9367723302810428,0.9229091276820002,1.0
2026-04-16 16:35:00+00:00,0.9367723302810428,0.9224043110532829,1.0
2026-04-16 16:40:00+00:00,0.9367723302810428,0.9274406091724783,1.0
2026-04-16 16:45:00+00:00,0.9367723302810428,0.9270234554306035,1.0
2026-04-16 16:50:00+00:00,0.9367723302810428,0.9247004044946092,1.0
2026-04-16 16:55:00+00:00,0.9367723302810428,0.9215332623272172,1.0
2026-04-16 17:00:00+00:00,0.9367723302810428,0.9200625815069363,1.0
2026-04-16 17:05:00+00:00,0.9367723302810428,0.9200320115611417,1.0
2026-04-16 17:10:00+00:00,0.9367723302810428,0.9225022124655314,1.0
2026-04-16 17:15:00+00:00,0.9367723302810428,0.9226295297717033,1.0
2026-04-16 17:20:00+00:00,0.9367723302810428,0.9264126931387079,1.0
2026-04-16 17:25:00+00:00,0.9367723302810428,0.9239438112735319,1.0
2026-04-16 17:30:00+00:00,0.9367723302810428,0.9253624373979341,1.0
2026-04-16 17:35:00+00:00,0.9367723302810428,0.9252483545155353,1.0
2026-04-16 17:40:00+00:00,0.9367723302810428,0.9187576789261034,1.0
2026-04-16 17:45:00+00:00,0.9367723302810428,0.9181145485508551,1.0
2026-04-16 17:50:00+00:00,0.9367723302810428,0.9181145485508551,1.0
2026-04-16 17:55:00+00:00,0.9367723302810428,0.9181145485508551,1.0
2026-04-16 18:00:00+00:00,0.9367723302810428,0.9181145485508551,1.0
2026-04-16 18:05:00+00:00,0.9367723302810428,0.9248479932110786,1.0
2026-04-16 18:10:00+00:00,0.9367723302810428,0.9261825502150105,1.0
2026-04-16 18:15:00+00:00,0.9367723302810428,0.9275365806769954,1.0
2026-04-16 18:20:00+00:00,0.9367723302810428,0.9274884255160413,1.0
2026-04-16 18:25:00+00:00,0.9367723302810428,0.9273501665392265,1.0
2026-04-16 18:30:00+00:00,0.9367723302810428,0.9280587344444104,1.0
2026-04-16 18:35:00+00:00,0.9367723302810428,0.9265795382046339,1.0
2026-04-16 18:40:00+00:00,0.9367723302810428,0.9282166018055159,1.0
2026-04-16 18:45:00+00:00,0.9367723302810428,0.930393618887163,1.0
2026-04-16 18:50:00+00:00,0.9367723302810428,0.9267170453656309,1.0
2026-04-16 18:55:00+00:00,0.9367723302810428,0.9317301066267822,1.0
2026-04-16 19:00:00+00:00,0.9367723302810428,0.9310218699223952,1.0
2026-04-16 19:05:00+00:00,0.9367723302810428,0.9289467155961831,1.0
2026-04-16 19:10:00+00:00,0.9367723302810428,0.9321745504505436,1.0
2026-04-16 19:15:00+00:00,0.9367723302810428,0.9319957336298865,1.0
2026-04-16 19:20:00+00:00,0.9367723302810428,0.9330024774117274,1.0
2026-04-16 19:25:00+00:00,0.9367723302810428,0.9325773665045864,1.0
2026-04-16 19:30:00+00:00,0.9367723302810428,0.9299261050745387,1.0
2026-04-16 19:35:00+00:00,0.9367723302810428,0.9367541440449713,1.0
2026-04-16 19:40:00+00:00,0.9367723302810428,0.9410435901117571,1.0
2026-04-16 19:45:00+00:00,0.9367723302810428,0.9391917545259945,1.0
2026-04-16 19:50:00+00:00,0.9367723302810428,0.9443166330172978,1.0
2026-04-16 19:55:00+00:00,0.9367723302810428,0.9452200769430579,1.0
2026-04-17 13:30:00+00:00,0.9367723302810428,0.9517743146892219,1.0
2026-04-17 13:35:00+00:00,0.9367723302810428,0.9585831890551538,1.0
2026-04-17 13:40:00+00:00,0.9367723302810428,0.9513232660411327,1.0
2026-04-17 13:45:00+00:00,0.9367723302810428,0.9491717641625607,1.0
2026-04-17 13:50:00+00:00,0.9367723302810428,0.9499069875848978,1.0
2026-04-17 13:55:00+00:00,0.9367723302810428,0.9503556070864162,1.0
2026-04-17 14:00:00+00:00,0.9367723302810428,0.9484010844520321,1.0
2026-04-17 14:05:00+00:00,0.9367723302810428,0.9535237823010396,1.0
2026-04-17 14:10:00+00:00,0.9367723302810428,0.9550947138009437,1.0
2026-04-17 14:15:00+00:00,0.9367723302810428,0.954899904587168,1.0
2026-04-17 14:20:00+00:00,0.9367723302810428,0.9563631552588424,1.0
2026-04-17 14:25:00+00:00,0.9367723302810428,0.9534380316461495,1.0
2026-04-17 14:30:00+00:00,0.9367723302810428,0.9494653228224273,1.0
2026-04-17 14:35:00+00:00,0.9367723302810428,0.9465167203710445,1.0
2026-04-17 14:40:00+00:00,0.9367723302810428,0.94161200482914,1.0
2026-04-17 14:45:00+00:00,0.9367723302810428,0.9409528764257595,1.0
2026-04-17 14:50:00+00:00,0.9367723302810428,0.9409528764257595,1.0
2026-04-17 14:55:00+00:00,0.9367723302810428,0.9409528764257595,1.0
2026-04-17 15:00:00+00:00,0.9367723302810428,0.9414352815292197,1.0
2026-04-17 15:05:00+00:00,0.9367723302810428,0.9444849467863119,1.0
2026-04-17 15:10:00+00:00,0.9367723302810428,0.9442981964406836,1.0
2026-04-17 15:15:00+00:00,0.9367723302810428,0.9401960346961806,1.0
2026-04-17 15:20:00+00:00,0.9367723302810428,0.9435111838759587,1.0
2026-04-17 15:25:00+00:00,0.9367723302810428,0.9422322019902308,1.0
2026-04-17 15:30:00+00:00,0.9367723302810428,0.9379962577683737,1.0
2026-04-17 15:35:00+00:00,0.9367723302810428,0.9381976003068145,1.0
2026-04-17 15:40:00+00:00,0.9367723302810428,0.9348620585669705,1.0
2026-04-17 15:45:00+00:00,0.9367723302810428,0.9342076551259736,1.0
2026-04-17 15:50:00+00:00,0.9367723302810428,0.9342076551259736,1.0
2026-04-17 15:55:00+00:00,0.9367723302810428,0.9342076551259736,1.0
2026-04-17 16:00:00+00:00,0.9367723302810428,0.9342076551259736,1.0
2026-04-17 16:05:00+00:00,0.9367723302810428,0.9342076551259736,1.0
2026-04-17 16:10:00+00:00,0.9367723302810428,0.9342076551259736,1.0
2026-04-17 16:15:00+00:00,0.9367723302810428,0.9342076551259736,1.0
2026-04-17 16:20:00+00:00,0.9367723302810428,0.9342076551259736,1.0
2026-04-17 16:25:00+00:00,0.9367723302810428,0.9342076551259736,1.0
2026-04-17 16:30:00+00:00,0.9367723302810428,0.9342076551259736,1.0
2026-04-17 16:35:00+00:00,0.9367723302810428,0.9342076551259736,1.0
2026-04-17 16:40:00+00:00,0.9367723302810428,0.9342076551259736,1.0
2026-04-17 16:45:00+00:00,0.9367723302810428,0.9342076551259736,1.0
2026-04-17 16:50:00+00:00,0.9367723302810428,0.9342076551259736,1.0
2026-04-17 16:55:00+00:00,0.9367723302810428,0.9342076551259736,1.0
2026-04-17 17:00:00+00:00,0.9367723302810428,0.9342076551259736,1.0
2026-04-17 17:05:00+00:00,0.9367723302810428,0.9306084822286563,1.0
2026-04-17 17:10:00+00:00,0.9367723302810428,0.9303916348908138,1.0
2026-04-17 17:15:00+00:00,0.9367723302810428,0.9288115348643002,1.0
2026-04-17 17:20:00+00:00,0.9367723302810428,0.9299559662947383,1.0
2026-04-17 17:25:00+00:00,0.9367723302810428,0.9323252624415465,1.0
2026-04-17 17:30:00+00:00,0.9367723302810428,0.9334331642582199,1.0
2026-04-17 17:35:00+00:00,0.9367723302810428,0.933768454111129,1.0
2026-04-17 17:40:00+00:00,0.9367723302810428,0.934172640373254,1.0
2026-04-17 17:45:00+00:00,0.9367723302810428,0.9325796188994749,1.0
2026-04-17 17:50:00+00:00,0.9367723302810428,0.9298921360726126,1.0
2026-04-17 17:55:00+00:00,0.9367723302810428,0.9278364487395655,1.0
2026-04-17 18:00:00+00:00,0.9367723302810428,0.9316053204494573,1.0
2026-04-17 18:05:00+00:00,0.9367723302810428,0.9334334763391482,1.0
2026-04-17 18:10:00+00:00,0.9367723302810428,0.9326954796273459,1.0
2026-04-17 18:15:00+00:00,0.9367723302810428,0.934158377738479,1.0
2026-04-17 18:20:00+00:00,0.9367723302810428,0.93225873400068,1.0
2026-04-17 18:25:00+00:00,0.9367723302810428,0.9319680851221457,1.0
2026-04-17 18:30:00+00:00,0.9367723302810428,0.92782582290437,1.0
2026-04-17 18:35:00+00:00,0.9367723302810428,0.9271763448283369,1.0
2026-04-17 18:40:00+00:00,0.9367723302810428,0.9271763448283369,1.0
2026-04-17 18:45:00+00:00,0.9367723302810428,0.9271763448283369,1.0
2026-04-17 18:50:00+00:00,0.9367723302810428,0.9271763448283369,1.0
2026-04-17 18:55:00+00:00,0.9367723302810428,0.9271763448283369,1.0
2026-04-17 19:00:00+00:00,0.9367723302810428,0.9271763448283369,1.0
2026-04-17 19:05:00+00:00,0.9367723302810428,0.9271763448283369,1.0
2026-04-17 19:10:00+00:00,0.9367723302810428,0.9271763448283369,1.0
2026-04-17 19:15:00+00:00,0.9367723302810428,0.9282270927781997,1.0
2026-04-17 19:20:00+00:00,0.9367723302810428,0.9286304518655076,1.0
2026-04-17 19:25:00+00:00,0.9367723302810428,0.9277296749543522,1.0
2026-04-17 19:30:00+00:00,0.9367723302810428,0.927925126225917,1.0
2026-04-17 19:35:00+00:00,0.9367723302810428,0.9305909902173605,1.0
2026-04-17 19:40:00+00:00,0.9367723302810428,0.9268237966822416,1.0
2026-04-17 19:45:00+00:00,0.9367723302810428,0.9313110505138822,1.0
2026-04-17 19:50:00+00:00,0.9367723302810428,0.9319684133504088,1.0
2026-04-17 19:55:00+00:00,0.9367723302810428,0.9300247831555122,1.0
2026-04-20 13:30:00+00:00,0.9367723302810428,0.9302574326979032,1.0
2026-04-20 13:35:00+00:00,0.9367723302810428,0.9216903508047887,1.0
2026-04-20 13:40:00+00:00,0.9367723302810428,0.9210451675592253,1.0
2026-04-20 13:45:00+00:00,0.9367723302810428,0.9210451675592253,1.0
2026-04-20 13:50:00+00:00,0.9367723302810428,0.9210451675592253,1.0
2026-04-20 13:55:00+00:00,0.9367723302810428,0.9210451675592253,1.0
2026-04-20 14:00:00+00:00,0.9367723302810428,0.9210451675592253,1.0
2026-04-20 14:05:00+00:00,0.9367723302810428,0.9210451675592253,1.0
2026-04-20 14:10:00+00:00,0.9367723302810428,0.9210451675592253,1.0
2026-04-20 14:15:00+00:00,0.9367723302810428,0.9210451675592253,1.0
2026-04-20 14:20:00+00:00,0.9367723302810428,0.9210451675592253,1.0
2026-04-20 14:25:00+00:00,0.9367723302810428,0.9210451675592253,1.0
2026-04-20 14:30:00+00:00,0.9367723302810428,0.9210451675592253,1.0
2026-04-20 14:35:00+00:00,0.9367723302810428,0.9210451675592253,1.0
2026-04-20 14:40:00+00:00,0.9367723302810428,0.9210451675592253,1.0
2026-04-20 14:45:00+00:00,0.9367723302810428,0.9210451675592253,1.0
2026-04-20 14:50:00+00:00,0.9367723302810428,0.9210451675592253,1.0
2026-04-20 14:55:00+00:00,0.9367723302810428,0.9210451675592253,1.0
2026-04-20 15:00:00+00:00,0.9367723302810428,0.9210451675592253,1.0
2026-04-20 15:05:00+00:00,0.9367723302810428,0.9210451675592253,1.0
2026-04-20 15:10:00+00:00,0.9367723302810428,0.9210451675592253,1.0
2026-04-20 15:15:00+00:00,0.9367723302810428,0.9210451675592253,1.0
2026-04-20 15:20:00+00:00,0.9367723302810428,0.9210451675592253,1.0
2026-04-20 15:25:00+00:00,0.9367723302810428,0.9228604939340189,1.0
2026-04-20 15:30:00+00:00,0.9367723302810428,0.927770248289681,1.0
2026-04-20 15:35:00+00:00,0.9367723302810428,0.9309064319661299,1.0
2026-04-20 15:40:00+00:00,0.9367723302810428,0.9305414115931119,1.0
2026-04-20 15:45:00+00:00,0.9367723302810428,0.9269769750807528,1.0
2026-04-20 15:50:00+00:00,0.9367723302810428,0.9223490240266491,1.0
2026-04-20 15:55:00+00:00,0.9367723302810428,0.9210296426590637,1.0
2026-04-20 16:00:00+00:00,0.9367723302810428,0.922208365565655,1.0
2026-04-20 16:05:00+00:00,0.9367723302810428,0.925515082881805,1.0
2026-04-20 16:10:00+00:00,0.9367723302810428,0.9252359608331548,1.0
2026-04-20 16:15:00+00:00,0.9367723302810428,0.9224876043481512,1.0
2026-04-20 16:20:00+00:00,0.9367723302810428,0.9258098022938495,1.0
2026-04-20 16:25:00+00:00,0.9367723302810428,0.9193038944203368,1.0
2026-04-20 16:30:00+00:00,0.9367723302810428,0.9186603816942425,1.0
2026-04-20 16:35:00+00:00,0.9367723302810428,0.9186603816942425,1.0
2026-04-20 16:40:00+00:00,0.9367723302810428,0.9186603816942425,1.0
2026-04-20 16:45:00+00:00,0.9367723302810428,0.9186603816942425,1.0
2026-04-20 16:50:00+00:00,0.9367723302810428,0.9186603816942425,1.0
2026-04-20 16:55:00+00:00,0.9367723302810428,0.9186603816942425,1.0
2026-04-20 17:00:00+00:00,0.9367723302810428,0.9186603816942425,1.0
2026-04-20 17:05:00+00:00,0.9367723302810428,0.9186603816942425,1.0
2026-04-20 17:10:00+00:00,0.9367723302810428,0.9186603816942425,1.0
2026-04-20 17:15:00+00:00,0.9367723302810428,0.9186603816942425,1.0
2026-04-20 17:20:00+00:00,0.9367723302810428,0.917824944813081,1.0
2026-04-20 17:25:00+00:00,0.9367723302810428,0.9177932525587227,1.0
2026-04-20 17:30:00+00:00,0.9367723302810428,0.9189447476453124,1.0
2026-04-20 17:35:00+00:00,0.9367723302810428,0.9167158289063172,1.0
2026-04-20 17:40:00+00:00,0.9367723302810428,0.9201390277942644,1.0
2026-04-20 17:45:00+00:00,0.9367723302810428,0.9187870062333701,1.0
2026-04-20 17:50:00+00:00,0.9367723302810428,0.9180094494525731,1.0
2026-04-20 17:55:00+00:00,0.9367723302810428,0.9140660040945218,1.0
2026-04-20 18:00:00+00:00,0.9367723302810428,0.9095699062486087,1.0
2026-04-20 18:05:00+00:00,0.9367723302810428,0.9089332073142347,1.0
2026-04-20 18:10:00+00:00,0.9367723302810428,0.9089332073142347,1.0
2026-04-20 18:15:00+00:00,0.9367723302810428,0.9114809588837458,1.0
2026-04-20 18:20:00+00:00,0.9367723302810428,0.9069155803617852,1.0
2026-04-20 18:25:00+00:00,0.9367723302810428,0.9091553384492166,1.0
2026-04-20 18:30:00+00:00,0.9367723302810428,0.91064663584376,1.0
2026-04-20 18:35:00+00:00,0.9367723302810428,0.9138044856709183,1.0
2026-04-20 18:40:00+00:00,0.9367723302810428,0.9271649725166733,1.0
2026-04-20 18:45:00+00:00,0.9367723302810428,0.9246156472609809,1.0
2026-04-20 18:50:00+00:00,0.9367723302810428,0.9234618910095712,1.0
2026-04-20 18:55:00+00:00,0.9367723302810428,0.9239453308154869,1.0
2026-04-20 19:00:00+00:00,0.9367723302810428,0.9165022312280602,1.0
2026-04-20 19:05:00+00:00,0.9367723302810428,0.9150217416142414,1.0
2026-04-20 19:10:00+00:00,0.9367723302810428,0.9165145818942755,1.0
2026-04-20 19:15:00+00:00,0.9367723302810428,0.9108406307127022,1.0
2026-04-20 19:20:00+00:00,0.9367723302810428,0.9102030422712032,1.0
2026-04-20 19:25:00+00:00,0.9367723302810428,0.9102030422712032,1.0
2026-04-20 19:30:00+00:00,0.9367723302810428,0.9102030422712032,1.0
2026-04-20 19:35:00+00:00,0.9367723302810428,0.9102030422712032,1.0
2026-04-20 19:40:00+00:00,0.9367723302810428,0.9102030422712032,1.0
2026-04-20 19:45:00+00:00,0.9367723302810428,0.9102030422712032,1.0
2026-04-20 19:50:00+00:00,0.9367723302810428,0.9102030422712032,1.0
2026-04-20 19:55:00+00:00,0.9367723302810428,0.9102030422712032,1.0
2026-04-21 13:30:00+00:00,0.9367723302810428,0.9102030422712032,1.0
2026-04-21 13:35:00+00:00,0.9367723302810428,0.9075773994464859,1.0
2026-04-21 13:40:00+00:00,0.9367723302810428,0.9055305047215588,1.0
2026-04-21 13:45:00+00:00,0.9367723302810428,0.9015878374473801,1.0
2026-04-21 13:50:00+00:00,0.9367723302810428,0.9009567259611669,1.0
2026-04-21 13:55:00+00:00,0.9367723302810428,0.9009567259611669,1.0
2026-04-21 14:00:00+00:00,0.9367723302810428,0.9009567259611669,1.0
2026-04-21 14:05:00+00:00,0.9367723302810428,0.9009567259611669,1.0
2026-04-21 14:10:00+00:00,0.9367723302810428,0.9009567259611669,1.0
2026-04-21 14:15:00+00:00,0.9367723302810428,0.9009567259611669,1.0
2026-04-21 14:20:00+00:00,0.9367723302810428,0.9009567259611669,1.0
2026-04-21 14:25:00+00:00,0.9367723302810428,0.9009567259611669,1.0
2026-04-21 14:30:00+00:00,0.9367723302810428,0.9009567259611669,1.0
2026-04-21 14:35:00+00:00,0.9367723302810428,0.9009567259611669,1.0
2026-04-21 14:40:00+00:00,0.9367723302810428,0.895608225162291,1.0
2026-04-21 14:45:00+00:00,0.9367723302810428,0.8966346708074711,1.0
2026-04-21 14:50:00+00:00,0.9367723302810428,0.8929203925999355,1.0
2026-04-21 14:55:00+00:00,0.9367723302810428,0.8944051446913421,1.0
2026-04-21 15:00:00+00:00,0.9367723302810428,0.8918039436835633,1.0
2026-04-21 15:05:00+00:00,0.9367723302810428,0.8911796809229848,1.0
2026-04-21 15:10:00+00:00,0.9367723302810428,0.8911796809229848,1.0
2026-04-21 15:15:00+00:00,0.9367723302810428,0.8911796809229848,1.0
2026-04-21 15:20:00+00:00,0.9367723302810428,0.8911796809229848,1.0
2026-04-21 15:25:00+00:00,0.9367723302810428,0.8911796809229848,1.0
2026-04-21 15:30:00+00:00,0.9367723302810428,0.8911796809229848,1.0
2026-04-21 15:35:00+00:00,0.9367723302810428,0.8911796809229848,1.0
2026-04-21 15:40:00+00:00,0.9367723302810428,0.8911796809229848,1.0
2026-04-21 15:45:00+00:00,0.9367723302810428,0.8911796809229848,1.0
2026-04-21 15:50:00+00:00,0.9367723302810428,0.8911796809229848,1.0
2026-04-21 15:55:00+00:00,0.9367723302810428,0.8911796809229848,1.0
2026-04-21 16:00:00+00:00,0.9367723302810428,0.8911796809229848,1.0
2026-04-21 16:05:00+00:00,0.9367723302810428,0.8911796809229848,1.0
2026-04-21 16:10:00+00:00,0.9367723302810428,0.8911796809229848,1.0
2026-04-21 16:15:00+00:00,0.9367723302810428,0.8911796809229848,1.0
2026-04-21 16:20:00+00:00,0.9367723302810428,0.8911796809229848,1.0
2026-04-21 16:25:00+00:00,0.9367723302810428,0.8911796809229848,1.0
2026-04-21 16:30:00+00:00,0.9367723302810428,0.8911796809229848,1.0
2026-04-21 16:35:00+00:00,0.9367723302810428,0.8911796809229848,1.0
2026-04-21 16:40:00+00:00,0.9367723302810428,0.8911796809229848,1.0
2026-04-21 16:45:00+00:00,0.9358694535490077,0.8911796809229848,1.0
2026-04-21 16:50:00+00:00,0.9390617728377085,0.8911796809229848,1.0
2026-04-21 16:55:00+00:00,0.9362436525291886,0.8911796809229848,1.0
2026-04-21 17:00:00+00:00,0.9329144464853664,0.8911796809229848,1.0
2026-04-21 17:05:00+00:00,0.9351095119692804,0.8911796809229848,1.0
2026-04-21 17:10:00+00:00,0.93544162806866,0.8911796809229848,1.0
2026-04-21 17:15:00+00:00,0.9334725428701469,0.8911796809229848,1.0
2026-04-21 17:20:00+00:00,0.9354180821622992,0.8911796809229848,1.0
2026-04-21 17:25:00+00:00,0.9360094881494546,0.8911796809229848,1.0
2026-04-21 17:30:00+00:00,0.9334669113717192,0.8911796809229848,1.0
2026-04-21 17:35:00+00:00,0.9302150551448024,0.8911796809229848,1.0
2026-04-21 17:40:00+00:00,0.929563904606201,0.8911796809229848,1.0
2026-04-21 17:45:00+00:00,0.929563904606201,0.8911796809229848,1.0
2026-04-21 17:50:00+00:00,0.929563904606201,0.8911796809229848,1.0
2026-04-21 17:55:00+00:00,0.929563904606201,0.8911796809229848,1.0
2026-04-21 18:00:00+00:00,0.929563904606201,0.8911796809229848,1.0
2026-04-21 18:05:00+00:00,0.929563904606201,0.8911796809229848,1.0
2026-04-21 18:10:00+00:00,0.9330491555828949,0.8911796809229848,1.0
2026-04-21 18:15:00+00:00,0.9339552066378861,0.8911796809229848,1.0
2026-04-21 18:20:00+00:00,0.9302758856026294,0.8911796809229848,1.0
2026-04-21 18:25:00+00:00,0.9342361413982061,0.8911796809229848,1.0
2026-04-21 18:30:00+00:00,0.938412684293435,0.8911796809229848,1.0
2026-04-21 18:35:00+00:00,0.9316584607681925,0.8841415910737678,1.0
2026-04-21 18:40:00+00:00,0.9335910709959322,0.8859756334333148,1.0
2026-04-21 18:45:00+00:00,0.928992412891329,0.8816115181865583,1.0
2026-04-21 18:50:00+00:00,0.9290262923397222,0.8809943901238276,1.0
2026-04-21 18:55:00+00:00,0.9282513430189987,0.8809943901238276,1.0
2026-04-21 19:00:00+00:00,0.9347457712011493,0.8809943901238276,1.0
2026-04-21 19:05:00+00:00,0.9327764560532762,0.8809943901238276,1.0
2026-04-21 19:10:00+00:00,0.9322405168921223,0.8809943901238276,1.0
2026-04-21 19:15:00+00:00,0.9384498266693487,0.8809943901238276,1.0
2026-04-21 19:20:00+00:00,0.9374307582256797,0.8809943901238276,1.0
2026-04-21 19:25:00+00:00,0.9364786121851568,0.8809943901238276,1.0
2026-04-21 19:30:00+00:00,0.9356020414295517,0.8809943901238276,1.0
2026-04-21 19:35:00+00:00,0.9315118419979488,0.8809943901238276,1.0
2026-04-21 19:40:00+00:00,0.9325902120938886,0.8809943901238276,1.0
2026-04-21 19:45:00+00:00,0.9362069385120022,0.8809943901238276,1.0
2026-04-21 19:50:00+00:00,0.9433424733032212,0.8809943901238276,1.0
2026-04-21 19:55:00+00:00,0.9414617241173024,0.8786212487205286,1.0
2026-04-22 13:30:00+00:00,0.9532279842353093,0.8896021371547839,1.0
2026-04-22 13:35:00+00:00,0.9495825063466393,0.8861999868042432,1.0
2026-04-22 13:40:00+00:00,0.9489177985921966,0.8873637222497429,1.0
2026-04-22 13:45:00+00:00,0.9489177985921966,0.8875356938877538,1.0
2026-04-22 13:50:00+00:00,0.9489177985921966,0.886568988464695,1.0
2026-04-22 13:55:00+00:00,0.9489177985921966,0.8869164574589178,1.0
2026-04-22 14:00:00+00:00,0.9458159231801274,0.8846380970081856,1.0
2026-04-22 14:05:00+00:00,0.9451538520339013,0.8812044193737841,1.0
2026-04-22 14:10:00+00:00,0.9451538520339013,0.8817411129703446,1.0
2026-04-22 14:15:00+00:00,0.9451538520339013,0.8798397691219593,1.0
2026-04-22 14:20:00+00:00,0.9451538520339013,0.8787268624139427,1.0
2026-04-22 14:25:00+00:00,0.9451538520339013,0.878111753610253,1.0
2026-04-22 14:30:00+00:00,0.9451538520339013,0.878111753610253,1.0
2026-04-22 14:35:00+00:00,0.9451538520339013,0.878111753610253,1.0
2026-04-22 14:40:00+00:00,0.9451538520339013,0.878111753610253,1.0
2026-04-22 14:45:00+00:00,0.9451538520339013,0.878111753610253,1.0
2026-04-22 14:50:00+00:00,0.9451538520339013,0.878111753610253,1.0
2026-04-22 14:55:00+00:00,0.9451538520339013,0.878111753610253,1.0
2026-04-22 15:00:00+00:00,0.9451538520339013,0.878111753610253,1.0
2026-04-22 15:05:00+00:00,0.9451538520339013,0.8801921243558392,1.0
2026-04-22 15:10:00+00:00,0.9451538520339013,0.8741378810901752,1.0
2026-04-22 15:15:00+00:00,0.9451538520339013,0.877381227169028,1.0
2026-04-22 15:20:00+00:00,0.9451538520339013,0.8701377876511419,1.0
2026-04-22 15:25:00+00:00,0.9451538520339013,0.869528691199786,1.0
2026-04-22 15:30:00+00:00,0.9451538520339013,0.869528691199786,1.0
2026-04-22 15:35:00+00:00,0.9451538520339013,0.869528691199786,1.0
2026-04-22 15:40:00+00:00,0.9451538520339013,0.869528691199786,1.0
2026-04-22 15:45:00+00:00,0.9451538520339013,0.869528691199786,1.0
2026-04-22 15:50:00+00:00,0.9451538520339013,0.869528691199786,1.0
2026-04-22 15:55:00+00:00,0.9451538520339013,0.869528691199786,1.0
2026-04-22 16:00:00+00:00,0.9451538520339013,0.869528691199786,1.0
2026-04-22 16:05:00+00:00,0.9451538520339013,0.869528691199786,1.0
2026-04-22 16:10:00+00:00,0.9451538520339013,0.8709620017018422,1.0
2026-04-22 16:15:00+00:00,0.9451538520339013,0.8712300804148073,1.0
2026-04-22 16:20:00+00:00,0.9451538520339013,0.8652476238260512,1.0
2026-04-22 16:25:00+00:00,0.9451538520339013,0.8629784457488886,1.0
2026-04-22 16:30:00+00:00,0.9451538520339013,0.8596882498170725,1.0
2026-04-22 16:35:00+00:00,0.9451538520339013,0.8590864680422005,1.0
2026-04-22 16:40:00+00:00,0.9451538520339013,0.8590864680422005,1.0
2026-04-22 16:45:00+00:00,0.9451538520339013,0.8590864680422005,1.0
2026-04-22 16:50:00+00:00,0.9451538520339013,0.8590864680422005,1.0
2026-04-22 16:55:00+00:00,0.9451538520339013,0.8590864680422005,1.0
2026-04-22 17:00:00+00:00,0.9451538520339013,0.8590864680422005,1.0
2026-04-22 17:05:00+00:00,0.9451538520339013,0.8590864680422005,1.0
2026-04-22 17:10:00+00:00,0.9451538520339013,0.8590864680422005,1.0
2026-04-22 17:15:00+00:00,0.9451538520339013,0.8590864680422005,1.0
2026-04-22 17:20:00+00:00,0.9451538520339013,0.8590864680422005,1.0
2026-04-22 17:25:00+00:00,0.9451538520339013,0.8590864680422005,1.0
2026-04-22 17:30:00+00:00,0.9451538520339013,0.8590864680422005,1.0
2026-04-22 17:35:00+00:00,0.9451538520339013,0.8590864680422005,1.0
2026-04-22 17:40:00+00:00,0.9451538520339013,0.8590864680422005,1.0
2026-04-22 17:45:00+00:00,0.9451538520339013,0.8590864680422005,1.0
2026-04-22 17:50:00+00:00,0.9451538520339013,0.8590864680422005,1.0
2026-04-22 17:55:00+00:00,0.9451538520339013,0.8590864680422005,1.0
2026-04-22 18:00:00+00:00,0.9451538520339013,0.8590864680422005,1.0
2026-04-22 18:05:00+00:00,0.9451538520339013,0.8590864680422005,1.0
2026-04-22 18:10:00+00:00,0.9451538520339013,0.8590864680422005,1.0
2026-04-22 18:15:00+00:00,0.9451538520339013,0.8590864680422005,1.0
2026-04-22 18:20:00+00:00,0.9451538520339013,0.8590864680422005,1.0
2026-04-22 18:25:00+00:00,0.9398153783549554,0.8590864680422005,1.0
2026-04-22 18:30:00+00:00,0.939157507590107,0.8590864680422005,1.0
2026-04-22 18:35:00+00:00,0.939157507590107,0.8590864680422005,1.0
2026-04-22 18:40:00+00:00,0.939157507590107,0.8590864680422005,1.0
2026-04-22 18:45:00+00:00,0.939157507590107,0.8590864680422005,1.0
2026-04-22 18:50:00+00:00,0.939157507590107,0.8624604187158259,1.0
2026-04-22 18:55:00+00:00,0.939157507590107,0.8668307402548485,1.0
2026-04-22 19:00:00+00:00,0.939157507590107,0.8727044377920969,1.0
2026-04-22 19:05:00+00:00,0.939157507590107,0.8750783354537564,1.0
2026-04-22 19:10:00+00:00,0.939157507590107,0.8767725186937165,1.0
2026-04-22 19:15:00+00:00,0.939157507590107,0.8797428389914677,1.0
2026-04-22 19:20:00+00:00,0.939157507590107,0.879344645298298,1.0
2026-04-22 19:25:00+00:00,0.939157507590107,0.8759916443014492,1.0
2026-04-22 19:30:00+00:00,0.939157507590107,0.8766792650379284,1.0
2026-04-22 19:35:00+00:00,0.939157507590107,0.8765744051281478,1.0
2026-04-22 19:40:00+00:00,0.939157507590107,0.8770419841458146,1.0
2026-04-22 19:45:00+00:00,0.939157507590107,0.8741500011948635,1.0
2026-04-22 19:50:00+00:00,0.939157507590107,0.873965238703159,1.0
2026-04-22 19:55:00+00:00,0.939157507590107,0.8743635728844074,1.0
2026-04-23 13:30:00+00:00,0.939157507590107,0.867581238315144,1.0
2026-04-23 13:35:00+00:00,0.939157507590107,0.8669739314483234,1.0
2026-04-23 13:40:00+00:00,0.939157507590107,0.8669739314483234,1.0
2026-04-23 13:45:00+00:00,0.9399344380734789,0.8669739314483234,1.0
2026-04-23 13:50:00+00:00,0.9374598718959336,0.8669739314483234,1.0
2026-04-23 13:55:00+00:00,0.9368036499856064,0.8669739314483234,1.0
2026-04-23 14:00:00+00:00,0.9368036499856064,0.8669739314483234,1.0
2026-04-23 14:05:00+00:00,0.9368036499856064,0.8669739314483234,1.0
2026-04-23 14:10:00+00:00,0.9368036499856064,0.8669739314483234,1.0
2026-04-23 14:15:00+00:00,0.9368036499856064,0.8669739314483234,1.0
2026-04-23 14:20:00+00:00,0.9368036499856064,0.8669739314483234,1.0
2026-04-23 14:25:00+00:00,0.9368036499856064,0.8669739314483234,1.0
2026-04-23 14:30:00+00:00,0.9368036499856064,0.8669739314483234,1.0
2026-04-23 14:35:00+00:00,0.9368036499856064,0.8669739314483234,1.0
2026-04-23 14:40:00+00:00,0.9368036499856064,0.8669739314483234,1.0
2026-04-23 14:45:00+00:00,0.9368036499856064,0.8702056673851154,1.0
2026-04-23 14:50:00+00:00,0.9368036499856064,0.8674503279536924,1.0
2026-04-23 14:55:00+00:00,0.9368036499856064,0.8649555029395838,1.0
2026-04-23 15:00:00+00:00,0.9368036499856064,0.8597983416876702,1.0
2026-04-23 15:05:00+00:00,0.9368036499856064,0.8599030493190508,1.0
2026-04-23 15:10:00+00:00,0.9368036499856064,0.8609042562100679,1.0
2026-04-23 15:15:00+00:00,0.9368036499856064,0.8635918518379803,1.0
2026-04-23 15:20:00+00:00,0.9368036499856064,0.867721594053782,1.0
2026-04-23 15:25:00+00:00,0.9368036499856064,0.8660021336201635,1.0
2026-04-23 15:30:00+00:00,0.9368036499856064,0.8690374611366787,1.0
2026-04-23 15:35:00+00:00,0.9368036499856064,0.8704697823421526,1.0
2026-04-23 15:40:00+00:00,0.9368036499856064,0.8732479718392174,1.0
2026-04-23 15:45:00+00:00,0.9368036499856064,0.8782911461076421,1.0
2026-04-23 15:50:00+00:00,0.9368036499856064,0.8797115669288523,1.0
2026-04-23 15:55:00+00:00,0.9368036499856064,0.8785662116945807,1.0
2026-04-23 16:00:00+00:00,0.9368036499856064,0.8746004634968012,1.0
2026-04-23 16:05:00+00:00,0.9368036499856064,0.871966195546811,1.0
2026-04-23 16:10:00+00:00,0.9368036499856064,0.8685994794903817,1.0
2026-04-23 16:15:00+00:00,0.9368036499856064,0.871483812233345,1.0
2026-04-23 16:20:00+00:00,0.9368036499856064,0.8748241698560735,1.0
2026-04-23 16:25:00+00:00,0.9368036499856064,0.8754528077436713,1.0
2026-04-23 16:30:00+00:00,0.9368036499856064,0.873854471792822,1.0
2026-04-23 16:35:00+00:00,0.9368036499856064,0.8767767664434929,1.0
2026-04-23 16:40:00+00:00,0.9368036499856064,0.8698717933629533,1.0
2026-04-23 16:45:00+00:00,0.9368036499856064,0.8692628831075991,1.0
2026-04-23 16:50:00+00:00,0.9368036499856064,0.8692628831075991,1.0
2026-04-23 16:55:00+00:00,0.9368036499856064,0.8692628831075991,1.0
2026-04-23 17:00:00+00:00,0.9368036499856064,0.8686488756398004,1.0
2026-04-23 17:05:00+00:00,0.9368036499856064,0.8698546260598444,1.0
2026-04-23 17:10:00+00:00,0.9368036499856064,0.864071179435337,1.0
2026-04-23 17:15:00+00:00,0.9368036499856064,0.8585170457487724,1.0
2026-04-23 17:20:00+00:00,0.9368036499856064,0.8579160838167482,1.0
2026-04-23 17:25:00+00:00,0.9368036499856064,0.8579160838167482,1.0
2026-04-23 17:30:00+00:00,0.9368036499856064,0.8579160838167482,1.0
2026-04-23 17:35:00+00:00,0.9368036499856064,0.8579160838167482,1.0
2026-04-23 17:40:00+00:00,0.9368036499856064,0.8579160838167482,1.0
2026-04-23 17:45:00+00:00,0.9368036499856064,0.8579160838167482,1.0
2026-04-23 17:50:00+00:00,0.9368036499856064,0.8579160838167482,1.0
2026-04-23 17:55:00+00:00,0.9368036499856064,0.8579160838167482,1.0
2026-04-23 18:00:00+00:00,0.9368036499856064,0.8579160838167482,1.0
2026-04-23 18:05:00+00:00,0.9368036499856064,0.8579160838167482,1.0
2026-04-23 18:10:00+00:00,0.9368036499856064,0.8522519346293553,1.0
2026-04-23 18:15:00+00:00,0.9368036499856064,0.8493040743083883,1.0
2026-04-23 18:20:00+00:00,0.9368036499856064,0.8469407347752568,1.0
2026-04-23 18:25:00+00:00,0.9368036499856064,0.8463478762609141,1.0
2026-04-23 18:30:00+00:00,0.9368036499856064,0.8463478762609141,1.0
2026-04-23 18:35:00+00:00,0.9368036499856064,0.8463478762609141,1.0
2026-04-23 18:40:00+00:00,0.9368036499856064,0.8463478762609141,1.0
2026-04-23 18:45:00+00:00,0.9368036499856064,0.8463478762609141,1.0
2026-04-23 18:50:00+00:00,0.9368036499856064,0.8463478762609141,1.0
2026-04-23 18:55:00+00:00,0.9368036499856064,0.8463478762609141,1.0
2026-04-23 19:00:00+00:00,0.9368036499856064,0.8463478762609141,1.0
2026-04-23 19:05:00+00:00,0.9368036499856064,0.8463478762609141,1.0
2026-04-23 19:10:00+00:00,0.9368036499856064,0.8463478762609141,1.0
2026-04-23 19:15:00+00:00,0.9368036499856064,0.8463478762609141,1.0
2026-04-23 19:20:00+00:00,0.9368036499856064,0.8440997441098401,1.0
2026-04-23 19:25:00+00:00,0.9368036499856064,0.8413483671924764,1.0
2026-04-23 19:30:00+00:00,0.9368036499856064,0.8422589048458711,1.0
2026-04-23 19:35:00+00:00,0.9368036499856064,0.8423110810091043,1.0
2026-04-23 19:40:00+00:00,0.9368036499856064,0.8423090119106003,1.0
2026-04-23 19:45:00+00:00,0.9368036499856064,0.8435910018645096,1.0
2026-04-23 19:50:00+00:00,0.9368036499856064,0.8414567268850062,1.0
2026-04-23 19:55:00+00:00,0.9368036499856064,0.8438536971544356,1.0
2026-04-24 13:30:00+00:00,0.9368036499856064,0.8476774185100859,1.0
2026-04-24 13:35:00+00:00,0.9368036499856064,0.8433901256588476,1.0
2026-04-24 13:40:00+00:00,0.9368036499856064,0.8431932321289298,1.0
2026-04-24 13:45:00+00:00,0.9368036499856064,0.840694613831928,1.0
2026-04-24 13:50:00+00:00,0.9368036499856064,0.8401061276022457,1.0
2026-04-24 13:55:00+00:00,0.9368036499856064,0.8401061276022457,1.0
2026-04-24 14:00:00+00:00,0.9368036499856064,0.8401061276022457,1.0
2026-04-24 14:05:00+00:00,0.9368036499856064,0.8401061276022457,1.0
2026-04-24 14:10:00+00:00,0.9368036499856064,0.8401061276022457,1.0
2026-04-24 14:15:00+00:00,0.9368036499856064,0.8386683777780862,1.0
2026-04-24 14:20:00+00:00,0.9368036499856064,0.8390255916633498,1.0
2026-04-24 14:25:00+00:00,0.9368036499856064,0.8363930392264362,1.0
2026-04-24 14:30:00+00:00,0.9368036499856064,0.8376580351693299,1.0
2026-04-24 14:35:00+00:00,0.9368036499856064,0.8384755143898593,1.0
2026-04-24 14:40:00+00:00,0.9368036499856064,0.834195807972471,1.0
2026-04-24 14:45:00+00:00,0.9368036499856064,0.8336118709068902,1.0
2026-04-24 14:50:00+00:00,0.9368036499856064,0.8336118709068902,1.0
2026-04-24 14:55:00+00:00,0.9368036499856064,0.8336118709068902,1.0
2026-04-24 15:00:00+00:00,0.9368036499856064,0.8336118709068902,1.0
2026-04-24 15:05:00+00:00,0.9368036499856064,0.8336118709068902,1.0
2026-04-24 15:10:00+00:00,0.9368036499856064,0.8328928885688198,1.0
2026-04-24 15:15:00+00:00,0.9368036499856064,0.8353406558503328,1.0
2026-04-24 15:20:00+00:00,0.9368036499856064,0.835937749163444,1.0
2026-04-24 15:25:00+00:00,0.9368036499856064,0.8363258817664208,1.0
2026-04-24 15:30:00+00:00,0.9368036499856064,0.8354164962864751,1.0
2026-04-24 15:35:00+00:00,0.9368036499856064,0.8388256770176005,1.0
2026-04-24 15:40:00+00:00,0.9368036499856064,0.841194635807325,1.0
2026-04-24 15:45:00+00:00,0.9368036499856064,0.8444180048017105,1.0
2026-04-24 15:50:00+00:00,0.9368036499856064,0.84369399318352,1.0
2026-04-24 15:55:00+00:00,0.9368036499856064,0.8461148054943045,1.0
2026-04-24 16:00:00+00:00,0.9368036499856064,0.8453697726146232,1.0
2026-04-24 16:05:00+00:00,0.9368036499856064,0.849965620695553,1.0
2026-04-24 16:10:00+00:00,0.9368036499856064,0.8546819503412619,1.0
2026-04-24 16:15:00+00:00,0.9368036499856064,0.85352275292309,1.0
2026-04-24 16:20:00+00:00,0.9368036499856064,0.8544853497544846,1.0
2026-04-24 16:25:00+00:00,0.9368036499856064,0.8577287457811956,1.0
2026-04-24 16:30:00+00:00,0.9368036499856064,0.8638674525537949,1.0
2026-04-24 16:35:00+00:00,0.9368036499856064,0.8651819014262057,1.0
2026-04-24 16:40:00+00:00,0.9368036499856064,0.8631048164820573,1.0
2026-04-24 16:45:00+00:00,0.9368036499856064,0.8629063622183952,1.0
2026-04-24 16:50:00+00:00,0.9368036499856064,0.8658766811876302,1.0
2026-04-24 16:55:00+00:00,0.9368036499856064,0.862589019217354,1.0
2026-04-24 17:00:00+00:00,0.9368036499856064,0.8615973607239338,1.0
2026-04-24 17:05:00+00:00,0.9368036499856064,0.8603930152026318,1.0
2026-04-24 17:10:00+00:00,0.9368036499856064,0.8586617685149176,1.0
2026-04-24 17:15:00+00:00,0.9368036499856064,0.8586854063882352,1.0
2026-04-24 17:20:00+00:00,0.9368036499856064,0.8531140041963641,1.0
2026-04-24 17:25:00+00:00,0.9368036499856064,0.8525168243934266,1.0
2026-04-24 17:30:00+00:00,0.9368036499856064,0.8525168243934266,1.0
2026-04-24 17:35:00+00:00,0.9368036499856064,0.8525168243934266,1.0
2026-04-24 17:40:00+00:00,0.9368036499856064,0.8525168243934266,1.0
2026-04-24 17:45:00+00:00,0.9368036499856064,0.8525168243934266,1.0
2026-04-24 17:50:00+00:00,0.9368036499856064,0.8525168243934266,1.0
2026-04-24 17:55:00+00:00,0.9368036499856064,0.8525168243934266,1.0
2026-04-24 18:00:00+00:00,0.9368036499856064,0.8525168243934266,1.0
2026-04-24 18:05:00+00:00,0.9368036499856064,0.8525168243934266,1.0
2026-04-24 18:10:00+00:00,0.9368036499856064,0.8525168243934266,1.0
2026-04-24 18:15:00+00:00,0.9368036499856064,0.8525168243934266,1.0
2026-04-24 18:20:00+00:00,0.9368036499856064,0.8525168243934266,1.0
2026-04-24 18:25:00+00:00,0.9368036499856064,0.8525168243934266,1.0
2026-04-24 18:30:00+00:00,0.9368036499856064,0.8525168243934266,1.0
2026-04-24 18:35:00+00:00,0.9368036499856064,0.8525168243934266,1.0
2026-04-24 18:40:00+00:00,0.9368036499856064,0.8525168243934266,1.0
2026-04-24 18:45:00+00:00,0.9368036499856064,0.8525168243934266,1.0
2026-04-24 18:50:00+00:00,0.9368036499856064,0.8525168243934266,1.0
2026-04-24 18:55:00+00:00,0.9368036499856064,0.8525168243934266,1.0
2026-04-24 19:00:00+00:00,0.9368036499856064,0.8525168243934266,1.0
2026-04-24 19:05:00+00:00,0.9368036499856064,0.8525168243934266,1.0
2026-04-24 19:10:00+00:00,0.9368036499856064,0.8514070584035778,1.0
2026-04-24 19:15:00+00:00,0.9368036499856064,0.8530433261560735,1.0
2026-04-24 19:20:00+00:00,0.9368036499856064,0.858791587689987,1.0
2026-04-24 19:25:00+00:00,0.9368036499856064,0.8631095183502956,1.0
2026-04-24 19:30:00+00:00,0.9368036499856064,0.8643097905450599,1.0
2026-04-24 19:35:00+00:00,0.9368036499856064,0.8659159927695109,1.0
2026-04-24 19:40:00+00:00,0.9368036499856064,0.863847985248469,1.0
2026-04-24 19:45:00+00:00,0.9368036499856064,0.8672870725409318,1.0
2026-04-24 19:50:00+00:00,0.9368036499856064,0.8727539609138141,1.0
2026-04-24 19:55:00+00:00,0.9368036499856064,0.8734705344072619,1.0
2026-04-27 13:30:00+00:00,0.9368036499856064,0.872422224117833,1.0
2026-04-27 13:35:00+00:00,0.9368036499856064,0.8740656562404835,1.0
2026-04-27 13:40:00+00:00,0.9368036499856064,0.8774229531793711,1.0
2026-04-27 13:45:00+00:00,0.9368036499856064,0.8803272826489877,1.0
2026-04-27 13:50:00+00:00,0.9368036499856064,0.8819948418081948,1.0
2026-04-27 13:55:00+00:00,0.9368036499856064,0.882874373435022,1.0
2026-04-27 14:00:00+00:00,0.9368036499856064,0.8836371206829475,1.0
2026-04-27 14:05:00+00:00,0.9368036499856064,0.8830185450234821,1.0
2026-04-27 14:10:00+00:00,0.9368036499856064,0.8801155949173541,1.0
2026-04-27 14:15:00+00:00,0.9368036499856064,0.8838398010961085,1.0
2026-04-27 14:20:00+00:00,0.9368036499856064,0.8833036098856938,1.0
2026-04-27 14:25:00+00:00,0.9368036499856064,0.8829768167849443,1.0
2026-04-27 14:30:00+00:00,0.9368036499856064,0.8811815091865651,1.0
2026-04-27 14:35:00+00:00,0.9368036499856064,0.8831612237317005,1.0
2026-04-27 14:40:00+00:00,0.9368036499856064,0.8827445763224689,1.0
2026-04-27 14:45:00+00:00,0.9368036499856064,0.8854780211015554,1.0
2026-04-27 14:50:00+00:00,0.9368036499856064,0.8904886269645902,1.0
2026-04-27 14:55:00+00:00,0.9368036499856064,0.8826845614799765,1.0
2026-04-27 15:00:00+00:00,0.9368036499856064,0.8819267811978445,1.0
2026-04-27 15:05:00+00:00,0.9368036499856064,0.8764359855502821,1.0
2026-04-27 15:10:00+00:00,0.9368036499856064,0.8758224803603969,1.0
2026-04-27 15:15:00+00:00,0.9368036499856064,0.8758224803603969,1.0
2026-04-27 15:20:00+00:00,0.9368036499856064,0.8753420567129934,1.0
2026-04-27 15:25:00+00:00,0.9368036499856064,0.8717204860343555,1.0
2026-04-27 15:30:00+00:00,0.9368036499856064,0.8683005262036035,1.0
2026-04-27 15:35:00+00:00,0.9368036499856064,0.867692715835261,1.0
2026-04-27 15:40:00+00:00,0.9368036499856064,0.867692715835261,1.0
2026-04-27 15:45:00+00:00,0.9368036499856064,0.867692715835261,1.0
2026-04-27 15:50:00+00:00,0.9368036499856064,0.867692715835261,1.0
2026-04-27 15:55:00+00:00,0.9368036499856064,0.867692715835261,1.0
2026-04-27 16:00:00+00:00,0.9368036499856064,0.867692715835261,1.0
2026-04-27 16:05:00+00:00,0.9368036499856064,0.867692715835261,1.0
2026-04-27 16:10:00+00:00,0.9368036499856064,0.867692715835261,1.0
2026-04-27 16:15:00+00:00,0.9368036499856064,0.867692715835261,1.0
2026-04-27 16:20:00+00:00,0.9368036499856064,0.867692715835261,1.0
2026-04-27 16:25:00+00:00,0.9368036499856064,0.867692715835261,1.0
2026-04-27 16:30:00+00:00,0.9368036499856064,0.8648072388842342,1.0
2026-04-27 16:35:00+00:00,0.9368036499856064,0.8635634587228455,1.0
2026-04-27 16:40:00+00:00,0.9368036499856064,0.8634977869063393,1.0
2026-04-27 16:45:00+00:00,0.9368036499856064,0.864768565260301,1.0
2026-04-27 16:50:00+00:00,0.9368036499856064,0.86597556840086,1.0
2026-04-27 16:55:00+00:00,0.9368036499856064,0.8662931015027411,1.0
2026-04-27 17:00:00+00:00,0.9368036499856064,0.8663128687749377,1.0
2026-04-27 17:05:00+00:00,0.9368036499856064,0.8601878032292597,1.0
2026-04-27 17:10:00+00:00,0.9368036499856064,0.8595856717669992,1.0
2026-04-27 17:15:00+00:00,0.9368036499856064,0.8595856717669992,1.0
2026-04-27 17:20:00+00:00,0.9368036499856064,0.8595856717669992,1.0
2026-04-27 17:25:00+00:00,0.9368036499856064,0.8595856717669992,1.0
2026-04-27 17:30:00+00:00,0.9368036499856064,0.8595856717669992,1.0
2026-04-27 17:35:00+00:00,0.9368036499856064,0.8595856717669992,1.0
2026-04-27 17:40:00+00:00,0.9368036499856064,0.8595856717669992,1.0
2026-04-27 17:45:00+00:00,0.9368036499856064,0.8564621939159737,1.0
2026-04-27 17:50:00+00:00,0.9368036499856064,0.8559118820044956,1.0
2026-04-27 17:55:00+00:00,0.9368036499856064,0.8575311182777785,1.0
2026-04-27 18:00:00+00:00,0.9368036499856064,0.8612659276792816,1.0
2026-04-27 18:05:00+00:00,0.9368036499856064,0.8640363876696786,1.0
2026-04-27 18:10:00+00:00,0.9368036499856064,0.8689649051205948,1.0
2026-04-27 18:15:00+00:00,0.9368036499856064,0.8715226245857772,1.0
2026-04-27 18:20:00+00:00,0.9368036499856064,0.8701358373895037,1.0
2026-04-27 18:25:00+00:00,0.9368036499856064,0.8678350291827596,1.0
2026-04-27 18:30:00+00:00,0.9368036499856064,0.8739063637603706,1.0
2026-04-27 18:35:00+00:00,0.9368036499856064,0.8755049585277663,1.0
2026-04-27 18:40:00+00:00,0.9368036499856064,0.877021132435815,1.0
2026-04-27 18:45:00+00:00,0.9368036499856064,0.8807460055766378,1.0
2026-04-27 18:50:00+00:00,0.9368036499856064,0.8845736192511642,1.0
2026-04-27 18:55:00+00:00,0.9368036499856064,0.8831230039678425,1.0
2026-04-27 19:00:00+00:00,0.9368036499856064,0.8839077477508737,1.0
2026-04-27 19:05:00+00:00,0.9368036499856064,0.8875664091005399,1.0
2026-04-27 19:10:00+00:00,0.9368036499856064,0.886146703096827,1.0
2026-04-27 19:15:00+00:00,0.9368036499856064,0.8825613621185999,1.0
2026-04-27 19:20:00+00:00,0.9368036499856064,0.8868243296685171,1.0
2026-04-27 19:25:00+00:00,0.9368036499856064,0.8899030217960937,1.0
2026-04-27 19:30:00+00:00,0.9368036499856064,0.8895420585282597,1.0
2026-04-27 19:35:00+00:00,0.9368036499856064,0.8905824277153469,1.0
2026-04-27 19:40:00+00:00,0.9368036499856064,0.891287745055283,1.0
2026-04-27 19:45:00+00:00,0.9368036499856064,0.8894193963560614,1.0
2026-04-27 19:50:00+00:00,0.9368036499856064,0.8894640682001648,1.0
2026-04-27 19:55:00+00:00,0.9368036499856064,0.8877589052762414,1.0
2026-04-28 13:30:00+00:00,0.9368036499856064,0.8967331974903251,1.0
2026-04-28 13:35:00+00:00,0.9368036499856064,0.9003386138279247,1.0
2026-04-28 13:40:00+00:00,0.9368036499856064,0.8969053364472142,1.0
2026-04-28 13:45:00+00:00,0.9368036499856064,0.8936063279129055,1.0
2026-04-28 13:50:00+00:00,0.9368036499856064,0.8905608442301112,1.0
2026-04-28 13:55:00+00:00,0.9368036499856064,0.8934331068470797,1.0
2026-04-28 14:00:00+00:00,0.9368036499856064,0.9014551100708995,1.0
2026-04-28 14:05:00+00:00,0.9368036499856064,0.9060812797616258,1.0
2026-04-28 14:10:00+00:00,0.9368036499856064,0.9113718920754308,1.0
2026-04-28 14:15:00+00:00,0.9368036499856064,0.9106476830863744,1.0
2026-04-28 14:20:00+00:00,0.9368036499856064,0.9065294494681805,1.0
2026-04-28 14:25:00+00:00,0.9368036499856064,0.902716385798284,1.0
2026-04-28 14:30:00+00:00,0.9368036499856064,0.8975821084561474,1.0
2026-04-28 14:35:00+00:00,0.9368036499856064,0.8963776878362893,1.0
2026-04-28 14:40:00+00:00,0.9368036499856064,0.8961037325212012,1.0
2026-04-28 14:45:00+00:00,0.9368036499856064,0.8921903048529128,1.0
2026-04-28 14:50:00+00:00,0.9368036499856064,0.8915657716395158,1.0
2026-04-28 14:55:00+00:00,0.9368036499856064,0.8915657716395158,1.0
2026-04-28 15:00:00+00:00,0.9368036499856064,0.8915657716395158,1.0
2026-04-28 15:05:00+00:00,0.9368036499856064,0.8915657716395158,1.0
2026-04-28 15:10:00+00:00,0.9368036499856064,0.8915657716395158,1.0
2026-04-28 15:15:00+00:00,0.9368036499856064,0.8915657716395158,1.0
2026-04-28 15:20:00+00:00,0.9368036499856064,0.8915657716395158,1.0
2026-04-28 15:25:00+00:00,0.9368036499856064,0.8915657716395158,1.0
2026-04-28 15:30:00+00:00,0.9368036499856064,0.8915657716395158,1.0
2026-04-28 15:35:00+00:00,0.9368036499856064,0.8915657716395158,1.0
2026-04-28 15:40:00+00:00,0.9368036499856064,0.8915657716395158,1.0
2026-04-28 15:45:00+00:00,0.9368036499856064,0.8915657716395158,1.0
2026-04-28 15:50:00+00:00,0.9368036499856064,0.8915657716395158,1.0
2026-04-28 15:55:00+00:00,0.9368036499856064,0.8915657716395158,1.0
2026-04-28 16:00:00+00:00,0.9368036499856064,0.8915657716395158,1.0
2026-04-28 16:05:00+00:00,0.9368036499856064,0.8915657716395158,1.0
2026-04-28 16:10:00+00:00,0.9368036499856064,0.8915657716395158,1.0
2026-04-28 16:15:00+00:00,0.9368036499856064,0.8915657716395158,1.0
2026-04-28 16:20:00+00:00,0.9368036499856064,0.8915657716395158,1.0
2026-04-28 16:25:00+00:00,0.9368036499856064,0.8915657716395158,1.0
2026-04-28 16:30:00+00:00,0.9368036499856064,0.8915657716395158,1.0
2026-04-28 16:35:00+00:00,0.9368036499856064,0.8915657716395158,1.0
2026-04-28 16:40:00+00:00,0.9368036499856064,0.8915657716395158,1.0
2026-04-28 16:45:00+00:00,0.9368036499856064,0.8915657716395158,1.0
2026-04-28 16:50:00+00:00,0.9365590364903387,0.8915657716395158,1.0
2026-04-28 16:55:00+00:00,0.9376441479997277,0.8915657716395158,1.0
2026-04-28 17:00:00+00:00,0.9359628890544851,0.8915657716395158,1.0
2026-04-28 17:05:00+00:00,0.9413100043819039,0.8915657716395158,1.0
2026-04-28 17:10:00+00:00,0.9423370246989345,0.8915657716395158,1.0
2026-04-28 17:15:00+00:00,0.9399525347096128,0.8915657716395158,1.0
2026-04-28 17:20:00+00:00,0.935698970791905,0.8915657716395158,1.0
2026-04-28 17:25:00+00:00,0.9331683784706515,0.8915657716395158,1.0
2026-04-28 17:30:00+00:00,0.932515160605722,0.8915657716395158,1.0
2026-04-28 17:35:00+00:00,0.932515160605722,0.89291393815603,1.0
2026-04-28 17:40:00+00:00,0.932515160605722,0.887897294072707,1.0
2026-04-28 17:45:00+00:00,0.932515160605722,0.8876825594530522,1.0
2026-04-28 17:50:00+00:00,0.932515160605722,0.891657189665951,1.0
2026-04-28 17:55:00+00:00,0.932515160605722,0.8966953108512059,1.0
2026-04-28 18:00:00+00:00,0.932515160605722,0.9014229966652422,1.0
2026-04-28 18:05:00+00:00,0.932515160605722,0.9007071302218357,1.0
2026-04-28 18:10:00+00:00,0.932515160605722,0.9028097087512533,1.0
2026-04-28 18:15:00+00:00,0.932515160605722,0.9051272184286492,1.0
2026-04-28 18:20:00+00:00,0.932515160605722,0.9016788912211147,1.0
2026-04-28 18:25:00+00:00,0.932515160605722,0.8999098065102091,1.0
2026-04-28 18:30:00+00:00,0.932515160605722,0.9018079706155596,1.0
2026-04-28 18:35:00+00:00,0.932515160605722,0.8998646679191068,1.0
2026-04-28 18:40:00+00:00,0.932515160605722,0.8988672290740526,1.0
2026-04-28 18:45:00+00:00,0.932515160605722,0.899880282764027,1.0
2026-04-28 18:50:00+00:00,0.932515160605722,0.8968952751407706,1.0
2026-04-28 18:55:00+00:00,0.932515160605722,0.8962585786807961,1.0
2026-04-28 19:00:00+00:00,0.932515160605722,0.8907410016329164,1.0
2026-04-28 19:05:00+00:00,0.932515160605722,0.8901174829317733,1.0
2026-04-28 19:10:00+00:00,0.932515160605722,0.8901174829317733,1.0
2026-04-28 19:15:00+00:00,0.932515160605722,0.8901174829317733,1.0
2026-04-28 19:20:00+00:00,0.932515160605722,0.8891115640166378,1.0
2026-04-28 19:25:00+00:00,0.932515160605722,0.8918298362471068,1.0
2026-04-28 19:30:00+00:00,0.932515160605722,0.8877773582795785,1.0
2026-04-28 19:35:00+00:00,0.932515160605722,0.8908975087999206,1.0
2026-04-28 19:40:00+00:00,0.932515160605722,0.8875165839993823,1.0
2026-04-28 19:45:00+00:00,0.932515160605722,0.8876352789901941,1.0
2026-04-28 19:50:00+00:00,0.932515160605722,0.884856003746516,1.0
2026-04-28 19:55:00+00:00,0.932515160605722,0.8863790901229941,1.0
2026-04-29 13:30:00+00:00,0.932515160605722,0.8880814796065186,1.0
2026-04-29 13:35:00+00:00,0.932515160605722,0.8885627285950148,1.0
2026-04-29 13:40:00+00:00,0.932515160605722,0.8874669541435096,1.0
2026-04-29 13:45:00+00:00,0.932515160605722,0.8886077008960667,1.0
2026-04-29 13:50:00+00:00,0.932515160605722,0.886380582908054,1.0
2026-04-29 13:55:00+00:00,0.932515160605722,0.8876775779059263,1.0
2026-04-29 14:00:00+00:00,0.9392184138703039,0.8946798968571178,1.0
2026-04-29 14:05:00+00:00,0.9424052546132674,0.897715614966035,1.0
2026-04-29 14:10:00+00:00,0.9435956264238567,0.8988495383570075,1.0
2026-04-29 14:15:00+00:00,0.9442945488529922,0.8995153173042423,1.0
2026-04-29 14:20:00+00:00,0.9442526357126299,0.8994753917197961,1.0
2026-04-29 14:25:00+00:00,0.9424729372232289,0.8977800880104356,1.0
2026-04-29 14:30:00+00:00,0.9460381387527022,0.9011762247232157,1.0
2026-04-29 14:35:00+00:00,0.9484618302663007,0.9034849827728627,1.0
2026-04-29 14:40:00+00:00,0.9429380194600867,0.8982231156614666,1.0
2026-04-29 14:45:00+00:00,0.9380602539803831,0.8935766578707901,1.0
2026-04-29 14:50:00+00:00,0.9374036118025968,0.8892386069119318,1.0
2026-04-29 14:55:00+00:00,0.9374036118025968,0.8886161398870934,1.0
2026-04-29 15:00:00+00:00,0.9374036118025968,0.8886161398870934,1.0
2026-04-29 15:05:00+00:00,0.9374036118025968,0.8886161398870934,1.0
2026-04-29 15:10:00+00:00,0.9374036118025968,0.8886161398870934,1.0
2026-04-29 15:15:00+00:00,0.9374036118025968,0.8886161398870934,1.0
2026-04-29 15:20:00+00:00,0.9374036118025968,0.8866594382026283,1.0
2026-04-29 15:25:00+00:00,0.9374036118025968,0.8892974982029112,1.0
2026-04-29 15:30:00+00:00,0.9374036118025968,0.8893268448801445,1.0
2026-04-29 15:35:00+00:00,0.9374036118025968,0.890549974195552,1.0
2026-04-29 15:40:00+00:00,0.9374036118025968,0.8918002364769693,1.0
2026-04-29 15:45:00+00:00,0.9374036118025968,0.8905792465324046,1.0
2026-04-29 15:50:00+00:00,0.9374036118025968,0.8864278137095454,1.0
2026-04-29 15:55:00+00:00,0.9374036118025968,0.886357667543865,1.0
2026-04-29 16:00:00+00:00,0.9374036118025968,0.8850414785840336,1.0
2026-04-29 16:05:00+00:00,0.9374036118025968,0.8836854177867883,1.0
2026-04-29 16:10:00+00:00,0.9374036118025968,0.8830668379943375,1.0
2026-04-29 16:15:00+00:00,0.9374036118025968,0.8830668379943375,1.0
2026-04-29 16:20:00+00:00,0.9374036118025968,0.8830668379943375,1.0
2026-04-29 16:25:00+00:00,0.9374036118025968,0.8830668379943375,1.0
2026-04-29 16:30:00+00:00,0.9374036118025968,0.8830668379943375,1.0
2026-04-29 16:35:00+00:00,0.9374036118025968,0.8830668379943375,1.0
2026-04-29 16:40:00+00:00,0.9374036118025968,0.8830668379943375,1.0
2026-04-29 16:45:00+00:00,0.9374036118025968,0.8830668379943375,1.0
2026-04-29 16:50:00+00:00,0.9374036118025968,0.8830668379943375,1.0
2026-04-29 16:55:00+00:00,0.9374036118025968,0.8830668379943375,1.0
2026-04-29 17:00:00+00:00,0.9374036118025968,0.8830668379943375,1.0
2026-04-29 17:05:00+00:00,0.9374036118025968,0.8830668379943375,1.0
2026-04-29 17:10:00+00:00,0.9374036118025968,0.8806712702177815,1.0
2026-04-29 17:15:00+00:00,0.9374036118025968,0.8791495311766685,1.0
2026-04-29 17:20:00+00:00,0.9374036118025968,0.8796689561397927,1.0
2026-04-29 17:25:00+00:00,0.9374036118025968,0.8821548558476987,1.0
2026-04-29 17:30:00+00:00,0.9374036118025968,0.8785705629959182,1.0
2026-04-29 17:35:00+00:00,0.9374036118025968,0.8774378351734764,1.0
2026-04-29 17:40:00+00:00,0.9374036118025968,0.8812516459600984,1.0
2026-04-29 17:45:00+00:00,0.9374036118025968,0.8763366306667798,1.0
2026-04-29 17:50:00+00:00,0.9374036118025968,0.875723195025313,1.0
2026-04-29 17:55:00+00:00,0.9374036118025968,0.875723195025313,1.0
2026-04-29 18:00:00+00:00,0.9374036118025968,0.875723195025313,1.0
2026-04-29 18:05:00+00:00,0.9374036118025968,0.875723195025313,1.0
2026-04-29 18:10:00+00:00,0.9374036118025968,0.875723195025313,1.0
2026-04-29 18:15:00+00:00,0.9374036118025968,0.875723195025313,1.0
2026-04-29 18:20:00+00:00,0.9374036118025968,0.875723195025313,1.0
2026-04-29 18:25:00+00:00,0.9374036118025968,0.875723195025313,1.0
2026-04-29 18:30:00+00:00,0.9374036118025968,0.875723195025313,1.0
2026-04-29 18:35:00+00:00,0.9374036118025968,0.875723195025313,1.0
2026-04-29 18:40:00+00:00,0.9374036118025968,0.875723195025313,1.0
2026-04-29 18:45:00+00:00,0.9374036118025968,0.875723195025313,1.0
2026-04-29 18:50:00+00:00,0.9374036118025968,0.875723195025313,1.0
2026-04-29 18:55:00+00:00,0.9374036118025968,0.875723195025313,1.0
2026-04-29 19:00:00+00:00,0.9374036118025968,0.875723195025313,1.0
2026-04-29 19:05:00+00:00,0.9374036118025968,0.8740017714489885,1.0
2026-04-29 19:10:00+00:00,0.9374036118025968,0.8738747235033344,1.0
2026-04-29 19:15:00+00:00,0.9374036118025968,0.871295660515772,1.0
2026-04-29 19:20:00+00:00,0.9374036118025968,0.876438275546523,1.0
2026-04-29 19:25:00+00:00,0.9374036118025968,0.8774281364629097,1.0
2026-04-29 19:30:00+00:00,0.9374036118025968,0.87932115767808,1.0
2026-04-29 19:35:00+00:00,0.9374036118025968,0.8831405613137508,1.0
2026-04-29 19:40:00+00:00,0.9374036118025968,0.8833182870677191,1.0
2026-04-29 19:45:00+00:00,0.9374036118025968,0.8774330418565516,1.0
2026-04-29 19:50:00+00:00,0.9374036118025968,0.8742145687519484,1.0
2026-04-29 19:55:00+00:00,0.9374036118025968,0.8685716288854114,1.0
2026-04-30 13:30:00+00:00,0.9374036118025968,0.8679636287451916,1.0
2026-04-30 13:35:00+00:00,0.9374036118025968,0.8679636287451916,1.0
2026-04-30 13:40:00+00:00,0.9374036118025968,0.8679636287451916,1.0
2026-04-30 13:45:00+00:00,0.9374036118025968,0.8679636287451916,1.0
2026-04-30 13:50:00+00:00,0.9374036118025968,0.8679636287451916,1.0
2026-04-30 13:55:00+00:00,0.9374036118025968,0.8679636287451916,1.0
2026-04-30 14:00:00+00:00,0.9374036118025968,0.8670166897048743,1.0
2026-04-30 14:05:00+00:00,0.9374036118025968,0.8691171967349371,1.0
2026-04-30 14:10:00+00:00,0.9374036118025968,0.8705938318578867,1.0
2026-04-30 14:15:00+00:00,0.9374036118025968,0.8734066216212312,1.0
2026-04-30 14:20:00+00:00,0.9374036118025968,0.8697945133446083,1.0
2026-04-30 14:25:00+00:00,0.9374036118025968,0.8709803188705788,1.0
2026-04-30 14:30:00+00:00,0.9374036118025968,0.8662794916400784,1.0
2026-04-30 14:35:00+00:00,0.9374036118025968,0.8640807877796814,1.0
2026-04-30 14:40:00+00:00,0.9385777673899212,0.8634759312282356,1.0
2026-04-30 14:45:00+00:00,0.9423077365916273,0.8634759312282356,1.0
2026-04-30 14:50:00+00:00,0.9367922510679145,0.8634759312282356,1.0
2026-04-30 14:55:00+00:00,0.9329447725939702,0.8634759312282356,1.0
2026-04-30 15:00:00+00:00,0.9322917112531545,0.8634759312282356,1.0
2026-04-30 15:05:00+00:00,0.9322917112531545,0.8634759312282356,1.0
2026-04-30 15:10:00+00:00,0.9316939307406477,0.8634759312282356,1.0
2026-04-30 15:15:00+00:00,0.9354798441512713,0.8634759312282356,1.0
2026-04-30 15:20:00+00:00,0.9314638220721083,0.8634759312282356,1.0
2026-04-30 15:25:00+00:00,0.9308117973966578,0.8634759312282356,1.0
2026-04-30 15:30:00+00:00,0.9308117973966578,0.8634759312282356,1.0
2026-04-30 15:35:00+00:00,0.9308117973966578,0.8634759312282356,1.0
2026-04-30 15:40:00+00:00,0.9308117973966578,0.8634759312282356,1.0
2026-04-30 15:45:00+00:00,0.9308117973966578,0.8634759312282356,1.0
2026-04-30 15:50:00+00:00,0.9308117973966578,0.8634759312282356,1.0
2026-04-30 15:55:00+00:00,0.9308117973966578,0.8634759312282356,1.0
2026-04-30 16:00:00+00:00,0.9308117973966578,0.8634759312282356,1.0
2026-04-30 16:05:00+00:00,0.9308117973966578,0.8615655838177545,1.0
2026-04-30 16:10:00+00:00,0.9308117973966578,0.8660580692831719,1.0
2026-04-30 16:15:00+00:00,0.9308117973966578,0.8619985542474787,1.0
2026-04-30 16:20:00+00:00,0.9308117973966578,0.8611080657817346,1.0
2026-04-30 16:25:00+00:00,0.9308117973966578,0.8652671044564931,1.0
2026-04-30 16:30:00+00:00,0.9308117973966578,0.8608222461537419,1.0
2026-04-30 16:35:00+00:00,0.9308117973966578,0.8588582112379388,1.0
2026-04-30 16:40:00+00:00,0.9308117973966578,0.8546118265305678,1.0
2026-04-30 16:45:00+00:00,0.9308117973966578,0.8540135982519963,1.0
2026-04-30 16:50:00+00:00,0.9308117973966578,0.8540135982519963,1.0
2026-04-30 16:55:00+00:00,0.9308117973966578,0.8540135982519963,1.0
2026-04-30 17:00:00+00:00,0.9308117973966578,0.8529873077040525,1.0
2026-04-30 17:05:00+00:00,0.9308117973966578,0.853699394274658,1.0
2026-04-30 17:10:00+00:00,0.9308117973966578,0.8539578643116679,1.0
2026-04-30 17:15:00+00:00,0.9308117973966578,0.8536641742050479,1.0
2026-04-30 17:20:00+00:00,0.9308117973966578,0.85764115513956,1.0
2026-04-30 17:25:00+00:00,0.9308117973966578,0.8607537755156359,1.0
2026-04-30 17:30:00+00:00,0.9308117973966578,0.859258212591186,1.0
2026-04-30 17:35:00+00:00,0.9308117973966578,0.8587344256984784,1.0
2026-04-30 17:40:00+00:00,0.9308117973966578,0.8573252035831319,1.0
2026-04-30 17:45:00+00:00,0.9308117973966578,0.8550126435805707,1.0
2026-04-30 17:50:00+00:00,0.9308117973966578,0.8486025423964401,1.0
2026-04-30 17:55:00+00:00,0.9308117973966578,0.8480085206167626,1.0
2026-04-30 18:00:00+00:00,0.929948279928795,0.8480085206167626,1.0
2026-04-30 18:05:00+00:00,0.9310179879156016,0.8480085206167626,1.0
2026-04-30 18:10:00+00:00,0.9293785760752874,0.8480085206167626,1.0
2026-04-30 18:15:00+00:00,0.9292306232194978,0.8480085206167626,1.0
2026-04-30 18:20:00+00:00,0.9270751317752488,0.8480085206167626,1.0
2026-04-30 18:25:00+00:00,0.9264261791830061,0.8480085206167626,1.0
2026-04-30 18:30:00+00:00,0.9264261791830061,0.8480085206167626,1.0
2026-04-30 18:35:00+00:00,0.9264261791830061,0.8480085206167626,1.0
2026-04-30 18:40:00+00:00,0.9264261791830061,0.8480085206167626,1.0
2026-04-30 18:45:00+00:00,0.9264261791830061,0.8480085206167626,1.0
2026-04-30 18:50:00+00:00,0.9264261791830061,0.8480085206167626,1.0
2026-04-30 18:55:00+00:00,0.9264261791830061,0.8480085206167626,1.0
2026-04-30 19:00:00+00:00,0.9264261791830061,0.8480085206167626,1.0
2026-04-30 19:05:00+00:00,0.9264261791830061,0.8480085206167626,1.0
2026-04-30 19:10:00+00:00,0.9264261791830061,0.8480085206167626,1.0
2026-04-30 19:15:00+00:00,0.9264261791830061,0.8480085206167626,1.0
2026-04-30 19:20:00+00:00,0.9264261791830061,0.8480085206167626,1.0
2026-04-30 19:25:00+00:00,0.9264261791830061,0.8480085206167626,1.0
2026-04-30 19:30:00+00:00,0.9264261791830061,0.8480085206167626,1.0
2026-04-30 19:35:00+00:00,0.9264261791830061,0.8480085206167626,1.0
2026-04-30 19:40:00+00:00,0.9264261791830061,0.8480085206167626,1.0
2026-04-30 19:45:00+00:00,0.9264261791830061,0.8523444485170837,1.0
2026-04-30 19:50:00+00:00,0.9264261791830061,0.8516475423556407,1.0
2026-04-30 19:55:00+00:00,0.9264261791830061,0.8513377363412113,1.0
2026-05-01 13:30:00+00:00,0.9264261791830061,0.8497872886499733,1.0
2026-05-01 13:35:00+00:00,0.9264261791830061,0.8491905101278366,1.0
2026-05-01 13:40:00+00:00,0.9264261791830061,0.8477061471546662,1.0
2026-05-01 13:45:00+00:00,0.9264261791830061,0.8473620487730383,1.0
2026-05-01 13:50:00+00:00,0.9264261791830061,0.8460121761490362,1.0
2026-05-01 13:55:00+00:00,0.9264261791830061,0.8486438337049627,1.0
2026-05-01 14:00:00+00:00,0.9264261791830061,0.8485805176686999,1.0
2026-05-01 14:05:00+00:00,0.9264261791830061,0.8461634251211139,1.0
2026-05-01 14:10:00+00:00,0.9264261791830061,0.8455711107235291,1.0
2026-05-01 14:15:00+00:00,0.9264261791830061,0.8455711107235291,1.0
2026-05-01 14:20:00+00:00,0.9264261791830061,0.8455711107235291,1.0
2026-05-01 14:25:00+00:00,0.9264261791830061,0.8455711107235291,1.0
2026-05-01 14:30:00+00:00,0.9264261791830061,0.8455711107235291,1.0
2026-05-01 14:35:00+00:00,0.9264261791830061,0.8455711107235291,1.0
2026-05-01 14:40:00+00:00,0.9264261791830061,0.8455711107235291,1.0
2026-05-01 14:45:00+00:00,0.9264261791830061,0.8455711107235291,1.0
2026-05-01 14:50:00+00:00,0.9264261791830061,0.8455711107235291,1.0
2026-05-01 14:55:00+00:00,0.9264261791830061,0.8455711107235291,1.0
2026-05-01 15:00:00+00:00,0.9264261791830061,0.8455711107235291,1.0
2026-05-01 15:05:00+00:00,0.9264261791830061,0.8455711107235291,1.0
2026-05-01 15:10:00+00:00,0.9264261791830061,0.8455711107235291,1.0
2026-05-01 15:15:00+00:00,0.9264261791830061,0.8455711107235291,1.0
2026-05-01 15:20:00+00:00,0.9264261791830061,0.8455711107235291,1.0
2026-05-01 15:25:00+00:00,0.9264261791830061,0.8455711107235291,1.0
2026-05-01 15:30:00+00:00,0.9264261791830061,0.8455711107235291,1.0
2026-05-01 15:35:00+00:00,0.9264261791830061,0.8455711107235291,1.0
2026-05-01 15:40:00+00:00,0.9264261791830061,0.8455711107235291,1.0
2026-05-01 15:45:00+00:00,0.9264261791830061,0.8455711107235291,1.0
2026-05-01 15:50:00+00:00,0.9196631177514373,0.8455711107235291,1.0
2026-05-01 15:55:00+00:00,0.9190193535690112,0.8455711107235291,1.0
2026-05-01 16:00:00+00:00,0.9190193535690112,0.8455711107235291,1.0
2026-05-01 16:05:00+00:00,0.9190193535690112,0.8455711107235291,1.0
2026-05-01 16:10:00+00:00,0.9190193535690112,0.8455711107235291,1.0
2026-05-01 16:15:00+00:00,0.9190193535690112,0.8455711107235291,1.0
2026-05-01 16:20:00+00:00,0.9190193535690112,0.8455711107235291,1.0
2026-05-01 16:25:00+00:00,0.9190193535690112,0.8455711107235291,1.0
2026-05-01 16:30:00+00:00,0.9190193535690112,0.8455711107235291,1.0
2026-05-01 16:35:00+00:00,0.9190193535690112,0.8455711107235291,1.0
2026-05-01 16:40:00+00:00,0.9190193535690112,0.8455711107235291,1.0
2026-05-01 16:45:00+00:00,0.9190193535690112,0.8455711107235291,1.0
2026-05-01 16:50:00+00:00,0.9190193535690112,0.8455711107235291,1.0
2026-05-01 16:55:00+00:00,0.9190193535690112,0.8455711107235291,1.0
2026-05-01 17:00:00+00:00,0.9190193535690112,0.8455711107235291,1.0
2026-05-01 17:05:00+00:00,0.9190193535690112,0.8455711107235291,1.0
2026-05-01 17:10:00+00:00,0.9190193535690112,0.8455711107235291,1.0
2026-05-01 17:15:00+00:00,0.9190193535690112,0.8455711107235291,1.0
2026-05-01 17:20:00+00:00,0.9190193535690112,0.846745987368079,1.0
2026-05-01 17:25:00+00:00,0.9190193535690112,0.8439685443408437,1.0
2026-05-01 17:30:00+00:00,0.9190193535690112,0.8410750220774367,1.0
2026-05-01 17:35:00+00:00,0.9190193535690112,0.8434652648916265,1.0
2026-05-01 17:40:00+00:00,0.9190193535690112,0.8458904798774094,1.0
2026-05-01 17:45:00+00:00,0.9190193535690112,0.850650194519853,1.0
2026-05-01 17:50:00+00:00,0.9190193535690112,0.849857818775387,1.0
2026-05-01 17:55:00+00:00,0.9190193535690112,0.8515586962503054,1.0
2026-05-01 18:00:00+00:00,0.9190193535690112,0.8472426702472458,1.0
2026-05-01 18:05:00+00:00,0.9190193535690112,0.8507801967667469,1.0
2026-05-01 18:10:00+00:00,0.9190193535690112,0.8488300042958605,1.0
2026-05-01 18:15:00+00:00,0.9190193535690112,0.851260430908407,1.0
2026-05-01 18:20:00+00:00,0.9190193535690112,0.8592691371346562,1.0
2026-05-01 18:25:00+00:00,0.9190193535690112,0.8647147879149901,1.0
2026-05-01 18:30:00+00:00,0.9190193535690112,0.8630138610475311,1.0
2026-05-01 18:35:00+00:00,0.9190193535690112,0.8638319930508298,1.0
2026-05-01 18:40:00+00:00,0.9190193535690112,0.8607703467475233,1.0
2026-05-01 18:45:00+00:00,0.9190193535690112,0.8609120172517241,1.0
2026-05-01 18:50:00+00:00,0.9190193535690112,0.8617351680096158,1.0
2026-05-01 18:55:00+00:00,0.9190193535690112,0.863846398412921,1.0
2026-05-01 19:00:00+00:00,0.9190193535690112,0.8656163715620366,1.0
2026-05-01 19:05:00+00:00,0.9190193535690112,0.8671556557290918,1.0
2026-05-01 19:10:00+00:00,0.9190193535690112,0.8629209105706445,1.0
2026-05-01 19:15:00+00:00,0.9190193535690112,0.8628521701188964,1.0
2026-05-01 19:20:00+00:00,0.9190193535690112,0.8649748053437868,1.0
2026-05-01 19:25:00+00:00,0.9190193535690112,0.8693395887965253,1.0
2026-05-01 19:30:00+00:00,0.9190193535690112,0.8695523130481212,1.0
2026-05-01 19:35:00+00:00,0.9190193535690112,0.8625709588295766,1.0
2026-05-01 19:40:00+00:00,0.9190193535690112,0.8626576444167076,1.0
2026-05-01 19:45:00+00:00,0.9190193535690112,0.8593796749994674,1.0
2026-05-01 19:50:00+00:00,0.9190193535690112,0.8587781092269677,1.0
2026-05-01 19:55:00+00:00,0.9190193535690112,0.8587781092269677,1.0
2026-05-04 13:30:00+00:00,0.9190193535690112,0.8587781092269677,1.0
2026-05-04 13:35:00+00:00,0.9190193535690112,0.8587781092269677,1.0
2026-05-04 13:40:00+00:00,0.9190193535690112,0.8575962562540341,1.0
2026-05-04 13:45:00+00:00,0.9190193535690112,0.8575510016200348,1.0
2026-05-04 13:50:00+00:00,0.9190193535690112,0.8552079824173976,1.0
2026-05-04 13:55:00+00:00,0.9190193535690112,0.8545076514526119,1.0
2026-05-04 14:00:00+00:00,0.9190193535690112,0.857751162698794,1.0
2026-05-04 14:05:00+00:00,0.9190193535690112,0.8598847954007706,1.0
2026-05-04 14:10:00+00:00,0.9190193535690112,0.8641751115525251,1.0
2026-05-04 14:15:00+00:00,0.9190193535690112,0.8642433190687111,1.0
2026-05-04 14:20:00+00:00,0.9190193535690112,0.8648210708864933,1.0
2026-05-04 14:25:00+00:00,0.9190193535690112,0.8652239633525148,1.0
2026-05-04 14:30:00+00:00,0.9190193535690112,0.86908199187006,1.0
2026-05-04 14:35:00+00:00,0.9190193535690112,0.8703834498596515,1.0
2026-05-04 14:40:00+00:00,0.9190193535690112,0.8711399562732384,1.0
2026-05-04 14:45:00+00:00,0.9190193535690112,0.8718362674285665,1.0
2026-05-04 14:50:00+00:00,0.9190193535690112,0.874591253028848,1.0
2026-05-04 14:55:00+00:00,0.9190193535690112,0.8772130223049512,1.0
2026-05-04 15:00:00+00:00,0.9190193535690112,0.8818438867102754,1.0
2026-05-04 15:05:00+00:00,0.9190193535690112,0.87341390094111,1.0
2026-05-04 15:10:00+00:00,0.9190193535690112,0.8768498855339751,1.0
2026-05-04 15:15:00+00:00,0.9190193535690112,0.8799429017223033,1.0
2026-05-04 15:20:00+00:00,0.9190193535690112,0.8797104135325458,1.0
2026-05-04 15:25:00+00:00,0.9190193535690112,0.8812336002735068,1.0
2026-05-04 15:30:00+00:00,0.9190193535690112,0.8821006332365741,1.0
2026-05-04 15:35:00+00:00,0.9190193535690112,0.8885744138704358,1.0
2026-05-04 15:40:00+00:00,0.9190193535690112,0.8890023261525474,1.0
2026-05-04 15:45:00+00:00,0.9190193535690112,0.8852249485026755,1.0
2026-05-04 15:50:00+00:00,0.9190193535690112,0.8655073928803726,1.0
2026-05-04 15:55:00+00:00,0.9190193535690112,0.8649015377053563,1.0
2026-05-04 16:00:00+00:00,0.9190193535690112,0.8649015377053563,1.0
2026-05-04 16:05:00+00:00,0.9190193535690112,0.8670862358827575,1.0
2026-05-04 16:10:00+00:00,0.9190193535690112,0.8587016912447815,1.0
2026-05-04 16:15:00+00:00,0.9190193535690112,0.8584863923203088,1.0
2026-05-04 16:20:00+00:00,0.9190193535690112,0.8601788062741236,1.0
2026-05-04 16:25:00+00:00,0.9190193535690112,0.8624382558190697,1.0
2026-05-04 16:30:00+00:00,0.9190193535690112,0.8617927341700728,1.0
2026-05-04 16:35:00+00:00,0.9190193535690112,0.8606103563559885,1.0
2026-05-04 16:40:00+00:00,0.9190193535690112,0.8599310456476631,1.0
2026-05-04 16:45:00+00:00,0.9190193535690112,0.852037010878843,1.0
2026-05-04 16:50:00+00:00,0.9190193535690112,0.8514405849712278,1.0
2026-05-04 16:55:00+00:00,0.9185224866751444,0.8514405849712278,1.0
2026-05-04 17:00:00+00:00,0.9127031813900321,0.8514405849712278,1.0
2026-05-04 17:05:00+00:00,0.9179440077304448,0.8514405849712278,1.0
2026-05-04 17:10:00+00:00,0.9187399278257568,0.8514405849712278,1.0
2026-05-04 17:15:00+00:00,0.9169893064852622,0.8514405849712278,1.0
2026-05-04 17:20:00+00:00,0.9160099555267172,0.8514405849712278,1.0
2026-05-04 17:25:00+00:00,0.9139565032196243,0.8514405849712278,1.0
2026-05-04 17:30:00+00:00,0.9136436682355417,0.8514405849712278,1.0
2026-05-04 17:35:00+00:00,0.9128961736308585,0.8514405849712278,1.0
2026-05-04 17:40:00+00:00,0.9136103886489149,0.8514405849712278,1.0
2026-05-04 17:45:00+00:00,0.9072826575220738,0.8514405849712278,1.0
2026-05-04 17:50:00+00:00,0.9066475596618083,0.8514405849712278,1.0
2026-05-04 17:55:00+00:00,0.9080920359765218,0.8514405849712278,1.0
2026-05-04 18:00:00+00:00,0.9067003238107562,0.8514405849712278,1.0
2026-05-04 18:05:00+00:00,0.9065722636252096,0.8514405849712278,1.0
2026-05-04 18:10:00+00:00,0.9067334268266216,0.8514405849712278,1.0
2026-05-04 18:15:00+00:00,0.9064036885578967,0.8514405849712278,1.0
2026-05-04 18:20:00+00:00,0.9079177734958754,0.8514405849712278,1.0
2026-05-04 18:25:00+00:00,0.9047073322525625,0.8514405849712278,1.0
2026-05-04 18:30:00+00:00,0.9040740371199857,0.8514405849712278,1.0
2026-05-04 18:35:00+00:00,0.9040740371199857,0.8514405849712278,1.0
2026-05-04 18:40:00+00:00,0.9040740371199857,0.8514405849712278,1.0
2026-05-04 18:45:00+00:00,0.9040740371199857,0.8514405849712278,1.0
2026-05-04 18:50:00+00:00,0.9040740371199857,0.8514405849712278,1.0
2026-05-04 18:55:00+00:00,0.9040740371199857,0.8514405849712278,1.0
2026-05-04 19:00:00+00:00,0.9040740371199857,0.8514405849712278,1.0
2026-05-04 19:05:00+00:00,0.9040740371199857,0.8514405849712278,1.0
2026-05-04 19:10:00+00:00,0.9040740371199857,0.8514405849712278,1.0
2026-05-04 19:15:00+00:00,0.9040740371199857,0.853111870230716,1.0
2026-05-04 19:20:00+00:00,0.9040740371199857,0.8500036111138094,1.0
2026-05-04 19:25:00+00:00,0.9040740371199857,0.8510750350276229,1.0
2026-05-04 19:30:00+00:00,0.9040740371199857,0.85200347843454,1.0
2026-05-04 19:35:00+00:00,0.9040740371199857,0.8491281689255269,1.0
2026-05-04 19:40:00+00:00,0.9040740371199857,0.8484294357677103,1.0
2026-05-04 19:45:00+00:00,0.9040740371199857,0.8449666452484597,1.0
2026-05-04 19:50:00+00:00,0.9040740371199857,0.8443751685967857,1.0
2026-05-04 19:55:00+00:00,0.9040740371199857,0.8443751685967857,1.0
2026-05-05 13:30:00+00:00,0.9040740371199857,0.8443751685967857,1.0
2026-05-05 13:35:00+00:00,0.9040740371199857,0.8443751685967857,1.0
2026-05-05 13:40:00+00:00,0.9027226028406274,0.8443751685967857,1.0
2026-05-05 13:45:00+00:00,0.9018999355286439,0.8443751685967857,1.0
2026-05-05 13:50:00+00:00,0.9012686055737739,0.8443751685967857,1.0
2026-05-05 13:55:00+00:00,0.9012686055737739,0.8443751685967857,1.0
2026-05-05 14:00:00+00:00,0.9012686055737739,0.8443751685967857,1.0
2026-05-05 14:05:00+00:00,0.9012686055737739,0.8443751685967857,1.0
2026-05-05 14:10:00+00:00,0.9012686055737739,0.8443751685967857,1.0
2026-05-05 14:15:00+00:00,0.9012686055737739,0.8443751685967857,1.0
2026-05-05 14:20:00+00:00,0.9012686055737739,0.8443751685967857,1.0
2026-05-05 14:25:00+00:00,0.9012686055737739,0.8443751685967857,1.0
2026-05-05 14:30:00+00:00,0.9012686055737739,0.8443751685967857,1.0
2026-05-05 14:35:00+00:00,0.9012686055737739,0.8443751685967857,1.0
2026-05-05 14:40:00+00:00,0.9012686055737739,0.8443751685967857,1.0
2026-05-05 14:45:00+00:00,0.9012686055737739,0.8429387601419087,1.0
2026-05-05 14:50:00+00:00,0.9012686055737739,0.8418731685634783,1.0
2026-05-05 14:55:00+00:00,0.9012686055737739,0.8371263878701185,1.0
2026-05-05 15:00:00+00:00,0.9012686055737739,0.8365403993986094,1.0
2026-05-05 15:05:00+00:00,0.9012686055737739,0.8365403993986094,1.0
2026-05-05 15:10:00+00:00,0.9012686055737739,0.8365403993986094,1.0
2026-05-05 15:15:00+00:00,0.9012686055737739,0.8365403993986094,1.0
2026-05-05 15:20:00+00:00,0.9012686055737739,0.8365403993986094,1.0
2026-05-05 15:25:00+00:00,0.9012686055737739,0.8363630576750416,1.0
2026-05-05 15:30:00+00:00,0.9012686055737739,0.8403332730265118,1.0
2026-05-05 15:35:00+00:00,0.9012686055737739,0.8375584975316495,1.0
2026-05-05 15:40:00+00:00,0.9012686055737739,0.84221341952195,1.0
2026-05-05 15:45:00+00:00,0.9012686055737739,0.8468653334054103,1.0
2026-05-05 15:50:00+00:00,0.9012686055737739,0.845214962957482,1.0
2026-05-05 15:55:00+00:00,0.9012686055737739,0.8416528730262625,1.0
2026-05-05 16:00:00+00:00,0.9012686055737739,0.8389785285785659,1.0
2026-05-05 16:05:00+00:00,0.9012686055737739,0.840863024507924,1.0
2026-05-05 16:10:00+00:00,0.9012686055737739,0.8389420758054538,1.0
2026-05-05 16:15:00+00:00,0.9012686055737739,0.843892168424594,1.0
2026-05-05 16:20:00+00:00,0.9012686055737739,0.8407907949112271,1.0
2026-05-05 16:25:00+00:00,0.9012686055737739,0.8419938909379813,1.0
2026-05-05 16:30:00+00:00,0.9012686055737739,0.8435922418850547,1.0
2026-05-05 16:35:00+00:00,0.9012686055737739,0.8422455326158611,1.0
2026-05-05 16:40:00+00:00,0.9012686055737739,0.8407955558097678,1.0
2026-05-05 16:45:00+00:00,0.9012686055737739,0.8444930154006484,1.0
2026-05-05 16:50:00+00:00,0.9012686055737739,0.8468682480731972,1.0
2026-05-05 16:55:00+00:00,0.9012686055737739,0.8478951984267049,1.0
2026-05-05 17:00:00+00:00,0.9012686055737739,0.8490506191567302,1.0
2026-05-05 17:05:00+00:00,0.9012686055737739,0.8507883165460413,1.0
2026-05-05 17:10:00+00:00,0.9012686055737739,0.8525824592314255,1.0
2026-05-05 17:15:00+00:00,0.9012686055737739,0.8550202329389678,1.0
2026-05-05 17:20:00+00:00,0.9012686055737739,0.8589630501431269,1.0
2026-05-05 17:25:00+00:00,0.9012686055737739,0.8587737117342807,1.0
2026-05-05 17:30:00+00:00,0.9012686055737739,0.8561740222456775,1.0
2026-05-05 17:35:00+00:00,0.9012686055737739,0.858782610361721,1.0
2026-05-05 17:40:00+00:00,0.9012686055737739,0.8553172850862183,1.0
2026-05-05 17:45:00+00:00,0.9012686055737739,0.8595692510176735,1.0
2026-05-05 17:50:00+00:00,0.9012686055737739,0.8624092029871159,1.0
2026-05-05 17:55:00+00:00,0.9012686055737739,0.8632968655818872,1.0
2026-05-05 18:00:00+00:00,0.9012686055737739,0.8626758142878076,1.0
2026-05-05 18:05:00+00:00,0.9012686055737739,0.8645591238678046,1.0
2026-05-05 18:10:00+00:00,0.9012686055737739,0.8660272103784219,1.0
2026-05-05 18:15:00+00:00,0.9012686055737739,0.8620079694852275,1.0
2026-05-05 18:20:00+00:00,0.9012686055737739,0.8615651724496198,1.0
2026-05-05 18:25:00+00:00,0.9012686055737739,0.863737695908501,1.0
2026-05-05 18:30:00+00:00,0.9012686055737739,0.8655650178057371,1.0
2026-05-05 18:35:00+00:00,0.9012686055737739,0.8737514513221493,1.0
2026-05-05 18:40:00+00:00,0.9012686055737739,0.8702924452624664,1.0
2026-05-05 18:45:00+00:00,0.9012686055737739,0.871829812493107,1.0
2026-05-05 18:50:00+00:00,0.9012686055737739,0.869147970736142,1.0
2026-05-05 18:55:00+00:00,0.9012686055737739,0.8736109760739442,1.0
2026-05-05 19:00:00+00:00,0.9012686055737739,0.8778053919211556,1.0
2026-05-05 19:05:00+00:00,0.9012686055737739,0.8777787883280487,1.0
2026-05-05 19:10:00+00:00,0.9012686055737739,0.8795619591175958,1.0
2026-05-05 19:15:00+00:00,0.9012686055737739,0.8824976072292987,1.0
2026-05-05 19:20:00+00:00,0.9012686055737739,0.87889109927369,1.0
2026-05-05 19:25:00+00:00,0.9012686055737739,0.879776526471571,1.0
2026-05-05 19:30:00+00:00,0.9012686055737739,0.8797830995166285,1.0
2026-05-05 19:35:00+00:00,0.9012686055737739,0.8809577520403248,1.0
2026-05-05 19:40:00+00:00,0.9012686055737739,0.8827469988207604,1.0
2026-05-05 19:45:00+00:00,0.9012686055737739,0.8794118468889424,1.0
2026-05-05 19:50:00+00:00,0.9012686055737739,0.8779635480701485,1.0
2026-05-05 19:55:00+00:00,0.9012686055737739,0.8753997715136341,1.0
2026-05-06 13:30:00+00:00,0.9012686055737739,0.8698708663395229,1.0
2026-05-06 13:35:00+00:00,0.9012686055737739,0.8692619567330853,1.0
2026-05-06 13:40:00+00:00,0.9012686055737739,0.8692619567330853,1.0
2026-05-06 13:45:00+00:00,0.9012686055737739,0.8692619567330853,1.0
2026-05-06 13:50:00+00:00,0.9012686055737739,0.8692619567330853,1.0
2026-05-06 13:55:00+00:00,0.9012686055737739,0.8692619567330853,1.0
2026-05-06 14:00:00+00:00,0.9012686055737739,0.8692619567330853,1.0
2026-05-06 14:05:00+00:00,0.9012686055737739,0.8679618117143676,1.0
2026-05-06 14:10:00+00:00,0.9012686055737739,0.8712957773875114,1.0
2026-05-06 14:15:00+00:00,0.9012686055737739,0.8705261695871378,1.0
2026-05-06 14:20:00+00:00,0.9012686055737739,0.8717414377580348,1.0
2026-05-06 14:25:00+00:00,0.9012686055737739,0.8703771307234848,1.0
2026-05-06 14:30:00+00:00,0.9012686055737739,0.8686963198021965,1.0
2026-05-06 14:35:00+00:00,0.9012686055737739,0.8738365974448191,1.0
2026-05-06 14:40:00+00:00,0.9012686055737739,0.8775287723425267,1.0
2026-05-06 14:45:00+00:00,0.9012686055737739,0.8703260330368867,1.0
2026-05-06 14:50:00+00:00,0.9012686055737739,0.8690500196713299,1.0
2026-05-06 14:55:00+00:00,0.9012686055737739,0.869476941642325,1.0
2026-05-06 15:00:00+00:00,0.9012686055737739,0.8660818569688384,1.0
2026-05-06 15:05:00+00:00,0.9012686055737739,0.8654755996689603,1.0
2026-05-06 15:10:00+00:00,0.9012686055737739,0.8654755996689603,1.0
2026-05-06 15:15:00+00:00,0.9012686055737739,0.8654755996689603,1.0
2026-05-06 15:20:00+00:00,0.9012686055737739,0.8654755996689603,1.0
2026-05-06 15:25:00+00:00,0.9012686055737739,0.8654755996689603,1.0
2026-05-06 15:30:00+00:00,0.9012686055737739,0.8654755996689603,1.0
2026-05-06 15:35:00+00:00,0.9012686055737739,0.8686188763493267,1.0
2026-05-06 15:40:00+00:00,0.9012686055737739,0.8675566692428884,1.0
2026-05-06 15:45:00+00:00,0.9012686055737739,0.8738092019443034,1.0
2026-05-06 15:50:00+00:00,0.9012686055737739,0.874999607592059,1.0
2026-05-06 15:55:00+00:00,0.9012686055737739,0.8773163303241434,1.0
2026-05-06 16:00:00+00:00,0.9012686055737739,0.8781171864703311,1.0
2026-05-06 16:05:00+00:00,0.9012686055737739,0.8765517352005863,1.0
2026-05-06 16:10:00+00:00,0.9012686055737739,0.8727907798111512,1.0
2026-05-06 16:15:00+00:00,0.9012686055737739,0.8748236139787172,1.0
2026-05-06 16:20:00+00:00,0.9012686055737739,0.8724235344118578,1.0
2026-05-06 16:25:00+00:00,0.9012686055737739,0.8751666084255137,1.0
2026-05-06 16:30:00+00:00,0.9012686055737739,0.8705102362317142,1.0
2026-05-06 16:35:00+00:00,0.9012686055737739,0.868727406204537,1.0
2026-05-06 16:40:00+00:00,0.9012686055737739,0.8682025486855907,1.0
2026-05-06 16:45:00+00:00,0.9012686055737739,0.8673881196100256,1.0
2026-05-06 16:50:00+00:00,0.9012686055737739,0.8667809479262986,1.0
2026-05-06 16:55:00+00:00,0.9012686055737739,0.8667809479262986,1.0
2026-05-06 17:00:00+00:00,0.9012686055737739,0.8667809479262986,1.0
2026-05-06 17:05:00+00:00,0.9012686055737739,0.8667809479262986,1.0
2026-05-06 17:10:00+00:00,0.9012686055737739,0.8667809479262986,1.0
2026-05-06 17:15:00+00:00,0.9012686055737739,0.8667809479262986,1.0
2026-05-06 17:20:00+00:00,0.9012686055737739,0.8667809479262986,1.0
2026-05-06 17:25:00+00:00,0.9012686055737739,0.8667809479262986,1.0
2026-05-06 17:30:00+00:00,0.9012686055737739,0.8667809479262986,1.0
2026-05-06 17:35:00+00:00,0.9012686055737739,0.8667809479262986,1.0
2026-05-06 17:40:00+00:00,0.9012686055737739,0.8667809479262986,1.0
2026-05-06 17:45:00+00:00,0.9012686055737739,0.8667809479262986,1.0
2026-05-06 17:50:00+00:00,0.9012686055737739,0.8667809479262986,1.0
2026-05-06 17:55:00+00:00,0.9012686055737739,0.8667809479262986,1.0
2026-05-06 18:00:00+00:00,0.9012686055737739,0.8667809479262986,1.0
2026-05-06 18:05:00+00:00,0.9012686055737739,0.8667809479262986,1.0
2026-05-06 18:10:00+00:00,0.9012686055737739,0.8667809479262986,1.0
2026-05-06 18:15:00+00:00,0.9012686055737739,0.8626839972825071,1.0
2026-05-06 18:20:00+00:00,0.9012686055737739,0.8688553291450707,1.0
2026-05-06 18:25:00+00:00,0.9012686055737739,0.8749048764570148,1.0
2026-05-06 18:30:00+00:00,0.9012686055737739,0.8735018132085106,1.0
2026-05-06 18:35:00+00:00,0.9012686055737739,0.872851302750495,1.0
2026-05-06 18:40:00+00:00,0.9012686055737739,0.8749483959175075,1.0
2026-05-06 18:45:00+00:00,0.9012686055737739,0.878972240290154,1.0
2026-05-06 18:50:00+00:00,0.9012686055737739,0.8791429321779425,1.0
2026-05-06 18:55:00+00:00,0.9012686055737739,0.8773557518269736,1.0
2026-05-06 19:00:00+00:00,0.9012686055737739,0.8791459658142339,1.0
2026-05-06 19:05:00+00:00,0.9012686055737739,0.87925305676278,1.0
2026-05-06 19:10:00+00:00,0.9012686055737739,0.8793429929036661,1.0
2026-05-06 19:15:00+00:00,0.9012686055737739,0.8820209461171112,1.0
2026-05-06 19:20:00+00:00,0.9012686055737739,0.8850016050073992,1.0
2026-05-06 19:25:00+00:00,0.9012686055737739,0.886552134319837,1.0
2026-05-06 19:30:00+00:00,0.9012686055737739,0.8893920312115878,1.0
2026-05-06 19:35:00+00:00,0.9012686055737739,0.8941222645446901,1.0
2026-05-06 19:40:00+00:00,0.9012686055737739,0.8890180314615328,1.0
2026-05-06 19:45:00+00:00,0.9012686055737739,0.8926259478989665,1.0
2026-05-06 19:50:00+00:00,0.9012686055737739,0.8910855265550441,1.0
2026-05-06 19:55:00+00:00,0.9012686055737739,0.8887713845240636,1.0
2026-05-07 13:30:00+00:00,0.9012686055737739,0.8941902999486765,1.0
2026-05-07 13:35:00+00:00,0.9012686055737739,0.8977248602086082,1.0
2026-05-07 13:40:00+00:00,0.9012686055737739,0.8964592400659507,1.0
2026-05-07 13:45:00+00:00,0.9012686055737739,0.9017722809597822,1.0
2026-05-07 13:50:00+00:00,0.9012686055737739,0.8978125998523605,1.0
2026-05-07 13:55:00+00:00,0.9012686055737739,0.8959211593283767,1.0
2026-05-07 14:00:00+00:00,0.9012686055737739,0.8959870271177232,1.0
2026-05-07 14:05:00+00:00,0.9012686055737739,0.9006800748431764,1.0
2026-05-07 14:10:00+00:00,0.9012686055737739,0.8945598629740696,1.0
2026-05-07 14:15:00+00:00,0.9012686055737739,0.8977714445443202,1.0
2026-05-07 14:20:00+00:00,0.9012686055737739,0.8940228113805212,1.0
2026-05-07 14:25:00+00:00,0.9012686055737739,0.8924923799661653,1.0
2026-05-07 14:30:00+00:00,0.9012686055737739,0.8944028664036604,1.0
2026-05-07 14:35:00+00:00,0.9012686055737739,0.8909003643735804,1.0
2026-05-07 14:40:00+00:00,0.9012686055737739,0.8902767341185189,1.0
2026-05-07 14:45:00+00:00,0.9012686055737739,0.8902767341185189,1.0
2026-05-07 14:50:00+00:00,0.9012686055737739,0.8851761932618463,1.0
2026-05-07 14:55:00+00:00,0.9012686055737739,0.8886469562058782,1.0
2026-05-07 15:00:00+00:00,0.9012686055737739,0.8907224903715979,1.0
2026-05-07 15:05:00+00:00,0.9012686055737739,0.8904290069304697,1.0
2026-05-07 15:10:00+00:00,0.9012686055737739,0.8943718505826462,1.0
2026-05-07 15:15:00+00:00,0.9012686055737739,0.8847475310641515,1.0
2026-05-07 15:20:00+00:00,0.9012686055737739,0.8841282077924065,1.0
2026-05-07 15:25:00+00:00,0.9012686055737739,0.8841282077924065,1.0
2026-05-07 15:30:00+00:00,0.9012686055737739,0.8841282077924065,1.0
2026-05-07 15:35:00+00:00,0.9012686055737739,0.8841282077924065,1.0
2026-05-07 15:40:00+00:00,0.9055985147890838,0.8841282077924065,1.0
2026-05-07 15:45:00+00:00,0.9072890029974813,0.8841282077924065,1.0
2026-05-07 15:50:00+00:00,0.9106580137177867,0.8841282077924065,1.0
2026-05-07 15:55:00+00:00,0.9103947036035387,0.8832536788323434,1.0
2026-05-07 16:00:00+00:00,0.9102886041339951,0.8831507424395617,1.0
2026-05-07 16:05:00+00:00,0.9060166771669084,0.8790061717446231,1.0
2026-05-07 16:10:00+00:00,0.9068502666012307,0.8798149099013662,1.0
2026-05-07 16:15:00+00:00,0.9086070901467717,0.881519358371372,1.0
2026-05-07 16:20:00+00:00,0.9055868828186826,0.8785891905850128,1.0
2026-05-07 16:25:00+00:00,0.9101621662902882,0.8830280740077754,1.0
2026-05-07 16:30:00+00:00,0.9100650717888645,0.882933874123662,1.0
2026-05-07 16:35:00+00:00,0.9109094163348297,0.8837530467566681,1.0
2026-05-07 16:40:00+00:00,0.9155844751259831,0.8882887309601231,1.0
2026-05-07 16:45:00+00:00,0.9177372464793077,0.8903773230949218,1.0
2026-05-07 16:50:00+00:00,0.9116079260180172,0.8844307322099482,1.0
2026-05-07 16:55:00+00:00,0.9140022807239994,0.8867537055248382,1.0
2026-05-07 17:00:00+00:00,0.9096803694516863,0.8825606406753311,1.0
2026-05-07 17:05:00+00:00,0.9069223551403238,0.8798848493101784,1.0
2026-05-07 17:10:00+00:00,0.907445549932644,0.8792689299156613,1.0
2026-05-07 17:15:00+00:00,0.903126454569806,0.8792689299156613,1.0
2026-05-07 17:20:00+00:00,0.9026793736242782,0.8792689299156613,1.0
2026-05-07 17:25:00+00:00,0.9020474980627412,0.8792689299156613,1.0
2026-05-07 17:30:00+00:00,0.9020474980627412,0.8792689299156613,1.0
2026-05-07 17:35:00+00:00,0.9020474980627412,0.8792689299156613,1.0
2026-05-07 17:40:00+00:00,0.9020474980627412,0.8792689299156613,1.0
2026-05-07 17:45:00+00:00,0.9020474980627412,0.8792689299156613,1.0
2026-05-07 17:50:00+00:00,0.9020474980627412,0.8792689299156613,1.0
2026-05-07 17:55:00+00:00,0.9020474980627412,0.8792689299156613,1.0
2026-05-07 18:00:00+00:00,0.9020474980627412,0.8805212546885312,1.0
2026-05-07 18:05:00+00:00,0.9020474980627412,0.8816188475796116,1.0
2026-05-07 18:10:00+00:00,0.9020474980627412,0.8803372798377481,1.0
2026-05-07 18:15:00+00:00,0.9020474980627412,0.8800396870167018,1.0
2026-05-07 18:20:00+00:00,0.9020474980627412,0.8795303937868314,1.0
2026-05-07 18:25:00+00:00,0.9020474980627412,0.8821007857646499,1.0
2026-05-07 18:30:00+00:00,0.9020474980627412,0.8793572425253788,1.0
2026-05-07 18:35:00+00:00,0.9020474980627412,0.8760498258896597,1.0
2026-05-07 18:40:00+00:00,0.9020474980627412,0.8729953723634091,1.0
2026-05-07 18:45:00+00:00,0.9020474980627412,0.8723842756027547,1.0
2026-05-07 18:50:00+00:00,0.9020474980627412,0.8723842756027547,1.0
2026-05-07 18:55:00+00:00,0.9020474980627412,0.8723842756027547,1.0
2026-05-07 19:00:00+00:00,0.9020474980627412,0.8723842756027547,1.0
2026-05-07 19:05:00+00:00,0.9020474980627412,0.8723842756027547,1.0
2026-05-07 19:10:00+00:00,0.9020474980627412,0.8723842756027547,1.0
2026-05-07 19:15:00+00:00,0.9020474980627412,0.8723842756027547,1.0
2026-05-07 19:20:00+00:00,0.9020474980627412,0.8723842756027547,1.0
2026-05-07 19:25:00+00:00,0.9020474980627412,0.8723842756027547,1.0
2026-05-07 19:30:00+00:00,0.9020474980627412,0.8723842756027547,1.0
2026-05-07 19:35:00+00:00,0.9020474980627412,0.8723842756027547,1.0
2026-05-07 19:40:00+00:00,0.9020474980627412,0.8723842756027547,1.0
2026-05-07 19:45:00+00:00,0.9020474980627412,0.8723842756027547,1.0
2026-05-07 19:50:00+00:00,0.9020474980627412,0.8707732676379742,1.0
2026-05-07 19:55:00+00:00,0.9020474980627412,0.8767629889603364,1.0
2026-05-08 13:30:00+00:00,0.9020474980627412,0.8824023599747636,1.0
2026-05-08 13:35:00+00:00,0.9020474980627412,0.8849368485667988,1.0
2026-05-08 13:40:00+00:00,0.9020474980627412,0.8826555282263119,1.0
2026-05-08 13:45:00+00:00,0.9020474980627412,0.8835087467070554,1.0
2026-05-08 13:50:00+00:00,0.9020474980627412,0.8805004871709933,1.0
2026-05-08 13:55:00+00:00,0.9020474980627412,0.8800612528632358,1.0
2026-05-08 14:00:00+00:00,0.9020474980627412,0.8810711311547931,1.0
2026-05-08 14:05:00+00:00,0.9020474980627412,0.881388105056649,1.0
2026-05-08 14:10:00+00:00,0.9020474980627412,0.881800932642606,1.0
2026-05-08 14:15:00+00:00,0.9020474980627412,0.8841293620088998,1.0
2026-05-08 14:20:00+00:00,0.8969590093737297,0.879760840848547,1.0
2026-05-08 14:25:00+00:00,0.8963311380671681,0.8802854900880018,1.0
2026-05-08 14:30:00+00:00,0.8963311380671681,0.8823094362935955,1.0
2026-05-08 14:35:00+00:00,0.8963311380671681,0.8805519893605813,1.0
2026-05-08 14:40:00+00:00,0.8963311380671681,0.8830903826948263,1.0
2026-05-08 14:45:00+00:00,0.8963311380671681,0.8860067590157323,1.0
2026-05-08 14:50:00+00:00,0.8963311380671681,0.887571175135912,1.0
2026-05-08 14:55:00+00:00,0.8963311380671681,0.8874043214250247,1.0
2026-05-08 15:00:00+00:00,0.8963311380671681,0.8916486419193644,1.0
2026-05-08 15:05:00+00:00,0.8963311380671681,0.8965614688044065,1.0
2026-05-08 15:10:00+00:00,0.8963311380671681,0.8967160224440109,1.0
2026-05-08 15:15:00+00:00,0.8963311380671681,0.8930364456645087,1.0
2026-05-08 15:20:00+00:00,0.8963311380671681,0.8918906762257185,1.0
2026-05-08 15:25:00+00:00,0.8963311380671681,0.8931702080283852,1.0
2026-05-08 15:30:00+00:00,0.8963311380671681,0.8922065295096266,1.0
2026-05-08 15:35:00+00:00,0.8963311380671681,0.8924184891201817,1.0
2026-05-08 15:40:00+00:00,0.8963311380671681,0.8923585284988476,1.0
2026-05-08 15:45:00+00:00,0.8963311380671681,0.8872360820149725,1.0
2026-05-08 15:50:00+00:00,0.8963311380671681,0.886615016757562,1.0
2026-05-08 15:55:00+00:00,0.8963311380671681,0.886615016757562,1.0
2026-05-08 16:00:00+00:00,0.8963311380671681,0.886615016757562,1.0
2026-05-08 16:05:00+00:00,0.8963311380671681,0.886615016757562,1.0
2026-05-08 16:10:00+00:00,0.8963311380671681,0.87540137932571,1.0
2026-05-08 16:15:00+00:00,0.8963311380671681,0.8739172945037583,1.0
2026-05-08 16:20:00+00:00,0.8963311380671681,0.8733055523976057,1.0
2026-05-08 16:25:00+00:00,0.8963311380671681,0.8733055523976057,1.0
2026-05-08 16:30:00+00:00,0.8963311380671681,0.8733055523976057,1.0
2026-05-08 16:35:00+00:00,0.8963311380671681,0.8733055523976057,1.0
2026-05-08 16:40:00+00:00,0.8963311380671681,0.8733055523976057,1.0
2026-05-08 16:45:00+00:00,0.8963311380671681,0.8733055523976057,1.0
2026-05-08 16:50:00+00:00,0.8963311380671681,0.8733055523976057,1.0
2026-05-08 16:55:00+00:00,0.8963311380671681,0.8733055523976057,1.0
2026-05-08 17:00:00+00:00,0.8963311380671681,0.8733055523976057,1.0
2026-05-08 17:05:00+00:00,0.8963311380671681,0.8733055523976057,1.0
2026-05-08 17:10:00+00:00,0.8963311380671681,0.8733055523976057,1.0
2026-05-08 17:15:00+00:00,0.8963311380671681,0.8733055523976057,1.0
2026-05-08 17:20:00+00:00,0.8963311380671681,0.8733055523976057,1.0
2026-05-08 17:25:00+00:00,0.8963311380671681,0.8733055523976057,1.0
2026-05-08 17:30:00+00:00,0.8963311380671681,0.8733055523976057,1.0
2026-05-08 17:35:00+00:00,0.8963311380671681,0.8733055523976057,1.0
2026-05-08 17:40:00+00:00,0.8963311380671681,0.8733055523976057,1.0
2026-05-08 17:45:00+00:00,0.8963311380671681,0.8695634205661583,1.0
2026-05-08 17:50:00+00:00,0.8963311380671681,0.8672595687171599,1.0
2026-05-08 17:55:00+00:00,0.8963311380671681,0.8643531866535639,1.0
2026-05-08 18:00:00+00:00,0.8963311380671681,0.8637481394229063,1.0
2026-05-08 18:05:00+00:00,0.8963311380671681,0.8637481394229063,1.0
2026-05-08 18:10:00+00:00,0.8963311380671681,0.8637481394229063,1.0
2026-05-08 18:15:00+00:00,0.8963311380671681,0.8637481394229063,1.0
2026-05-08 18:20:00+00:00,0.8963311380671681,0.8637481394229063,1.0
2026-05-08 18:25:00+00:00,0.8963311380671681,0.8637481394229063,1.0
2026-05-08 18:30:00+00:00,0.8963311380671681,0.8637481394229063,1.0
2026-05-08 18:35:00+00:00,0.8963311380671681,0.8637481394229063,1.0
2026-05-08 18:40:00+00:00,0.8963311380671681,0.8637481394229063,1.0
2026-05-08 18:45:00+00:00,0.8963311380671681,0.8637481394229063,1.0
2026-05-08 18:50:00+00:00,0.8963311380671681,0.8637481394229063,1.0
2026-05-08 18:55:00+00:00,0.8963311380671681,0.8637481394229063,1.0
2026-05-08 19:00:00+00:00,0.8963311380671681,0.8637481394229063,1.0
2026-05-08 19:05:00+00:00,0.8963311380671681,0.8637481394229063,1.0
2026-05-08 19:10:00+00:00,0.8963311380671681,0.8637481394229063,1.0
2026-05-08 19:15:00+00:00,0.8963311380671681,0.8637481394229063,1.0
2026-05-08 19:20:00+00:00,0.8963311380671681,0.8637481394229063,1.0
2026-05-08 19:25:00+00:00,0.8963311380671681,0.8637481394229063,1.0
2026-05-08 19:30:00+00:00,0.8963311380671681,0.8637481394229063,1.0
2026-05-08 19:35:00+00:00,0.8963311380671681,0.8637481394229063,1.0
2026-05-08 19:40:00+00:00,0.8963311380671681,0.8637481394229063,1.0
2026-05-08 19:45:00+00:00,0.8963311380671681,0.8637481394229063,1.0
2026-05-08 19:50:00+00:00,0.8963311380671681,0.8637481394229063,1.0
2026-05-08 19:55:00+00:00,0.8963311380671681,0.8637481394229063,1.0
2026-05-11 13:30:00+00:00,0.8963311380671681,0.8637481394229063,1.0
2026-05-11 13:35:00+00:00,0.8963311380671681,0.8637481394229063,1.0
2026-05-11 13:40:00+00:00,0.8963311380671681,0.8637481394229063,1.0
2026-05-11 13:45:00+00:00,0.8963311380671681,0.8637481394229063,1.0
2026-05-11 13:50:00+00:00,0.8963311380671681,0.8641156253473868,1.0
2026-05-11 13:55:00+00:00,0.8963311380671681,0.8589609579985237,1.0
2026-05-11 14:00:00+00:00,0.8963311380671681,0.8577991395101315,1.0
2026-05-11 14:05:00+00:00,0.8963311380671681,0.8591985172234388,1.0
2026-05-11 14:10:00+00:00,0.8963311380671681,0.8563010676588724,1.0
2026-05-11 14:15:00+00:00,0.8963311380671681,0.8605791911149563,1.0
2026-05-11 14:20:00+00:00,0.8963311380671681,0.8643577887169378,1.0
2026-05-11 14:25:00+00:00,0.8963311380671681,0.8658319364062848,1.0
2026-05-11 14:30:00+00:00,0.8963311380671681,0.8644539565149163,1.0
2026-05-11 14:35:00+00:00,0.8963311380671681,0.8638026860006194,1.0
2026-05-11 14:40:00+00:00,0.8963311380671681,0.8695721278927571,1.0
2026-05-11 14:45:00+00:00,0.8963311380671681,0.8686479343218927,1.0
2026-05-11 14:50:00+00:00,0.8963311380671681,0.8706530095458255,1.0
2026-05-11 14:55:00+00:00,0.8963311380671681,0.8722007690219593,1.0
2026-05-11 15:00:00+00:00,0.8963311380671681,0.8696083046039597,1.0
2026-05-11 15:05:00+00:00,0.8963311380671681,0.8692941237144607,1.0
2026-05-11 15:10:00+00:00,0.8963311380671681,0.8662865756270871,1.0
2026-05-11 15:15:00+00:00,0.8963311380671681,0.8709170183584246,1.0
2026-05-11 15:20:00+00:00,0.8963311380671681,0.8675652804910837,1.0
2026-05-11 15:25:00+00:00,0.8963311380671681,0.8670758425783369,1.0
2026-05-11 15:30:00+00:00,0.8963311380671681,0.8644530162743578,1.0
2026-05-11 15:35:00+00:00,0.8963311380671681,0.8638478991629657,1.0
2026-05-11 15:40:00+00:00,0.8963311380671681,0.8638478991629657,1.0
2026-05-11 15:45:00+00:00,0.8963311380671681,0.8638478991629657,1.0
2026-05-11 15:50:00+00:00,0.8963311380671681,0.8638478991629657,1.0
2026-05-11 15:55:00+00:00,0.8963311380671681,0.8638478991629657,1.0
2026-05-11 16:00:00+00:00,0.8963311380671681,0.8638478991629657,1.0
2026-05-11 16:05:00+00:00,0.8963311380671681,0.8638478991629657,1.0
2026-05-11 16:10:00+00:00,0.8963311380671681,0.8638478991629657,1.0
2026-05-11 16:15:00+00:00,0.8963311380671681,0.8638478991629657,1.0
2026-05-11 16:20:00+00:00,0.8963311380671681,0.8638478991629657,1.0
2026-05-11 16:25:00+00:00,0.8963311380671681,0.8638478991629657,1.0
2026-05-11 16:30:00+00:00,0.8963311380671681,0.8638478991629657,1.0
2026-05-11 16:35:00+00:00,0.8963311380671681,0.863753049874628,1.0
2026-05-11 16:40:00+00:00,0.8963311380671681,0.8658108343509545,1.0
2026-05-11 16:45:00+00:00,0.8963311380671681,0.8669940943159457,1.0
2026-05-11 16:50:00+00:00,0.8963311380671681,0.8637627053715067,1.0
2026-05-11 16:55:00+00:00,0.8963311380671681,0.8653243278411393,1.0
2026-05-11 17:00:00+00:00,0.8963311380671681,0.8703793460003665,1.0
2026-05-11 17:05:00+00:00,0.8963311380671681,0.8718961301402773,1.0
2026-05-11 17:10:00+00:00,0.8963311380671681,0.8699665398921328,1.0
2026-05-11 17:15:00+00:00,0.8963311380671681,0.8662749983086899,1.0
2026-05-11 17:20:00+00:00,0.8963311380671681,0.8638151138383208,1.0
2026-05-11 17:25:00+00:00,0.8963311380671681,0.8642276441792677,1.0
2026-05-11 17:30:00+00:00,0.8963311380671681,0.8629950680140791,1.0
2026-05-11 17:35:00+00:00,0.8963311380671681,0.8608941357969675,1.0
2026-05-11 17:40:00+00:00,0.8963311380671681,0.8602915099019096,1.0
2026-05-11 17:45:00+00:00,0.8963311380671681,0.8602915099019096,1.0
2026-05-11 17:50:00+00:00,0.8963311380671681,0.8602915099019096,1.0
2026-05-11 17:55:00+00:00,0.8963311380671681,0.8602915099019096,1.0
2026-05-11 18:00:00+00:00,0.8963311380671681,0.8602915099019096,1.0
2026-05-11 18:05:00+00:00,0.8963311380671681,0.8602915099019096,1.0
2026-05-11 18:10:00+00:00,0.8963311380671681,0.8602915099019096,1.0
2026-05-11 18:15:00+00:00,0.8963311380671681,0.8601558630687032,1.0
2026-05-11 18:20:00+00:00,0.8963311380671681,0.862884208073461,1.0
2026-05-11 18:25:00+00:00,0.8963311380671681,0.8588867012721111,1.0
2026-05-11 18:30:00+00:00,0.8963311380671681,0.8574818081910063,1.0
2026-05-11 18:35:00+00:00,0.8963311380671681,0.856083609073758,1.0
2026-05-11 18:40:00+00:00,0.8963311380671681,0.8510600570795697,1.0
2026-05-11 18:45:00+00:00,0.8963311380671681,0.850464315039614,1.0
2026-05-11 18:50:00+00:00,0.8963311380671681,0.850464315039614,1.0
2026-05-11 18:55:00+00:00,0.8963311380671681,0.850464315039614,1.0
2026-05-11 19:00:00+00:00,0.8963311380671681,0.850464315039614,1.0
2026-05-11 19:05:00+00:00,0.8963311380671681,0.850464315039614,1.0
2026-05-11 19:10:00+00:00,0.8963311380671681,0.850464315039614,1.0
2026-05-11 19:15:00+00:00,0.8963311380671681,0.850464315039614,1.0
2026-05-11 19:20:00+00:00,0.8963311380671681,0.850464315039614,1.0
2026-05-11 19:25:00+00:00,0.8963311380671681,0.850464315039614,1.0
2026-05-11 19:30:00+00:00,0.8963311380671681,0.850464315039614,1.0
2026-05-11 19:35:00+00:00,0.8963311380671681,0.850464315039614,1.0
2026-05-11 19:40:00+00:00,0.8963311380671681,0.850464315039614,1.0
2026-05-11 19:45:00+00:00,0.8963311380671681,0.850464315039614,1.0
2026-05-11 19:50:00+00:00,0.8963311380671681,0.850464315039614,1.0
2026-05-11 19:55:00+00:00,0.8963311380671681,0.850464315039614,1.0
2026-05-12 13:30:00+00:00,0.8963311380671681,0.850464315039614,1.0
2026-05-12 13:35:00+00:00,0.8963311380671681,0.84780802299773,1.0
2026-05-12 13:40:00+00:00,0.8963311380671681,0.8522672671356699,1.0
2026-05-12 13:45:00+00:00,0.8963311380671681,0.857918403942252,1.0
2026-05-12 13:50:00+00:00,0.8963311380671681,0.8581145132483508,1.0
2026-05-12 13:55:00+00:00,0.8963311380671681,0.8630703762966441,1.0
2026-05-12 14:00:00+00:00,0.8963311380671681,0.8655028291981202,1.0
2026-05-12 14:05:00+00:00,0.8963311380671681,0.8688933004024909,1.0
2026-05-12 14:10:00+00:00,0.8963311380671681,0.8698418635278043,1.0
2026-05-12 14:15:00+00:00,0.8963311380671681,0.8681704822074695,1.0
2026-05-12 14:20:00+00:00,0.8963311380671681,0.869918327370445,1.0
2026-05-12 14:25:00+00:00,0.8963311380671681,0.8718446174939849,1.0
2026-05-12 14:30:00+00:00,0.8963311380671681,0.8721262513905023,1.0
2026-05-12 14:35:00+00:00,0.8963311380671681,0.8680737051003938,1.0
2026-05-12 14:40:00+00:00,0.8963311380671681,0.8706472603075086,1.0
2026-05-12 14:45:00+00:00,0.8963311380671681,0.8776304108947587,1.0
2026-05-12 14:50:00+00:00,0.8963311380671681,0.8719616677573548,1.0
2026-05-12 14:55:00+00:00,0.8963311380671681,0.8726403981491302,1.0
2026-05-12 15:00:00+00:00,0.8963311380671681,0.8718052270144484,1.0
2026-05-12 15:05:00+00:00,0.8963311380671681,0.8664618175630181,1.0
2026-05-12 15:10:00+00:00,0.8963311380671681,0.8696445070146818,1.0
2026-05-12 15:15:00+00:00,0.8963311380671681,0.8669133205481061,1.0
2026-05-12 15:20:00+00:00,0.8963311380671681,0.8645295924796195,1.0
2026-05-12 15:25:00+00:00,0.8963311380671681,0.8658460422234524,1.0
2026-05-12 15:30:00+00:00,0.8963311380671681,0.8627624130361525,1.0
2026-05-12 15:35:00+00:00,0.8963311380671681,0.8621584793470272,1.0
2026-05-12 15:40:00+00:00,0.8963311380671681,0.8621584793470272,1.0
2026-05-12 15:45:00+00:00,0.8963311380671681,0.862392014233078,1.0
2026-05-12 15:50:00+00:00,0.8963311380671681,0.8620880002562937,1.0
2026-05-12 15:55:00+00:00,0.8963311380671681,0.8597483723240276,1.0
2026-05-12 16:00:00+00:00,0.8963311380671681,0.8608080937755251,1.0
2026-05-12 16:05:00+00:00,0.8963311380671681,0.8603236679346763,1.0
2026-05-12 16:10:00+00:00,0.8963311380671681,0.8623517153429081,1.0
2026-05-12 16:15:00+00:00,0.8963311380671681,0.8633905170446396,1.0
2026-05-12 16:20:00+00:00,0.8963311380671681,0.8620219600991259,1.0
2026-05-12 16:25:00+00:00,0.8963311380671681,0.866906551074719,1.0
2026-05-12 16:30:00+00:00,0.8963311380671681,0.8661436042147413,1.0
2026-05-12 16:35:00+00:00,0.8963311380671681,0.8647866453844409,1.0
2026-05-12 16:40:00+00:00,0.8963311380671681,0.8681322948331527,1.0
2026-05-12 16:45:00+00:00,0.8963311380671681,0.8709127866915057,1.0
2026-05-12 16:50:00+00:00,0.8963311380671681,0.8684870199414262,1.0
2026-05-12 16:55:00+00:00,0.8963311380671681,0.8611783594484607,1.0
2026-05-12 17:00:00+00:00,0.8963311380671681,0.8605755345968467,1.0
2026-05-12 17:05:00+00:00,0.8963311380671681,0.8605755345968467,1.0
2026-05-12 17:10:00+00:00,0.8963311380671681,0.8605755345968467,1.0
2026-05-12 17:15:00+00:00,0.8963311380671681,0.8605755345968467,1.0
2026-05-12 17:20:00+00:00,0.8963311380671681,0.8560858374788999,1.0
2026-05-12 17:25:00+00:00,0.8963311380671681,0.8568512904046816,1.0
2026-05-12 17:30:00+00:00,0.8963311380671681,0.8584620560935946,1.0
2026-05-12 17:35:00+00:00,0.8963311380671681,0.8580082858487764,1.0
2026-05-12 17:40:00+00:00,0.8963311380671681,0.8552728314261171,1.0
2026-05-12 17:45:00+00:00,0.8963311380671681,0.8550023651543306,1.0
2026-05-12 17:50:00+00:00,0.8963311380671681,0.8549483106289778,1.0
2026-05-12 17:55:00+00:00,0.8963311380671681,0.8588306058642566,1.0
2026-05-12 18:00:00+00:00,0.8963311380671681,0.8578401130352485,1.0
2026-05-12 18:05:00+00:00,0.8963311380671681,0.8617827154271949,1.0
2026-05-12 18:10:00+00:00,0.8963311380671681,0.8619251608025422,1.0
2026-05-12 18:15:00+00:00,0.8963311380671681,0.8646347258025925,1.0
2026-05-12 18:20:00+00:00,0.8963311380671681,0.8691680770612308,1.0
2026-05-12 18:25:00+00:00,0.8963311380671681,0.8680554787467053,1.0
2026-05-12 18:30:00+00:00,0.8963311380671681,0.8664294146063528,1.0
2026-05-12 18:35:00+00:00,0.8963311380671681,0.8690204139431784,1.0
2026-05-12 18:40:00+00:00,0.8963311380671681,0.8719070702906874,1.0
2026-05-12 18:45:00+00:00,0.8963311380671681,0.8738266400008265,1.0
2026-05-12 18:50:00+00:00,0.8963311380671681,0.8743695345436108,1.0
2026-05-12 18:55:00+00:00,0.8963311380671681,0.8756102855275603,1.0
2026-05-12 19:00:00+00:00,0.8963311380671681,0.8731486354407716,1.0
2026-05-12 19:05:00+00:00,0.8963311380671681,0.8712384520299965,1.0
2026-05-12 19:10:00+00:00,0.8963311380671681,0.8705959328912557,1.0
2026-05-12 19:15:00+00:00,0.8963311380671681,0.8724727641735033,1.0
2026-05-12 19:20:00+00:00,0.8963311380671681,0.8747356892717019,1.0
2026-05-12 19:25:00+00:00,0.8963311380671681,0.8737717680289872,1.0
2026-05-12 19:30:00+00:00,0.8963311380671681,0.8734757645068753,1.0
2026-05-12 19:35:00+00:00,0.8963311380671681,0.8792535208567108,1.0
2026-05-12 19:40:00+00:00,0.8963311380671681,0.8810095043494133,1.0
2026-05-12 19:45:00+00:00,0.8963311380671681,0.8794551616208253,1.0
2026-05-12 19:50:00+00:00,0.8963311380671681,0.8752952909695105,1.0
2026-05-12 19:55:00+00:00,0.8963311380671681,0.8787199885211207,1.0
2026-05-13 13:30:00+00:00,0.8963311380671681,0.8786709868425004,1.0
2026-05-13 13:35:00+00:00,0.8963311380671681,0.8745348504539999,1.0
2026-05-13 13:40:00+00:00,0.8963311380671681,0.8732722480674695,1.0
2026-05-13 13:45:00+00:00,0.8963311380671681,0.8759586066957914,1.0
2026-05-13 13:50:00+00:00,0.8963311380671681,0.8721357438059972,1.0
2026-05-13 13:55:00+00:00,0.8963311380671681,0.871525248785333,1.0
2026-05-13 14:00:00+00:00,0.8963311380671681,0.871525248785333,1.0
2026-05-13 14:05:00+00:00,0.8963311380671681,0.871525248785333,1.0
2026-05-13 14:10:00+00:00,0.8963311380671681,0.871525248785333,1.0
2026-05-13 14:15:00+00:00,0.8963311380671681,0.871525248785333,1.0
2026-05-13 14:20:00+00:00,0.8963311380671681,0.868129767594557,1.0
2026-05-13 14:25:00+00:00,0.8963311380671681,0.8668812713450861,1.0
2026-05-13 14:30:00+00:00,0.8963311380671681,0.8631332823160867,1.0
2026-05-13 14:35:00+00:00,0.8963311380671681,0.8625290890184654,1.0
2026-05-13 14:40:00+00:00,0.8963311380671681,0.8625290890184654,1.0
2026-05-13 14:45:00+00:00,0.8963311380671681,0.8625290890184654,1.0
2026-05-13 14:50:00+00:00,0.8963311380671681,0.8625290890184654,1.0
2026-05-13 14:55:00+00:00,0.8963311380671681,0.8625290890184654,1.0
2026-05-13 15:00:00+00:00,0.8963311380671681,0.8625290890184654,1.0
2026-05-13 15:05:00+00:00,0.8963311380671681,0.8625290890184654,1.0
2026-05-13 15:10:00+00:00,0.8963311380671681,0.8625290890184654,1.0
2026-05-13 15:15:00+00:00,0.8963311380671681,0.8625290890184654,1.0
2026-05-13 15:20:00+00:00,0.8963311380671681,0.8625290890184654,1.0
2026-05-13 15:25:00+00:00,0.8963311380671681,0.8625290890184654,1.0
2026-05-13 15:30:00+00:00,0.8963311380671681,0.8625290890184654,1.0
2026-05-13 15:35:00+00:00,0.8963311380671681,0.8625290890184654,1.0
2026-05-13 15:40:00+00:00,0.8963311380671681,0.8625290890184654,1.0
2026-05-13 15:45:00+00:00,0.8963311380671681,0.8625290890184654,1.0
2026-05-13 15:50:00+00:00,0.8963311380671681,0.8625290890184654,1.0
2026-05-13 15:55:00+00:00,0.8963311380671681,0.8625290890184654,1.0
2026-05-13 16:00:00+00:00,0.8963311380671681,0.8625290890184654,1.0
2026-05-13 16:05:00+00:00,0.8963311380671681,0.8625290890184654,1.0
2026-05-13 16:10:00+00:00,0.8963311380671681,0.8625290890184654,1.0
2026-05-13 16:15:00+00:00,0.8963311380671681,0.8625290890184654,1.0
2026-05-13 16:20:00+00:00,0.8963311380671681,0.8625290890184654,1.0
2026-05-13 16:25:00+00:00,0.8963311380671681,0.8625290890184654,1.0
2026-05-13 16:30:00+00:00,0.8963311380671681,0.8625290890184654,1.0
2026-05-13 16:35:00+00:00,0.8963311380671681,0.8625290890184654,1.0
2026-05-13 16:40:00+00:00,0.8963311380671681,0.855744353600168,1.0
2026-05-13 16:45:00+00:00,0.8963311380671681,0.8590131721293315,1.0
2026-05-13 16:50:00+00:00,0.8963311380671681,0.8579303485196749,1.0
2026-05-13 16:55:00+00:00,0.8963311380671681,0.8561778685878338,1.0
2026-05-13 17:00:00+00:00,0.8963311380671681,0.8606876806199991,1.0
2026-05-13 17:05:00+00:00,0.8963311380671681,0.865208643331456,1.0
2026-05-13 17:10:00+00:00,0.8963311380671681,0.8677925099575945,1.0
2026-05-13 17:15:00+00:00,0.8963311380671681,0.866286099934841,1.0
2026-05-13 17:20:00+00:00,0.8963311380671681,0.8688657217719107,1.0
2026-05-13 17:25:00+00:00,0.8963311380671681,0.8657594197155122,1.0
2026-05-13 17:30:00+00:00,0.8963311380671681,0.8635981302374608,1.0
2026-05-13 17:35:00+00:00,0.8963311380671681,0.8630439170382286,1.0
2026-05-13 17:40:00+00:00,0.8963311380671681,0.8632810579988717,1.0
2026-05-13 17:45:00+00:00,0.8963311380671681,0.8656894270342268,1.0
2026-05-13 17:50:00+00:00,0.8963311380671681,0.8684430499724098,1.0
2026-05-13 17:55:00+00:00,0.8963311380671681,0.8676798137401003,1.0
2026-05-13 18:00:00+00:00,0.8963311380671681,0.8682287704783614,1.0
2026-05-13 18:05:00+00:00,0.8963311380671681,0.8660068206220043,1.0
2026-05-13 18:10:00+00:00,0.8963311380671681,0.8678616359082771,1.0
2026-05-13 18:15:00+00:00,0.8963311380671681,0.8671222488327186,1.0
2026-05-13 18:20:00+00:00,0.8963311380671681,0.8690509558949121,1.0
2026-05-13 18:25:00+00:00,0.8963311380671681,0.8747055380327204,1.0
2026-05-13 18:30:00+00:00,0.8963311380671681,0.8725079794362001,1.0
2026-05-13 18:35:00+00:00,0.8963311380671681,0.8662713110085646,1.0
2026-05-13 18:40:00+00:00,0.8963311380671681,0.8690627767840402,1.0
2026-05-13 18:45:00+00:00,0.8963311380671681,0.8716833800049222,1.0
2026-05-13 18:50:00+00:00,0.8963311380671681,0.8726955964634447,1.0
2026-05-13 18:55:00+00:00,0.8963311380671681,0.8675649995857595,1.0
2026-05-13 19:00:00+00:00,0.8963311380671681,0.8664709929866805,1.0
2026-05-13 19:05:00+00:00,0.8963311380671681,0.8658644632915898,1.0
2026-05-13 19:10:00+00:00,0.8963311380671681,0.8658644632915898,1.0
2026-05-13 19:15:00+00:00,0.8963311380671681,0.8658644632915898,1.0
2026-05-13 19:20:00+00:00,0.8963311380671681,0.8658644632915898,1.0
2026-05-13 19:25:00+00:00,0.8963311380671681,0.8658644632915898,1.0
2026-05-13 19:30:00+00:00,0.8963311380671681,0.8658644632915898,1.0
2026-05-13 19:35:00+00:00,0.8963311380671681,0.8658644632915898,1.0
2026-05-13 19:40:00+00:00,0.8963311380671681,0.8658644632915898,1.0
2026-05-13 19:45:00+00:00,0.8963311380671681,0.8658644632915898,1.0
2026-05-13 19:50:00+00:00,0.8963311380671681,0.8658644632915898,1.0
2026-05-13 19:55:00+00:00,0.8963311380671681,0.8658644632915898,1.0
2026-05-14 13:30:00+00:00,0.8963311380671681,0.8658644632915898,1.0
2026-05-14 13:35:00+00:00,0.8963311380671681,0.8658644632915898,1.0
2026-05-14 13:40:00+00:00,0.8963311380671681,0.8658644632915898,1.0
2026-05-14 13:45:00+00:00,0.8907177897269799,0.8658644632915898,1.0
2026-05-14 13:50:00+00:00,0.890094287274171,0.8658644632915898,1.0
2026-05-14 13:55:00+00:00,0.890094287274171,0.8658644632915898,1.0
2026-05-14 14:00:00+00:00,0.890094287274171,0.8658644632915898,1.0
2026-05-14 14:05:00+00:00,0.890094287274171,0.8658644632915898,1.0
2026-05-14 14:10:00+00:00,0.890094287274171,0.8658644632915898,1.0
2026-05-14 14:15:00+00:00,0.890094287274171,0.8672273727061784,1.0
2026-05-14 14:20:00+00:00,0.890094287274171,0.8700765261219963,1.0
2026-05-14 14:25:00+00:00,0.890094287274171,0.8696057938105328,1.0
2026-05-14 14:30:00+00:00,0.890094287274171,0.8639595527500893,1.0
2026-05-14 14:35:00+00:00,0.890094287274171,0.8623118534908533,1.0
2026-05-14 14:40:00+00:00,0.890094287274171,0.8617082351934097,1.0
2026-05-14 14:45:00+00:00,0.890094287274171,0.8617082351934097,1.0
2026-05-14 14:50:00+00:00,0.890094287274171,0.8617082351934097,1.0
2026-05-14 14:55:00+00:00,0.890094287274171,0.8617082351934097,1.0
2026-05-14 15:00:00+00:00,0.890094287274171,0.8617082351934097,1.0
2026-05-14 15:05:00+00:00,0.890094287274171,0.8617082351934097,1.0
2026-05-14 15:10:00+00:00,0.890094287274171,0.8617082351934097,1.0
2026-05-14 15:15:00+00:00,0.890094287274171,0.8617082351934097,1.0
2026-05-14 15:20:00+00:00,0.890094287274171,0.8617082351934097,1.0
2026-05-14 15:25:00+00:00,0.890094287274171,0.8617082351934097,1.0
2026-05-14 15:30:00+00:00,0.890094287274171,0.8656802097520677,1.0
2026-05-14 15:35:00+00:00,0.890094287274171,0.8647275732601098,1.0
2026-05-14 15:40:00+00:00,0.890094287274171,0.860964051354883,1.0
2026-05-14 15:45:00+00:00,0.890094287274171,0.8614132654066178,1.0
2026-05-14 15:50:00+00:00,0.890094287274171,0.8641858256800831,1.0
2026-05-14 15:55:00+00:00,0.890094287274171,0.863278331454246,1.0
2026-05-14 16:00:00+00:00,0.890094287274171,0.8644265089713228,1.0
2026-05-14 16:05:00+00:00,0.890094287274171,0.8660921447556571,1.0
2026-05-14 16:10:00+00:00,0.890094287274171,0.8658911749736883,1.0
2026-05-14 16:15:00+00:00,0.890094287274171,0.8628810445043692,1.0
2026-05-14 16:20:00+00:00,0.890094287274171,0.8667755832669928,1.0
2026-05-14 16:25:00+00:00,0.890094287274171,0.8665235244019726,1.0
2026-05-14 16:30:00+00:00,0.890094287274171,0.863970961655409,1.0
2026-05-14 16:35:00+00:00,0.890094287274171,0.8625506630034182,1.0
2026-05-14 16:40:00+00:00,0.890094287274171,0.8611726536417864,1.0
2026-05-14 16:45:00+00:00,0.890094287274171,0.8612061215946094,1.0
2026-05-14 16:50:00+00:00,0.890094287274171,0.8584968532164379,1.0
2026-05-14 16:55:00+00:00,0.890094287274171,0.8578959054191864,1.0
2026-05-14 17:00:00+00:00,0.890094287274171,0.8578959054191864,1.0
2026-05-14 17:05:00+00:00,0.890094287274171,0.8578959054191864,1.0
2026-05-14 17:10:00+00:00,0.890094287274171,0.8578959054191864,1.0
2026-05-14 17:15:00+00:00,0.890094287274171,0.8578959054191864,1.0
2026-05-14 17:20:00+00:00,0.890094287274171,0.8552360364962671,1.0
2026-05-14 17:25:00+00:00,0.890094287274171,0.8619708517921111,1.0
2026-05-14 17:30:00+00:00,0.890094287274171,0.8680123105734302,1.0
2026-05-14 17:35:00+00:00,0.890094287274171,0.8660598533757936,1.0
2026-05-14 17:40:00+00:00,0.890094287274171,0.8629363746262052,1.0
2026-05-14 17:45:00+00:00,0.890094287274171,0.8599877267250181,1.0
2026-05-14 17:50:00+00:00,0.890094287274171,0.8594280897739998,1.0
2026-05-14 17:55:00+00:00,0.890094287274171,0.8580648187954725,1.0
2026-05-14 18:00:00+00:00,0.890094287274171,0.8608299182212773,1.0
2026-05-14 18:05:00+00:00,0.890094287274171,0.8578941694412227,1.0
2026-05-14 18:10:00+00:00,0.890094287274171,0.8605042338336641,1.0
2026-05-14 18:15:00+00:00,0.890094287274171,0.8537839044096318,1.0
2026-05-14 18:20:00+00:00,0.890094287274171,0.853186255676545,1.0
2026-05-14 18:25:00+00:00,0.890094287274171,0.853186255676545,1.0
2026-05-14 18:30:00+00:00,0.890094287274171,0.853186255676545,1.0
2026-05-14 18:35:00+00:00,0.890094287274171,0.853186255676545,1.0
2026-05-14 18:40:00+00:00,0.890094287274171,0.853186255676545,1.0
2026-05-14 18:45:00+00:00,0.890094287274171,0.853186255676545,1.0
2026-05-14 18:50:00+00:00,0.890094287274171,0.8544160598887436,1.0
2026-05-14 18:55:00+00:00,0.890094287274171,0.8555252517041471,1.0
2026-05-14 19:00:00+00:00,0.890094287274171,0.8547169680858637,1.0
2026-05-14 19:05:00+00:00,0.890094287274171,0.8552116163138817,1.0
2026-05-14 19:10:00+00:00,0.890094287274171,0.8590162359484024,1.0
2026-05-14 19:15:00+00:00,0.890094287274171,0.8621853321688772,1.0
2026-05-14 19:20:00+00:00,0.890094287274171,0.8611883948017943,1.0
2026-05-14 19:25:00+00:00,0.890094287274171,0.8627781918606151,1.0
2026-05-14 19:30:00+00:00,0.890094287274171,0.8627154883811923,1.0
2026-05-14 19:35:00+00:00,0.890094287274171,0.8630788743446501,1.0
2026-05-14 19:40:00+00:00,0.890094287274171,0.8620744812123099,1.0
2026-05-14 19:45:00+00:00,0.890094287274171,0.8620139211934661,1.0
2026-05-14 19:50:00+00:00,0.890094287274171,0.8611051891167493,1.0
2026-05-14 19:55:00+00:00,0.890094287274171,0.8619726457247654,1.0
2026-05-15 13:30:00+00:00,0.890094287274171,0.8649146745513983,1.0
2026-05-15 13:35:00+00:00,0.890094287274171,0.8618403206007856,1.0
2026-05-15 13:40:00+00:00,0.890094287274171,0.8649999277134892,1.0
2026-05-15 13:45:00+00:00,0.890094287274171,0.8689605719814784,1.0
2026-05-15 13:50:00+00:00,0.890094287274171,0.8669972977376229,1.0
2026-05-15 13:55:00+00:00,0.890094287274171,0.8640292560224826,1.0
2026-05-15 14:00:00+00:00,0.890094287274171,0.8597499510580635,1.0
2026-05-15 14:05:00+00:00,0.890094287274171,0.8591481260923228,1.0
2026-05-15 14:10:00+00:00,0.890094287274171,0.8591481260923228,1.0
2026-05-15 14:15:00+00:00,0.890094287274171,0.8591481260923228,1.0
2026-05-15 14:20:00+00:00,0.890094287274171,0.8591481260923228,1.0
2026-05-15 14:25:00+00:00,0.890094287274171,0.8591481260923228,1.0
2026-05-15 14:30:00+00:00,0.890094287274171,0.8591481260923228,1.0
2026-05-15 14:35:00+00:00,0.890094287274171,0.8591481260923228,1.0
2026-05-15 14:40:00+00:00,0.890094287274171,0.8591481260923228,1.0
2026-05-15 14:45:00+00:00,0.890094287274171,0.8588873713759716,1.0
2026-05-15 14:50:00+00:00,0.890094287274171,0.8595555495536423,1.0
2026-05-15 14:55:00+00:00,0.890094287274171,0.8573664183046634,1.0
2026-05-15 15:00:00+00:00,0.890094287274171,0.860319917385318,1.0
2026-05-15 15:05:00+00:00,0.890094287274171,0.8556757442353186,1.0
2026-05-15 15:10:00+00:00,0.890094287274171,0.8562716933845804,1.0
2026-05-15 15:15:00+00:00,0.890094287274171,0.8585829882399251,1.0
2026-05-15 15:20:00+00:00,0.890094287274171,0.8574667660766869,1.0
2026-05-15 15:25:00+00:00,0.890094287274171,0.8524343601857574,1.0
2026-05-15 15:30:00+00:00,0.890094287274171,0.8518376561336273,1.0
2026-05-15 15:35:00+00:00,0.890094287274171,0.8518376561336273,1.0
2026-05-15 15:40:00+00:00,0.8858836559283436,0.8518376561336273,1.0
2026-05-15 15:45:00+00:00,0.8852635373691937,0.8518376561336273,1.0
2026-05-15 15:50:00+00:00,0.8852635373691937,0.8518376561336273,1.0
2026-05-15 15:55:00+00:00,0.8852635373691937,0.8518376561336273,1.0
2026-05-15 16:00:00+00:00,0.8852635373691937,0.8518376561336273,1.0
2026-05-15 16:05:00+00:00,0.8852635373691937,0.8440450292704935,1.0
2026-05-15 16:10:00+00:00,0.8852635373691937,0.8420185742415673,1.0
2026-05-15 16:15:00+00:00,0.8852635373691937,0.8414291612395982,1.0
2026-05-15 16:20:00+00:00,0.8852635373691937,0.8414291612395982,1.0
2026-05-15 16:25:00+00:00,0.8852635373691937,0.8414291612395982,1.0
2026-05-15 16:30:00+00:00,0.8852635373691937,0.8414291612395982,1.0
2026-05-15 16:35:00+00:00,0.8852635373691937,0.8414291612395982,1.0
2026-05-15 16:40:00+00:00,0.8852635373691937,0.8414291612395982,1.0
2026-05-15 16:45:00+00:00,0.8852635373691937,0.8414291612395982,1.0
2026-05-15 16:50:00+00:00,0.8852635373691937,0.8414291612395982,1.0
2026-05-15 16:55:00+00:00,0.8852635373691937,0.8414291612395982,1.0
2026-05-15 17:00:00+00:00,0.8852635373691937,0.8414291612395982,1.0
2026-05-15 17:05:00+00:00,0.8852635373691937,0.8414291612395982,1.0
2026-05-15 17:10:00+00:00,0.8852635373691937,0.8414291612395982,1.0
2026-05-15 17:15:00+00:00,0.8852635373691937,0.8414291612395982,1.0
2026-05-15 17:20:00+00:00,0.8852635373691937,0.8414291612395982,1.0
2026-05-15 17:25:00+00:00,0.8852635373691937,0.8414291612395982,1.0
2026-05-15 17:30:00+00:00,0.8852635373691937,0.8428851636636929,1.0
2026-05-15 17:35:00+00:00,0.8852635373691937,0.8451772428844878,1.0
2026-05-15 17:40:00+00:00,0.8852635373691937,0.8422534606476166,1.0
2026-05-15 17:45:00+00:00,0.8852635373691937,0.8404525092706784,1.0
2026-05-15 17:50:00+00:00,0.8852635373691937,0.843716752336799,1.0
2026-05-15 17:55:00+00:00,0.8852635373691937,0.8477810524932758,1.0
2026-05-15 18:00:00+00:00,0.8852635373691937,0.8420239432141035,1.0
2026-05-15 18:05:00+00:00,0.8852635373691937,0.8443399302125446,1.0
2026-05-15 18:10:00+00:00,0.8852635373691937,0.8442327858788721,1.0
2026-05-15 18:15:00+00:00,0.8852635373691937,0.8488851854200389,1.0
2026-05-15 18:20:00+00:00,0.8852635373691937,0.8435727782124586,1.0
2026-05-15 18:25:00+00:00,0.8852635373691937,0.8382666604135117,1.0
2026-05-15 18:30:00+00:00,0.8852635373691937,0.8376798737512222,1.0
2026-05-15 18:35:00+00:00,0.8852635373691937,0.8376798737512222,1.0
2026-05-15 18:40:00+00:00,0.8852635373691937,0.8376798737512222,1.0
2026-05-15 18:45:00+00:00,0.8852635373691937,0.8376798737512222,1.0
2026-05-15 18:50:00+00:00,0.8852635373691937,0.8376798737512222,1.0
2026-05-15 18:55:00+00:00,0.8852635373691937,0.8376798737512222,1.0
2026-05-15 19:00:00+00:00,0.8852635373691937,0.8376798737512222,1.0
2026-05-15 19:05:00+00:00,0.8852635373691937,0.8376798737512222,1.0
2026-05-15 19:10:00+00:00,0.8852635373691937,0.8376798737512222,1.0
2026-05-15 19:15:00+00:00,0.8852635373691937,0.8376798737512222,1.0
2026-05-15 19:20:00+00:00,0.8852635373691937,0.8376798737512222,1.0
2026-05-15 19:25:00+00:00,0.8852635373691937,0.8376798737512222,1.0
2026-05-15 19:30:00+00:00,0.8852635373691937,0.8376798737512222,1.0
2026-05-15 19:35:00+00:00,0.8852635373691937,0.8376798737512222,1.0
2026-05-15 19:40:00+00:00,0.8852635373691937,0.8376798737512222,1.0
2026-05-15 19:45:00+00:00,0.8852635373691937,0.8376798737512222,1.0
2026-05-15 19:50:00+00:00,0.8852635373691937,0.8376798737512222,1.0
2026-05-15 19:55:00+00:00,0.8852635373691937,0.83513928696218,1.0
2026-05-18 13:30:00+00:00,0.8852635373691937,0.843055007602072,1.0
2026-05-18 13:35:00+00:00,0.8852635373691937,0.8386562596407866,1.0
2026-05-18 13:40:00+00:00,0.8852635373691937,0.8385939455453935,1.0
2026-05-18 13:45:00+00:00,0.8852635373691937,0.8413800952462751,1.0
2026-05-18 13:50:00+00:00,0.8852635373691937,0.8413250031774401,1.0
2026-05-18 13:55:00+00:00,0.8852635373691937,0.8437447103659428,1.0
2026-05-18 14:00:00+00:00,0.8852635373691937,0.8433592721312516,1.0
2026-05-18 14:05:00+00:00,0.8852635373691937,0.8540795622006639,1.0
2026-05-18 14:10:00+00:00,0.8852635373691937,0.8513784730017201,1.0
2026-05-18 14:15:00+00:00,0.8852635373691937,0.8513436489246391,1.0
2026-05-18 14:20:00+00:00,0.8852635373691937,0.8533773700820109,1.0
2026-05-18 14:25:00+00:00,0.8852635373691937,0.850579742225822,1.0
2026-05-18 14:30:00+00:00,0.8852635373691937,0.849768565227269,1.0
2026-05-18 14:35:00+00:00,0.8852635373691937,0.8494993767328489,1.0
2026-05-18 14:40:00+00:00,0.8852635373691937,0.8513963415699477,1.0
2026-05-18 14:45:00+00:00,0.8852635373691937,0.84514449444953,1.0
2026-05-18 14:50:00+00:00,0.8852635373691937,0.8456255634798869,1.0
2026-05-18 14:55:00+00:00,0.8852635373691937,0.8454430945189986,1.0
2026-05-18 15:00:00+00:00,0.8852635373691937,0.846539141733916,1.0
2026-05-18 15:05:00+00:00,0.8852635373691937,0.8476525218672439,1.0
2026-05-18 15:10:00+00:00,0.8852635373691937,0.8498291351223463,1.0
2026-05-18 15:15:00+00:00,0.8852635373691937,0.8501452379688801,1.0
2026-05-18 15:20:00+00:00,0.8852635373691937,0.8498199486129365,1.0
2026-05-18 15:25:00+00:00,0.8852635373691937,0.8495200668820874,1.0
2026-05-18 15:30:00+00:00,0.8852635373691937,0.851012468345681,1.0
2026-05-18 15:35:00+00:00,0.8852635373691937,0.8496812020507328,1.0
2026-05-18 15:40:00+00:00,0.8852635373691937,0.8465302876483587,1.0
2026-05-18 15:45:00+00:00,0.8852635373691937,0.8459377164470048,1.0
2026-05-18 15:50:00+00:00,0.8852635373691937,0.8459377164470048,1.0
2026-05-18 15:55:00+00:00,0.8852635373691937,0.8459377164470048,1.0
2026-05-18 16:00:00+00:00,0.8852635373691937,0.8459377164470048,1.0
2026-05-18 16:05:00+00:00,0.8852635373691937,0.8459377164470048,1.0
2026-05-18 16:10:00+00:00,0.8852635373691937,0.8459377164470048,1.0
2026-05-18 16:15:00+00:00,0.8852635373691937,0.8459377164470048,1.0
2026-05-18 16:20:00+00:00,0.8852635373691937,0.8459377164470048,1.0
2026-05-18 16:25:00+00:00,0.8852635373691937,0.8459377164470048,1.0
2026-05-18 16:30:00+00:00,0.8852635373691937,0.8459377164470048,1.0
2026-05-18 16:35:00+00:00,0.8852635373691937,0.8459377164470048,1.0
2026-05-18 16:40:00+00:00,0.8852635373691937,0.8459377164470048,1.0
2026-05-18 16:45:00+00:00,0.8852635373691937,0.8459377164470048,1.0
2026-05-18 16:50:00+00:00,0.8852635373691937,0.8459377164470048,1.0
2026-05-18 16:55:00+00:00,0.8852635373691937,0.8449082071420516,1.0
2026-05-18 17:00:00+00:00,0.8852635373691937,0.8413615835717705,1.0
2026-05-18 17:05:00+00:00,0.8852635373691937,0.8391909353519953,1.0
2026-05-18 17:10:00+00:00,0.8852635373691937,0.8444367963076379,1.0
2026-05-18 17:15:00+00:00,0.8852635373691937,0.8406972463060886,1.0
2026-05-18 17:20:00+00:00,0.8852635373691937,0.8388827623251868,1.0
2026-05-18 17:25:00+00:00,0.8852635373691937,0.8382955443915591,1.0
2026-05-18 17:30:00+00:00,0.8852635373691937,0.8382955443915591,1.0
2026-05-18 17:35:00+00:00,0.8852635373691937,0.8382955443915591,1.0
2026-05-18 17:40:00+00:00,0.8852635373691937,0.8382955443915591,1.0
2026-05-18 17:45:00+00:00,0.8852635373691937,0.8382955443915591,1.0
2026-05-18 17:50:00+00:00,0.8852635373691937,0.8355456767308422,1.0
2026-05-18 17:55:00+00:00,0.8852635373691937,0.8349875175906244,1.0
2026-05-18 18:00:00+00:00,0.8852635373691937,0.8406888516967598,1.0
2026-05-18 18:05:00+00:00,0.8852635373691937,0.8408837606751824,1.0
2026-05-18 18:10:00+00:00,0.8852635373691937,0.8381405324534398,1.0
2026-05-18 18:15:00+00:00,0.8852635373691937,0.840869385512442,1.0
2026-05-18 18:20:00+00:00,0.8852635373691937,0.8440865352763647,1.0
2026-05-18 18:25:00+00:00,0.8852635373691937,0.8430799423115126,1.0
2026-05-18 18:30:00+00:00,0.8852635373691937,0.8397428142591945,1.0
2026-05-18 18:35:00+00:00,0.8852635373691937,0.8383738346438655,1.0
2026-05-18 18:40:00+00:00,0.8852635373691937,0.8367305302394397,1.0
2026-05-18 18:45:00+00:00,0.8852635373691937,0.8361448188682721,1.0
2026-05-18 18:50:00+00:00,0.8852635373691937,0.8361448188682721,1.0
2026-05-18 18:55:00+00:00,0.8852635373691937,0.8361448188682721,1.0
2026-05-18 19:00:00+00:00,0.8852635373691937,0.8361448188682721,1.0
2026-05-18 19:05:00+00:00,0.8852635373691937,0.8347136121981518,1.0
2026-05-18 19:10:00+00:00,0.8852635373691937,0.8352287416766999,1.0
2026-05-18 19:15:00+00:00,0.8852635373691937,0.8347725338230232,1.0
2026-05-18 19:20:00+00:00,0.8852635373691937,0.8324907582271783,1.0
2026-05-18 19:25:00+00:00,0.8852635373691937,0.834910279128,1.0
2026-05-18 19:30:00+00:00,0.8852635373691937,0.8355695842961477,1.0
2026-05-18 19:35:00+00:00,0.8852635373691937,0.8308800234262295,1.0
2026-05-18 19:40:00+00:00,0.8852635373691937,0.8289559991499081,1.0
2026-05-18 19:45:00+00:00,0.8852635373691937,0.8283757299505031,1.0
2026-05-18 19:50:00+00:00,0.8852635373691937,0.8283757299505031,1.0
2026-05-18 19:55:00+00:00,0.8852635373691937,0.8283757299505031,1.0
2026-05-19 13:30:00+00:00,0.8852635373691937,0.8283757299505031,1.0
2026-05-19 13:35:00+00:00,0.8852635373691937,0.8283757299505031,1.0
2026-05-19 13:40:00+00:00,0.8852635373691937,0.8283757299505031,1.0
2026-05-19 13:45:00+00:00,0.8837301374291889,0.8269408676287335,1.0
2026-05-19 13:50:00+00:00,0.9053391000825849,0.8471612194853975,1.0
2026-05-19 13:55:00+00:00,0.9074047156006531,0.8490940967477569,1.0
2026-05-19 14:00:00+00:00,0.9078300367502837,0.8494920863891644,1.0
2026-05-19 14:05:00+00:00,0.9103085384347505,0.8518113173925728,1.0
2026-05-19 14:10:00+00:00,0.90850315250732,0.8501219471402726,1.0
2026-05-19 14:15:00+00:00,0.9055485354469027,0.8473571963504445,1.0
2026-05-19 14:20:00+00:00,0.9072912428215527,0.8489879158284611,1.0
2026-05-19 14:25:00+00:00,0.9074356637429873,0.8491230561354584,1.0
2026-05-19 14:30:00+00:00,0.9090269196364228,0.8506120565366043,1.0
2026-05-19 14:35:00+00:00,0.9128695295631221,0.854207736996238,1.0
2026-05-19 14:40:00+00:00,0.907919448014236,0.849575752007272,1.0
2026-05-19 14:45:00+00:00,0.9141315094009589,0.8553886209084542,1.0
2026-05-19 14:50:00+00:00,0.916820802013673,0.8579050972311185,1.0
2026-05-19 14:55:00+00:00,0.9155000798003541,0.8566692457797291,1.0
2026-05-19 15:00:00+00:00,0.9122524139876667,0.8536302778061751,1.0
2026-05-19 15:05:00+00:00,0.9036872006693903,0.8456154725699916,1.0
2026-05-19 15:10:00+00:00,0.9016472080354699,0.8437065716428852,1.0
2026-05-19 15:15:00+00:00,0.9007334010970913,0.8431159770427351,1.0
2026-05-19 15:20:00+00:00,0.9029130797208582,0.8431159770427351,1.0
2026-05-19 15:25:00+00:00,0.9079158023382694,0.8431159770427351,1.0
2026-05-19 15:30:00+00:00,0.9112903422704899,0.8431159770427351,1.0
2026-05-19 15:35:00+00:00,0.9117376260059858,0.8431159770427351,1.0
2026-05-19 15:40:00+00:00,0.9164149513763707,0.8431159770427351,1.0
2026-05-19 15:45:00+00:00,0.9208092379765573,0.8431159770427351,1.0
2026-05-19 15:50:00+00:00,0.917575155780089,0.839564589282616,1.0
2026-05-19 15:55:00+00:00,0.9131073557533939,0.8354766334669202,1.0
2026-05-19 16:00:00+00:00,0.9123739742893714,0.834805602757609,1.0
2026-05-19 16:05:00+00:00,0.9150527012367403,0.8372565892247131,1.0
2026-05-19 16:10:00+00:00,0.9199714567972945,0.8417571611571205,1.0
2026-05-19 16:15:00+00:00,0.9174123675091377,0.8394156409736078,1.0
2026-05-19 16:20:00+00:00,0.9188101561128513,0.8406945921391753,1.0
2026-05-19 16:25:00+00:00,0.9205981974735319,0.842330617483959,1.0
2026-05-19 16:30:00+00:00,0.9262724171871208,0.8475224253847391,1.0
2026-05-19 16:35:00+00:00,0.9239461077194214,0.8453938945058348,1.0
2026-05-19 16:40:00+00:00,0.9261493685669876,0.8474098381339038,1.0
2026-05-19 16:45:00+00:00,0.9229035377957526,0.8444399619758947,1.0
2026-05-19 16:50:00+00:00,0.9232077402363298,0.8447183016797032,1.0
2026-05-19 16:55:00+00:00,0.9247804306108591,0.8461572847864743,1.0
2026-05-19 17:00:00+00:00,0.928624050128533,0.8496741267817995,1.0
2026-05-19 17:05:00+00:00,0.9255956048426284,0.846903154391572,1.0
2026-05-19 17:10:00+00:00,0.9256363161739968,0.8469404045197868,1.0
2026-05-19 17:15:00+00:00,0.9242363016167643,0.8456594166472094,1.0
2026-05-19 17:20:00+00:00,0.9246118093711478,0.8460029994170737,1.0
2026-05-19 17:25:00+00:00,0.9195781830192943,0.8413973227985702,1.0
2026-05-19 17:30:00+00:00,0.9173257668594208,0.8408083446726111,1.0
2026-05-19 17:35:00+00:00,0.9187583990166208,0.8408083446726111,1.0
2026-05-19 17:40:00+00:00,0.9169432337044706,0.8408083446726111,1.0
2026-05-19 17:45:00+00:00,0.9191556178380464,0.8408083446726111,1.0
2026-05-19 17:50:00+00:00,0.9158800113226516,0.8408083446726111,1.0
2026-05-19 17:55:00+00:00,0.9126227484235059,0.8408083446726111,1.0
2026-05-19 18:00:00+00:00,0.9182191102477442,0.8350637954529343,1.0
2026-05-19 18:05:00+00:00,0.9143577557130784,0.838575459866494,1.0
2026-05-19 18:10:00+00:00,0.9122748912359686,0.8404856957952851,1.0
2026-05-19 18:15:00+00:00,0.9082173847478893,0.8442239069382081,1.0
2026-05-19 18:20:00+00:00,0.9075816325785657,0.8423690772061074,1.0
2026-05-19 18:25:00+00:00,0.9075816325785657,0.8405917693871517,1.0
2026-05-19 18:30:00+00:00,0.9075816325785657,0.8377452482453198,1.0
2026-05-19 18:35:00+00:00,0.9075816325785657,0.8390580428442034,1.0
2026-05-19 18:40:00+00:00,0.9075816325785657,0.8378011706226188,1.0
2026-05-19 18:45:00+00:00,0.9075816325785657,0.8387129760878125,1.0
2026-05-19 18:50:00+00:00,0.9075816325785657,0.8382152607510761,1.0
2026-05-19 18:55:00+00:00,0.9075816325785657,0.8414344807145303,1.0
2026-05-19 19:00:00+00:00,0.9075816325785657,0.8448514859797237,1.0
2026-05-19 19:05:00+00:00,0.9075816325785657,0.8437308031338501,1.0
2026-05-19 19:10:00+00:00,0.9075816325785657,0.8471880190757259,1.0
2026-05-19 19:15:00+00:00,0.9075816325785657,0.8514039431943102,1.0
2026-05-19 19:20:00+00:00,0.9075816325785657,0.8501272306988285,1.0
2026-05-19 19:25:00+00:00,0.9075816325785657,0.8492340261673955,1.0
2026-05-19 19:30:00+00:00,0.9075816325785657,0.8520599324315197,1.0
2026-05-19 19:35:00+00:00,0.9075816325785657,0.8501073331150724,1.0
2026-05-19 19:40:00+00:00,0.9075816325785657,0.8493503895763338,1.0
2026-05-19 19:45:00+00:00,0.9075816325785657,0.8489576345790757,1.0
2026-05-19 19:50:00+00:00,0.9075816325785657,0.8445851524134773,1.0
2026-05-19 19:55:00+00:00,0.9075816325785657,0.8439939428067879,1.0
2026-05-20 13:30:00+00:00,0.9026256682736211,0.8439939428067879,1.0
2026-05-20 13:35:00+00:00,0.9019938303058296,0.8439939428067879,1.0
2026-05-20 13:40:00+00:00,0.9019938303058296,0.8439939428067879,1.0
2026-05-20 13:45:00+00:00,0.9019938303058296,0.8439939428067879,1.0
2026-05-20 13:50:00+00:00,0.9019938303058296,0.8439939428067879,1.0
2026-05-20 13:55:00+00:00,0.9019938303058296,0.8439939428067879,1.0
2026-05-20 14:00:00+00:00,0.9019938303058296,0.8439939428067879,1.0
2026-05-20 14:05:00+00:00,0.9019938303058296,0.8439939428067879,1.0
2026-05-20 14:10:00+00:00,0.9019938303058296,0.8439939428067879,1.0
2026-05-20 14:15:00+00:00,0.9019938303058296,0.8474966874008449,1.0
2026-05-20 14:20:00+00:00,0.9019938303058296,0.8515299167644379,1.0
2026-05-20 14:25:00+00:00,0.9019938303058296,0.8557643842785599,1.0
2026-05-20 14:30:00+00:00,0.9019938303058296,0.8559898400716763,1.0
2026-05-20 14:35:00+00:00,0.9019938303058296,0.8546492834909737,1.0
2026-05-20 14:40:00+00:00,0.9019938303058296,0.8546562343375117,1.0
2026-05-20 14:45:00+00:00,0.9019938303058296,0.8535963431669814,1.0
2026-05-20 14:50:00+00:00,0.9019938303058296,0.8574629384426242,1.0
2026-05-20 14:55:00+00:00,0.9019938303058296,0.8512339755308069,1.0
2026-05-20 15:00:00+00:00,0.9019938303058296,0.8534512508261582,1.0
2026-05-20 15:05:00+00:00,0.9019938303058296,0.8549182627135902,1.0
2026-05-20 15:10:00+00:00,0.9019938303058296,0.8570979512572744,1.0
2026-05-20 15:15:00+00:00,0.9019938303058296,0.8559874169058654,1.0
2026-05-20 15:20:00+00:00,0.9019938303058296,0.8499001531489642,1.0
2026-05-20 15:25:00+00:00,0.9019938303058296,0.8540365043412707,1.0
2026-05-20 15:30:00+00:00,0.9019938303058296,0.8498798282146814,1.0
2026-05-20 15:35:00+00:00,0.9019938303058296,0.8541306957948365,1.0
2026-05-20 15:40:00+00:00,0.9019938303058296,0.8557819188925473,1.0
2026-05-20 15:45:00+00:00,0.9019938303058296,0.8534292309381206,1.0
2026-05-20 15:50:00+00:00,0.9019938303058296,0.8559983335419313,1.0
2026-05-20 15:55:00+00:00,0.9019938303058296,0.8604105749103752,1.0
2026-05-20 16:00:00+00:00,0.9019938303058296,0.8579672242864607,1.0
2026-05-20 16:05:00+00:00,0.9019938303058296,0.862251274820864,1.0
2026-05-20 16:10:00+00:00,0.9019938303058296,0.861616601846869,1.0
2026-05-20 16:15:00+00:00,0.9019938303058296,0.8642553890944914,1.0
2026-05-20 16:20:00+00:00,0.9019938303058296,0.8630203487860637,1.0
2026-05-20 16:25:00+00:00,0.9019938303058296,0.8620287059598607,1.0
2026-05-20 16:30:00+00:00,0.9019938303058296,0.8678408946152781,1.0
2026-05-20 16:35:00+00:00,0.9019938303058296,0.8656245720724721,1.0
2026-05-20 16:40:00+00:00,0.9019938303058296,0.873270768138027,1.0
2026-05-20 16:45:00+00:00,0.9019938303058296,0.8753288805410531,1.0
2026-05-20 16:50:00+00:00,0.9019938303058296,0.8833334940048048,1.0
2026-05-20 16:55:00+00:00,0.9019938303058296,0.8826645063054311,1.0
2026-05-20 17:00:00+00:00,0.9019938303058296,0.8827149965779014,1.0
2026-05-20 17:05:00+00:00,0.9019938303058296,0.8767082538390675,1.0
2026-05-20 17:10:00+00:00,0.9019938303058296,0.8722769979097017,1.0
2026-05-20 17:15:00+00:00,0.9019938303058296,0.873579235345625,1.0
2026-05-20 17:20:00+00:00,0.9019938303058296,0.8702685936134447,1.0
2026-05-20 17:25:00+00:00,0.9019938303058296,0.8744528369509875,1.0
2026-05-20 17:30:00+00:00,0.9019938303058296,0.8757836703359004,1.0
2026-05-20 17:35:00+00:00,0.9019938303058296,0.8721282271521618,1.0
2026-05-20 17:40:00+00:00,0.9019938303058296,0.8743014285163128,1.0
2026-05-20 17:45:00+00:00,0.9019938303058296,0.8738342561715849,1.0
2026-05-20 17:50:00+00:00,0.9019938303058296,0.8768143338407317,1.0
2026-05-20 17:55:00+00:00,0.9019938303058296,0.8756145474557014,1.0
2026-05-20 18:00:00+00:00,0.9019938303058296,0.8782890482755732,1.0
2026-05-20 18:05:00+00:00,0.9019938303058296,0.8749529483774127,1.0
2026-05-20 18:10:00+00:00,0.9019938303058296,0.8709061676231011,1.0
2026-05-20 18:15:00+00:00,0.9019938303058296,0.870296533305765,1.0
2026-05-20 18:20:00+00:00,0.9019938303058296,0.870296533305765,1.0
2026-05-20 18:25:00+00:00,0.9019938303058296,0.870296533305765,1.0
2026-05-20 18:30:00+00:00,0.9019938303058296,0.8732532221137969,1.0
2026-05-20 18:35:00+00:00,0.9019938303058296,0.8708942466733683,1.0
2026-05-20 18:40:00+00:00,0.9019938303058296,0.8745765448640944,1.0
2026-05-20 18:45:00+00:00,0.9019938303058296,0.8772346054684408,1.0
2026-05-20 18:50:00+00:00,0.9019938303058296,0.8703001756674695,1.0
2026-05-20 18:55:00+00:00,0.9019938303058296,0.8622330572683823,1.0
2026-05-20 19:00:00+00:00,0.9019938303058296,0.8616294941282944,1.0
2026-05-20 19:05:00+00:00,0.9019938303058296,0.8616294941282944,1.0
2026-05-20 19:10:00+00:00,0.9019938303058296,0.8616294941282944,1.0
2026-05-20 19:15:00+00:00,0.9019938303058296,0.8616294941282944,1.0
2026-05-20 19:20:00+00:00,0.9019938303058296,0.8616294941282944,1.0
2026-05-20 19:25:00+00:00,0.9019938303058296,0.8616294941282944,1.0
2026-05-20 19:30:00+00:00,0.9019938303058296,0.8616294941282944,1.0
2026-05-20 19:35:00+00:00,0.9019938303058296,0.8616294941282944,1.0
2026-05-20 19:40:00+00:00,0.9019938303058296,0.8616294941282944,1.0
2026-05-20 19:45:00+00:00,0.9019938303058296,0.8616294941282944,1.0
2026-05-20 19:50:00+00:00,0.9019938303058296,0.8616294941282944,1.0
2026-05-20 19:55:00+00:00,0.9019938303058296,0.8616294941282944,1.0
2026-05-21 13:30:00+00:00,0.9019938303058296,0.8616294941282944,1.0
2026-05-21 13:35:00+00:00,0.9019938303058296,0.8616294941282944,1.0
2026-05-21 13:40:00+00:00,0.9019938303058296,0.8616294941282944,1.0
2026-05-21 13:45:00+00:00,0.9019938303058296,0.8616294941282944,1.0
2026-05-21 13:50:00+00:00,0.9019938303058296,0.8616294941282944,1.0
2026-05-21 13:55:00+00:00,0.9019938303058296,0.8616294941282944,1.0
2026-05-21 14:00:00+00:00,0.9019938303058296,0.8616294941282944,1.0
2026-05-21 14:05:00+00:00,0.9019938303058296,0.8616294941282944,1.0
2026-05-21 14:10:00+00:00,0.9019938303058296,0.8616294941282944,1.0
2026-05-21 14:15:00+00:00,0.9019938303058296,0.8616294941282944,1.0
2026-05-21 14:20:00+00:00,0.9019938303058296,0.8616294941282944,1.0
2026-05-21 14:25:00+00:00,0.9019938303058296,0.8616294941282944,1.0
2026-05-21 14:30:00+00:00,0.9019938303058296,0.8616294941282944,1.0
2026-05-21 14:35:00+00:00,0.9019938303058296,0.8616294941282944,1.0
2026-05-21 14:40:00+00:00,0.9019938303058296,0.8563971997898883,1.0
2026-05-21 14:45:00+00:00,0.9019938303058296,0.8568694585502317,1.0
2026-05-21 14:50:00+00:00,0.9019938303058296,0.8558940873058455,1.0
2026-05-21 14:55:00+00:00,0.9019938303058296,0.8571538093013638,1.0
2026-05-21 15:00:00+00:00,0.9019938303058296,0.8595882582316499,1.0
2026-05-21 15:05:00+00:00,0.9019938303058296,0.8633600468060701,1.0
2026-05-21 15:10:00+00:00,0.9019938303058296,0.8706477430246875,1.0
2026-05-21 15:15:00+00:00,0.9019938303058296,0.8671001237167416,1.0
2026-05-21 15:20:00+00:00,0.9019938303058296,0.8665360808482797,1.0
2026-05-21 15:25:00+00:00,0.9019938303058296,0.8670284375379619,1.0
2026-05-21 15:30:00+00:00,0.9019938303058296,0.8690240463894454,1.0
2026-05-21 15:35:00+00:00,0.9019938303058296,0.8709528343580333,1.0
2026-05-21 15:40:00+00:00,0.9019938303058296,0.8702470975134466,1.0
2026-05-21 15:45:00+00:00,0.9019938303058296,0.8614834254621133,1.0
2026-05-21 15:50:00+00:00,0.9019938303058296,0.8608803870642898,1.0
2026-05-21 15:55:00+00:00,0.9019938303058296,0.8608803870642898,1.0
2026-05-21 16:00:00+00:00,0.9019938303058296,0.8608803870642898,1.0
2026-05-21 16:05:00+00:00,0.9019938303058296,0.8608803870642898,1.0
2026-05-21 16:10:00+00:00,0.9019938303058296,0.8608803870642898,1.0
2026-05-21 16:15:00+00:00,0.9019938303058296,0.8608803870642898,1.0
2026-05-21 16:20:00+00:00,0.9019938303058296,0.8608803870642898,1.0
2026-05-21 16:25:00+00:00,0.9019938303058296,0.8608803870642898,1.0
2026-05-21 16:30:00+00:00,0.9019938303058296,0.8608803870642898,1.0
2026-05-21 16:35:00+00:00,0.9019938303058296,0.8608803870642898,1.0
2026-05-21 16:40:00+00:00,0.9019938303058296,0.8581231412762313,1.0
2026-05-21 16:45:00+00:00,0.9019938303058296,0.8611306947872953,1.0
2026-05-21 16:50:00+00:00,0.9019938303058296,0.8586403237321731,1.0
2026-05-21 16:55:00+00:00,0.9019938303058296,0.854878072471971,1.0
2026-05-21 17:00:00+00:00,0.9019938303058296,0.8576440170740207,1.0
2026-05-21 17:05:00+00:00,0.9019938303058296,0.8568946373801413,1.0
2026-05-21 17:10:00+00:00,0.9019938303058296,0.862557858650937,1.0
2026-05-21 17:15:00+00:00,0.9019938303058296,0.8592079882906904,1.0
2026-05-21 17:20:00+00:00,0.9019938303058296,0.8610584755553765,1.0
2026-05-21 17:25:00+00:00,0.9019938303058296,0.8629347239989431,1.0
2026-05-21 17:30:00+00:00,0.9019938303058296,0.8664763953439019,1.0
2026-05-21 17:35:00+00:00,0.9019938303058296,0.8684365064511551,1.0
2026-05-21 17:40:00+00:00,0.9019938303058296,0.872218172437375,1.0
2026-05-21 17:45:00+00:00,0.9019938303058296,0.871947589715494,1.0
2026-05-21 17:50:00+00:00,0.9019938303058296,0.878733221124388,1.0
2026-05-21 17:55:00+00:00,0.9019938303058296,0.8813011854858802,1.0
2026-05-21 18:00:00+00:00,0.9019938303058296,0.8799659508831044,1.0
2026-05-21 18:05:00+00:00,0.9019938303058296,0.8747255266188976,1.0
2026-05-21 18:10:00+00:00,0.9019938303058296,0.8709791544474352,1.0
2026-05-21 18:15:00+00:00,0.9019938303058296,0.8676267353850855,1.0
2026-05-21 18:20:00+00:00,0.9019938303058296,0.8720289643371217,1.0
2026-05-21 18:25:00+00:00,0.9019938303058296,0.8761708812591311,1.0
2026-05-21 18:30:00+00:00,0.9019938303058296,0.8740715319120413,1.0
2026-05-21 18:35:00+00:00,0.9019938303058296,0.8792309161757204,1.0
2026-05-21 18:40:00+00:00,0.9019938303058296,0.8820601471026185,1.0
2026-05-21 18:45:00+00:00,0.9019938303058296,0.8776631015801712,1.0
2026-05-21 18:50:00+00:00,0.9019938303058296,0.8798801695009738,1.0
2026-05-21 18:55:00+00:00,0.9019938303058296,0.8758699018492963,1.0
2026-05-21 19:00:00+00:00,0.9019938303058296,0.8735101753626587,1.0
2026-05-21 19:05:00+00:00,0.9019938303058296,0.8739967914803017,1.0
2026-05-21 19:10:00+00:00,0.9019938303058296,0.8692932747288034,1.0
2026-05-21 19:15:00+00:00,0.9019938303058296,0.8686847694364932,1.0
2026-05-21 19:20:00+00:00,0.9019938303058296,0.8686847694364932,1.0
2026-05-21 19:25:00+00:00,0.9019938303058296,0.8686847694364932,1.0
2026-05-21 19:30:00+00:00,0.9019938303058296,0.8686847694364932,1.0
2026-05-21 19:35:00+00:00,0.9019938303058296,0.8686847694364932,1.0
2026-05-21 19:40:00+00:00,0.9019938303058296,0.8686847694364932,1.0
2026-05-21 19:45:00+00:00,0.9019938303058296,0.8686847694364932,1.0
2026-05-21 19:50:00+00:00,0.9019938303058296,0.8686847694364932,1.0
2026-05-21 19:55:00+00:00,0.9019938303058296,0.8686847694364932,1.0
2026-05-22 13:30:00+00:00,0.9019938303058296,0.8623561056920499,1.0
2026-05-22 13:35:00+00:00,0.9019938303058296,0.8613558722235799,1.0
2026-05-22 13:40:00+00:00,0.9019938303058296,0.8638877015144312,1.0
2026-05-22 13:45:00+00:00,0.9019938303058296,0.8633062873721447,1.0
2026-05-22 13:50:00+00:00,0.9019938303058296,0.8696501641001565,1.0
2026-05-22 13:55:00+00:00,0.9019938303058296,0.8648756397048316,1.0
2026-05-22 14:00:00+00:00,0.9019938303058296,0.8629166634717568,1.0
2026-05-22 14:05:00+00:00,0.9019938303058296,0.8619549946456124,1.0
2026-05-22 14:10:00+00:00,0.9019938303058296,0.8607350376581386,1.0
2026-05-22 14:15:00+00:00,0.9019938303058296,0.8647522708599718,1.0
2026-05-22 14:20:00+00:00,0.9019938303058296,0.8691055745205721,1.0
2026-05-22 14:25:00+00:00,0.9019938303058296,0.8729337388330587,1.0
2026-05-22 14:30:00+00:00,0.9019938303058296,0.8709238435100116,1.0
2026-05-22 14:35:00+00:00,0.9019938303058296,0.8640293602747056,1.0
2026-05-22 14:40:00+00:00,0.9019938303058296,0.8610069091925356,1.0
2026-05-22 14:45:00+00:00,0.9019938303058296,0.8604042043561009,1.0
2026-05-22 14:50:00+00:00,0.9019938303058296,0.8604042043561009,1.0
2026-05-22 14:55:00+00:00,0.9019938303058296,0.8604042043561009,1.0
2026-05-22 15:00:00+00:00,0.9019938303058296,0.8604042043561009,1.0
2026-05-22 15:05:00+00:00,0.9019938303058296,0.8604042043561009,1.0
2026-05-22 15:10:00+00:00,0.9019938303058296,0.8604042043561009,1.0
2026-05-22 15:15:00+00:00,0.9019938303058296,0.8604042043561009,1.0
2026-05-22 15:20:00+00:00,0.9019938303058296,0.8604042043561009,1.0
2026-05-22 15:25:00+00:00,0.9019938303058296,0.8604042043561009,1.0
2026-05-22 15:30:00+00:00,0.9019938303058296,0.8604042043561009,1.0
2026-05-22 15:35:00+00:00,0.9019938303058296,0.8604042043561009,1.0
2026-05-22 15:40:00+00:00,0.9019938303058296,0.8604042043561009,1.0
2026-05-22 15:45:00+00:00,0.9019938303058296,0.8604042043561009,1.0
2026-05-22 15:50:00+00:00,0.9019938303058296,0.8604042043561009,1.0
2026-05-22 15:55:00+00:00,0.9019938303058296,0.8604042043561009,1.0
2026-05-22 16:00:00+00:00,0.9019938303058296,0.8604042043561009,1.0
2026-05-22 16:05:00+00:00,0.9019938303058296,0.8604042043561009,1.0
2026-05-22 16:10:00+00:00,0.9019938303058296,0.8604042043561009,1.0
2026-05-22 16:15:00+00:00,0.9019938303058296,0.8604042043561009,1.0
2026-05-22 16:20:00+00:00,0.9019938303058296,0.8604042043561009,1.0
2026-05-22 16:25:00+00:00,0.9019938303058296,0.8604042043561009,1.0
2026-05-22 16:30:00+00:00,0.9019938303058296,0.8604042043561009,1.0
2026-05-22 16:35:00+00:00,0.9019938303058296,0.8604042043561009,1.0
2026-05-22 16:40:00+00:00,0.9019938303058296,0.8604042043561009,1.0
2026-05-22 16:45:00+00:00,0.9019938303058296,0.8605272227194407,1.0
2026-05-22 16:50:00+00:00,0.9019938303058296,0.8628176287083261,1.0
2026-05-22 16:55:00+00:00,0.9019938303058296,0.8605399009879734,1.0
2026-05-22 17:00:00+00:00,0.9019938303058296,0.8579103226284867,1.0
2026-05-22 17:05:00+00:00,0.9019938303058296,0.8568862484748917,1.0
2026-05-22 17:10:00+00:00,0.9019938303058296,0.8649190471831486,1.0
2026-05-22 17:15:00+00:00,0.9019938303058296,0.8721876942343314,1.0
2026-05-22 17:20:00+00:00,0.9019938303058296,0.8759418012708776,1.0
2026-05-22 17:25:00+00:00,0.9019938303058296,0.8708153332119359,1.0
2026-05-22 17:30:00+00:00,0.9019938303058296,0.866244679870006,1.0
2026-05-22 17:35:00+00:00,0.9019938303058296,0.8619948037620998,1.0
2026-05-22 17:40:00+00:00,0.9019938303058296,0.8621024333002285,1.0
2026-05-22 17:45:00+00:00,0.9019938303058296,0.8639313162121374,1.0
2026-05-22 17:50:00+00:00,0.9019938303058296,0.8622712291013368,1.0
2026-05-22 17:55:00+00:00,0.9019938303058296,0.8636008973650519,1.0
2026-05-22 18:00:00+00:00,0.9019938303058296,0.8657059441824301,1.0
2026-05-22 18:05:00+00:00,0.9019938303058296,0.8669576182305136,1.0
2026-05-22 18:10:00+00:00,0.9019938303058296,0.8668652930420001,1.0
2026-05-22 18:15:00+00:00,0.9019938303058296,0.8638765742344547,1.0
2026-05-22 18:20:00+00:00,0.9019938303058296,0.8668165715125752,1.0
2026-05-22 18:25:00+00:00,0.9019938303058296,0.8657200252534712,1.0
2026-05-22 18:30:00+00:00,0.9019938303058296,0.8677276631349538,1.0
2026-05-22 18:35:00+00:00,0.9019938303058296,0.8644079213943436,1.0
2026-05-22 18:40:00+00:00,0.9019938303058296,0.863382440730849,1.0
2026-05-22 18:45:00+00:00,0.9019938303058296,0.8627780730223374,1.0
2026-05-22 18:50:00+00:00,0.9019938303058296,0.8627780730223374,1.0
2026-05-22 18:55:00+00:00,0.9019938303058296,0.8627780730223374,1.0
2026-05-22 19:00:00+00:00,0.9019938303058296,0.8627780730223374,1.0
2026-05-22 19:05:00+00:00,0.9019938303058296,0.8627780730223374,1.0
2026-05-22 19:10:00+00:00,0.9019938303058296,0.8627780730223374,1.0
2026-05-22 19:15:00+00:00,0.9019938303058296,0.8627780730223374,1.0
2026-05-22 19:20:00+00:00,0.9019938303058296,0.8627780730223374,1.0
2026-05-22 19:25:00+00:00,0.9019938303058296,0.8627780730223374,1.0
2026-05-22 19:30:00+00:00,0.9019938303058296,0.8627780730223374,1.0
2026-05-22 19:35:00+00:00,0.9019938303058296,0.8627780730223374,1.0
2026-05-22 19:40:00+00:00,0.9019938303058296,0.8627780730223374,1.0
2026-05-22 19:45:00+00:00,0.9019938303058296,0.8627780730223374,1.0
2026-05-22 19:50:00+00:00,0.9019938303058296,0.8627780730223374,1.0
2026-05-22 19:55:00+00:00,0.9019938303058296,0.8627780730223374,1.0
