,vwap_pullback,ema_breakout,rsi_mean_reversion
2026-03-31 17:00:00+00:00,1.0,1.0,1.0
2026-03-31 17:05:00+00:00,1.0,1.0,1.0
2026-03-31 17:10:00+00:00,1.0,1.0,1.0
2026-03-31 17:15:00+00:00,1.0,1.0,1.0
2026-03-31 17:20:00+00:00,1.0,1.0,1.0
2026-03-31 17:25:00+00:00,1.0,1.0,1.0
2026-03-31 17:30:00+00:00,1.0,1.0,1.0
2026-03-31 17:35:00+00:00,1.0,1.0,1.0
2026-03-31 17:40:00+00:00,1.0,1.0,1.0
2026-03-31 17:45:00+00:00,1.0,1.0,1.0
2026-03-31 17:50:00+00:00,1.0,1.0,1.0
2026-03-31 17:55:00+00:00,1.0,1.0,1.0
2026-03-31 18:00:00+00:00,1.0,1.0,1.0
2026-03-31 18:05:00+00:00,1.0,1.0,1.0
2026-03-31 18:10:00+00:00,1.0,1.0,1.0
2026-03-31 18:15:00+00:00,1.0,1.0,1.0
2026-03-31 18:20:00+00:00,1.0,1.0,1.0
2026-03-31 18:25:00+00:00,1.0005408482981117,1.0,1.0
2026-03-31 18:30:00+00:00,1.0002197241381499,1.0,1.0
2026-03-31 18:35:00+00:00,0.9993091686617679,1.0,1.0
2026-03-31 18:40:00+00:00,0.9997706224575318,1.0,1.0
2026-03-31 18:45:00+00:00,1.0002365984740056,1.0,1.0
2026-03-31 18:50:00+00:00,0.9995199110955968,1.0,1.0
2026-03-31 18:55:00+00:00,0.9999278984028553,1.0,1.0
2026-03-31 19:00:00+00:00,0.9998517710011284,1.0,1.0
2026-03-31 19:05:00+00:00,0.9985513678894417,1.0,1.0
2026-03-31 19:10:00+00:00,0.997852381931919,1.0,1.0
2026-03-31 19:15:00+00:00,0.997852381931919,1.0,1.0
2026-03-31 19:20:00+00:00,0.997852381931919,1.0,1.0
2026-03-31 19:25:00+00:00,0.997852381931919,1.0,1.0
2026-03-31 19:30:00+00:00,0.997852381931919,1.0,1.0
2026-03-31 19:35:00+00:00,0.997852381931919,1.0,1.0
2026-03-31 19:40:00+00:00,0.997852381931919,1.0,1.0
2026-03-31 19:45:00+00:00,0.997852381931919,1.0,1.0
2026-03-31 19:50:00+00:00,0.997852381931919,1.0,1.0
2026-03-31 19:55:00+00:00,0.997852381931919,1.0,1.0
2026-04-01 13:30:00+00:00,0.997852381931919,1.0,1.0
2026-04-01 13:35:00+00:00,0.997852381931919,0.9986459008188334,1.0
2026-04-01 13:40:00+00:00,0.997852381931919,0.9981082201978707,1.0
2026-04-01 13:45:00+00:00,0.997852381931919,0.997688384202274,1.0
2026-04-01 13:50:00+00:00,0.997852381931919,0.9971663169328172,1.0
2026-04-01 13:55:00+00:00,0.997852381931919,0.9965830325434379,1.0
2026-04-01 14:00:00+00:00,0.997852381931919,0.9989139509807496,1.0
2026-04-01 14:05:00+00:00,0.997852381931919,0.9982546424529232,1.0
2026-04-01 14:10:00+00:00,0.997852381931919,0.9999167349217407,1.0
2026-04-01 14:15:00+00:00,0.997852381931919,1.0006988336676832,1.0
2026-04-01 14:20:00+00:00,0.997852381931919,1.001378475062079,1.0
2026-04-01 14:25:00+00:00,0.997852381931919,1.0013263812701236,1.0
2026-04-01 14:30:00+00:00,0.997852381931919,1.00357302871617,1.0
2026-04-01 14:35:00+00:00,0.997852381931919,1.0045612582639447,1.0
2026-04-01 14:40:00+00:00,0.997852381931919,1.0052467164706755,1.0
2026-04-01 14:45:00+00:00,0.997852381931919,1.0041195621055192,1.0
2026-04-01 14:50:00+00:00,0.997852381931919,1.0051272157730111,0.9982964803938498
2026-04-01 14:55:00+00:00,0.997852381931919,1.0037705622320447,0.9996439142647146
2026-04-01 15:00:00+00:00,0.997852381931919,1.005540251922082,0.9978815000284883
2026-04-01 15:05:00+00:00,0.997852381931919,1.0032916719380272,1.000112953581077
2026-04-01 15:10:00+00:00,0.997852381931919,1.0025928861871045,1.0008095253765208
2026-04-01 15:15:00+00:00,0.997852381931919,1.0025695871703508,1.0008327829501784
2026-04-01 15:20:00+00:00,0.997852381931919,1.0020761855804048,1.0013253297945042
2026-04-01 15:25:00+00:00,0.997852381931919,1.0010056446171762,1.002395068601282
2026-04-01 15:30:00+00:00,0.997852381931919,1.000304940665944,1.002383565339417
2026-04-01 15:35:00+00:00,0.997852381931919,1.000304940665944,1.003303039997442
2026-04-01 15:40:00+00:00,0.997852381931919,1.000304940665944,1.0026007278694438
2026-04-01 15:45:00+00:00,0.997852381931919,1.000304940665944,1.0026007278694438
2026-04-01 15:50:00+00:00,0.997852381931919,1.000304940665944,1.0026007278694438
2026-04-01 15:55:00+00:00,0.997852381931919,1.000304940665944,1.0026007278694438
2026-04-01 16:00:00+00:00,0.997852381931919,1.000304940665944,1.0026007278694438
2026-04-01 16:05:00+00:00,0.997852381931919,1.000304940665944,1.0026007278694438
2026-04-01 16:10:00+00:00,0.997852381931919,1.000304940665944,1.0026007278694438
2026-04-01 16:15:00+00:00,0.997852381931919,0.9982041334156894,1.0026007278694438
2026-04-01 16:20:00+00:00,0.997852381931919,0.9970166719108696,1.0026007278694438
2026-04-01 16:25:00+00:00,0.997852381931919,0.996318760240532,1.0026007278694438
2026-04-01 16:30:00+00:00,0.997852381931919,0.996318760240532,1.0026007278694438
2026-04-01 16:35:00+00:00,0.997852381931919,0.996318760240532,1.0026007278694438
2026-04-01 16:40:00+00:00,0.997852381931919,0.996318760240532,1.0026007278694438
2026-04-01 16:45:00+00:00,0.997852381931919,0.9962792390016939,1.0026007278694438
2026-04-01 16:50:00+00:00,0.997852381931919,0.9974358373782902,1.0026007278694438
2026-04-01 16:55:00+00:00,0.997852381931919,0.9980003359768539,1.0026007278694438
2026-04-01 17:00:00+00:00,0.997852381931919,0.9972498181965823,1.0026007278694438
2026-04-01 17:05:00+00:00,0.997852381931919,0.9972156505862843,1.0026007278694438
2026-04-01 17:10:00+00:00,0.997852381931919,0.998180168535721,1.0026007278694438
2026-04-01 17:15:00+00:00,0.997852381931919,0.9990835199768314,1.0026007278694438
2026-04-01 17:20:00+00:00,0.997852381931919,0.9978316578306211,1.0026007278694438
2026-04-01 17:25:00+00:00,0.997852381931919,0.9967968021378888,1.0026007278694438
2026-04-01 17:30:00+00:00,0.997852381931919,0.9964174301408262,1.0026007278694438
2026-04-01 17:35:00+00:00,0.997852381931919,0.9959535061935821,1.0026007278694438
2026-04-01 17:40:00+00:00,0.997852381931919,0.9943017950128236,1.0026007278694438
2026-04-01 17:45:00+00:00,0.997852381931919,0.9936057837563146,1.0026007278694438
2026-04-01 17:50:00+00:00,0.997852381931919,0.9936057837563146,1.0026007278694438
2026-04-01 17:55:00+00:00,0.997852381931919,0.9936057837563146,1.0026007278694438
2026-04-01 18:00:00+00:00,0.997852381931919,0.9936057837563146,1.0026007278694438
2026-04-01 18:05:00+00:00,0.997852381931919,0.9936057837563146,1.0026007278694438
2026-04-01 18:10:00+00:00,0.997852381931919,0.9936057837563146,1.0026007278694438
2026-04-01 18:15:00+00:00,0.997852381931919,0.9936057837563146,1.0026007278694438
2026-04-01 18:20:00+00:00,0.997852381931919,0.9936057837563146,1.0026007278694438
2026-04-01 18:25:00+00:00,0.997852381931919,0.9936057837563146,1.0026007278694438
2026-04-01 18:30:00+00:00,0.997852381931919,0.9933343781488565,1.0026007278694438
2026-04-01 18:35:00+00:00,0.997852381931919,0.9929523477767538,1.0026007278694438
2026-04-01 18:40:00+00:00,0.997852381931919,0.9913657314032275,1.0026007278694438
2026-04-01 18:45:00+00:00,0.997852381931919,0.991485009711583,1.0026007278694438
2026-04-01 18:50:00+00:00,0.997852381931919,0.9914128772830318,1.0026007278694438
2026-04-01 18:55:00+00:00,0.997852381931919,0.9909202101052261,1.0026007278694438
2026-04-01 19:00:00+00:00,0.997852381931919,0.9921073614786478,1.0026007278694438
2026-04-01 19:05:00+00:00,0.997852381931919,0.991118024203577,1.0026007278694438
2026-04-01 19:10:00+00:00,0.997852381931919,0.9905493382113828,1.0026007278694438
2026-04-01 19:15:00+00:00,0.997852381931919,0.990353759274704,1.0026007278694438
2026-04-01 19:20:00+00:00,0.997852381931919,0.9902832279206409,1.0026007278694438
2026-04-01 19:25:00+00:00,0.997852381931919,0.9914666069341389,1.0026007278694438
2026-04-01 19:30:00+00:00,0.997852381931919,0.9911551922010832,1.0026007278694438
2026-04-01 19:35:00+00:00,0.997852381931919,0.9904525969336951,1.0026007278694438
2026-04-01 19:40:00+00:00,0.997852381931919,0.9897592801158415,1.0026007278694438
2026-04-01 19:45:00+00:00,0.997852381931919,0.9897592801158415,1.0026007278694438
2026-04-01 19:50:00+00:00,0.997852381931919,0.9897592801158415,1.0026007278694438
2026-04-01 19:55:00+00:00,0.997852381931919,0.9897592801158415,1.0026007278694438
2026-04-02 13:30:00+00:00,0.997852381931919,0.9897592801158415,1.0026007278694438
2026-04-02 13:35:00+00:00,0.997852381931919,0.9886422025738609,1.0023286577072767
2026-04-02 13:40:00+00:00,0.997852381931919,0.9902154133626657,1.000733667877662
2026-04-02 13:45:00+00:00,0.997852381931919,0.990379868613037,1.0005674657526649
2026-04-02 13:50:00+00:00,0.997852381931919,0.9887727770420127,1.0021910887597683
2026-04-02 13:55:00+00:00,0.997852381931919,0.9875566158330034,1.0034237540944781
2026-04-02 14:00:00+00:00,0.997852381931919,0.9875404760380655,1.0034401532085817
2026-04-02 14:05:00+00:00,0.997852381931919,0.9864803102991095,1.0045173879117024
2026-04-02 14:10:00+00:00,0.997852381931919,0.9869063589154057,1.004083549305197
2026-04-02 14:15:00+00:00,0.997852381931919,0.9872268779163805,1.0037574516433354
2026-04-02 14:20:00+00:00,0.997852381931919,0.98794826259791,1.0030239877701526
2026-04-02 14:25:00+00:00,0.997852381931919,0.9881413571417159,1.002827946675009
2026-04-02 14:30:00+00:00,0.997852381931919,0.9880814860174612,1.0028887076543644
2026-04-02 14:35:00+00:00,0.997852381931919,0.9873045957210774,1.003677240297021
2026-04-02 14:40:00+00:00,0.997852381931919,0.9868664074461231,1.004122695124683
2026-04-02 14:45:00+00:00,0.997852381931919,0.9879828159790687,1.0029867651381081
2026-04-02 14:50:00+00:00,0.997852381931919,0.9878279681465698,1.0031439645590847
2026-04-02 14:55:00+00:00,0.997852381931919,0.9884804713738605,1.002481344451719
2026-04-02 15:00:00+00:00,0.997852381931919,0.9881604133856419,1.002805935752836
2026-04-02 15:05:00+00:00,0.997852381931919,0.9884737086831197,1.0024879971067435
2026-04-02 15:10:00+00:00,0.997852381931919,0.9880391082986534,1.0029287591271576
2026-04-02 15:15:00+00:00,0.997852381931919,0.9875852376718973,1.003389469538996
2026-04-02 15:20:00+00:00,0.997852381931919,0.9878798700373204,1.0030901222000788
2026-04-02 15:25:00+00:00,0.997852381931919,0.9878605060847131,1.0031097842968337
2026-04-02 15:30:00+00:00,0.997852381931919,0.9867668215257145,1.004220351705196
2026-04-02 15:35:00+00:00,0.997852381931919,0.9860760847506465,1.0035173974590024
2026-04-02 15:40:00+00:00,0.997852381931919,0.9860760847506465,1.0035173974590024
2026-04-02 15:45:00+00:00,0.997852381931919,0.9860760847506465,1.0035173974590024
2026-04-02 15:50:00+00:00,0.997852381931919,0.9860760847506465,1.0035173974590024
2026-04-02 15:55:00+00:00,0.997852381931919,0.9860760847506465,1.0035173974590024
2026-04-02 16:00:00+00:00,0.997852381931919,0.9860760847506465,1.0035173974590024
2026-04-02 16:05:00+00:00,0.997852381931919,0.9860760847506465,1.0035173974590024
2026-04-02 16:10:00+00:00,0.997852381931919,0.9835815779376177,1.0035173974590024
2026-04-02 16:15:00+00:00,0.997852381931919,0.9829184515051346,1.0035173974590024
2026-04-02 16:20:00+00:00,0.997852381931919,0.982230408589081,1.0035173974590024
2026-04-02 16:25:00+00:00,0.997852381931919,0.982230408589081,1.0035173974590024
2026-04-02 16:30:00+00:00,0.997852381931919,0.982230408589081,1.0035173974590024
2026-04-02 16:35:00+00:00,0.997852381931919,0.9816403902296209,1.0035173974590024
2026-04-02 16:40:00+00:00,0.997852381931919,0.9843103032869553,1.0035173974590024
2026-04-02 16:45:00+00:00,0.997852381931919,0.9850616248023407,1.0035173974590024
2026-04-02 16:50:00+00:00,0.997852381931919,0.9842358249377842,1.0035173974590024
2026-04-02 16:55:00+00:00,0.997852381931919,0.984303573246297,1.0035173974590024
2026-04-02 17:00:00+00:00,0.997852381931919,0.9852474581656937,1.0035173974590024
2026-04-02 17:05:00+00:00,0.997852381931919,0.9853318079730113,1.0035173974590024
2026-04-02 17:10:00+00:00,0.997852381931919,0.9840992402453735,1.0035173974590024
2026-04-02 17:15:00+00:00,0.997852381931919,0.9864790146906047,1.0035173974590024
2026-04-02 17:20:00+00:00,0.997852381931919,0.9899504999142779,1.0035173974590024
2026-04-02 17:25:00+00:00,0.997852381931919,0.9884194548642773,1.0035173974590024
2026-04-02 17:30:00+00:00,0.997852381931919,0.9871897373669419,1.0035173974590024
2026-04-02 17:35:00+00:00,0.997852381931919,0.9853995950568032,1.0035173974590024
2026-04-02 17:40:00+00:00,0.997852381931919,0.984210868123541,1.0035173974590024
2026-04-02 17:45:00+00:00,0.997852381931919,0.9835427495923158,1.0035173974590024
2026-04-02 17:50:00+00:00,0.997852381931919,0.9828542696676011,1.0035173974590024
2026-04-02 17:55:00+00:00,0.997852381931919,0.9828542696676011,1.0035173974590024
2026-04-02 18:00:00+00:00,0.997852381931919,0.9828542696676011,1.0035173974590024
2026-04-02 18:05:00+00:00,0.997852381931919,0.9828542696676011,1.0035173974590024
2026-04-02 18:10:00+00:00,0.997852381931919,0.9828542696676011,1.0035173974590024
2026-04-02 18:15:00+00:00,0.997852381931919,0.9828542696676011,1.0035173974590024
2026-04-02 18:20:00+00:00,0.997852381931919,0.9828542696676011,1.0035173974590024
2026-04-02 18:25:00+00:00,0.997852381931919,0.9828542696676011,1.0035173974590024
2026-04-02 18:30:00+00:00,0.997852381931919,0.9828542696676011,1.0035173974590024
2026-04-02 18:35:00+00:00,0.997852381931919,0.9828542696676011,1.0035173974590024
2026-04-02 18:40:00+00:00,0.997852381931919,0.9812243291588992,1.0035173974590024
2026-04-02 18:45:00+00:00,0.997852381931919,0.979492908230938,1.0035173974590024
2026-04-02 18:50:00+00:00,0.997852381931919,0.9788072631951763,1.0035173974590024
2026-04-02 18:55:00+00:00,0.997852381931919,0.9788072631951763,1.0035173974590024
2026-04-02 19:00:00+00:00,0.997852381931919,0.9788072631951763,1.0035173974590024
2026-04-02 19:05:00+00:00,0.997852381931919,0.9788072631951763,1.0035173974590024
2026-04-02 19:10:00+00:00,0.997852381931919,0.9788072631951763,1.0035173974590024
2026-04-02 19:15:00+00:00,0.997852381931919,0.9788072631951763,1.0035173974590024
2026-04-02 19:20:00+00:00,0.997852381931919,0.9788072631951763,1.0035173974590024
2026-04-02 19:25:00+00:00,0.997852381931919,0.9788072631951763,1.0035173974590024
2026-04-02 19:30:00+00:00,0.997852381931919,0.9788072631951763,1.0035173974590024
2026-04-02 19:35:00+00:00,0.997852381931919,0.9788072631951763,1.0035173974590024
2026-04-02 19:40:00+00:00,0.997852381931919,0.9788072631951763,1.0035173974590024
2026-04-02 19:45:00+00:00,0.997852381931919,0.9788072631951763,1.0035173974590024
2026-04-02 19:50:00+00:00,0.997852381931919,0.9788072631951763,1.0035173974590024
2026-04-02 19:55:00+00:00,0.997852381931919,0.9788072631951763,1.0035173974590024
2026-04-03 13:30:00+00:00,0.997852381931919,0.9788072631951763,1.0035173974590024
2026-04-03 13:35:00+00:00,0.997852381931919,0.9788072631951763,1.0035173974590024
2026-04-03 13:40:00+00:00,0.997852381931919,0.9788072631951763,1.0035173974590024
2026-04-03 13:45:00+00:00,0.997852381931919,0.9788072631951763,1.0035173974590024
2026-04-03 13:50:00+00:00,0.997852381931919,0.9788072631951763,1.0035173974590024
2026-04-03 13:55:00+00:00,0.997852381931919,0.9788072631951763,1.0035173974590024
2026-04-03 14:00:00+00:00,0.997852381931919,0.9788072631951763,1.0035173974590024
2026-04-03 14:05:00+00:00,0.997852381931919,0.9788072631951763,1.0035173974590024
2026-04-03 14:10:00+00:00,0.997852381931919,0.9788072631951763,1.0035173974590024
2026-04-03 14:15:00+00:00,0.997852381931919,0.9788072631951763,1.0035173974590024
2026-04-03 14:20:00+00:00,0.997852381931919,0.9788072631951763,1.0035173974590024
2026-04-03 14:25:00+00:00,0.997852381931919,0.9788072631951763,1.0035173974590024
2026-04-03 14:30:00+00:00,0.997852381931919,0.9788072631951763,1.0035173974590024
2026-04-03 14:35:00+00:00,0.997852381931919,0.9771913045700497,1.0035173974590024
2026-04-03 14:40:00+00:00,0.997852381931919,0.9776443739978483,1.0035173974590024
2026-04-03 14:45:00+00:00,0.997852381931919,0.9786368509725012,1.0035173974590024
2026-04-03 14:50:00+00:00,0.997852381931919,0.978239240979154,1.0035173974590024
2026-04-03 14:55:00+00:00,0.997852381931919,0.97676425765754,1.0035173974590024
2026-04-03 15:00:00+00:00,0.997852381931919,0.9764553757707934,1.0035173974590024
2026-04-03 15:05:00+00:00,0.997852381931919,0.9765790732858874,1.0035173974590024
2026-04-03 15:10:00+00:00,0.997852381931919,0.9766705520495021,1.0035173974590024
2026-04-03 15:15:00+00:00,0.997852381931919,0.9784587943533793,1.0035173974590024
2026-04-03 15:20:00+00:00,0.997852381931919,0.9792516117104796,1.0035173974590024
2026-04-03 15:25:00+00:00,0.997852381931919,0.9790177134059374,1.0035173974590024
2026-04-03 15:30:00+00:00,0.997852381931919,0.9784425950447222,1.0035173974590024
2026-04-03 15:35:00+00:00,0.997852381931919,0.9780852512513787,1.0035173974590024
2026-04-03 15:40:00+00:00,0.997852381931919,0.9775033697625918,1.0035173974590024
2026-04-03 15:45:00+00:00,0.997852381931919,0.9758000477688956,1.0035173974590024
2026-04-03 15:50:00+00:00,0.997852381931919,0.9751169877354574,1.0035173974590024
2026-04-03 15:55:00+00:00,0.997852381931919,0.9751169877354574,1.0035173974590024
2026-04-03 16:00:00+00:00,0.997852381931919,0.9751169877354574,1.0035173974590024
2026-04-03 16:05:00+00:00,0.997852381931919,0.9751169877354574,1.0035173974590024
2026-04-03 16:10:00+00:00,0.997852381931919,0.9751169877354574,1.0035173974590024
2026-04-03 16:15:00+00:00,0.997852381931919,0.9751169877354574,1.0035173974590024
2026-04-03 16:20:00+00:00,0.997852381931919,0.9751169877354574,1.0035173974590024
2026-04-03 16:25:00+00:00,0.997852381931919,0.9751169877354574,1.0035173974590024
2026-04-03 16:30:00+00:00,0.997852381931919,0.9751169877354574,1.0035173974590024
2026-04-03 16:35:00+00:00,0.997852381931919,0.9751169877354574,1.0035173974590024
2026-04-03 16:40:00+00:00,0.997852381931919,0.9751169877354574,1.0035173974590024
2026-04-03 16:45:00+00:00,0.997852381931919,0.9751169877354574,1.0035173974590024
2026-04-03 16:50:00+00:00,0.997852381931919,0.9751169877354574,1.0035173974590024
2026-04-03 16:55:00+00:00,0.997852381931919,0.9751169877354574,1.0035173974590024
2026-04-03 17:00:00+00:00,0.997852381931919,0.9751169877354574,1.0035173974590024
2026-04-03 17:05:00+00:00,0.997852381931919,0.9751169877354574,1.0035173974590024
2026-04-03 17:10:00+00:00,0.997852381931919,0.9751169877354574,1.0035173974590024
2026-04-03 17:15:00+00:00,0.997852381931919,0.9751169877354574,1.0035173974590024
2026-04-03 17:20:00+00:00,0.997852381931919,0.9751169877354574,1.0035173974590024
2026-04-03 17:25:00+00:00,0.997852381931919,0.9751169877354574,1.0035173974590024
2026-04-03 17:30:00+00:00,0.997852381931919,0.9751169877354574,1.0035173974590024
2026-04-03 17:35:00+00:00,0.997852381931919,0.9751169877354574,1.0035173974590024
2026-04-03 17:40:00+00:00,0.997852381931919,0.9751169877354574,1.0035173974590024
2026-04-03 17:45:00+00:00,0.997852381931919,0.9751169877354574,1.0035173974590024
2026-04-03 17:50:00+00:00,0.997852381931919,0.9751169877354574,1.0035173974590024
2026-04-03 17:55:00+00:00,0.997852381931919,0.9751169877354574,1.0035173974590024
2026-04-03 18:00:00+00:00,0.997852381931919,0.9751169877354574,1.0035173974590024
2026-04-03 18:05:00+00:00,0.997852381931919,0.9751169877354574,1.0035173974590024
2026-04-03 18:10:00+00:00,0.997852381931919,0.9751169877354574,1.0035173974590024
2026-04-03 18:15:00+00:00,0.997852381931919,0.9751169877354574,1.0035173974590024
2026-04-03 18:20:00+00:00,0.997852381931919,0.9751169877354574,1.0035173974590024
2026-04-03 18:25:00+00:00,0.997852381931919,0.9751169877354574,1.0035173974590024
2026-04-03 18:30:00+00:00,0.997852381931919,0.9739394616016096,1.0035173974590024
2026-04-03 18:35:00+00:00,0.997852381931919,0.9725568112022649,1.0035173974590024
2026-04-03 18:40:00+00:00,0.997852381931919,0.9737113355021033,1.0035173974590024
2026-04-03 18:45:00+00:00,0.997852381931919,0.9759092997779457,1.0035173974590024
2026-04-03 18:50:00+00:00,0.997852381931919,0.9756667829969686,1.0035173974590024
2026-04-03 18:55:00+00:00,0.997852381931919,0.9764344818600411,1.0035173974590024
2026-04-03 19:00:00+00:00,0.997852381931919,0.9771427735515849,1.0035173974590024
2026-04-03 19:05:00+00:00,0.997852381931919,0.9779463644009675,1.0035173974590024
2026-04-03 19:10:00+00:00,0.997852381931919,0.9784171741783003,1.0035173974590024
2026-04-03 19:15:00+00:00,0.997852381931919,0.9777630694163966,1.0035173974590024
2026-04-03 19:20:00+00:00,0.997852381931919,0.9778017819348701,1.0035173974590024
2026-04-03 19:25:00+00:00,0.997852381931919,0.9783619393808785,1.0035173974590024
2026-04-03 19:30:00+00:00,0.997852381931919,0.9754616703170508,1.0035173974590024
2026-04-03 19:35:00+00:00,0.997852381931919,0.9760581175089728,1.0035173974590024
2026-04-03 19:40:00+00:00,0.997852381931919,0.9768147087069329,1.0035173974590024
2026-04-03 19:45:00+00:00,0.997852381931919,0.9759633816739512,1.0035173974590024
2026-04-03 19:50:00+00:00,0.997852381931919,0.9758391120473854,1.0035173974590024
2026-04-03 19:55:00+00:00,0.997852381931919,0.975713115633578,1.0035173974590024
2026-04-06 13:30:00+00:00,0.997852381931919,0.9715277507200482,1.0035173974590024
2026-04-06 13:35:00+00:00,0.9952982711631491,0.9708476812945441,1.0035173974590024
2026-04-06 13:40:00+00:00,0.9946015623733349,0.9708476812945441,1.0035173974590024
2026-04-06 13:45:00+00:00,0.9946015623733349,0.9708476812945441,1.0035173974590024
2026-04-06 13:50:00+00:00,0.9946015623733349,0.9708476812945441,1.0035173974590024
2026-04-06 13:55:00+00:00,0.9946015623733349,0.9708476812945441,1.0035173974590024
2026-04-06 14:00:00+00:00,0.9946015623733349,0.9708476812945441,1.0035173974590024
2026-04-06 14:05:00+00:00,0.9946015623733349,0.9708476812945441,1.0035173974590024
2026-04-06 14:10:00+00:00,0.9946015623733349,0.9708476812945441,1.0035173974590024
2026-04-06 14:15:00+00:00,0.9946015623733349,0.9708476812945441,1.0035173974590024
2026-04-06 14:20:00+00:00,0.9946015623733349,0.9708476812945441,1.0035173974590024
2026-04-06 14:25:00+00:00,0.9946015623733349,0.9708476812945441,1.0035173974590024
2026-04-06 14:30:00+00:00,0.9946015623733349,0.9708476812945441,1.0035173974590024
2026-04-06 14:35:00+00:00,0.9946015623733349,0.9708476812945441,1.0035173974590024
2026-04-06 14:40:00+00:00,0.9946015623733349,0.9708476812945441,1.0035173974590024
2026-04-06 14:45:00+00:00,0.9946015623733349,0.9708476812945441,1.0035173974590024
2026-04-06 14:50:00+00:00,0.9946015623733349,0.9708476812945441,1.0035173974590024
2026-04-06 14:55:00+00:00,0.9946015623733349,0.9708476812945441,1.0035173974590024
2026-04-06 15:00:00+00:00,0.9946015623733349,0.9708476812945441,1.0035173974590024
2026-04-06 15:05:00+00:00,0.9946015623733349,0.9708476812945441,1.0035173974590024
2026-04-06 15:10:00+00:00,0.9946015623733349,0.9708476812945441,1.0035173974590024
2026-04-06 15:15:00+00:00,0.9946015623733349,0.9708476812945441,1.0035173974590024
2026-04-06 15:20:00+00:00,0.9946015623733349,0.9708476812945441,1.0035173974590024
2026-04-06 15:25:00+00:00,0.9946015623733349,0.9708476812945441,1.0035173974590024
2026-04-06 15:30:00+00:00,0.9946015623733349,0.9708476812945441,1.0035173974590024
2026-04-06 15:35:00+00:00,0.9946015623733349,0.9708476812945441,1.0035173974590024
2026-04-06 15:40:00+00:00,0.9946015623733349,0.9708476812945441,1.0035173974590024
2026-04-06 15:45:00+00:00,0.9942120488934291,0.9708476812945441,1.0035173974590024
2026-04-06 15:50:00+00:00,0.9934215743086797,0.9708476812945441,1.0035173974590024
2026-04-06 15:55:00+00:00,0.9919633140001751,0.9708476812945441,1.0035173974590024
2026-04-06 16:00:00+00:00,0.991268939680375,0.9708476812945441,1.0035173974590024
2026-04-06 16:05:00+00:00,0.991268939680375,0.9708476812945441,1.0035173974590024
2026-04-06 16:10:00+00:00,0.991268939680375,0.9708476812945441,1.0035173974590024
2026-04-06 16:15:00+00:00,0.991268939680375,0.9708476812945441,1.0035173974590024
2026-04-06 16:20:00+00:00,0.991268939680375,0.9708476812945441,1.0035173974590024
2026-04-06 16:25:00+00:00,0.991268939680375,0.9708476812945441,1.0035173974590024
2026-04-06 16:30:00+00:00,0.991268939680375,0.9708476812945441,1.0035173974590024
2026-04-06 16:35:00+00:00,0.991268939680375,0.9708476812945441,1.0035173974590024
2026-04-06 16:40:00+00:00,0.991268939680375,0.9708476812945441,1.0035173974590024
2026-04-06 16:45:00+00:00,0.991268939680375,0.9708476812945441,1.0035173974590024
2026-04-06 16:50:00+00:00,0.991268939680375,0.9708476812945441,1.0035173974590024
2026-04-06 16:55:00+00:00,0.991268939680375,0.9708476812945441,1.0035173974590024
2026-04-06 17:00:00+00:00,0.9919328254723436,0.9708476812945441,1.0035173974590024
2026-04-06 17:05:00+00:00,0.9924594368992004,0.9708476812945441,1.0035173974590024
2026-04-06 17:10:00+00:00,0.9920825439990336,0.9697994022216597,1.0035173974590024
2026-04-06 17:15:00+00:00,0.9922815602810113,0.9699939484037913,1.0035173974590024
2026-04-06 17:20:00+00:00,0.9922963705379688,0.9700084260079291,1.0035173974590024
2026-04-06 17:25:00+00:00,0.9900501445594938,0.967812652456266,1.0035173974590024
2026-04-06 17:30:00+00:00,0.9897120974260502,0.9671351835995466,1.0035173974590024
2026-04-06 17:35:00+00:00,0.9909135191763295,0.9671351835995466,1.0035173974590024
2026-04-06 17:40:00+00:00,0.9915797387308282,0.9671351835995466,1.0035173974590024
2026-04-06 17:45:00+00:00,0.9899046758206974,0.9671351835995466,1.0035173974590024
2026-04-06 17:50:00+00:00,0.9911815241870947,0.9671351835995466,1.0035173974590024
2026-04-06 17:55:00+00:00,0.9914917644054746,0.9671351835995466,1.0035173974590024
2026-04-06 18:00:00+00:00,0.9927889216325722,0.9671351835995466,1.0035173974590024
2026-04-06 18:05:00+00:00,0.9922423186378754,0.9671351835995466,1.0035173974590024
2026-04-06 18:10:00+00:00,0.9927698294728056,0.9671351835995466,1.0035173974590024
2026-04-06 18:15:00+00:00,0.9910049901128583,0.9671351835995466,1.0035173974590024
2026-04-06 18:20:00+00:00,0.9928434037872718,0.9671351835995466,1.0035173974590024
2026-04-06 18:25:00+00:00,0.9933705003353149,0.9671351835995466,1.0035173974590024
2026-04-06 18:30:00+00:00,0.9919270649243761,0.9671351835995466,1.0035173974590024
2026-04-06 18:35:00+00:00,0.992210235413541,0.9671351835995466,1.0035173974590024
2026-04-06 18:40:00+00:00,0.9926026772723016,0.9671351835995466,1.0035173974590024
2026-04-06 18:45:00+00:00,0.9919783020119445,0.9671351835995466,1.0035173974590024
2026-04-06 18:50:00+00:00,0.992168620918395,0.9671351835995466,1.0035173974590024
2026-04-06 18:55:00+00:00,0.9915137191472467,0.9671351835995466,1.0035173974590024
2026-04-06 19:00:00+00:00,0.9910105757736862,0.9671351835995466,1.0035173974590024
2026-04-06 19:05:00+00:00,0.9922791243789074,0.9671351835995466,1.0035173974590024
2026-04-06 19:10:00+00:00,0.9926446036547044,0.9671351835995466,1.0035173974590024
2026-04-06 19:15:00+00:00,0.9914841716852097,0.9671351835995466,1.0035173974590024
2026-04-06 19:20:00+00:00,0.989938001256156,0.9671351835995466,1.0035173974590024
2026-04-06 19:25:00+00:00,0.9892450446552767,0.9671351835995466,1.0035173974590024
2026-04-06 19:30:00+00:00,0.9892450446552767,0.9661958533921928,1.0035173974590024
2026-04-06 19:35:00+00:00,0.9892450446552767,0.9650756548036615,1.0035173974590024
2026-04-06 19:40:00+00:00,0.9892450446552767,0.9662734627970289,1.0035173974590024
2026-04-06 19:45:00+00:00,0.9892450446552767,0.9663869420844116,1.0035173974590024
2026-04-06 19:50:00+00:00,0.9892450446552767,0.9662316904623066,1.0035173974590024
2026-04-06 19:55:00+00:00,0.9892450446552767,0.9668232408981275,1.0035173974590024
2026-04-07 13:30:00+00:00,0.9892450446552767,0.9642668609392802,1.0035173974590024
2026-04-07 13:35:00+00:00,0.9892450446552767,0.9635918741366226,1.0035173974590024
2026-04-07 13:40:00+00:00,0.9892450446552767,0.9635918741366226,1.0035173974590024
2026-04-07 13:45:00+00:00,0.9892450446552767,0.9635918741366226,1.0035173974590024
2026-04-07 13:50:00+00:00,0.9892450446552767,0.9635918741366226,1.0035173974590024
2026-04-07 13:55:00+00:00,0.9892450446552767,0.9635918741366226,1.0035173974590024
2026-04-07 14:00:00+00:00,0.9892450446552767,0.9635918741366226,1.0035173974590024
2026-04-07 14:05:00+00:00,0.9892450446552767,0.9635918741366226,1.0035173974590024
2026-04-07 14:10:00+00:00,0.9892450446552767,0.9635918741366226,1.0035173974590024
2026-04-07 14:15:00+00:00,0.9892450446552767,0.9635918741366226,1.0035173974590024
2026-04-07 14:20:00+00:00,0.9892450446552767,0.9635918741366226,1.0035173974590024
2026-04-07 14:25:00+00:00,0.9892450446552767,0.9635918741366226,1.0035173974590024
2026-04-07 14:30:00+00:00,0.9892450446552767,0.9635918741366226,1.0035173974590024
2026-04-07 14:35:00+00:00,0.9892450446552767,0.9635918741366226,1.0035173974590024
2026-04-07 14:40:00+00:00,0.9892450446552767,0.9635918741366226,1.0035173974590024
2026-04-07 14:45:00+00:00,0.9892450446552767,0.9635918741366226,1.0035173974590024
2026-04-07 14:50:00+00:00,0.9892450446552767,0.9635918741366226,1.0035173974590024
2026-04-07 14:55:00+00:00,0.9892450446552767,0.9635918741366226,1.0035173974590024
2026-04-07 15:00:00+00:00,0.9892450446552767,0.9635918741366226,1.0035173974590024
2026-04-07 15:05:00+00:00,0.9892450446552767,0.9619594423605495,1.0035173974590024
2026-04-07 15:10:00+00:00,0.9892450446552767,0.9595882289202883,1.0035173974590024
2026-04-07 15:15:00+00:00,0.9892450446552767,0.958916517160044,1.0035173974590024
2026-04-07 15:20:00+00:00,0.9892450446552767,0.958916517160044,1.0035173974590024
2026-04-07 15:25:00+00:00,0.9892450446552767,0.958916517160044,1.0035173974590024
2026-04-07 15:30:00+00:00,0.9892450446552767,0.958916517160044,1.0035173974590024
2026-04-07 15:35:00+00:00,0.9892450446552767,0.958916517160044,1.0035173974590024
2026-04-07 15:40:00+00:00,0.9892450446552767,0.958916517160044,1.0035173974590024
2026-04-07 15:45:00+00:00,0.9892450446552767,0.958916517160044,1.0035173974590024
2026-04-07 15:50:00+00:00,0.9892450446552767,0.958916517160044,1.0035173974590024
2026-04-07 15:55:00+00:00,0.9892450446552767,0.958916517160044,1.0035173974590024
2026-04-07 16:00:00+00:00,0.9892450446552767,0.958916517160044,1.0035173974590024
2026-04-07 16:05:00+00:00,0.9892450446552767,0.958916517160044,1.0035173974590024
2026-04-07 16:10:00+00:00,0.9892450446552767,0.958916517160044,1.0035173974590024
2026-04-07 16:15:00+00:00,0.9892450446552767,0.958916517160044,1.0035173974590024
2026-04-07 16:20:00+00:00,0.9892450446552767,0.958916517160044,1.0035173974590024
2026-04-07 16:25:00+00:00,0.9892450446552767,0.958916517160044,1.0035173974590024
2026-04-07 16:30:00+00:00,0.9892450446552767,0.9576469414836719,1.0035173974590024
2026-04-07 16:35:00+00:00,0.9892450446552767,0.9590231343532213,1.0035173974590024
2026-04-07 16:40:00+00:00,0.9892450446552767,0.9586664311228423,1.0035173974590024
2026-04-07 16:45:00+00:00,0.9892450446552767,0.9595400527019817,1.0035173974590024
2026-04-07 16:50:00+00:00,0.9892450446552767,0.9583592089782045,1.0035173974590024
2026-04-07 16:55:00+00:00,0.9892450446552767,0.9598136604753688,1.0035173974590024
2026-04-07 17:00:00+00:00,0.9892450446552767,0.9578172255947403,1.0035173974590024
2026-04-07 17:05:00+00:00,0.9892450446552767,0.9558403431147745,1.0035173974590024
2026-04-07 17:10:00+00:00,0.9892450446552767,0.9551712548745941,1.0035173974590024
2026-04-07 17:15:00+00:00,0.9892450446552767,0.9551712548745941,1.0035173974590024
2026-04-07 17:20:00+00:00,0.9892450446552767,0.9551712548745941,1.0035173974590024
2026-04-07 17:25:00+00:00,0.9892450446552767,0.9551712548745941,1.0035173974590024
2026-04-07 17:30:00+00:00,0.9892450446552767,0.9551712548745941,1.0035173974590024
2026-04-07 17:35:00+00:00,0.9892450446552767,0.9551712548745941,1.0035173974590024
2026-04-07 17:40:00+00:00,0.9890075565715954,0.9551712548745941,1.0035173974590024
2026-04-07 17:45:00+00:00,0.9903330586478905,0.9551712548745941,1.0035173974590024
2026-04-07 17:50:00+00:00,0.9904007645039462,0.9551712548745941,1.0035173974590024
2026-04-07 17:55:00+00:00,0.9888746612761761,0.9551712548745941,1.0035173974590024
2026-04-07 18:00:00+00:00,0.98980318125243,0.9551712548745941,1.0035173974590024
2026-04-07 18:05:00+00:00,0.9913033297428296,0.9551712548745941,1.0035173974590024
2026-04-07 18:10:00+00:00,0.9914827166226192,0.9551712548745941,1.0035173974590024
2026-04-07 18:15:00+00:00,0.9931060409841355,0.9551712548745941,1.0035173974590024
2026-04-07 18:20:00+00:00,0.9928352038436157,0.9551712548745941,1.0035173974590024
2026-04-07 18:25:00+00:00,0.9939025148927987,0.9551712548745941,1.0035173974590024
2026-04-07 18:30:00+00:00,0.9933991903544276,0.9551712548745941,1.0035173974590024
2026-04-07 18:35:00+00:00,0.9933133592110468,0.9551712548745941,1.0035173974590024
2026-04-07 18:40:00+00:00,0.9925889667041239,0.9551712548745941,1.0035173974590024
2026-04-07 18:45:00+00:00,0.9926890165097184,0.9551712548745941,1.0035173974590024
2026-04-07 18:50:00+00:00,0.9935417582732883,0.9551712548745941,1.0035173974590024
2026-04-07 18:55:00+00:00,0.9934958547839414,0.9551712548745941,1.0035173974590024
2026-04-07 19:00:00+00:00,0.9926990016212881,0.9551712548745941,1.0035173974590024
2026-04-07 19:05:00+00:00,0.9949993730144594,0.9551712548745941,1.0035173974590024
2026-04-07 19:10:00+00:00,0.9915618924694535,0.9551712548745941,1.0035173974590024
2026-04-07 19:15:00+00:00,0.9917666142505953,0.9551712548745941,1.0035173974590024
2026-04-07 19:20:00+00:00,0.991900539037637,0.9551712548745941,1.0035173974590024
2026-04-07 19:25:00+00:00,0.9925199741957006,0.9551712548745941,1.0035173974590024
2026-04-07 19:30:00+00:00,0.9925702523977096,0.9551712548745941,1.0035173974590024
2026-04-07 19:35:00+00:00,0.9911923751588504,0.9551712548745941,1.0035173974590024
2026-04-07 19:40:00+00:00,0.9922163717045772,0.9551712548745941,1.0035173974590024
2026-04-07 19:45:00+00:00,0.9930097934822092,0.9551712548745941,1.0035173974590024
2026-04-07 19:50:00+00:00,0.994513885738269,0.9551712548745941,1.0035173974590024
2026-04-07 19:55:00+00:00,0.9938355459789134,0.9551712548745941,1.0035173974590024
2026-04-08 13:30:00+00:00,0.9921422065002352,0.9551712548745941,1.0035173974590024
2026-04-08 13:35:00+00:00,0.991447706955685,0.9551712548745941,1.0035173974590024
2026-04-08 13:40:00+00:00,0.991447706955685,0.9551712548745941,1.0035173974590024
2026-04-08 13:45:00+00:00,0.991447706955685,0.9551712548745941,1.0035173974590024
2026-04-08 13:50:00+00:00,0.991447706955685,0.9551712548745941,1.0035173974590024
2026-04-08 13:55:00+00:00,0.991447706955685,0.9551712548745941,1.0035173974590024
2026-04-08 14:00:00+00:00,0.991447706955685,0.9551712548745941,1.0035173974590024
2026-04-08 14:05:00+00:00,0.991447706955685,0.9559101437561149,1.0035173974590024
2026-04-08 14:10:00+00:00,0.991447706955685,0.9554297422029335,1.0035173974590024
2026-04-08 14:15:00+00:00,0.991447706955685,0.9571970684197397,1.0035173974590024
2026-04-08 14:20:00+00:00,0.991447706955685,0.9557355910423903,1.0035173974590024
2026-04-08 14:25:00+00:00,0.991447706955685,0.9548158008256762,1.0035173974590024
2026-04-08 14:30:00+00:00,0.991447706955685,0.9543421861336437,1.0035173974590024
2026-04-08 14:35:00+00:00,0.991447706955685,0.9549354418743582,1.0035173974590024
2026-04-08 14:40:00+00:00,0.991447706955685,0.9541586939406693,1.0035173974590024
2026-04-08 14:45:00+00:00,0.991447706955685,0.9545167727279359,1.0035173974590024
2026-04-08 14:50:00+00:00,0.991447706955685,0.9562983597396532,1.0035173974590024
2026-04-08 14:55:00+00:00,0.991447706955685,0.957350341118385,1.0035173974590024
2026-04-08 15:00:00+00:00,0.991447706955685,0.9581002959115191,1.0035173974590024
2026-04-08 15:05:00+00:00,0.991447706955685,0.9566427453590648,1.0035173974590024
2026-04-08 15:10:00+00:00,0.991447706955685,0.9575924971585065,1.0035173974590024
2026-04-08 15:15:00+00:00,0.991447706955685,0.9570941597312556,1.0035173974590024
2026-04-08 15:20:00+00:00,0.991447706955685,0.957306917323331,1.0035173974590024
2026-04-08 15:25:00+00:00,0.991447706955685,0.9572757126156592,1.0035173974590024
2026-04-08 15:30:00+00:00,0.991447706955685,0.9571756019361446,1.0035173974590024
2026-04-08 15:35:00+00:00,0.991447706955685,0.9556756218205897,1.0035173974590024
2026-04-08 15:40:00+00:00,0.991447706955685,0.9544399506181505,1.0035173974590024
2026-04-08 15:45:00+00:00,0.991447706955685,0.9537718426527177,1.0035173974590024
2026-04-08 15:50:00+00:00,0.991447706955685,0.9537718426527177,1.0035173974590024
2026-04-08 15:55:00+00:00,0.991447706955685,0.9537718426527177,1.0035173974590024
2026-04-08 16:00:00+00:00,0.991447706955685,0.9537718426527177,1.0035173974590024
2026-04-08 16:05:00+00:00,0.991447706955685,0.9537718426527177,1.0035173974590024
2026-04-08 16:10:00+00:00,0.991447706955685,0.9537718426527177,1.0035173974590024
2026-04-08 16:15:00+00:00,0.991447706955685,0.9537718426527177,1.0035173974590024
2026-04-08 16:20:00+00:00,0.991447706955685,0.9537718426527177,1.0035173974590024
2026-04-08 16:25:00+00:00,0.991447706955685,0.9537718426527177,1.0035173974590024
2026-04-08 16:30:00+00:00,0.991447706955685,0.9537718426527177,1.0035173974590024
2026-04-08 16:35:00+00:00,0.991447706955685,0.9537718426527177,1.0035173974590024
2026-04-08 16:40:00+00:00,0.991447706955685,0.9537718426527177,1.0035173974590024
2026-04-08 16:45:00+00:00,0.991447706955685,0.9537718426527177,1.0035173974590024
2026-04-08 16:50:00+00:00,0.991447706955685,0.9537718426527177,1.0035173974590024
2026-04-08 16:55:00+00:00,0.991447706955685,0.9537718426527177,1.0035173974590024
2026-04-08 17:00:00+00:00,0.991447706955685,0.9537718426527177,1.0035173974590024
2026-04-08 17:05:00+00:00,0.991447706955685,0.9537718426527177,1.0035173974590024
2026-04-08 17:10:00+00:00,0.991447706955685,0.9537718426527177,1.0035173974590024
2026-04-08 17:15:00+00:00,0.991447706955685,0.9537718426527177,1.0035173974590024
2026-04-08 17:20:00+00:00,0.991447706955685,0.9537718426527177,1.0035173974590024
2026-04-08 17:25:00+00:00,0.991447706955685,0.9537718426527177,1.0035173974590024
2026-04-08 17:30:00+00:00,0.991447706955685,0.9537718426527177,1.0035173974590024
2026-04-08 17:35:00+00:00,0.991447706955685,0.9537718426527177,1.0035173974590024
2026-04-08 17:40:00+00:00,0.991447706955685,0.9537718426527177,1.0035173974590024
2026-04-08 17:45:00+00:00,0.991447706955685,0.9537718426527177,1.0035173974590024
2026-04-08 17:50:00+00:00,0.991447706955685,0.9536925597756524,1.0035173974590024
2026-04-08 17:55:00+00:00,0.991447706955685,0.9543957995694999,1.0035173974590024
2026-04-08 18:00:00+00:00,0.991447706955685,0.9548394983090712,1.0035173974590024
2026-04-08 18:05:00+00:00,0.991447706955685,0.9550485494684746,1.0035173974590024
2026-04-08 18:10:00+00:00,0.991447706955685,0.9565061412952797,1.0035173974590024
2026-04-08 18:15:00+00:00,0.991447706955685,0.9550173984472281,1.0035173974590024
2026-04-08 18:20:00+00:00,0.991447706955685,0.9548497813833549,1.0035173974590024
2026-04-08 18:25:00+00:00,0.991447706955685,0.953548709878756,1.0035173974590024
2026-04-08 18:30:00+00:00,0.991447706955685,0.9540120801386237,1.0035173974590024
2026-04-08 18:35:00+00:00,0.991447706955685,0.9557405195170442,1.0035173974590024
2026-04-08 18:40:00+00:00,0.991447706955685,0.9563067401429113,1.0035173974590024
2026-04-08 18:45:00+00:00,0.991447706955685,0.9566544931712707,1.0035173974590024
2026-04-08 18:50:00+00:00,0.991447706955685,0.9568852573078894,1.0035173974590024
2026-04-08 18:55:00+00:00,0.991447706955685,0.9548148401544316,1.0035173974590024
2026-04-08 19:00:00+00:00,0.991447706955685,0.9552818210372663,1.0035173974590024
2026-04-08 19:05:00+00:00,0.991447706955685,0.9550147369444054,1.0035173974590024
2026-04-08 19:10:00+00:00,0.991447706955685,0.9534954277434642,1.0035173974590024
2026-04-08 19:15:00+00:00,0.991447706955685,0.9528279809440438,1.0035173974590024
2026-04-08 19:20:00+00:00,0.991447706955685,0.9528279809440438,1.0035173974590024
2026-04-08 19:25:00+00:00,0.991447706955685,0.9528279809440438,1.0035173974590024
2026-04-08 19:30:00+00:00,0.991447706955685,0.9528279809440438,1.0035173974590024
2026-04-08 19:35:00+00:00,0.991447706955685,0.9528279809440438,1.0035173974590024
2026-04-08 19:40:00+00:00,0.991447706955685,0.9528279809440438,1.0035173974590024
2026-04-08 19:45:00+00:00,0.991447706955685,0.9528279809440438,1.0035173974590024
2026-04-08 19:50:00+00:00,0.991447706955685,0.9528279809440438,1.0035173974590024
2026-04-08 19:55:00+00:00,0.991447706955685,0.9528279809440438,1.0035173974590024
2026-04-09 13:30:00+00:00,0.991447706955685,0.9528279809440438,1.0035173974590024
2026-04-09 13:35:00+00:00,0.9902230475300541,0.9528279809440438,1.0035173974590024
2026-04-09 13:40:00+00:00,0.9905719227085648,0.9528279809440438,1.0035173974590024
2026-04-09 13:45:00+00:00,0.9912457361120393,0.9528279809440438,1.0035173974590024
2026-04-09 13:50:00+00:00,0.9933630167084156,0.9528279809440438,1.0035173974590024
2026-04-09 13:55:00+00:00,0.9928496077946012,0.9516685425376762,1.0033335923762814
2026-04-09 14:00:00+00:00,0.9919148718095897,0.9507725772016075,1.00427819869571
2026-04-09 14:05:00+00:00,0.9935692097901814,0.9523582971359201,1.0026032408798728
2026-04-09 14:10:00+00:00,0.9931182657405353,0.9519260571842462,1.0030582851396743
2026-04-09 14:15:00+00:00,0.9917214681713796,0.9505871954911733,1.0044690631131918
2026-04-09 14:20:00+00:00,0.9917133020535439,0.9505793680846881,1.0044773341983653
2026-04-09 14:25:00+00:00,0.9919807903713094,0.9508357616165133,1.0042064031220128
2026-04-09 14:30:00+00:00,0.9937591276838051,0.9525403376822504,1.0024061487890124
2026-04-09 14:35:00+00:00,0.9933885181602108,0.9521851001695388,1.002779983106506
2026-04-09 14:40:00+00:00,0.9918094983934147,0.95067157442676,1.0043739308783257
2026-04-09 14:45:00+00:00,0.9922580444703724,0.9511015158680095,1.0039197025338464
2026-04-09 14:50:00+00:00,0.990859212231866,0.9497607038988826,1.005334974753207
2026-04-09 14:55:00+00:00,0.9901656107833037,0.948791719874242,1.0063606578815458
2026-04-09 15:00:00+00:00,0.9901656107833037,0.9481275656703301,1.0081268498848293
2026-04-09 15:05:00+00:00,0.9901656107833037,0.9481275656703301,1.0074211610899098
2026-04-09 15:10:00+00:00,0.9901656107833037,0.9481275656703301,1.0074211610899098
2026-04-09 15:15:00+00:00,0.9901656107833037,0.9481275656703301,1.0074211610899098
2026-04-09 15:20:00+00:00,0.9901656107833037,0.9479907518435225,1.0074211610899098
2026-04-09 15:25:00+00:00,0.9901656107833037,0.9449063925512455,1.0074211610899098
2026-04-09 15:30:00+00:00,0.9901656107833037,0.943328316436462,1.0074211610899098
2026-04-09 15:35:00+00:00,0.9901656107833037,0.9426679866149564,1.0074211610899098
2026-04-09 15:40:00+00:00,0.9901656107833037,0.9426679866149564,1.0074211610899098
2026-04-09 15:45:00+00:00,0.9901656107833037,0.9426679866149564,1.0074211610899098
2026-04-09 15:50:00+00:00,0.9901656107833037,0.9426679866149564,1.0074211610899098
2026-04-09 15:55:00+00:00,0.9901656107833037,0.9426679866149564,1.0074211610899098
2026-04-09 16:00:00+00:00,0.9901656107833037,0.9426679866149564,1.0074211610899098
2026-04-09 16:05:00+00:00,0.9901656107833037,0.9426679866149564,1.0074211610899098
2026-04-09 16:10:00+00:00,0.9901656107833037,0.9426679866149564,1.0074211610899098
2026-04-09 16:15:00+00:00,0.9901656107833037,0.9426679866149564,1.0074211610899098
2026-04-09 16:20:00+00:00,0.9901656107833037,0.9426679866149564,1.0074211610899098
2026-04-09 16:25:00+00:00,0.9901656107833037,0.9426679866149564,1.0074211610899098
2026-04-09 16:30:00+00:00,0.9901656107833037,0.9426679866149564,1.0074211610899098
2026-04-09 16:35:00+00:00,0.9901656107833037,0.9426679866149564,1.0074211610899098
2026-04-09 16:40:00+00:00,0.9901656107833037,0.9414747213525787,1.0074211610899098
2026-04-09 16:45:00+00:00,0.9901656107833037,0.9404145177199835,1.0074211610899098
2026-04-09 16:50:00+00:00,0.9901656107833037,0.9426382983202918,1.0074211610899098
2026-04-09 16:55:00+00:00,0.9901656107833037,0.9414812342095168,1.0074211610899098
2026-04-09 17:00:00+00:00,0.9901656107833037,0.9407744241977188,1.0074211610899098
2026-04-09 17:05:00+00:00,0.9901656107833037,0.9402803480864955,1.0074211610899098
2026-04-09 17:10:00+00:00,0.9901656107833037,0.9396221518428349,1.0074211610899098
2026-04-09 17:15:00+00:00,0.9901656107833037,0.9396221518428349,1.0074211610899098
2026-04-09 17:20:00+00:00,0.9891675400888779,0.9396221518428349,1.0074211610899098
2026-04-09 17:25:00+00:00,0.989179542665533,0.9396221518428349,1.0074211610899098
2026-04-09 17:30:00+00:00,0.9882322824809294,0.9396221518428349,1.0074211610899098
2026-04-09 17:35:00+00:00,0.9875405198831927,0.9396221518428349,1.0074211610899098
2026-04-09 17:40:00+00:00,0.9875405198831927,0.9396221518428349,1.0074211610899098
2026-04-09 17:45:00+00:00,0.9875405198831927,0.9396221518428349,1.0074211610899098
2026-04-09 17:50:00+00:00,0.9875405198831927,0.9396221518428349,1.0074211610899098
2026-04-09 17:55:00+00:00,0.9875405198831927,0.9396221518428349,1.0074211610899098
2026-04-09 18:00:00+00:00,0.9875405198831927,0.9396221518428349,1.0074211610899098
2026-04-09 18:05:00+00:00,0.9875405198831927,0.9396221518428349,1.0074211610899098
2026-04-09 18:10:00+00:00,0.9875405198831927,0.9396221518428349,1.0074211610899098
2026-04-09 18:15:00+00:00,0.9875405198831927,0.9396221518428349,1.0074211610899098
2026-04-09 18:20:00+00:00,0.9875405198831927,0.9396221518428349,1.0074211610899098
2026-04-09 18:25:00+00:00,0.9875405198831927,0.9396221518428349,1.0074211610899098
2026-04-09 18:30:00+00:00,0.9875405198831927,0.9396221518428349,1.0074211610899098
2026-04-09 18:35:00+00:00,0.9875405198831927,0.9396221518428349,1.0074211610899098
2026-04-09 18:40:00+00:00,0.9875405198831927,0.9396221518428349,1.0074211610899098
2026-04-09 18:45:00+00:00,0.9875405198831927,0.9396221518428349,1.0074211610899098
2026-04-09 18:50:00+00:00,0.9875405198831927,0.9396221518428349,1.0074211610899098
2026-04-09 18:55:00+00:00,0.9875405198831927,0.9396221518428349,1.0074211610899098
2026-04-09 19:00:00+00:00,0.9875405198831927,0.9396221518428349,1.0074211610899098
2026-04-09 19:05:00+00:00,0.9875405198831927,0.9396221518428349,1.0074211610899098
2026-04-09 19:10:00+00:00,0.9875405198831927,0.9396221518428349,1.0074211610899098
2026-04-09 19:15:00+00:00,0.9875405198831927,0.9396221518428349,1.0074211610899098
2026-04-09 19:20:00+00:00,0.9875405198831927,0.9396221518428349,1.0074211610899098
2026-04-09 19:25:00+00:00,0.9875405198831927,0.9396221518428349,1.0074211610899098
2026-04-09 19:30:00+00:00,0.9875405198831927,0.9396221518428349,1.0074211610899098
2026-04-09 19:35:00+00:00,0.9875405198831927,0.9396221518428349,1.0074211610899098
2026-04-09 19:40:00+00:00,0.9875405198831927,0.9396221518428349,1.0074211610899098
2026-04-09 19:45:00+00:00,0.9875405198831927,0.9396221518428349,1.0074211610899098
2026-04-09 19:50:00+00:00,0.9875405198831927,0.9402941024147063,1.0074211610899098
2026-04-09 19:55:00+00:00,0.9875405198831927,0.9399181337060962,1.0074211610899098
2026-04-10 13:30:00+00:00,0.9875405198831927,0.9430003984149979,1.0074211610899098
2026-04-10 13:35:00+00:00,0.9875405198831927,0.943061000613537,1.0066512240593073
2026-04-10 13:40:00+00:00,0.9875405198831927,0.94353565564891,1.0061445632260704
2026-04-10 13:45:00+00:00,0.9875405198831927,0.9417316692525163,1.008068254285331
2026-04-10 13:50:00+00:00,0.9875405198831927,0.9435615047731709,1.006109523195402
2026-04-10 13:55:00+00:00,0.9875405198831927,0.944224081704817,1.0054030245120555
2026-04-10 14:00:00+00:00,0.9875405198831927,0.944449178715511,1.005163342830826
2026-04-10 14:05:00+00:00,0.9875405198831927,0.9428857889810225,1.006827235486017
2026-04-10 14:10:00+00:00,0.9875405198831927,0.9420447861439387,1.0077252706153956
2026-04-10 14:15:00+00:00,0.9875405198831927,0.9432644627782616,1.006420556673485
2026-04-10 14:20:00+00:00,0.9875405198831927,0.944072741244263,1.0055581600754997
2026-04-10 14:25:00+00:00,0.9875405198831927,0.9447666182790966,1.0048190923278744
2026-04-10 14:30:00+00:00,0.9875405198831927,0.9453393962500554,1.0042099067049397
2026-04-10 14:35:00+00:00,0.9875405198831927,0.9445738711941188,1.0050231044284788
2026-04-10 14:40:00+00:00,0.9875405198831927,0.9443692728363331,1.0052407963242358
2026-04-10 14:45:00+00:00,0.9875405198831927,0.9459191769302102,1.0035909895480415
2026-04-10 14:50:00+00:00,0.9875405198831927,0.9446122687383836,1.0049775787170445
2026-04-10 14:55:00+00:00,0.9875405198831927,0.9444631788871,1.0051361961336427
2026-04-10 15:00:00+00:00,0.9875405198831927,0.9425491386017465,1.0071731957908805
2026-04-10 15:05:00+00:00,0.9875405198831927,0.9418893542047252,1.006192560224603
2026-04-10 15:10:00+00:00,0.9875405198831927,0.9418893542047252,1.0071726077203822
2026-04-10 15:15:00+00:00,0.9875405198831927,0.9418893542047252,1.007484130075636
2026-04-10 15:20:00+00:00,0.9875405198831927,0.9418893542047252,1.0067788911845832
2026-04-10 15:25:00+00:00,0.9875405198831927,0.9418893542047252,1.0067788911845832
2026-04-10 15:30:00+00:00,0.9875405198831927,0.9418893542047252,1.0067788911845832
2026-04-10 15:35:00+00:00,0.9875405198831927,0.9418893542047252,1.0067788911845832
2026-04-10 15:40:00+00:00,0.9875405198831927,0.9418893542047252,1.0067788911845832
2026-04-10 15:45:00+00:00,0.9875405198831927,0.9418893542047252,1.0067788911845832
2026-04-10 15:50:00+00:00,0.9875405198831927,0.9418893542047252,1.0067788911845832
2026-04-10 15:55:00+00:00,0.9875405198831927,0.9418893542047252,1.0067788911845832
2026-04-10 16:00:00+00:00,0.9875405198831927,0.9418893542047252,1.0067788911845832
2026-04-10 16:05:00+00:00,0.9875405198831927,0.9418893542047252,1.0067788911845832
2026-04-10 16:10:00+00:00,0.9875405198831927,0.9418893542047252,1.0067788911845832
2026-04-10 16:15:00+00:00,0.9875405198831927,0.9418893542047252,1.0067788911845832
2026-04-10 16:20:00+00:00,0.9875405198831927,0.9418893542047252,1.0067788911845832
2026-04-10 16:25:00+00:00,0.9875405198831927,0.9418893542047252,1.0067788911845832
2026-04-10 16:30:00+00:00,0.9875405198831927,0.9418893542047252,1.0067788911845832
2026-04-10 16:35:00+00:00,0.9875405198831927,0.9418893542047252,1.0067788911845832
2026-04-10 16:40:00+00:00,0.9875405198831927,0.9418893542047252,1.0067788911845832
2026-04-10 16:45:00+00:00,0.9875405198831927,0.9418893542047252,1.0067788911845832
2026-04-10 16:50:00+00:00,0.9875405198831927,0.9418893542047252,1.0067788911845832
2026-04-10 16:55:00+00:00,0.9875405198831927,0.9418893542047252,1.0067788911845832
2026-04-10 17:00:00+00:00,0.9875405198831927,0.9418893542047252,1.0067788911845832
2026-04-10 17:05:00+00:00,0.9875405198831927,0.9418893542047252,1.0067788911845832
2026-04-10 17:10:00+00:00,0.9875405198831927,0.9418893542047252,1.0067788911845832
2026-04-10 17:15:00+00:00,0.9875405198831927,0.9418893542047252,1.0067788911845832
2026-04-10 17:20:00+00:00,0.9875405198831927,0.9418893542047252,1.0067788911845832
2026-04-10 17:25:00+00:00,0.9875405198831927,0.9418893542047252,1.0067788911845832
2026-04-10 17:30:00+00:00,0.9875405198831927,0.9418893542047252,1.0067788911845832
2026-04-10 17:35:00+00:00,0.9875405198831927,0.9418893542047252,1.0067788911845832
2026-04-10 17:40:00+00:00,0.9875405198831927,0.9418893542047252,1.0067788911845832
2026-04-10 17:45:00+00:00,0.9875405198831927,0.9384218606684889,1.0067788911845832
2026-04-10 17:50:00+00:00,0.9875405198831927,0.9377649653660209,1.0067788911845832
2026-04-10 17:55:00+00:00,0.9875405198831927,0.9377649653660209,1.0067788911845832
2026-04-10 18:00:00+00:00,0.9875405198831927,0.9377649653660209,1.0067788911845832
2026-04-10 18:05:00+00:00,0.9875405198831927,0.9377649653660209,1.0067788911845832
2026-04-10 18:10:00+00:00,0.9875405198831927,0.9377649653660209,1.0067788911845832
2026-04-10 18:15:00+00:00,0.9875405198831927,0.9377649653660209,1.0067788911845832
2026-04-10 18:20:00+00:00,0.9875405198831927,0.9377649653660209,1.0067788911845832
2026-04-10 18:25:00+00:00,0.9875405198831927,0.9377649653660209,1.0067788911845832
2026-04-10 18:30:00+00:00,0.9875405198831927,0.9377649653660209,1.0067788911845832
2026-04-10 18:35:00+00:00,0.9875405198831927,0.9377649653660209,1.0067788911845832
2026-04-10 18:40:00+00:00,0.9875405198831927,0.9377649653660209,1.0067788911845832
2026-04-10 18:45:00+00:00,0.9875405198831927,0.9377649653660209,1.0067788911845832
2026-04-10 18:50:00+00:00,0.9875405198831927,0.9377649653660209,1.0067788911845832
2026-04-10 18:55:00+00:00,0.9875405198831927,0.9377649653660209,1.0067788911845832
2026-04-10 19:00:00+00:00,0.9875405198831927,0.9377649653660209,1.0067788911845832
2026-04-10 19:05:00+00:00,0.9875405198831927,0.9377649653660209,1.0067788911845832
2026-04-10 19:10:00+00:00,0.9875405198831927,0.9377649653660209,1.0067788911845832
2026-04-10 19:15:00+00:00,0.9875405198831927,0.9377649653660209,1.0067788911845832
2026-04-10 19:20:00+00:00,0.9875405198831927,0.9377649653660209,1.0067788911845832
2026-04-10 19:25:00+00:00,0.9875405198831927,0.9377649653660209,1.0067788911845832
2026-04-10 19:30:00+00:00,0.9875405198831927,0.9377649653660209,1.0067788911845832
2026-04-10 19:35:00+00:00,0.9875405198831927,0.9377649653660209,1.0067788911845832
2026-04-10 19:40:00+00:00,0.9875405198831927,0.9377649653660209,1.0067788911845832
2026-04-10 19:45:00+00:00,0.9875405198831927,0.9377649653660209,1.0067788911845832
2026-04-10 19:50:00+00:00,0.9875405198831927,0.9377649653660209,1.0067788911845832
2026-04-10 19:55:00+00:00,0.9875405198831927,0.9377649653660209,1.0067788911845832
2026-04-13 13:30:00+00:00,0.9875405198831927,0.9377649653660209,1.0067788911845832
2026-04-13 13:35:00+00:00,0.9875405198831927,0.9382033009836447,1.0067788911845832
2026-04-13 13:40:00+00:00,0.9875405198831927,0.939887452097024,1.0067788911845832
2026-04-13 13:45:00+00:00,0.9875405198831927,0.9400775156869117,1.0058705556161285
2026-04-13 13:50:00+00:00,0.9875405198831927,0.9401811338710823,1.005759685524307
2026-04-13 13:55:00+00:00,0.9875405198831927,0.9428391215825347,1.0029163005759292
2026-04-13 14:00:00+00:00,0.9875405198831927,0.941966235645673,1.0038448063141645
2026-04-13 14:05:00+00:00,0.9875405198831927,0.9413184004304449,1.0045351983808273
2026-04-13 14:10:00+00:00,0.9875405198831927,0.9407321169856157,1.005160855285324
2026-04-13 14:15:00+00:00,0.9875405198831927,0.9428662575056701,1.0028805520282067
2026-04-13 14:20:00+00:00,0.9875405198831927,0.9436299895278708,1.0020682077684253
2026-04-13 14:25:00+00:00,0.9875405198831927,0.9438255016874199,1.0018605877038973
2026-04-13 14:30:00+00:00,0.9875405198831927,0.9416769483663536,1.0041412538748242
2026-04-13 14:35:00+00:00,0.9875405198831927,0.9404387220487844,1.0054616155224803
2026-04-13 14:40:00+00:00,0.9875405198831927,0.9413376523979636,1.0045005322111096
2026-04-13 14:45:00+00:00,0.9875405198831927,0.9402912197639193,1.0056171795003612
2026-04-13 14:50:00+00:00,0.9875405198831927,0.9403210598325997,1.0055852663174325
2026-04-13 14:55:00+00:00,0.9875405198831927,0.9387356968314892,1.0072806635001408
2026-04-13 15:00:00+00:00,0.9875405198831927,0.9380785818437071,1.0065755670356906
2026-04-13 15:05:00+00:00,0.9875405198831927,0.9380785818437071,1.0065755670356906
2026-04-13 15:10:00+00:00,0.9875405198831927,0.9380785818437071,1.0065755670356906
2026-04-13 15:15:00+00:00,0.9875405198831927,0.9380785818437071,1.0065755670356906
2026-04-13 15:20:00+00:00,0.9875405198831927,0.9380785818437071,1.0065755670356906
2026-04-13 15:25:00+00:00,0.9875405198831927,0.9368108250418091,1.0065755670356906
2026-04-13 15:30:00+00:00,0.9875405198831927,0.93659300255365,1.0065755670356906
2026-04-13 15:35:00+00:00,0.9875405198831927,0.9365042458443718,1.0065755670356906
2026-04-13 15:40:00+00:00,0.9875405198831927,0.93729518206843,1.0065755670356906
2026-04-13 15:45:00+00:00,0.9875405198831927,0.9364959795056825,1.0065755670356906
2026-04-13 15:50:00+00:00,0.9875405198831927,0.9363199315878857,1.0065755670356906
2026-04-13 15:55:00+00:00,0.9875405198831927,0.9352366307213651,1.0065755670356906
2026-04-13 16:00:00+00:00,0.9875405198831927,0.9345819650798601,1.0065755670356906
2026-04-13 16:05:00+00:00,0.9875405198831927,0.9345819650798601,1.0065755670356906
2026-04-13 16:10:00+00:00,0.9875405198831927,0.9345819650798601,1.0065755670356906
2026-04-13 16:15:00+00:00,0.9875405198831927,0.9345819650798601,1.0065755670356906
2026-04-13 16:20:00+00:00,0.9875405198831927,0.9345819650798601,1.0065755670356906
2026-04-13 16:25:00+00:00,0.9875405198831927,0.9345819650798601,1.0065755670356906
2026-04-13 16:30:00+00:00,0.9875405198831927,0.9345819650798601,1.0065755670356906
2026-04-13 16:35:00+00:00,0.9875405198831927,0.9345819650798601,1.0065755670356906
2026-04-13 16:40:00+00:00,0.9875405198831927,0.9345819650798601,1.0065755670356906
2026-04-13 16:45:00+00:00,0.9875405198831927,0.9345819650798601,1.0065755670356906
2026-04-13 16:50:00+00:00,0.9875405198831927,0.9345819650798601,1.0065755670356906
2026-04-13 16:55:00+00:00,0.9875405198831927,0.9345819650798601,1.0065755670356906
2026-04-13 17:00:00+00:00,0.9875405198831927,0.9345819650798601,1.0065755670356906
2026-04-13 17:05:00+00:00,0.9875405198831927,0.9345819650798601,1.0065755670356906
2026-04-13 17:10:00+00:00,0.9875405198831927,0.9345819650798601,1.0065755670356906
2026-04-13 17:15:00+00:00,0.9875405198831927,0.9345819650798601,1.0065755670356906
2026-04-13 17:20:00+00:00,0.9875405198831927,0.9345819650798601,1.0065755670356906
2026-04-13 17:25:00+00:00,0.9875405198831927,0.9345819650798601,1.0065755670356906
2026-04-13 17:30:00+00:00,0.9875405198831927,0.9345819650798601,1.0065755670356906
2026-04-13 17:35:00+00:00,0.9875405198831927,0.9345819650798601,1.0065755670356906
2026-04-13 17:40:00+00:00,0.9875405198831927,0.9345819650798601,1.0065755670356906
2026-04-13 17:45:00+00:00,0.9875405198831927,0.9340130216349133,1.0065755670356906
2026-04-13 17:50:00+00:00,0.9875405198831927,0.9338079316230672,1.0065755670356906
2026-04-13 17:55:00+00:00,0.9875405198831927,0.9332709978603737,1.0065755670356906
2026-04-13 18:00:00+00:00,0.9875405198831927,0.9336293753862271,1.0065755670356906
2026-04-13 18:05:00+00:00,0.9875405198831927,0.9329910094589031,1.0065755670356906
2026-04-13 18:10:00+00:00,0.9875405198831927,0.9339162600675621,1.0065755670356906
2026-04-13 18:15:00+00:00,0.9875405198831927,0.9337099959179719,1.0065755670356906
2026-04-13 18:20:00+00:00,0.9875405198831927,0.9351051824144613,1.0065755670356906
2026-04-13 18:25:00+00:00,0.9875405198831927,0.9352625243190542,1.0065755670356906
2026-04-13 18:30:00+00:00,0.9875405198831927,0.9349013490406498,1.0065755670356906
2026-04-13 18:35:00+00:00,0.9875405198831927,0.935631713684987,1.0065755670356906
2026-04-13 18:40:00+00:00,0.9875405198831927,0.934464988847267,1.0065755670356906
2026-04-13 18:45:00+00:00,0.9875405198831927,0.9354487683447349,1.0065755670356906
2026-04-13 18:50:00+00:00,0.9875405198831927,0.9351937649751189,1.0065755670356906
2026-04-13 18:55:00+00:00,0.9875405198831927,0.9355831318511009,1.0065755670356906
2026-04-13 19:00:00+00:00,0.9875405198831927,0.9349341403437343,1.0065755670356906
2026-04-13 19:05:00+00:00,0.9875405198831927,0.9356539935555903,1.0065755670356906
2026-04-13 19:10:00+00:00,0.9875405198831927,0.9366502705838307,1.0065755670356906
2026-04-13 19:15:00+00:00,0.9875405198831927,0.9366834089374928,1.0065755670356906
2026-04-13 19:20:00+00:00,0.9875405198831927,0.9350609891508471,1.0065755670356906
2026-04-13 19:25:00+00:00,0.9875405198831927,0.9335775008495834,1.0065755670356906
2026-04-13 19:30:00+00:00,0.9875405198831927,0.9329239965989886,1.0065755670356906
2026-04-13 19:35:00+00:00,0.9875405198831927,0.9329239965989886,1.0065755670356906
2026-04-13 19:40:00+00:00,0.9875405198831927,0.9329239965989886,1.0065755670356906
2026-04-13 19:45:00+00:00,0.9875405198831927,0.9329239965989886,1.0065755670356906
2026-04-13 19:50:00+00:00,0.9875405198831927,0.9329239965989886,1.0065755670356906
2026-04-13 19:55:00+00:00,0.9875405198831927,0.9329239965989886,1.0065755670356906
2026-04-14 13:30:00+00:00,0.9875405198831927,0.9329239965989886,1.0065755670356906
2026-04-14 13:35:00+00:00,0.9875405198831927,0.9329239965989886,1.0065755670356906
2026-04-14 13:40:00+00:00,0.9875405198831927,0.9329239965989886,1.0065755670356906
2026-04-14 13:45:00+00:00,0.9875405198831927,0.9329239965989886,1.0065755670356906
2026-04-14 13:50:00+00:00,0.9875405198831927,0.9329239965989886,1.0065755670356906
2026-04-14 13:55:00+00:00,0.9875405198831927,0.9329239965989886,1.0065755670356906
2026-04-14 14:00:00+00:00,0.9875405198831927,0.9329239965989886,1.0065755670356906
2026-04-14 14:05:00+00:00,0.9875405198831927,0.9329239965989886,1.0065755670356906
2026-04-14 14:10:00+00:00,0.9875405198831927,0.9329239965989886,1.0065755670356906
2026-04-14 14:15:00+00:00,0.9875405198831927,0.9329239965989886,1.0065755670356906
2026-04-14 14:20:00+00:00,0.9875405198831927,0.9317551777496104,1.0065755670356906
2026-04-14 14:25:00+00:00,0.9875405198831927,0.9334782553446974,1.0065755670356906
2026-04-14 14:30:00+00:00,0.9875405198831927,0.9314745345211566,1.0065755670356906
2026-04-14 14:35:00+00:00,0.9875405198831927,0.9324871204383904,1.0065755670356906
2026-04-14 14:40:00+00:00,0.9875405198831927,0.9334243833397996,1.0065755670356906
2026-04-14 14:45:00+00:00,0.9875405198831927,0.9326618588966842,1.0065755670356906
2026-04-14 14:50:00+00:00,0.9875405198831927,0.9311854005416803,1.0065755670356906
2026-04-14 14:55:00+00:00,0.9875405198831927,0.930533570761301,1.0065755670356906
2026-04-14 15:00:00+00:00,0.9875405198831927,0.930533570761301,1.0065755670356906
2026-04-14 15:05:00+00:00,0.9875405198831927,0.930533570761301,1.0065755670356906
2026-04-14 15:10:00+00:00,0.9875405198831927,0.930533570761301,1.0065755670356906
2026-04-14 15:15:00+00:00,0.9875405198831927,0.930533570761301,1.0065755670356906
2026-04-14 15:20:00+00:00,0.9875405198831927,0.930533570761301,1.0065755670356906
2026-04-14 15:25:00+00:00,0.9875405198831927,0.930533570761301,1.0065755670356906
2026-04-14 15:30:00+00:00,0.9875405198831927,0.930533570761301,1.0065755670356906
2026-04-14 15:35:00+00:00,0.9875405198831927,0.930533570761301,1.0065755670356906
2026-04-14 15:40:00+00:00,0.9875405198831927,0.930533570761301,1.0065755670356906
2026-04-14 15:45:00+00:00,0.9875405198831927,0.930533570761301,1.0065755670356906
2026-04-14 15:50:00+00:00,0.9875405198831927,0.930533570761301,1.0065755670356906
2026-04-14 15:55:00+00:00,0.9875405198831927,0.930533570761301,1.0065755670356906
2026-04-14 16:00:00+00:00,0.9875405198831927,0.930533570761301,1.0065755670356906
2026-04-14 16:05:00+00:00,0.9875405198831927,0.930533570761301,1.0065755670356906
2026-04-14 16:10:00+00:00,0.9869599688609959,0.930533570761301,1.0065755670356906
2026-04-14 16:15:00+00:00,0.9886068016216555,0.930533570761301,1.0065755670356906
2026-04-14 16:20:00+00:00,0.9904914201833903,0.9316561086256163,1.0065755670356906
2026-04-14 16:25:00+00:00,0.9910907977686717,0.9322198831089907,1.0065755670356906
2026-04-14 16:30:00+00:00,0.9930979622623767,0.9341078217861682,1.0065755670356906
2026-04-14 16:35:00+00:00,0.9922715625472377,0.9333305103152287,1.0065755670356906
2026-04-14 16:40:00+00:00,0.9930977471275099,0.9341076194303388,1.0065755670356906
2026-04-14 16:45:00+00:00,0.9956049016595392,0.9364658486763843,1.0065755670356906
2026-04-14 16:50:00+00:00,0.997648705306586,0.9383882501367118,1.0065755670356906
2026-04-14 16:55:00+00:00,0.9962762107297387,0.9370972819056709,1.0065755670356906
2026-04-14 17:00:00+00:00,0.9967110066725778,0.9375062509163027,1.0065755670356906
2026-04-14 17:05:00+00:00,0.9960589831291969,0.9368929576511817,1.0065755670356906
2026-04-14 17:10:00+00:00,0.9953148529287994,0.9361930288757413,1.0065755670356906
2026-04-14 17:15:00+00:00,0.9971537000095222,0.9379226482148634,1.0065755670356906
2026-04-14 17:20:00+00:00,0.9971459458521716,0.9379153546554083,1.0065755670356906
2026-04-14 17:25:00+00:00,0.9966406465230064,0.9374400701682252,1.0065755670356906
2026-04-14 17:30:00+00:00,0.9962889697502082,0.9371092830387632,1.0065755670356906
2026-04-14 17:35:00+00:00,0.9974935033060216,0.9382422671539716,1.0065755670356906
2026-04-14 17:40:00+00:00,0.9961911857108572,0.9370173073833147,1.0065755670356906
2026-04-14 17:45:00+00:00,0.9952491080676891,0.9361311892674256,1.0065755670356906
2026-04-14 17:50:00+00:00,0.9944602483085924,0.935389187874546,1.0065755670356906
2026-04-14 17:55:00+00:00,0.9942490201245532,0.9351905066704851,1.0065755670356906
2026-04-14 18:00:00+00:00,0.9960640217460178,0.9368976969735469,1.0065755670356906
2026-04-14 18:05:00+00:00,0.9970868299720475,0.937859750265797,1.0065755670356906
2026-04-14 18:10:00+00:00,0.9965730201860833,0.9373764608439902,1.0065755670356906
2026-04-14 18:15:00+00:00,0.9960474748272599,0.9368821329437879,1.0065755670356906
2026-04-14 18:20:00+00:00,0.9951001847431121,0.9359911120065512,1.0065755670356906
2026-04-14 18:25:00+00:00,0.9937457303425323,0.9347171123631001,1.0065755670356906
2026-04-14 18:30:00+00:00,0.9934335233960558,0.9340628103844458,1.0065755670356906
2026-04-14 18:35:00+00:00,0.9929251287852688,0.9340628103844458,1.0065755670356906
2026-04-14 18:40:00+00:00,0.9938551238018712,0.9325341031131189,1.0065755670356906
2026-04-14 18:45:00+00:00,0.9919187418754437,0.9343510099638256,1.0065755670356906
2026-04-14 18:50:00+00:00,0.9914566826057211,0.9347862528190137,1.0065755670356906
2026-04-14 18:55:00+00:00,0.9903024568567625,0.935874504460972,1.0065755670356906
2026-04-14 19:00:00+00:00,0.9896092451369628,0.9351248259373339,1.0065755670356906
2026-04-14 19:05:00+00:00,0.9896092451369628,0.9342219481853697,1.0065755670356906
2026-04-14 19:10:00+00:00,0.9896092451369628,0.9340824806223744,1.0065755670356906
2026-04-14 19:15:00+00:00,0.9896092451369628,0.935053726317787,1.0065755670356906
2026-04-14 19:20:00+00:00,0.9896092451369628,0.9340420006447893,1.0065755670356906
2026-04-14 19:25:00+00:00,0.9896092451369628,0.9370095770940026,1.0065755670356906
2026-04-14 19:30:00+00:00,0.9896092451369628,0.9384445785991483,1.0065755670356906
2026-04-14 19:35:00+00:00,0.9896092451369628,0.938142235573362,1.0065755670356906
2026-04-14 19:40:00+00:00,0.9896092451369628,0.9388897329847219,1.0065755670356906
2026-04-14 19:45:00+00:00,0.9896092451369628,0.9409066480810854,1.0065755670356906
2026-04-14 19:50:00+00:00,0.9896092451369628,0.9401819619868237,1.0065755670356906
2026-04-14 19:55:00+00:00,0.9896092451369628,0.940777860366587,1.0065755670356906
2026-04-15 13:30:00+00:00,0.9896092451369628,0.9343135697164876,1.0065755670356906
2026-04-15 13:35:00+00:00,0.9896872545267257,0.933659550217686,1.0065755670356906
2026-04-15 13:40:00+00:00,0.9871145722795377,0.933659550217686,1.0065755670356906
2026-04-15 13:45:00+00:00,0.986423592078942,0.933659550217686,1.0065755670356906
2026-04-15 13:50:00+00:00,0.986423592078942,0.933659550217686,1.0065755670356906
2026-04-15 13:55:00+00:00,0.986423592078942,0.933659550217686,1.0065755670356906
2026-04-15 14:00:00+00:00,0.986423592078942,0.933659550217686,1.0065755670356906
2026-04-15 14:05:00+00:00,0.986423592078942,0.933659550217686,1.0065755670356906
2026-04-15 14:10:00+00:00,0.986423592078942,0.933659550217686,1.0065755670356906
2026-04-15 14:15:00+00:00,0.986423592078942,0.933659550217686,1.0065755670356906
2026-04-15 14:20:00+00:00,0.986423592078942,0.933659550217686,1.0065755670356906
2026-04-15 14:25:00+00:00,0.986423592078942,0.933659550217686,1.0065755670356906
2026-04-15 14:30:00+00:00,0.986423592078942,0.933659550217686,1.0065755670356906
2026-04-15 14:35:00+00:00,0.986423592078942,0.9304301953471523,1.0065755670356906
2026-04-15 14:40:00+00:00,0.986423592078942,0.9312376201657308,1.0065755670356906
2026-04-15 14:45:00+00:00,0.986423592078942,0.930381069210691,1.0065755670356906
2026-04-15 14:50:00+00:00,0.986423592078942,0.9306404878649226,1.0065755670356906
2026-04-15 14:55:00+00:00,0.986423592078942,0.9322834379825697,1.0065755670356906
2026-04-15 15:00:00+00:00,0.986423592078942,0.9296918791444067,1.0065755670356906
2026-04-15 15:05:00+00:00,0.986423592078942,0.9300622231307757,1.0065755670356906
2026-04-15 15:10:00+00:00,0.986423592078942,0.9295440531061345,1.0065755670356906
2026-04-15 15:15:00+00:00,0.986423592078942,0.9288933722689602,1.0065755670356906
2026-04-15 15:20:00+00:00,0.986423592078942,0.9288933722689602,1.0065755670356906
2026-04-15 15:25:00+00:00,0.986423592078942,0.9288933722689602,1.0065755670356906
2026-04-15 15:30:00+00:00,0.986423592078942,0.9288933722689602,1.0065755670356906
2026-04-15 15:35:00+00:00,0.986423592078942,0.9288933722689602,1.0065755670356906
2026-04-15 15:40:00+00:00,0.986423592078942,0.9288933722689602,1.0065755670356906
2026-04-15 15:45:00+00:00,0.986423592078942,0.9288933722689602,1.0065755670356906
2026-04-15 15:50:00+00:00,0.986423592078942,0.9288933722689602,1.0065755670356906
2026-04-15 15:55:00+00:00,0.986423592078942,0.9288933722689602,1.0065755670356906
2026-04-15 16:00:00+00:00,0.986423592078942,0.9288933722689602,1.0065755670356906
2026-04-15 16:05:00+00:00,0.986423592078942,0.9288933722689602,1.0065755670356906
2026-04-15 16:10:00+00:00,0.986423592078942,0.9288933722689602,1.0065755670356906
2026-04-15 16:15:00+00:00,0.986423592078942,0.9288933722689602,1.0065755670356906
2026-04-15 16:20:00+00:00,0.986423592078942,0.9288933722689602,1.0065755670356906
2026-04-15 16:25:00+00:00,0.986423592078942,0.9288933722689602,1.0065755670356906
2026-04-15 16:30:00+00:00,0.986423592078942,0.9288933722689602,1.0065755670356906
2026-04-15 16:35:00+00:00,0.986423592078942,0.9288933722689602,1.0065755670356906
2026-04-15 16:40:00+00:00,0.986423592078942,0.92713883425805,1.0065755670356906
2026-04-15 16:45:00+00:00,0.986423592078942,0.9260115202279555,1.0065755670356906
2026-04-15 16:50:00+00:00,0.986423592078942,0.9235048944788938,1.0065755670356906
2026-04-15 16:55:00+00:00,0.9857484091608858,0.9228584410527586,1.0065755670356906
2026-04-15 17:00:00+00:00,0.9856940325896003,0.9228584410527586,1.0065755670356906
2026-04-15 17:05:00+00:00,0.985925718246067,0.9228584410527586,1.0065755670356906
2026-04-15 17:10:00+00:00,0.9855195380717838,0.9228584410527586,1.0065755670356906
2026-04-15 17:15:00+00:00,0.9861976886986907,0.9228584410527586,1.0065755670356906
2026-04-15 17:20:00+00:00,0.9848044683936036,0.9228584410527586,1.0065755670356906
2026-04-15 17:25:00+00:00,0.984115105265728,0.9228584410527586,1.0065755670356906
2026-04-15 17:30:00+00:00,0.984115105265728,0.9228584410527586,1.0065755670356906
2026-04-15 17:35:00+00:00,0.9828387758631937,0.9228584410527586,1.0065755670356906
2026-04-15 17:40:00+00:00,0.9822602073803295,0.9228584410527586,1.0065755670356906
2026-04-15 17:45:00+00:00,0.9815726252351632,0.9228584410527586,1.0065755670356906
2026-04-15 17:50:00+00:00,0.9815726252351632,0.9228584410527586,1.0065755670356906
2026-04-15 17:55:00+00:00,0.9815726252351632,0.9228584410527586,1.0065755670356906
2026-04-15 18:00:00+00:00,0.9815726252351632,0.9228584410527586,1.0065755670356906
2026-04-15 18:05:00+00:00,0.9815726252351632,0.9228584410527586,1.0065755670356906
2026-04-15 18:10:00+00:00,0.9815726252351632,0.9228584410527586,1.0065755670356906
2026-04-15 18:15:00+00:00,0.9815726252351632,0.9228584410527586,1.0065755670356906
2026-04-15 18:20:00+00:00,0.9815726252351632,0.9228584410527586,1.0065755670356906
2026-04-15 18:25:00+00:00,0.9815726252351632,0.9228584410527586,1.0065755670356906
2026-04-15 18:30:00+00:00,0.9815726252351632,0.9228584410527586,1.0065755670356906
2026-04-15 18:35:00+00:00,0.9815726252351632,0.9228584410527586,1.0065755670356906
2026-04-15 18:40:00+00:00,0.9815726252351632,0.9228584410527586,1.0065755670356906
2026-04-15 18:45:00+00:00,0.9815726252351632,0.9224468157704071,1.0065755670356906
2026-04-15 18:50:00+00:00,0.9815726252351632,0.9233425654492458,1.0065755670356906
2026-04-15 18:55:00+00:00,0.9815726252351632,0.92386016197166,1.0065755670356906
2026-04-15 19:00:00+00:00,0.9815726252351632,0.9246008563010862,1.0065755670356906
2026-04-15 19:05:00+00:00,0.9815726252351632,0.9264874073522332,1.0065755670356906
2026-04-15 19:10:00+00:00,0.9815726252351632,0.9258009670272785,1.0065755670356906
2026-04-15 19:15:00+00:00,0.9815726252351632,0.9251194467898529,1.0065755670356906
2026-04-15 19:20:00+00:00,0.9815726252351632,0.9253550524427757,1.0065755670356906
2026-04-15 19:25:00+00:00,0.9815726252351632,0.9245286393653704,1.0065755670356906
2026-04-15 19:30:00+00:00,0.9815726252351632,0.9246161895328066,1.0065755670356906
2026-04-15 19:35:00+00:00,0.9815726252351632,0.9238805220526549,1.0065755670356906
2026-04-15 19:40:00+00:00,0.9815726252351632,0.9226779172619611,1.0065755670356906
2026-04-15 19:45:00+00:00,0.9815726252351632,0.9220320427198777,1.0065755670356906
2026-04-15 19:50:00+00:00,0.9815726252351632,0.9220320427198777,1.0065755670356906
2026-04-15 19:55:00+00:00,0.9815726252351632,0.9220320427198777,1.0065755670356906
2026-04-16 13:30:00+00:00,0.9815726252351632,0.9220320427198777,1.0065755670356906
2026-04-16 13:35:00+00:00,0.9815726252351632,0.9220320427198777,1.0065755670356906
2026-04-16 13:40:00+00:00,0.9815726252351632,0.9220320427198777,1.0065755670356906
2026-04-16 13:45:00+00:00,0.9815726252351632,0.9220320427198777,1.0065755670356906
2026-04-16 13:50:00+00:00,0.9815726252351632,0.9220320427198777,1.0065755670356906
2026-04-16 13:55:00+00:00,0.9815726252351632,0.9220320427198777,1.0065755670356906
2026-04-16 14:00:00+00:00,0.9815726252351632,0.9245479627502781,1.0065755670356906
2026-04-16 14:05:00+00:00,0.9815726252351632,0.9271926326001908,1.0065755670356906
2026-04-16 14:10:00+00:00,0.9815726252351632,0.9269897157357795,1.0065755670356906
2026-04-16 14:15:00+00:00,0.9815726252351632,0.927913998603014,1.0065755670356906
2026-04-16 14:20:00+00:00,0.9815726252351632,0.9274180367665611,1.0065755670356906
2026-04-16 14:25:00+00:00,0.9815726252351632,0.9270075312409336,1.0065755670356906
2026-04-16 14:30:00+00:00,0.9815726252351632,0.9281454249309334,1.0065755670356906
2026-04-16 14:35:00+00:00,0.9815726252351632,0.9266909639377386,1.0065755670356906
2026-04-16 14:40:00+00:00,0.9815726252351632,0.9270947701249488,1.0065755670356906
2026-04-16 14:45:00+00:00,0.9815726252351632,0.9279667628849692,1.0065755670356906
2026-04-16 14:50:00+00:00,0.9815726252351632,0.9286393773245357,1.0065755670356906
2026-04-16 14:55:00+00:00,0.9815726252351632,0.927344046610885,1.0065755670356906
2026-04-16 15:00:00+00:00,0.9815726252351632,0.9246002688761071,1.0065755670356906
2026-04-16 15:05:00+00:00,0.9815726252351632,0.9239530486878939,1.0065755670356906
2026-04-16 15:10:00+00:00,0.9815726252351632,0.9239530486878939,1.0065755670356906
2026-04-16 15:15:00+00:00,0.9815726252351632,0.9239530486878939,1.0065755670356906
2026-04-16 15:20:00+00:00,0.9815726252351632,0.9239530486878939,1.0065755670356906
2026-04-16 15:25:00+00:00,0.9815726252351632,0.9239530486878939,1.0065755670356906
2026-04-16 15:30:00+00:00,0.9815726252351632,0.9239530486878939,1.0065755670356906
2026-04-16 15:35:00+00:00,0.9815726252351632,0.9239530486878939,1.0065755670356906
2026-04-16 15:40:00+00:00,0.9815726252351632,0.9239530486878939,1.0065755670356906
2026-04-16 15:45:00+00:00,0.9815726252351632,0.9239530486878939,1.0065755670356906
2026-04-16 15:50:00+00:00,0.9815726252351632,0.9239530486878939,1.0065755670356906
2026-04-16 15:55:00+00:00,0.9815726252351632,0.9239530486878939,1.0065755670356906
2026-04-16 16:00:00+00:00,0.9815726252351632,0.9239530486878939,1.0065755670356906
2026-04-16 16:05:00+00:00,0.9815726252351632,0.9239530486878939,1.0065755670356906
2026-04-16 16:10:00+00:00,0.9815726252351632,0.9239530486878939,1.0065755670356906
2026-04-16 16:15:00+00:00,0.9815726252351632,0.9239530486878939,1.0065755670356906
2026-04-16 16:20:00+00:00,0.9794476720195628,0.9239530486878939,1.0065755670356906
2026-04-16 16:25:00+00:00,0.9787620586491491,0.9239530486878939,1.0065755670356906
2026-04-16 16:30:00+00:00,0.9787620586491491,0.9239530486878939,1.0065755670356906
2026-04-16 16:35:00+00:00,0.9787620586491491,0.9239530486878939,1.0065755670356906
2026-04-16 16:40:00+00:00,0.9787620586491491,0.9228929581124943,1.0065755670356906
2026-04-16 16:45:00+00:00,0.9787620586491491,0.9220529910934493,1.0065755670356906
2026-04-16 16:50:00+00:00,0.9787620586491491,0.9213596398603066,1.0065755670356906
2026-04-16 16:55:00+00:00,0.9787620586491491,0.9201622457519935,1.0065755670356906
2026-04-16 17:00:00+00:00,0.9787620586491491,0.919518132179967,1.0065755670356906
2026-04-16 17:05:00+00:00,0.9787620586491491,0.919518132179967,1.0065755670356906
2026-04-16 17:10:00+00:00,0.9787620586491491,0.9186699470326815,1.0065755670356906
2026-04-16 17:15:00+00:00,0.9787620586491491,0.9196478471894878,1.0065755670356906
2026-04-16 17:20:00+00:00,0.9787620586491491,0.919942840514895,1.0065755670356906
2026-04-16 17:25:00+00:00,0.9787620586491491,0.9206655547212154,1.0065755670356906
2026-04-16 17:30:00+00:00,0.9787620586491491,0.9204374972928447,1.0065755670356906
2026-04-16 17:35:00+00:00,0.9787620586491491,0.9214311485749822,1.0065755670356906
2026-04-16 17:40:00+00:00,0.9787620586491491,0.9209585971708703,1.0065755670356906
2026-04-16 17:45:00+00:00,0.9787620586491491,0.9203114489102804,1.0065755670356906
2026-04-16 17:50:00+00:00,0.9787620586491491,0.9212637205004897,1.0065755670356906
2026-04-16 17:55:00+00:00,0.9787620586491491,0.9222841486432168,1.0065755670356906
2026-04-16 18:00:00+00:00,0.9787620586491491,0.9224439656053879,1.0065755670356906
2026-04-16 18:05:00+00:00,0.9787620586491491,0.9217524715896713,1.0065755670356906
2026-04-16 18:10:00+00:00,0.9787620586491491,0.9218642486840001,1.0065755670356906
2026-04-16 18:15:00+00:00,0.9787620586491491,0.9231849207929614,1.0065755670356906
2026-04-16 18:20:00+00:00,0.9787620586491491,0.9217717046091701,1.0065755670356906
2026-04-16 18:25:00+00:00,0.9787620586491491,0.9217418304598822,1.0065755670356906
2026-04-16 18:30:00+00:00,0.9787620586491491,0.9224209485263395,1.0065755670356906
2026-04-16 18:35:00+00:00,0.9787620586491491,0.9227856993451877,1.0065755670356906
2026-04-16 18:40:00+00:00,0.9787620586491491,0.9232596083372212,1.0065755670356906
2026-04-16 18:45:00+00:00,0.9787620586491491,0.9233063109938585,1.0065755670356906
2026-04-16 18:50:00+00:00,0.9787620586491491,0.922141068409019,1.0065755670356906
2026-04-16 18:55:00+00:00,0.9787620586491491,0.922781330446869,1.0065755670356906
2026-04-16 19:00:00+00:00,0.9787620586491491,0.9213790937464131,1.0065755670356906
2026-04-16 19:05:00+00:00,0.9787620586491491,0.9226767776521959,1.0065755670356906
2026-04-16 19:10:00+00:00,0.9787620586491491,0.9218096087294309,1.0065755670356906
2026-04-16 19:15:00+00:00,0.9787620586491491,0.9220938869686385,1.0065755670356906
2026-04-16 19:20:00+00:00,0.9787620586491491,0.922054342855726,1.0065755670356906
2026-04-16 19:25:00+00:00,0.9787620586491491,0.9212267297473806,1.0065755670356906
2026-04-16 19:30:00+00:00,0.9787620586491491,0.9205818710365574,1.0065755670356906
2026-04-16 19:35:00+00:00,0.9787620586491491,0.9205818710365574,1.0065755670356906
2026-04-16 19:40:00+00:00,0.9787620586491491,0.9205818710365574,1.0065755670356906
2026-04-16 19:45:00+00:00,0.9787620586491491,0.921049182854647,1.0065755670356906
2026-04-16 19:50:00+00:00,0.9787620586491491,0.9211795627345104,1.0065755670356906
2026-04-16 19:55:00+00:00,0.9787620586491491,0.9198140366941726,1.0065755670356906
2026-04-17 13:30:00+00:00,0.9787620586491491,0.9196533207426445,1.0065755670356906
2026-04-17 13:35:00+00:00,0.9787620586491491,0.9213687186726179,1.0065755670356906
2026-04-17 13:40:00+00:00,0.9787620586491491,0.9204853565943399,1.0065755670356906
2026-04-17 13:45:00+00:00,0.9787620586491491,0.921545778753885,1.0065755670356906
2026-04-17 13:50:00+00:00,0.9787620586491491,0.9217995021785316,1.0065755670356906
2026-04-17 13:55:00+00:00,0.9787620586491491,0.9219139822510899,1.0065755670356906
2026-04-17 14:00:00+00:00,0.9787620586491491,0.9214337908683179,1.0065755670356906
2026-04-17 14:05:00+00:00,0.9787620586491491,0.9219621247623705,1.0065755670356906
2026-04-17 14:10:00+00:00,0.9787620586491491,0.922337969758475,1.0065755670356906
2026-04-17 14:15:00+00:00,0.9787620586491491,0.9223603390773455,1.0065755670356906
2026-04-17 14:20:00+00:00,0.9787620586491491,0.9215450012002611,1.0065755670356906
2026-04-17 14:25:00+00:00,0.9787620586491491,0.9227550230710382,1.0065755670356906
2026-04-17 14:30:00+00:00,0.9787620586491491,0.9231821058859865,1.0065755670356906
2026-04-17 14:35:00+00:00,0.9787620586491491,0.9238868403085717,1.0065755670356906
2026-04-17 14:40:00+00:00,0.9787620586491491,0.9249839538378088,1.0065755670356906
2026-04-17 14:45:00+00:00,0.9787620586491491,0.9239323574026748,1.0070153205068908
2026-04-17 14:50:00+00:00,0.9787620586491491,0.926087478744382,1.0046664037368889
2026-04-17 14:55:00+00:00,0.9787620586491491,0.9256056149806524,1.0051891538503597
2026-04-17 15:00:00+00:00,0.9787620586491491,0.9267219386534661,1.003976848706638
2026-04-17 15:05:00+00:00,0.9787620586491491,0.9251848767298436,1.0056420457004502
2026-04-17 15:10:00+00:00,0.9787620586491491,0.9262289460813514,1.0045071805887174
2026-04-17 15:15:00+00:00,0.9787620586491491,0.9243313860742091,1.006565108772496
2026-04-17 15:20:00+00:00,0.9787620586491491,0.9241671116024575,1.0067439980258723
2026-04-17 15:25:00+00:00,0.9787620586491491,0.9243335426665463,1.006562695886083
2026-04-17 15:30:00+00:00,0.9787620586491491,0.9236030457993312,1.0073581781033345
2026-04-17 15:35:00+00:00,0.9787620586491491,0.9229565236672717,1.0078060930355919
2026-04-17 15:40:00+00:00,0.9787620586491491,0.9229565236672717,1.007100628770467
2026-04-17 15:45:00+00:00,0.9787620586491491,0.9229565236672717,1.007100628770467
2026-04-17 15:50:00+00:00,0.9787620586491491,0.9229565236672717,1.007100628770467
2026-04-17 15:55:00+00:00,0.9787620586491491,0.9229565236672717,1.007100628770467
2026-04-17 16:00:00+00:00,0.9787620586491491,0.9229565236672717,1.007100628770467
2026-04-17 16:05:00+00:00,0.9787620586491491,0.9229565236672717,1.007100628770467
2026-04-17 16:10:00+00:00,0.9787620586491491,0.9229565236672717,1.007100628770467
2026-04-17 16:15:00+00:00,0.9787620586491491,0.9229565236672717,1.007100628770467
2026-04-17 16:20:00+00:00,0.9787620586491491,0.9229565236672717,1.007100628770467
2026-04-17 16:25:00+00:00,0.9787620586491491,0.9229565236672717,1.007100628770467
2026-04-17 16:30:00+00:00,0.9787620586491491,0.9229565236672717,1.007100628770467
2026-04-17 16:35:00+00:00,0.9787620586491491,0.9229565236672717,1.007100628770467
2026-04-17 16:40:00+00:00,0.9787620586491491,0.9229565236672717,1.007100628770467
2026-04-17 16:45:00+00:00,0.9787620586491491,0.9229565236672717,1.007100628770467
2026-04-17 16:50:00+00:00,0.9788712672056598,0.9229565236672717,1.007100628770467
2026-04-17 16:55:00+00:00,0.979411463649601,0.9229565236672717,1.007100628770467
2026-04-17 17:00:00+00:00,0.9806623762864528,0.9229565236672717,1.007100628770467
2026-04-17 17:05:00+00:00,0.9823963968754057,0.9239424384140092,1.007100628770467
2026-04-17 17:10:00+00:00,0.9834341045815171,0.9249184010614651,1.007100628770467
2026-04-17 17:15:00+00:00,0.9819128152758231,0.9234876305953815,1.007100628770467
2026-04-17 17:20:00+00:00,0.9822314844501097,0.9237873385084747,1.007100628770467
2026-04-17 17:25:00+00:00,0.9827981009106579,0.9243202404978036,1.007100628770467
2026-04-17 17:30:00+00:00,0.9809579806783107,0.9225896099907525,1.007100628770467
2026-04-17 17:35:00+00:00,0.9820732991737126,0.9236385654770789,1.007100628770467
2026-04-17 17:40:00+00:00,0.9822650677791228,0.9238189235824806,1.007100628770467
2026-04-17 17:45:00+00:00,0.9805146976725309,0.9221727029432811,1.007100628770467
2026-04-17 17:50:00+00:00,0.9791310596992514,0.9208713933629731,1.007100628770467
2026-04-17 17:55:00+00:00,0.9790672230661189,0.920226783387619,1.007100628770467
2026-04-17 18:00:00+00:00,0.9794327635146686,0.920226783387619,1.007100628770467
2026-04-17 18:05:00+00:00,0.9788147049743201,0.920226783387619,1.007100628770467
2026-04-17 18:10:00+00:00,0.9804874426290914,0.920226783387619,1.007100628770467
2026-04-17 18:15:00+00:00,0.9818820095586417,0.920226783387619,1.007100628770467
2026-04-17 18:20:00+00:00,0.9832125530948198,0.920226783387619,1.007100628770467
2026-04-17 18:25:00+00:00,0.9837848625372327,0.920226783387619,1.007100628770467
2026-04-17 18:30:00+00:00,0.9838741960770798,0.920226783387619,1.007100628770467
2026-04-17 18:35:00+00:00,0.9835923772513199,0.920226783387619,1.007100628770467
2026-04-17 18:40:00+00:00,0.9831569024144143,0.920226783387619,1.007100628770467
2026-04-17 18:45:00+00:00,0.9854613839620303,0.920226783387619,1.007100628770467
2026-04-17 18:50:00+00:00,0.9875879479051011,0.9215684164001914,1.007100628770467
2026-04-17 18:55:00+00:00,0.9866168380807508,0.9206622245568467,1.007100628770467
2026-04-17 19:00:00+00:00,0.9863704839019106,0.920432338974556,1.007100628770467
2026-04-17 19:05:00+00:00,0.9851354115025012,0.9192798302611014,1.007100628770467
2026-04-17 19:10:00+00:00,0.9841540052160311,0.9183640302665936,1.007100628770467
2026-04-17 19:15:00+00:00,0.9860105368704977,0.9200964541387489,1.007100628770467
2026-04-17 19:20:00+00:00,0.987091871913181,0.9211055027252546,1.007100628770467
2026-04-17 19:25:00+00:00,0.9892656523009326,0.923133967485068,1.007100628770467
2026-04-17 19:30:00+00:00,0.9882294759496388,0.922167058764484,1.007100628770467
2026-04-17 19:35:00+00:00,0.9880507178751159,0.9220002505364104,1.007100628770467
2026-04-17 19:40:00+00:00,0.9876618835961153,0.9216374095443745,1.007100628770467
2026-04-17 19:45:00+00:00,0.9883755597234674,0.9223033769449503,1.007100628770467
2026-04-17 19:50:00+00:00,0.9874441158938202,0.9214341994535943,1.007100628770467
2026-04-17 19:55:00+00:00,0.9858718393791751,0.9199670284732089,1.007100628770467
2026-04-20 13:30:00+00:00,0.9919248435941459,0.9256153937865839,1.007100628770467
2026-04-20 13:35:00+00:00,0.9907902726339366,0.9245566680646756,1.007100628770467
2026-04-20 13:40:00+00:00,0.9904513347665775,0.924240387945682,1.007100628770467
2026-04-20 13:45:00+00:00,0.9916828396790127,0.9253895676560555,1.007100628770467
2026-04-20 13:50:00+00:00,0.992185172495593,0.9258583198915032,1.007100628770467
2026-04-20 13:55:00+00:00,0.9944350798279906,0.9279578225654302,1.007100628770467
2026-04-20 14:00:00+00:00,0.9934705973345198,0.9270578150207461,1.0073724248838372
2026-04-20 14:05:00+00:00,0.9946069356003985,0.9281181899052332,1.0062201856152995
2026-04-20 14:10:00+00:00,0.9930975644278361,0.9267097190908526,1.007747180538677
2026-04-20 14:15:00+00:00,0.9925463848885258,0.9261953855003386,1.008306490768212
2026-04-20 14:20:00+00:00,0.9938234733667076,0.927387101548451,1.0070091240945318
2026-04-20 14:25:00+00:00,0.9953564803307945,0.9288176281189917,1.0054557778096969
2026-04-20 14:30:00+00:00,0.9952440290259956,0.9287126941016159,1.0055693700918253
2026-04-20 14:35:00+00:00,0.9964986245036084,0.9298834207897848,1.0043017585841456
2026-04-20 14:40:00+00:00,0.9976446077929361,0.9309527959349625,1.0031468016133287
2026-04-20 14:45:00+00:00,0.9987414047665364,0.93197627283362,1.0020439556023426
2026-04-20 14:50:00+00:00,0.9970044067594234,0.930355391871979,1.0037866973627363
2026-04-20 14:55:00+00:00,0.9966153083285829,0.9299923043864603,1.0041784427012668
2026-04-20 15:00:00+00:00,0.9950164710136761,0.928500348175871,1.0057894133050682
2026-04-20 15:05:00+00:00,0.9960904993651387,0.9295025785181164,1.004703756557708
2026-04-20 15:10:00+00:00,0.993910454757359,0.9274682682967988,1.006902652148315
2026-04-20 15:15:00+00:00,0.9945980525097007,0.9281099006426472,1.0062060662565677
2026-04-20 15:20:00+00:00,0.9959658418222924,0.9293862542407729,1.0048223133925662
2026-04-20 15:25:00+00:00,0.9946447868254541,0.9281535108035972,1.006155115665798
2026-04-20 15:30:00+00:00,0.9946239025676481,0.9281340226431405,1.006176241602521
2026-04-20 15:35:00+00:00,0.9963842756623853,0.9297767160849062,1.0043954221594045
2026-04-20 15:40:00+00:00,0.9961406454380862,0.9295493723627892,1.0046410112237472
2026-04-20 15:45:00+00:00,0.9974809553429379,0.9308000835314703,1.0032892640539774
2026-04-20 15:50:00+00:00,0.9970436303206275,0.9303919933668245,1.0037291356098563
2026-04-20 15:55:00+00:00,0.9964636828253971,0.9298508149371885,1.0043129718436825
2026-04-20 16:00:00+00:00,0.9957538246861434,0.9291884102950009,1.0050284216385008
2026-04-20 16:05:00+00:00,0.9967327670350878,0.9301019110644033,1.004040361277151
2026-04-20 16:10:00+00:00,0.9979887763131848,0.9312739570415288,1.002775143506595
2026-04-20 16:15:00+00:00,0.9988006198806927,0.9320315294607345,1.0019594063267439
2026-04-20 16:20:00+00:00,1.000035209044528,0.9331835872425593,1.000720912676428
2026-04-20 16:25:00+00:00,0.9990356150994839,0.9322508154211417,1.0017211920225384
2026-04-20 16:30:00+00:00,0.9977646279045013,0.9310647927899122,1.0029955958463466
2026-04-20 16:35:00+00:00,0.9966407770164157,0.9300160705111521,1.0041253387332087
2026-04-20 16:40:00+00:00,0.997479538078025,0.9307987610096794,1.0032802787531967
2026-04-20 16:45:00+00:00,0.9976177515227548,0.9309277349867869,1.0031412615422541
2026-04-20 16:50:00+00:00,0.9962706189824632,0.9296706572708517,1.0044958527510313
2026-04-20 16:55:00+00:00,0.9961503248050817,0.9290198878107622,1.0046171400799833
2026-04-20 17:00:00+00:00,0.9941400733167624,0.9290198878107622,1.0039139080819273
2026-04-20 17:05:00+00:00,0.9934441752654406,0.9290198878107622,1.0039139080819273
2026-04-20 17:10:00+00:00,0.9934441752654406,0.9290198878107622,1.0039139080819273
2026-04-20 17:15:00+00:00,0.9934441752654406,0.9290198878107622,1.0039139080819273
2026-04-20 17:20:00+00:00,0.9934441752654406,0.9290198878107622,1.0039139080819273
2026-04-20 17:25:00+00:00,0.9934441752654406,0.9290198878107622,1.0039139080819273
2026-04-20 17:30:00+00:00,0.9934441752654406,0.9290198878107622,1.0039139080819273
2026-04-20 17:35:00+00:00,0.9934441752654406,0.9290198878107622,1.0039139080819273
2026-04-20 17:40:00+00:00,0.9934441752654406,0.9290198878107622,1.0039139080819273
2026-04-20 17:45:00+00:00,0.9934441752654406,0.9290198878107622,1.0039139080819273
2026-04-20 17:50:00+00:00,0.9934441752654406,0.9290198878107622,1.0039139080819273
2026-04-20 17:55:00+00:00,0.9934441752654406,0.9290198878107622,1.0039139080819273
2026-04-20 18:00:00+00:00,0.9934441752654406,0.9284809970707636,1.0039139080819273
2026-04-20 18:05:00+00:00,0.9934441752654406,0.9274340752214355,1.0039139080819273
2026-04-20 18:10:00+00:00,0.9934441752654406,0.9277604914655881,1.0039139080819273
2026-04-20 18:15:00+00:00,0.9934441752654406,0.9275087227115988,1.0039139080819273
2026-04-20 18:20:00+00:00,0.9934441752654406,0.9298168644095147,1.0039139080819273
2026-04-20 18:25:00+00:00,0.9934441752654406,0.9283764596511778,1.0039139080819273
2026-04-20 18:30:00+00:00,0.9934441752654406,0.9298719637422771,1.0039139080819273
2026-04-20 18:35:00+00:00,0.9934441752654406,0.9303183289844803,1.0039139080819273
2026-04-20 18:40:00+00:00,0.9934441752654406,0.9309568905736477,1.0039139080819273
2026-04-20 18:45:00+00:00,0.9934441752654406,0.9310467796950478,1.0039139080819273
2026-04-20 18:50:00+00:00,0.9934441752654406,0.9295157503503554,1.0039139080819273
2026-04-20 18:55:00+00:00,0.9934441752654406,0.9275291625489298,1.0039139080819273
2026-04-20 19:00:00+00:00,0.9934441752654406,0.9268798921351455,1.0039139080819273
2026-04-20 19:05:00+00:00,0.9934441752654406,0.9268798921351455,1.0039139080819273
2026-04-20 19:10:00+00:00,0.9934441752654406,0.9268798921351455,1.0039139080819273
2026-04-20 19:15:00+00:00,0.9934441752654406,0.9268798921351455,1.0039139080819273
2026-04-20 19:20:00+00:00,0.9934441752654406,0.9268798921351455,1.0039139080819273
2026-04-20 19:25:00+00:00,0.9934441752654406,0.9268798921351455,1.0039139080819273
2026-04-20 19:30:00+00:00,0.9934441752654406,0.9268798921351455,1.0039139080819273
2026-04-20 19:35:00+00:00,0.9934441752654406,0.9268798921351455,1.0039139080819273
2026-04-20 19:40:00+00:00,0.9934441752654406,0.9268798921351455,1.0039139080819273
2026-04-20 19:45:00+00:00,0.9934441752654406,0.9268798921351455,1.0039139080819273
2026-04-20 19:50:00+00:00,0.9934441752654406,0.9268798921351455,1.0039139080819273
2026-04-20 19:55:00+00:00,0.9934441752654406,0.9268798921351455,1.0039139080819273
2026-04-21 13:30:00+00:00,0.9934441752654406,0.9268798921351455,1.0039139080819273
2026-04-21 13:35:00+00:00,0.9934441752654406,0.9268798921351455,1.0039139080819273
2026-04-21 13:40:00+00:00,0.9934441752654406,0.9268798921351455,1.0039139080819273
2026-04-21 13:45:00+00:00,0.9934441752654406,0.9268798921351455,1.0039139080819273
2026-04-21 13:50:00+00:00,0.9934441752654406,0.9268798921351455,1.0039139080819273
2026-04-21 13:55:00+00:00,0.9934441752654406,0.9268798921351455,1.0039139080819273
2026-04-21 14:00:00+00:00,0.9934441752654406,0.9268798921351455,1.0039139080819273
2026-04-21 14:05:00+00:00,0.9934441752654406,0.9268798921351455,1.0039139080819273
2026-04-21 14:10:00+00:00,0.9934441752654406,0.9268798921351455,1.0039139080819273
2026-04-21 14:15:00+00:00,0.9934441752654406,0.9268798921351455,1.0039139080819273
2026-04-21 14:20:00+00:00,0.9934441752654406,0.9268798921351455,1.0039139080819273
2026-04-21 14:25:00+00:00,0.9934441752654406,0.9268798921351455,1.0039139080819273
2026-04-21 14:30:00+00:00,0.9934441752654406,0.9268798921351455,1.0039139080819273
2026-04-21 14:35:00+00:00,0.9934441752654406,0.9268798921351455,1.0039139080819273
2026-04-21 14:40:00+00:00,0.9934441752654406,0.9268798921351455,1.0039139080819273
2026-04-21 14:45:00+00:00,0.9934441752654406,0.9268798921351455,1.0039139080819273
2026-04-21 14:50:00+00:00,0.9934441752654406,0.9268798921351455,1.0039139080819273
2026-04-21 14:55:00+00:00,0.9934441752654406,0.9268798921351455,1.0039139080819273
2026-04-21 15:00:00+00:00,0.9934441752654406,0.9268798921351455,1.0039139080819273
2026-04-21 15:05:00+00:00,0.9934441752654406,0.9268798921351455,1.0039139080819273
2026-04-21 15:10:00+00:00,0.9934441752654406,0.9268798921351455,1.0039139080819273
2026-04-21 15:15:00+00:00,0.9934441752654406,0.928481587264608,1.0039139080819273
2026-04-21 15:20:00+00:00,0.9934441752654406,0.9254539736794668,1.0039139080819273
2026-04-21 15:25:00+00:00,0.9934441752654406,0.9248695124763499,1.0039139080819273
2026-04-21 15:30:00+00:00,0.9934441752654406,0.9265246684179924,1.0039139080819273
2026-04-21 15:35:00+00:00,0.9934441752654406,0.9261881989506161,1.0039139080819273
2026-04-21 15:40:00+00:00,0.9934441752654406,0.9258409833812172,1.0039139080819273
2026-04-21 15:45:00+00:00,0.9934441752654406,0.9271250986282021,1.0039139080819273
2026-04-21 15:50:00+00:00,0.9934441752654406,0.9263334385755958,1.0039139080819273
2026-04-21 15:55:00+00:00,0.9934441752654406,0.9254540785489167,1.0039139080819273
2026-04-21 16:00:00+00:00,0.9934441752654406,0.9258645085722926,1.0039139080819273
2026-04-21 16:05:00+00:00,0.9934441752654406,0.9268182159410209,1.0039139080819273
2026-04-21 16:10:00+00:00,0.9934441752654406,0.9269738247719951,1.0039139080819273
2026-04-21 16:15:00+00:00,0.9934441752654406,0.9266664783983125,1.0039139080819273
2026-04-21 16:20:00+00:00,0.9934441752654406,0.9286473183137055,1.0039139080819273
2026-04-21 16:25:00+00:00,0.9934441752654406,0.9291352958726448,1.0039139080819273
2026-04-21 16:30:00+00:00,0.9934441752654406,0.9297698554537678,1.0039139080819273
2026-04-21 16:35:00+00:00,0.9934441752654406,0.9295960024886367,1.0039139080819273
2026-04-21 16:40:00+00:00,0.9934441752654406,0.929012784175694,1.0039139080819273
2026-04-21 16:45:00+00:00,0.9934441752654406,0.9288203198636492,1.0039139080819273
2026-04-21 16:50:00+00:00,0.9934441752654406,0.9300123445414918,1.0039139080819273
2026-04-21 16:55:00+00:00,0.9934441752654406,0.9311011891122271,1.0039139080819273
2026-04-21 17:00:00+00:00,0.9934441752654406,0.9315473286110929,1.0039139080819273
2026-04-21 17:05:00+00:00,0.9934441752654406,0.930525213401406,1.0039139080819273
2026-04-21 17:10:00+00:00,0.9934441752654406,0.9312953507453577,1.0039139080819273
2026-04-21 17:15:00+00:00,0.9934441752654406,0.9300862837216152,1.0039139080819273
2026-04-21 17:20:00+00:00,0.9934441752654406,0.9273615359481018,1.0039139080819273
2026-04-21 17:25:00+00:00,0.9934441752654406,0.9267123828729381,1.0039139080819273
2026-04-21 17:30:00+00:00,0.9934441752654406,0.9267123828729381,1.0039139080819273
2026-04-21 17:35:00+00:00,0.9934441752654406,0.9267123828729381,1.0039139080819273
2026-04-21 17:40:00+00:00,0.9934441752654406,0.9267123828729381,1.0039139080819273
2026-04-21 17:45:00+00:00,0.9934441752654406,0.9267123828729381,1.0039139080819273
2026-04-21 17:50:00+00:00,0.9934441752654406,0.9267123828729381,1.0039139080819273
2026-04-21 17:55:00+00:00,0.9934441752654406,0.9267123828729381,1.0039139080819273
2026-04-21 18:00:00+00:00,0.9934441752654406,0.9267123828729381,1.0039139080819273
2026-04-21 18:05:00+00:00,0.9934441752654406,0.9267123828729381,1.0039139080819273
2026-04-21 18:10:00+00:00,0.9934441752654406,0.9267123828729381,1.0039139080819273
2026-04-21 18:15:00+00:00,0.9934441752654406,0.9267123828729381,1.0039139080819273
2026-04-21 18:20:00+00:00,0.9934441752654406,0.9267123828729381,1.0039139080819273
2026-04-21 18:25:00+00:00,0.9934441752654406,0.9267123828729381,1.0039139080819273
2026-04-21 18:30:00+00:00,0.9934441752654406,0.9267123828729381,1.0039139080819273
2026-04-21 18:35:00+00:00,0.9934441752654406,0.9267123828729381,1.0039139080819273
2026-04-21 18:40:00+00:00,0.9934441752654406,0.9275754490058449,1.0039139080819273
2026-04-21 18:45:00+00:00,0.9934441752654406,0.9292326646636945,1.0039139080819273
2026-04-21 18:50:00+00:00,0.9934441752654406,0.9298426294442906,1.0039139080819273
2026-04-21 18:55:00+00:00,0.9934441752654406,0.9299115969153876,1.0039139080819273
2026-04-21 19:00:00+00:00,0.9934441752654406,0.9305324729925825,1.0039139080819273
2026-04-21 19:05:00+00:00,0.9934441752654406,0.9292038724452781,1.0039139080819273
2026-04-21 19:10:00+00:00,0.9934441752654406,0.9269941231829143,1.0039139080819273
2026-04-21 19:15:00+00:00,0.9934441752654406,0.9266324287925429,1.0039139080819273
2026-04-21 19:20:00+00:00,0.9934441752654406,0.9253871180184808,1.0039139080819273
2026-04-21 19:25:00+00:00,0.9934441752654406,0.9247393470358679,1.0039139080819273
2026-04-21 19:30:00+00:00,0.9927361097429966,0.9247393470358679,1.0039139080819273
2026-04-21 19:35:00+00:00,0.9922853870069503,0.9247393470358679,1.0039139080819273
2026-04-21 19:40:00+00:00,0.9915907872360454,0.9247393470358679,1.0039139080819273
2026-04-21 19:45:00+00:00,0.9915907872360454,0.9247393470358679,1.0039139080819273
2026-04-21 19:50:00+00:00,0.9915907872360454,0.9247393470358679,1.0039139080819273
2026-04-21 19:55:00+00:00,0.9915907872360454,0.9234307267785302,1.0039139080819273
2026-04-22 13:30:00+00:00,0.9915907872360454,0.9332313352480183,1.0039139080819273
2026-04-22 13:35:00+00:00,0.9915907872360454,0.9328126403260179,1.0036615750563358
2026-04-22 13:40:00+00:00,0.9915907872360454,0.9314726096820776,1.0051033836345844
2026-04-22 13:45:00+00:00,0.9915907872360454,0.9319570841291737,1.004580612593333
2026-04-22 13:50:00+00:00,0.9915907872360454,0.9302674901991366,1.0064018695312065
2026-04-22 13:55:00+00:00,0.9915907872360454,0.9301872599419319,1.0064886659437378
2026-04-22 14:00:00+00:00,0.9915907872360454,0.9290996114308882,1.0076655320932102
2026-04-22 14:05:00+00:00,0.9915907872360454,0.9291526733492925,1.0076079831871672
2026-04-22 14:10:00+00:00,0.9915907872360454,0.9287511618434705,1.0080433973125438
2026-04-22 14:15:00+00:00,0.9915907872360454,0.9281235074070516,1.0087246378174495
2026-04-22 14:20:00+00:00,0.9915907872360454,0.9286456114441655,1.0081571926428174
2026-04-22 14:25:00+00:00,0.9915907872360454,0.9290562596039611,1.0077113843701657
2026-04-22 14:30:00+00:00,0.9915907872360454,0.9282802393251598,1.0085531035463364
2026-04-22 14:35:00+00:00,0.9915907872360454,0.9290956046821565,1.0076672296189535
2026-04-22 14:40:00+00:00,0.9915907872360454,0.9282703550244816,1.0085622688722902
2026-04-22 14:45:00+00:00,0.9915907872360454,0.9286517523633365,1.008147882090104
2026-04-22 14:50:00+00:00,0.9915907872360454,0.9294517467635689,1.0072794051198881
2026-04-22 14:55:00+00:00,0.9915907872360454,0.9302282322242008,1.0064379006355586
2026-04-22 15:00:00+00:00,0.9915907872360454,0.9321515791733541,1.0043569819979128
2026-04-22 15:05:00+00:00,0.9915907872360454,0.9329212762406427,1.0035276634183743
2026-04-22 15:10:00+00:00,0.9915907872360454,0.9333148883567466,1.003104261511668
2026-04-22 15:15:00+00:00,0.9915907872360454,0.9332694853854909,1.0031530595267004
2026-04-22 15:20:00+00:00,0.9915907872360454,0.9328919826399417,1.0035588298214626
2026-04-22 15:25:00+00:00,0.9915907872360454,0.9318139160154892,1.0047185603157085
2026-04-22 15:30:00+00:00,0.9915907872360454,0.9319520467512941,1.0045696223017684
2026-04-22 15:35:00+00:00,0.9915907872360454,0.929751108071329,1.0069420578215456
2026-04-22 15:40:00+00:00,0.9915907872360454,0.929100282295679,1.007239334334934
2026-04-22 15:45:00+00:00,0.9915907872360454,0.929100282295679,1.0076695150519188
2026-04-22 15:50:00+00:00,0.9915907872360454,0.929100282295679,1.0069641463913825
2026-04-22 15:55:00+00:00,0.9915907872360454,0.929100282295679,1.0069641463913825
2026-04-22 16:00:00+00:00,0.9915907872360454,0.929100282295679,1.0069641463913825
2026-04-22 16:05:00+00:00,0.9915907872360454,0.929100282295679,1.0069641463913825
2026-04-22 16:10:00+00:00,0.9915907872360454,0.929100282295679,1.0069641463913825
2026-04-22 16:15:00+00:00,0.9915907872360454,0.929100282295679,1.0069641463913825
2026-04-22 16:20:00+00:00,0.9915907872360454,0.929100282295679,1.0069641463913825
2026-04-22 16:25:00+00:00,0.9915907872360454,0.9261145856396544,1.0069641463913825
2026-04-22 16:30:00+00:00,0.9915907872360454,0.9267175724860789,1.0069641463913825
2026-04-22 16:35:00+00:00,0.9915907872360454,0.9257239993378973,1.0069641463913825
2026-04-22 16:40:00+00:00,0.9915907872360454,0.9250759925383607,1.0069641463913825
2026-04-22 16:45:00+00:00,0.9914829812706055,0.9250759925383607,1.0069641463913825
2026-04-22 16:50:00+00:00,0.99044222878834,0.9250759925383607,1.0069641463913825
2026-04-22 16:55:00+00:00,0.9886273534173211,0.9250759925383607,1.0069641463913825
2026-04-22 17:00:00+00:00,0.987935314269929,0.9250759925383607,1.0069641463913825
2026-04-22 17:05:00+00:00,0.987935314269929,0.9250759925383607,1.0069641463913825
2026-04-22 17:10:00+00:00,0.987935314269929,0.9250759925383607,1.0069641463913825
2026-04-22 17:15:00+00:00,0.987935314269929,0.9250759925383607,1.0069641463913825
2026-04-22 17:20:00+00:00,0.987935314269929,0.9250759925383607,1.0069641463913825
2026-04-22 17:25:00+00:00,0.987935314269929,0.9250759925383607,1.0069641463913825
2026-04-22 17:30:00+00:00,0.987935314269929,0.9250759925383607,1.0069641463913825
2026-04-22 17:35:00+00:00,0.987935314269929,0.9250759925383607,1.0069641463913825
2026-04-22 17:40:00+00:00,0.987935314269929,0.9250759925383607,1.0069641463913825
2026-04-22 17:45:00+00:00,0.987935314269929,0.9250759925383607,1.0069641463913825
2026-04-22 17:50:00+00:00,0.987935314269929,0.9250759925383607,1.0069641463913825
2026-04-22 17:55:00+00:00,0.987935314269929,0.9250759925383607,1.0069641463913825
2026-04-22 18:00:00+00:00,0.987935314269929,0.9250759925383607,1.0069641463913825
2026-04-22 18:05:00+00:00,0.987935314269929,0.9250759925383607,1.0069641463913825
2026-04-22 18:10:00+00:00,0.987935314269929,0.9250759925383607,1.0069641463913825
2026-04-22 18:15:00+00:00,0.987935314269929,0.9250759925383607,1.0069641463913825
2026-04-22 18:20:00+00:00,0.987935314269929,0.9250759925383607,1.0069641463913825
2026-04-22 18:25:00+00:00,0.987935314269929,0.9250759925383607,1.0069641463913825
2026-04-22 18:30:00+00:00,0.987935314269929,0.9254154572374339,1.0069641463913825
2026-04-22 18:35:00+00:00,0.987935314269929,0.9241828188338339,1.0069641463913825
2026-04-22 18:40:00+00:00,0.987935314269929,0.9236609202962508,1.0069641463913825
2026-04-22 18:45:00+00:00,0.987935314269929,0.9231504815491581,1.0069641463913825
2026-04-22 18:50:00+00:00,0.987935314269929,0.9236254306560769,1.0069641463913825
2026-04-22 18:55:00+00:00,0.987935314269929,0.9228510743588376,1.0069641463913825
2026-04-22 19:00:00+00:00,0.987935314269929,0.9227592846130862,1.0069641463913825
2026-04-22 19:05:00+00:00,0.987935314269929,0.9230098440483636,1.0069641463913825
2026-04-22 19:10:00+00:00,0.987935314269929,0.9222171932545381,1.0069641463913825
2026-04-22 19:15:00+00:00,0.987935314269929,0.9215716412192599,1.0069641463913825
2026-04-22 19:20:00+00:00,0.987935314269929,0.9215716412192599,1.0069641463913825
2026-04-22 19:25:00+00:00,0.987935314269929,0.9215716412192599,1.0069641463913825
2026-04-22 19:30:00+00:00,0.987935314269929,0.9215716412192599,1.0069641463913825
2026-04-22 19:35:00+00:00,0.987935314269929,0.9215716412192599,1.0069641463913825
2026-04-22 19:40:00+00:00,0.987935314269929,0.9215716412192599,1.0069641463913825
2026-04-22 19:45:00+00:00,0.987935314269929,0.9215716412192599,1.0069641463913825
2026-04-22 19:50:00+00:00,0.987935314269929,0.9215716412192599,1.0069641463913825
2026-04-22 19:55:00+00:00,0.987935314269929,0.9215716412192599,1.0069641463913825
2026-04-23 13:30:00+00:00,0.987935314269929,0.9215716412192599,1.0069641463913825
2026-04-23 13:35:00+00:00,0.987935314269929,0.9215716412192599,1.0069641463913825
2026-04-23 13:40:00+00:00,0.987935314269929,0.9215716412192599,1.0069641463913825
2026-04-23 13:45:00+00:00,0.987935314269929,0.9215716412192599,1.0069641463913825
2026-04-23 13:50:00+00:00,0.987935314269929,0.9204387733496028,1.0069641463913825
2026-04-23 13:55:00+00:00,0.987935314269929,0.9192262796590719,1.0069641463913825
2026-04-23 14:00:00+00:00,0.987935314269929,0.9179680624994769,1.0069641463913825
2026-04-23 14:05:00+00:00,0.987935314269929,0.9173254848557273,1.0069641463913825
2026-04-23 14:10:00+00:00,0.987935314269929,0.9173254848557273,1.0069641463913825
2026-04-23 14:15:00+00:00,0.987935314269929,0.9173254848557273,1.0069641463913825
2026-04-23 14:20:00+00:00,0.987935314269929,0.9173254848557273,1.0069641463913825
2026-04-23 14:25:00+00:00,0.987935314269929,0.9164469702092315,1.0069641463913825
2026-04-23 14:30:00+00:00,0.987935314269929,0.9162609082867946,1.0069641463913825
2026-04-23 14:35:00+00:00,0.987935314269929,0.9156346580541255,1.0069641463913825
2026-04-23 14:40:00+00:00,0.987935314269929,0.9140206897165586,1.0069641463913825
2026-04-23 14:45:00+00:00,0.987935314269929,0.9136459375417199,1.0069641463913825
2026-04-23 14:50:00+00:00,0.987935314269929,0.9130063853854407,1.0069641463913825
2026-04-23 14:55:00+00:00,0.987935314269929,0.9130063853854407,1.0069641463913825
2026-04-23 15:00:00+00:00,0.987935314269929,0.9130063853854407,1.0069641463913825
2026-04-23 15:05:00+00:00,0.987935314269929,0.9130063853854407,1.0069641463913825
2026-04-23 15:10:00+00:00,0.987935314269929,0.9130063853854407,1.0069641463913825
2026-04-23 15:15:00+00:00,0.987935314269929,0.9130063853854407,1.0069641463913825
2026-04-23 15:20:00+00:00,0.987935314269929,0.9130063853854407,1.0069641463913825
2026-04-23 15:25:00+00:00,0.987935314269929,0.9130063853854407,1.0069641463913825
2026-04-23 15:30:00+00:00,0.987935314269929,0.9130063853854407,1.0069641463913825
2026-04-23 15:35:00+00:00,0.987935314269929,0.9130063853854407,1.0069641463913825
2026-04-23 15:40:00+00:00,0.987935314269929,0.9130063853854407,1.0069641463913825
2026-04-23 15:45:00+00:00,0.987935314269929,0.9130063853854407,1.0069641463913825
2026-04-23 15:50:00+00:00,0.987935314269929,0.9130063853854407,1.0069641463913825
2026-04-23 15:55:00+00:00,0.987935314269929,0.9130063853854407,1.0069641463913825
2026-04-23 16:00:00+00:00,0.987935314269929,0.91281527012181,1.0069641463913825
2026-04-23 16:05:00+00:00,0.987935314269929,0.9145941980667934,1.0069641463913825
2026-04-23 16:10:00+00:00,0.987935314269929,0.9162259407734914,1.0069641463913825
2026-04-23 16:15:00+00:00,0.987935314269929,0.9161872490043405,1.0069641463913825
2026-04-23 16:20:00+00:00,0.987935314269929,0.9162670055430185,1.0069641463913825
2026-04-23 16:25:00+00:00,0.987935314269929,0.9170700920145529,1.0069641463913825
2026-04-23 16:30:00+00:00,0.987935314269929,0.9161342394358215,1.0069641463913825
2026-04-23 16:35:00+00:00,0.987935314269929,0.9146133771154383,1.0069641463913825
2026-04-23 16:40:00+00:00,0.987935314269929,0.9154284413532324,1.0069641463913825
2026-04-23 16:45:00+00:00,0.987935314269929,0.9153329288985289,1.0069641463913825
2026-04-23 16:50:00+00:00,0.987935314269929,0.913773950614615,1.0069641463913825
2026-04-23 16:55:00+00:00,0.987935314269929,0.9128091029549806,1.0069641463913825
2026-04-23 17:00:00+00:00,0.987935314269929,0.9121701365829121,1.0069641463913825
2026-04-23 17:05:00+00:00,0.987935314269929,0.9121701365829121,1.0069641463913825
2026-04-23 17:10:00+00:00,0.987935314269929,0.9121701365829121,1.0069641463913825
2026-04-23 17:15:00+00:00,0.987935314269929,0.9121701365829121,1.0069641463913825
2026-04-23 17:20:00+00:00,0.987935314269929,0.9121701365829121,1.0069641463913825
2026-04-23 17:25:00+00:00,0.987935314269929,0.9121701365829121,1.0069641463913825
2026-04-23 17:30:00+00:00,0.987935314269929,0.9121701365829121,1.0069641463913825
2026-04-23 17:35:00+00:00,0.987935314269929,0.9121701365829121,1.0069641463913825
2026-04-23 17:40:00+00:00,0.987935314269929,0.9121701365829121,1.0069641463913825
2026-04-23 17:45:00+00:00,0.987935314269929,0.9117567924728918,1.0069641463913825
2026-04-23 17:50:00+00:00,0.987935314269929,0.9114316618223229,1.0069641463913825
2026-04-23 17:55:00+00:00,0.987935314269929,0.9122605109363011,1.0069641463913825
2026-04-23 18:00:00+00:00,0.987935314269929,0.9112468929794425,1.0069641463913825
2026-04-23 18:05:00+00:00,0.987935314269929,0.9102697898621883,1.0069641463913825
2026-04-23 18:10:00+00:00,0.987935314269929,0.9095286250468905,1.0069641463913825
2026-04-23 18:15:00+00:00,0.987935314269929,0.9107945028708675,1.0069641463913825
2026-04-23 18:20:00+00:00,0.987935314269929,0.911913078503508,1.0069641463913825
2026-04-23 18:25:00+00:00,0.987935314269929,0.9135372472767633,1.0069641463913825
2026-04-23 18:30:00+00:00,0.987935314269929,0.9148319114139152,1.0069641463913825
2026-04-23 18:35:00+00:00,0.987935314269929,0.9139235671938115,1.0069641463913825
2026-04-23 18:40:00+00:00,0.987935314269929,0.9119517281481991,1.0069641463913825
2026-04-23 18:45:00+00:00,0.987935314269929,0.9119109046517601,1.0069641463913825
2026-04-23 18:50:00+00:00,0.987935314269929,0.9120435673031502,1.0069641463913825
2026-04-23 18:55:00+00:00,0.987935314269929,0.9107287053437957,1.0069641463913825
2026-04-23 19:00:00+00:00,0.987935314269929,0.910091195250055,1.0069641463913825
2026-04-23 19:05:00+00:00,0.987935314269929,0.910091195250055,1.0069641463913825
2026-04-23 19:10:00+00:00,0.987935314269929,0.910091195250055,1.0069641463913825
2026-04-23 19:15:00+00:00,0.987935314269929,0.910091195250055,1.0069641463913825
2026-04-23 19:20:00+00:00,0.987935314269929,0.910091195250055,1.0069641463913825
2026-04-23 19:25:00+00:00,0.987935314269929,0.910091195250055,1.0069641463913825
2026-04-23 19:30:00+00:00,0.987935314269929,0.910091195250055,1.0069641463913825
2026-04-23 19:35:00+00:00,0.987935314269929,0.910091195250055,1.0069641463913825
2026-04-23 19:40:00+00:00,0.987935314269929,0.910091195250055,1.0069641463913825
2026-04-23 19:45:00+00:00,0.987935314269929,0.910091195250055,1.0069641463913825
2026-04-23 19:50:00+00:00,0.987935314269929,0.910091195250055,1.0069641463913825
2026-04-23 19:55:00+00:00,0.987935314269929,0.910091195250055,1.0069641463913825
2026-04-24 13:30:00+00:00,0.987935314269929,0.910091195250055,1.0069641463913825
2026-04-24 13:35:00+00:00,0.987935314269929,0.910091195250055,1.0069641463913825
2026-04-24 13:40:00+00:00,0.987935314269929,0.910091195250055,1.0069641463913825
2026-04-24 13:45:00+00:00,0.987935314269929,0.910091195250055,1.0069641463913825
2026-04-24 13:50:00+00:00,0.987935314269929,0.910091195250055,1.0069641463913825
2026-04-24 13:55:00+00:00,0.987935314269929,0.9095976377397766,1.0069641463913825
2026-04-24 14:00:00+00:00,0.987935314269929,0.9100052945141179,1.0069641463913825
2026-04-24 14:05:00+00:00,0.987935314269929,0.9095433231437259,1.0069641463913825
2026-04-24 14:10:00+00:00,0.987935314269929,0.9079701254701962,1.0069641463913825
2026-04-24 14:15:00+00:00,0.987935314269929,0.9082338518633104,1.0069641463913825
2026-04-24 14:20:00+00:00,0.987935314269929,0.9084833452219665,1.0069641463913825
2026-04-24 14:25:00+00:00,0.987935314269929,0.9091430101981391,1.0069641463913825
2026-04-24 14:30:00+00:00,0.987935314269929,0.9108605936774513,1.0069641463913825
2026-04-24 14:35:00+00:00,0.987935314269929,0.9098787654616304,1.0069641463913825
2026-04-24 14:40:00+00:00,0.987935314269929,0.9102499552765492,1.0069641463913825
2026-04-24 14:45:00+00:00,0.987935314269929,0.9091989361663549,1.0069641463913825
2026-04-24 14:50:00+00:00,0.987935314269929,0.9084744215197719,1.0069641463913825
2026-04-24 14:55:00+00:00,0.9875888428738759,0.907838489424708,1.0069641463913825
2026-04-24 15:00:00+00:00,0.9864405315054267,0.907838489424708,1.0069641463913825
2026-04-24 15:05:00+00:00,0.9857500231333728,0.907838489424708,1.0069641463913825
2026-04-24 15:10:00+00:00,0.9857500231333728,0.907838489424708,1.0069641463913825
2026-04-24 15:15:00+00:00,0.9857500231333728,0.907838489424708,1.0069641463913825
2026-04-24 15:20:00+00:00,0.9857500231333728,0.907838489424708,1.0069641463913825
2026-04-24 15:25:00+00:00,0.9857500231333728,0.907838489424708,1.0069641463913825
2026-04-24 15:30:00+00:00,0.9857500231333728,0.907838489424708,1.0069641463913825
2026-04-24 15:35:00+00:00,0.9857500231333728,0.907838489424708,1.0069641463913825
2026-04-24 15:40:00+00:00,0.9857500231333728,0.907838489424708,1.0069641463913825
2026-04-24 15:45:00+00:00,0.9857500231333728,0.907838489424708,1.0069641463913825
2026-04-24 15:50:00+00:00,0.9857500231333728,0.9064738237562437,1.0069641463913825
2026-04-24 15:55:00+00:00,0.9857500231333728,0.9071074539258037,1.0069641463913825
2026-04-24 16:00:00+00:00,0.9857500231333728,0.907397304957976,1.0069641463913825
2026-04-24 16:05:00+00:00,0.9857500231333728,0.9068173447768113,1.0069641463913825
2026-04-24 16:10:00+00:00,0.9857500231333728,0.9067121464105624,1.0069641463913825
2026-04-24 16:15:00+00:00,0.9857500231333728,0.9069407409274913,1.0069641463913825
2026-04-24 16:20:00+00:00,0.9857500231333728,0.9089214114818756,1.0069641463913825
2026-04-24 16:25:00+00:00,0.9857500231333728,0.9072457037707854,1.0069641463913825
2026-04-24 16:30:00+00:00,0.9857500231333728,0.9066688286031018,1.0069641463913825
2026-04-24 16:35:00+00:00,0.9857500231333728,0.907471365871541,1.0069641463913825
2026-04-24 16:40:00+00:00,0.9857500231333728,0.9056541789656112,1.0069641463913825
2026-04-24 16:45:00+00:00,0.9857500231333728,0.9050202210403352,1.0069641463913825
2026-04-24 16:50:00+00:00,0.9857500231333728,0.9050202210403352,1.0069641463913825
2026-04-24 16:55:00+00:00,0.9857500231333728,0.9050202210403352,1.0069641463913825
2026-04-24 17:00:00+00:00,0.9857500231333728,0.9050202210403352,1.0069641463913825
2026-04-24 17:05:00+00:00,0.9857500231333728,0.9050202210403352,1.0069641463913825
2026-04-24 17:10:00+00:00,0.9857500231333728,0.9050202210403352,1.0069641463913825
2026-04-24 17:15:00+00:00,0.9857500231333728,0.9050202210403352,1.0069641463913825
2026-04-24 17:20:00+00:00,0.9857500231333728,0.9050202210403352,1.0069641463913825
2026-04-24 17:25:00+00:00,0.9857500231333728,0.9050202210403352,1.0069641463913825
2026-04-24 17:30:00+00:00,0.9857500231333728,0.9050202210403352,1.0069641463913825
2026-04-24 17:35:00+00:00,0.9857500231333728,0.9050202210403352,1.0069641463913825
2026-04-24 17:40:00+00:00,0.9857500231333728,0.9050202210403352,1.0069641463913825
2026-04-24 17:45:00+00:00,0.9857500231333728,0.9050202210403352,1.0069641463913825
2026-04-24 17:50:00+00:00,0.9857500231333728,0.9050202210403352,1.0069641463913825
2026-04-24 17:55:00+00:00,0.9857500231333728,0.9050751196593495,1.0069641463913825
2026-04-24 18:00:00+00:00,0.9857500231333728,0.9057830566138589,1.0069641463913825
2026-04-24 18:05:00+00:00,0.9857500231333728,0.9051929845702135,1.0069641463913825
2026-04-24 18:10:00+00:00,0.9857500231333728,0.9051526974430529,1.0069641463913825
2026-04-24 18:15:00+00:00,0.9857500231333728,0.9060835858410189,1.0069641463913825
2026-04-24 18:20:00+00:00,0.9857500231333728,0.907702873193176,1.0069641463913825
2026-04-24 18:25:00+00:00,0.9857500231333728,0.9074780379279337,1.0069641463913825
2026-04-24 18:30:00+00:00,0.9857500231333728,0.9074858326825457,1.0069641463913825
2026-04-24 18:35:00+00:00,0.9857500231333728,0.9079456675210105,1.0069641463913825
2026-04-24 18:40:00+00:00,0.9857500231333728,0.9067315697490588,1.0069641463913825
2026-04-24 18:45:00+00:00,0.9857500231333728,0.9075659596890815,1.0069641463913825
2026-04-24 18:50:00+00:00,0.9857500231333728,0.9062277158514145,1.0069641463913825
2026-04-24 18:55:00+00:00,0.9857500231333728,0.905436610104766,1.0069641463913825
2026-04-24 19:00:00+00:00,0.9857500231333728,0.9053700425083375,1.0069641463913825
2026-04-24 19:05:00+00:00,0.9857500231333728,0.9053771224882128,1.0069641463913825
2026-04-24 19:10:00+00:00,0.9857500231333728,0.9042397225277099,1.0069641463913825
2026-04-24 19:15:00+00:00,0.9857500231333728,0.9036067547219405,1.0069641463913825
2026-04-24 19:20:00+00:00,0.9857500231333728,0.9036067547219405,1.0069641463913825
2026-04-24 19:25:00+00:00,0.9857500231333728,0.9036067547219405,1.0069641463913825
2026-04-24 19:30:00+00:00,0.9857500231333728,0.9017716088650449,1.0069641463913825
2026-04-24 19:35:00+00:00,0.9857500231333728,0.9023670679976235,1.0069641463913825
2026-04-24 19:40:00+00:00,0.9857500231333728,0.9011758375492122,1.0069641463913825
2026-04-24 19:45:00+00:00,0.9857500231333728,0.9027939893934048,1.0069641463913825
2026-04-24 19:50:00+00:00,0.9857500231333728,0.9025730885641781,1.0069641463913825
2026-04-24 19:55:00+00:00,0.9857500231333728,0.9009318363805718,1.0069641463913825
2026-04-27 13:30:00+00:00,0.9857500231333728,0.8965865036741328,1.0069641463913825
2026-04-27 13:35:00+00:00,0.9857500231333728,0.895958893121561,1.0069641463913825
2026-04-27 13:40:00+00:00,0.9857500231333728,0.895958893121561,1.0069641463913825
2026-04-27 13:45:00+00:00,0.9857500231333728,0.895958893121561,1.0069641463913825
2026-04-27 13:50:00+00:00,0.9857500231333728,0.895958893121561,1.0069641463913825
2026-04-27 13:55:00+00:00,0.9857500231333728,0.895958893121561,1.0069641463913825
2026-04-27 14:00:00+00:00,0.9857500231333728,0.895958893121561,1.0069641463913825
2026-04-27 14:05:00+00:00,0.9857500231333728,0.895958893121561,1.0069641463913825
2026-04-27 14:10:00+00:00,0.9857500231333728,0.895958893121561,1.0069641463913825
2026-04-27 14:15:00+00:00,0.9857500231333728,0.895958893121561,1.0069641463913825
2026-04-27 14:20:00+00:00,0.9857500231333728,0.895958893121561,1.0069641463913825
2026-04-27 14:25:00+00:00,0.9857500231333728,0.895958893121561,1.0069641463913825
2026-04-27 14:30:00+00:00,0.9857500231333728,0.895958893121561,1.0069641463913825
2026-04-27 14:35:00+00:00,0.9857500231333728,0.895958893121561,1.0069641463913825
2026-04-27 14:40:00+00:00,0.9857500231333728,0.895958893121561,1.0069641463913825
2026-04-27 14:45:00+00:00,0.9857500231333728,0.895958893121561,1.0069641463913825
2026-04-27 14:50:00+00:00,0.9857500231333728,0.895958893121561,1.0069641463913825
2026-04-27 14:55:00+00:00,0.9857500231333728,0.895958893121561,1.0069641463913825
2026-04-27 15:00:00+00:00,0.9857500231333728,0.895958893121561,1.0069641463913825
2026-04-27 15:05:00+00:00,0.9857500231333728,0.895958893121561,1.0069641463913825
2026-04-27 15:10:00+00:00,0.9857500231333728,0.895958893121561,1.0069641463913825
2026-04-27 15:15:00+00:00,0.9857500231333728,0.895958893121561,1.0069641463913825
2026-04-27 15:20:00+00:00,0.9857500231333728,0.8960511765810454,1.0069641463913825
2026-04-27 15:25:00+00:00,0.9857500231333728,0.8952997281250398,1.0069641463913825
2026-04-27 15:30:00+00:00,0.9857500231333728,0.8947768981986225,1.0069641463913825
2026-04-27 15:35:00+00:00,0.9857500231333728,0.8931242855433695,1.0069641463913825
2026-04-27 15:40:00+00:00,0.9857500231333728,0.8923250333894153,1.0069641463913825
2026-04-27 15:45:00+00:00,0.9857500231333728,0.8917004058660426,1.0069641463913825
2026-04-27 15:50:00+00:00,0.9857500231333728,0.8917004058660426,1.0069641463913825
2026-04-27 15:55:00+00:00,0.9857500231333728,0.8917004058660426,1.0069641463913825
2026-04-27 16:00:00+00:00,0.9857500231333728,0.8917004058660426,1.0069641463913825
2026-04-27 16:05:00+00:00,0.9857500231333728,0.8917004058660426,1.0069641463913825
2026-04-27 16:10:00+00:00,0.9846720619446794,0.8917004058660426,1.0069641463913825
2026-04-27 16:15:00+00:00,0.9850934196253969,0.8917004058660426,1.0069641463913825
2026-04-27 16:20:00+00:00,0.986015357927296,0.8917004058660426,1.0069641463913825
2026-04-27 16:25:00+00:00,0.9876694537815373,0.8917004058660426,1.0069641463913825
2026-04-27 16:30:00+00:00,0.9871062502716019,0.8917004058660426,1.0069641463913825
2026-04-27 16:35:00+00:00,0.9856765222675687,0.8917004058660426,1.0069641463913825
2026-04-27 16:40:00+00:00,0.9874576006942436,0.8917004058660426,1.0069641463913825
2026-04-27 16:45:00+00:00,0.9880131567960498,0.8917004058660426,1.0069641463913825
2026-04-27 16:50:00+00:00,0.9881376462439286,0.8917004058660426,1.0069641463913825
2026-04-27 16:55:00+00:00,0.9882979540068851,0.8917004058660426,1.0069641463913825
2026-04-27 17:00:00+00:00,0.98854299908101,0.8917004058660426,1.0069641463913825
2026-04-27 17:05:00+00:00,0.9880263450405851,0.8917004058660426,1.0069641463913825
2026-04-27 17:10:00+00:00,0.9872114835959865,0.8917004058660426,1.0069641463913825
2026-04-27 17:15:00+00:00,0.9873467476432665,0.8917004058660426,1.0069641463913825
2026-04-27 17:20:00+00:00,0.9863625668232837,0.8917004058660426,1.0069641463913825
2026-04-27 17:25:00+00:00,0.9849603909696629,0.8917004058660426,1.0069641463913825
2026-04-27 17:30:00+00:00,0.9842709186959842,0.8917004058660426,1.0069641463913825
2026-04-27 17:35:00+00:00,0.9842709186959842,0.8917004058660426,1.0069641463913825
2026-04-27 17:40:00+00:00,0.9842709186959842,0.8917004058660426,1.0069641463913825
2026-04-27 17:45:00+00:00,0.9842709186959842,0.8917004058660426,1.0069641463913825
2026-04-27 17:50:00+00:00,0.9842709186959842,0.8917004058660426,1.0069641463913825
2026-04-27 17:55:00+00:00,0.9842709186959842,0.8917004058660426,1.0069641463913825
2026-04-27 18:00:00+00:00,0.9842709186959842,0.8917004058660426,1.0069641463913825
2026-04-27 18:05:00+00:00,0.9842709186959842,0.8917004058660426,1.0069641463913825
2026-04-27 18:10:00+00:00,0.9842709186959842,0.8917004058660426,1.0069641463913825
2026-04-27 18:15:00+00:00,0.9842709186959842,0.8917004058660426,1.0069641463913825
2026-04-27 18:20:00+00:00,0.9842709186959842,0.8917004058660426,1.0069641463913825
2026-04-27 18:25:00+00:00,0.9842709186959842,0.8917004058660426,1.0069641463913825
2026-04-27 18:30:00+00:00,0.9842709186959842,0.8917004058660426,1.0069641463913825
2026-04-27 18:35:00+00:00,0.9842709186959842,0.8917004058660426,1.0069641463913825
2026-04-27 18:40:00+00:00,0.9842709186959842,0.8917004058660426,1.0069641463913825
2026-04-27 18:45:00+00:00,0.9842709186959842,0.8917004058660426,1.0069641463913825
2026-04-27 18:50:00+00:00,0.9842709186959842,0.8917004058660426,1.0069641463913825
2026-04-27 18:55:00+00:00,0.9842709186959842,0.8917004058660426,1.0069641463913825
2026-04-27 19:00:00+00:00,0.9842709186959842,0.8917004058660426,1.0069641463913825
2026-04-27 19:05:00+00:00,0.9842709186959842,0.8917004058660426,1.0069641463913825
2026-04-27 19:10:00+00:00,0.9842709186959842,0.8917004058660426,1.0069641463913825
2026-04-27 19:15:00+00:00,0.9842709186959842,0.8917004058660426,1.0069641463913825
2026-04-27 19:20:00+00:00,0.9842709186959842,0.8917004058660426,1.0069641463913825
2026-04-27 19:25:00+00:00,0.9842709186959842,0.8917004058660426,1.0069641463913825
2026-04-27 19:30:00+00:00,0.9842709186959842,0.8917004058660426,1.0069641463913825
2026-04-27 19:35:00+00:00,0.9842709186959842,0.8917004058660426,1.0069641463913825
2026-04-27 19:40:00+00:00,0.9842709186959842,0.8917004058660426,1.0069641463913825
2026-04-27 19:45:00+00:00,0.9842709186959842,0.8917004058660426,1.0069641463913825
2026-04-27 19:50:00+00:00,0.9842709186959842,0.8917004058660426,1.0069641463913825
2026-04-27 19:55:00+00:00,0.9842709186959842,0.8917004058660426,1.0069641463913825
2026-04-28 13:30:00+00:00,0.9842709186959842,0.8917004058660426,1.0069641463913825
2026-04-28 13:35:00+00:00,0.9842709186959842,0.8927316772073183,1.004389820167007
2026-04-28 13:40:00+00:00,0.9842709186959842,0.8924795470430197,1.0046734854349078
2026-04-28 13:45:00+00:00,0.9842709186959842,0.8915410006852487,1.0057300168071148
2026-04-28 13:50:00+00:00,0.9842709186959842,0.8909130840547502,1.0064383573128899
2026-04-28 13:55:00+00:00,0.9842709186959842,0.8910531369627053,1.0062801436541817
2026-04-28 14:00:00+00:00,0.9842709186959842,0.8922891770723816,1.0048842643653582
2026-04-28 14:05:00+00:00,0.9842709186959842,0.8917008468526376,1.0055468340739937
2026-04-28 14:10:00+00:00,0.9842709186959842,0.8914731864032621,1.0058035605814557
2026-04-28 14:15:00+00:00,0.9842709186959842,0.8928386943003666,1.0042629279232251
2026-04-28 14:20:00+00:00,0.9842709186959842,0.8923488128444313,1.0048139454680665
2026-04-28 14:25:00+00:00,0.9842709186959842,0.892889679791058,1.0042049115983616
2026-04-28 14:30:00+00:00,0.9842709186959842,0.8926027266695686,1.0045276387398216
2026-04-28 14:35:00+00:00,0.9842709186959842,0.8922395292342868,1.004936378094026
2026-04-28 14:40:00+00:00,0.9842709186959842,0.8933847111865293,1.0036465506815004
2026-04-28 14:45:00+00:00,0.9842709186959842,0.8939430555238935,1.0030192952995005
2026-04-28 14:50:00+00:00,0.9842709186959842,0.8955942867555875,1.0011665858051364
2026-04-28 14:55:00+00:00,0.9842709186959842,0.8947031009952521,1.0021628241891767
2026-04-28 15:00:00+00:00,0.9842709186959842,0.8950086065967451,1.0018206253568966
2026-04-28 15:05:00+00:00,0.9842709186959842,0.8953587662388928,1.0014286770012208
2026-04-28 15:10:00+00:00,0.9842709186959842,0.8950830478890969,1.0017370587054855
2026-04-28 15:15:00+00:00,0.9842709186959842,0.8962142689585036,1.000471046496355
2026-04-28 15:20:00+00:00,0.9842709186959842,0.8970087383913994,0.9995841562821853
2026-04-28 15:25:00+00:00,0.9842709186959842,0.8975379479544642,0.9989944301491477
2026-04-28 15:30:00+00:00,0.9842709186959842,0.897684496218233,0.9988313162667912
2026-04-28 15:35:00+00:00,0.9842709186959842,0.8977589559150634,0.998748466805419
2026-04-28 15:40:00+00:00,0.9842709186959842,0.8994789014553957,0.996835043430383
2026-04-28 15:45:00+00:00,0.9842709186959842,0.9012709930452912,0.9948489827290655
2026-04-28 15:50:00+00:00,0.9842709186959842,0.9006164014013556,0.9955715399134168
2026-04-28 15:55:00+00:00,0.9842709186959842,0.9001396665776258,0.996098538557737
2026-04-28 16:00:00+00:00,0.9842709186959842,0.8985277301246746,0.9978823145701167
2026-04-28 16:05:00+00:00,0.9842709186959842,0.8975602561326745,0.9989567668703139
2026-04-28 16:10:00+00:00,0.9842709186959842,0.8969220998961428,0.9996670149973317
2026-04-28 16:15:00+00:00,0.9842709186959842,0.8965864127544879,1.000041156032445
2026-04-28 16:20:00+00:00,0.9842709186959842,0.8961369659119485,1.0005424633616598
2026-04-28 16:25:00+00:00,0.9842709186959842,0.8955096700358101,1.0010272429311462
2026-04-28 16:30:00+00:00,0.9842709186959842,0.8955096700358101,1.0021416738591673
2026-04-28 16:35:00+00:00,0.9842709186959842,0.8955096700358101,1.001440174687466
2026-04-28 16:40:00+00:00,0.9842709186959842,0.8955096700358101,1.001440174687466
2026-04-28 16:45:00+00:00,0.9842709186959842,0.8955096700358101,1.001440174687466
2026-04-28 16:50:00+00:00,0.9842709186959842,0.8955096700358101,1.001440174687466
2026-04-28 16:55:00+00:00,0.9842709186959842,0.8955096700358101,1.001440174687466
2026-04-28 17:00:00+00:00,0.9842709186959842,0.8955096700358101,1.001440174687466
2026-04-28 17:05:00+00:00,0.9842709186959842,0.8955096700358101,1.001440174687466
2026-04-28 17:10:00+00:00,0.9842709186959842,0.8955096700358101,1.001440174687466
2026-04-28 17:15:00+00:00,0.9842709186959842,0.8955096700358101,1.001440174687466
2026-04-28 17:20:00+00:00,0.9842709186959842,0.8955096700358101,1.001440174687466
2026-04-28 17:25:00+00:00,0.9842709186959842,0.8955096700358101,1.001440174687466
2026-04-28 17:30:00+00:00,0.9842709186959842,0.8955096700358101,1.001440174687466
2026-04-28 17:35:00+00:00,0.9842709186959842,0.8955096700358101,1.001440174687466
2026-04-28 17:40:00+00:00,0.9842709186959842,0.8955096700358101,1.001440174687466
2026-04-28 17:45:00+00:00,0.9842709186959842,0.8955096700358101,1.001440174687466
2026-04-28 17:50:00+00:00,0.9842709186959842,0.8955096700358101,1.001440174687466
2026-04-28 17:55:00+00:00,0.9842709186959842,0.8955096700358101,1.001440174687466
2026-04-28 18:00:00+00:00,0.9842709186959842,0.8955096700358101,1.001440174687466
2026-04-28 18:05:00+00:00,0.9842709186959842,0.8955096700358101,1.001440174687466
2026-04-28 18:10:00+00:00,0.9842709186959842,0.8955096700358101,1.001440174687466
2026-04-28 18:15:00+00:00,0.9842709186959842,0.8955096700358101,1.001440174687466
2026-04-28 18:20:00+00:00,0.9842709186959842,0.8955096700358101,1.001440174687466
2026-04-28 18:25:00+00:00,0.9842709186959842,0.8955096700358101,1.001440174687466
2026-04-28 18:30:00+00:00,0.9842709186959842,0.8955096700358101,1.001440174687466
2026-04-28 18:35:00+00:00,0.9842709186959842,0.8955096700358101,1.001440174687466
2026-04-28 18:40:00+00:00,0.9842709186959842,0.8937922999012402,1.001440174687466
2026-04-28 18:45:00+00:00,0.9842709186959842,0.8946829736578882,1.001440174687466
2026-04-28 18:50:00+00:00,0.9842709186959842,0.8910544103655766,1.001440174687466
2026-04-28 18:55:00+00:00,0.9842709186959842,0.8904306722783207,1.001440174687466
2026-04-28 19:00:00+00:00,0.9842709186959842,0.8904306722783207,1.001440174687466
2026-04-28 19:05:00+00:00,0.9842709186959842,0.8904306722783207,1.001440174687466
2026-04-28 19:10:00+00:00,0.9842709186959842,0.8904306722783207,1.001440174687466
2026-04-28 19:15:00+00:00,0.9830408689065718,0.8904306722783207,1.001440174687466
2026-04-28 19:20:00+00:00,0.9848761878082896,0.8904306722783207,1.001440174687466
2026-04-28 19:25:00+00:00,0.9839012103060593,0.8904306722783207,1.001440174687466
2026-04-28 19:30:00+00:00,0.9839349338845229,0.8904306722783207,1.001440174687466
2026-04-28 19:35:00+00:00,0.9855445337206715,0.8904306722783207,1.001440174687466
2026-04-28 19:40:00+00:00,0.9865971553192239,0.8904306722783207,1.001440174687466
2026-04-28 19:45:00+00:00,0.986591367323886,0.8904306722783207,1.001440174687466
2026-04-28 19:50:00+00:00,0.9866189236227315,0.8904306722783207,1.001440174687466
2026-04-28 19:55:00+00:00,0.9862596899785253,0.8904306722783207,1.001440174687466
2026-04-29 13:30:00+00:00,0.9864054481066568,0.8904306722783207,1.001440174687466
2026-04-29 13:35:00+00:00,0.9861648079120352,0.8904306722783207,1.001440174687466
2026-04-29 13:40:00+00:00,0.9854744925464968,0.8904306722783207,1.001440174687466
2026-04-29 13:45:00+00:00,0.9854744925464968,0.8904306722783207,1.001440174687466
2026-04-29 13:50:00+00:00,0.9854744925464968,0.8904306722783207,1.001440174687466
2026-04-29 13:55:00+00:00,0.9854744925464968,0.8904306722783207,1.001440174687466
2026-04-29 14:00:00+00:00,0.9854744925464968,0.8904306722783207,1.001440174687466
2026-04-29 14:05:00+00:00,0.9854744925464968,0.8904306722783207,1.001440174687466
2026-04-29 14:10:00+00:00,0.9854744925464968,0.8904306722783207,1.001440174687466
2026-04-29 14:15:00+00:00,0.9854744925464968,0.8883350523902642,1.001440174687466
2026-04-29 14:20:00+00:00,0.9854744925464968,0.8860241104351829,1.001440174687466
2026-04-29 14:25:00+00:00,0.9854744925464968,0.8854038935578783,1.001440174687466
2026-04-29 14:30:00+00:00,0.9854744925464968,0.8854038935578783,1.001440174687466
2026-04-29 14:35:00+00:00,0.9854744925464968,0.8854038935578783,1.001440174687466
2026-04-29 14:40:00+00:00,0.9854744925464968,0.8859532589533968,1.001440174687466
2026-04-29 14:45:00+00:00,0.9854744925464968,0.8871421465611287,1.001440174687466
2026-04-29 14:50:00+00:00,0.9854744925464968,0.8875394816915863,1.001440174687466
2026-04-29 14:55:00+00:00,0.9854744925464968,0.8878875367984618,1.001440174687466
2026-04-29 15:00:00+00:00,0.9854744925464968,0.8854807067908915,1.001440174687466
2026-04-29 15:05:00+00:00,0.9854744925464968,0.8864819232022614,1.001440174687466
2026-04-29 15:10:00+00:00,0.9854744925464968,0.8867141037960315,1.001440174687466
2026-04-29 15:15:00+00:00,0.9854744925464968,0.8860023378938268,1.001440174687466
2026-04-29 15:20:00+00:00,0.9854744925464968,0.8868303043411677,1.001440174687466
2026-04-29 15:25:00+00:00,0.9854744925464968,0.8850852948035152,1.001440174687466
2026-04-29 15:30:00+00:00,0.9854744925464968,0.8842557510819434,1.001440174687466
2026-04-29 15:35:00+00:00,0.9854744925464968,0.8840835118012409,1.001440174687466
2026-04-29 15:40:00+00:00,0.9854744925464968,0.8824534460819486,1.001440174687466
2026-04-29 15:45:00+00:00,0.9854744925464968,0.8818357286696913,1.001440174687466
2026-04-29 15:50:00+00:00,0.9854744925464968,0.8818357286696913,1.001440174687466
2026-04-29 15:55:00+00:00,0.9854744925464968,0.8818357286696913,1.001440174687466
2026-04-29 16:00:00+00:00,0.9854744925464968,0.8818357286696913,1.001440174687466
2026-04-29 16:05:00+00:00,0.9854744925464968,0.8818357286696913,1.001440174687466
2026-04-29 16:10:00+00:00,0.9854744925464968,0.8818357286696913,1.001440174687466
2026-04-29 16:15:00+00:00,0.9854744925464968,0.8831774973168566,1.001440174687466
2026-04-29 16:20:00+00:00,0.9854744925464968,0.8831563025176422,1.001440174687466
2026-04-29 16:25:00+00:00,0.9854744925464968,0.8853091028209188,1.001440174687466
2026-04-29 16:30:00+00:00,0.9854744925464968,0.8854928787014026,1.001440174687466
2026-04-29 16:35:00+00:00,0.9854744925464968,0.8855118505375349,1.001440174687466
2026-04-29 16:40:00+00:00,0.9854744925464968,0.8858016365270024,1.001440174687466
2026-04-29 16:45:00+00:00,0.9854744925464968,0.8852843746456369,1.001440174687466
2026-04-29 16:50:00+00:00,0.9854744925464968,0.8837265891105699,1.001440174687466
2026-04-29 16:55:00+00:00,0.9854744925464968,0.8850933337060949,1.001440174687466
2026-04-29 17:00:00+00:00,0.9854744925464968,0.8853613195505674,1.001440174687466
2026-04-29 17:05:00+00:00,0.9854744925464968,0.8838873086242567,1.001440174687466
2026-04-29 17:10:00+00:00,0.9854744925464968,0.885029961137511,1.001440174687466
2026-04-29 17:15:00+00:00,0.9854744925464968,0.8841442707220303,1.001440174687466
2026-04-29 17:20:00+00:00,0.9854744925464968,0.8833322187166187,1.001440174687466
2026-04-29 17:25:00+00:00,0.9854744925464968,0.8836442573328261,1.001440174687466
2026-04-29 17:30:00+00:00,0.9854744925464968,0.8832553690901047,1.001440174687466
2026-04-29 17:35:00+00:00,0.9854744925464968,0.8840707614875082,1.001440174687466
2026-04-29 17:40:00+00:00,0.9854744925464968,0.8843526695238262,1.001440174687466
2026-04-29 17:45:00+00:00,0.9854744925464968,0.8825112633741351,1.001440174687466
2026-04-29 17:50:00+00:00,0.9854744925464968,0.8818935054897732,1.001440174687466
2026-04-29 17:55:00+00:00,0.9854744925464968,0.8818935054897732,1.001440174687466
2026-04-29 18:00:00+00:00,0.9854744925464968,0.8818935054897732,1.001440174687466
2026-04-29 18:05:00+00:00,0.983738515388606,0.8803399929505836,1.001440174687466
2026-04-29 18:10:00+00:00,0.983049898427834,0.8813911577734438,1.001440174687466
2026-04-29 18:15:00+00:00,0.983049898427834,0.8820769656241071,1.001440174687466
2026-04-29 18:20:00+00:00,0.983049898427834,0.883511452011292,1.001440174687466
2026-04-29 18:25:00+00:00,0.983049898427834,0.8840315796511218,1.001440174687466
2026-04-29 18:30:00+00:00,0.983049898427834,0.8830257392574679,1.001440174687466
2026-04-29 18:35:00+00:00,0.983049898427834,0.8814447424258057,1.001440174687466
2026-04-29 18:40:00+00:00,0.983049898427834,0.881142157982755,1.001440174687466
2026-04-29 18:45:00+00:00,0.983049898427834,0.8805457067125511,1.001440174687466
2026-04-29 18:50:00+00:00,0.983049898427834,0.8799293247178522,1.001440174687466
2026-04-29 18:55:00+00:00,0.983049898427834,0.8799293247178522,1.001440174687466
2026-04-29 19:00:00+00:00,0.983049898427834,0.8799293247178522,1.001440174687466
2026-04-29 19:05:00+00:00,0.983049898427834,0.8799293247178522,1.001440174687466
2026-04-29 19:10:00+00:00,0.983049898427834,0.8799293247178522,1.001440174687466
2026-04-29 19:15:00+00:00,0.983049898427834,0.8799293247178522,1.001440174687466
2026-04-29 19:20:00+00:00,0.983049898427834,0.8799293247178522,1.001440174687466
2026-04-29 19:25:00+00:00,0.983049898427834,0.8799293247178522,1.001440174687466
2026-04-29 19:30:00+00:00,0.983049898427834,0.8799293247178522,1.001440174687466
2026-04-29 19:35:00+00:00,0.983049898427834,0.8802007585584933,1.001440174687466
2026-04-29 19:40:00+00:00,0.983049898427834,0.8788120280089858,1.001440174687466
2026-04-29 19:45:00+00:00,0.983049898427834,0.8790586998185226,1.001440174687466
2026-04-29 19:50:00+00:00,0.983049898427834,0.8782864996391729,1.001440174687466
2026-04-29 19:55:00+00:00,0.983049898427834,0.8790121663757273,1.001440174687466
2026-04-30 13:30:00+00:00,0.983049898427834,0.8811063812389647,1.001440174687466
2026-04-30 13:35:00+00:00,0.983049898427834,0.8816245316386279,1.001440174687466
2026-04-30 13:40:00+00:00,0.983049898427834,0.8816870908473505,1.001440174687466
2026-04-30 13:45:00+00:00,0.983049898427834,0.8817886639932464,1.001440174687466
2026-04-30 13:50:00+00:00,0.983049898427834,0.8827198504981935,1.001440174687466
2026-04-30 13:55:00+00:00,0.983049898427834,0.883252087692207,1.0001353467822183
2026-04-30 14:00:00+00:00,0.983049898427834,0.8837451846903571,0.9995769968568524
2026-04-30 14:05:00+00:00,0.983049898427834,0.8834232270696024,0.9999411532191662
2026-04-30 14:10:00+00:00,0.983049898427834,0.8822843642080198,1.0012302248761873
2026-04-30 14:15:00+00:00,0.983049898427834,0.8828716852554352,1.0005637236797096
2026-04-30 14:20:00+00:00,0.983049898427834,0.8807207444119376,1.003001397710633
2026-04-30 14:25:00+00:00,0.983049898427834,0.8797947595016359,1.0040559478222142
2026-04-30 14:30:00+00:00,0.983049898427834,0.8791789031699847,1.0033531086587386
2026-04-30 14:35:00+00:00,0.983049898427834,0.8791789031699847,1.0033531086587386
2026-04-30 14:40:00+00:00,0.983049898427834,0.8791789031699847,1.0033531086587386
2026-04-30 14:45:00+00:00,0.983049898427834,0.8791789031699847,1.0033531086587386
2026-04-30 14:50:00+00:00,0.983049898427834,0.8791789031699847,1.0033531086587386
2026-04-30 14:55:00+00:00,0.983049898427834,0.8791789031699847,1.0033531086587386
2026-04-30 15:00:00+00:00,0.983049898427834,0.8791789031699847,1.0033531086587386
2026-04-30 15:05:00+00:00,0.983049898427834,0.8791789031699847,1.0033531086587386
2026-04-30 15:10:00+00:00,0.983049898427834,0.8791789031699847,1.0033531086587386
2026-04-30 15:15:00+00:00,0.983049898427834,0.8790025113548756,1.0033531086587386
2026-04-30 15:20:00+00:00,0.983049898427834,0.8813028191324876,1.0033531086587386
2026-04-30 15:25:00+00:00,0.983049898427834,0.8802483813764423,1.0033531086587386
2026-04-30 15:30:00+00:00,0.983049898427834,0.8804538696276446,1.0033531086587386
2026-04-30 15:35:00+00:00,0.983049898427834,0.8803409643975996,1.0033531086587386
2026-04-30 15:40:00+00:00,0.983049898427834,0.880256462333659,1.0033531086587386
2026-04-30 15:45:00+00:00,0.983049898427834,0.8803423974526279,1.0033531086587386
2026-04-30 15:50:00+00:00,0.983049898427834,0.8809562561288934,1.0033531086587386
2026-04-30 15:55:00+00:00,0.983049898427834,0.881207384319913,1.0033531086587386
2026-04-30 16:00:00+00:00,0.983049898427834,0.8807564147115557,1.0033531086587386
2026-04-30 16:05:00+00:00,0.983049898427834,0.8824039711485575,1.0033531086587386
2026-04-30 16:10:00+00:00,0.983049898427834,0.883191177322092,1.0033531086587386
2026-04-30 16:15:00+00:00,0.983049898427834,0.8836061149728838,1.0033531086587386
2026-04-30 16:20:00+00:00,0.983049898427834,0.8863614992099647,1.0033531086587386
2026-04-30 16:25:00+00:00,0.983049898427834,0.8876437425393426,1.0033531086587386
2026-04-30 16:30:00+00:00,0.983049898427834,0.8887265991232981,1.0033531086587386
2026-04-30 16:35:00+00:00,0.983049898427834,0.8895413614828632,1.0033531086587386
2026-04-30 16:40:00+00:00,0.983049898427834,0.8888365930619766,1.0033531086587386
2026-04-30 16:45:00+00:00,0.983049898427834,0.8884637455602689,1.0033531086587386
2026-04-30 16:50:00+00:00,0.983049898427834,0.88850879444333,1.0033531086587386
2026-04-30 16:55:00+00:00,0.983049898427834,0.8871777650094188,1.0033531086587386
2026-04-30 17:00:00+00:00,0.983049898427834,0.8886062522641849,1.0033531086587386
2026-04-30 17:05:00+00:00,0.983049898427834,0.8892461625177454,1.0033531086587386
2026-04-30 17:10:00+00:00,0.983049898427834,0.8891041067757655,1.0033531086587386
2026-04-30 17:15:00+00:00,0.983049898427834,0.8897405906076403,1.0033531086587386
2026-04-30 17:20:00+00:00,0.983049898427834,0.891118220910687,1.0033531086587386
2026-04-30 17:25:00+00:00,0.983049898427834,0.8908686854960653,1.0033531086587386
2026-04-30 17:30:00+00:00,0.983049898427834,0.8899568965677291,1.0033531086587386
2026-04-30 17:35:00+00:00,0.983049898427834,0.8906781833992035,1.0033531086587386
2026-04-30 17:40:00+00:00,0.983049898427834,0.8897516684102874,1.0033531086587386
2026-04-30 17:45:00+00:00,0.983049898427834,0.8877403140172049,1.0033531086587386
2026-04-30 17:50:00+00:00,0.983049898427834,0.8892734724433035,1.0033531086587386
2026-04-30 17:55:00+00:00,0.983049898427834,0.8888187564657466,1.0033531086587386
2026-04-30 18:00:00+00:00,0.983049898427834,0.890313546983165,1.0033531086587386
2026-04-30 18:05:00+00:00,0.983049898427834,0.8909412234494072,1.0033531086587386
2026-04-30 18:10:00+00:00,0.983049898427834,0.8921819459765004,1.0033531086587386
2026-04-30 18:15:00+00:00,0.983049898427834,0.891589100753968,1.0033531086587386
2026-04-30 18:20:00+00:00,0.983049898427834,0.890750543970051,1.0033531086587386
2026-04-30 18:25:00+00:00,0.983049898427834,0.8932656236114981,1.0033531086587386
2026-04-30 18:30:00+00:00,0.983049898427834,0.8939333404625855,1.0033531086587386
2026-04-30 18:35:00+00:00,0.983049898427834,0.8930486038800144,1.0033531086587386
2026-04-30 18:40:00+00:00,0.983049898427834,0.8919899227956798,1.0033531086587386
2026-04-30 18:45:00+00:00,0.983049898427834,0.8923191861128188,1.0033531086587386
2026-04-30 18:50:00+00:00,0.983049898427834,0.892919356371097,1.0033531086587386
2026-04-30 18:55:00+00:00,0.983049898427834,0.8925727773256547,1.0033531086587386
2026-04-30 19:00:00+00:00,0.983049898427834,0.8916433348530102,1.0033531086587386
2026-04-30 19:05:00+00:00,0.983049898427834,0.8928596799193809,1.0033531086587386
2026-04-30 19:10:00+00:00,0.983049898427834,0.8939864040224895,1.0033531086587386
2026-04-30 19:15:00+00:00,0.983049898427834,0.8953726937929037,1.0033531086587386
2026-04-30 19:20:00+00:00,0.983049898427834,0.8946052484991339,1.0033531086587386
2026-04-30 19:25:00+00:00,0.983049898427834,0.8961796989447236,1.0033531086587386
2026-04-30 19:30:00+00:00,0.983049898427834,0.8961628475828727,1.0033531086587386
2026-04-30 19:35:00+00:00,0.983049898427834,0.8956561764381523,1.0033531086587386
2026-04-30 19:40:00+00:00,0.983049898427834,0.8941067647092077,1.0033531086587386
2026-04-30 19:45:00+00:00,0.983049898427834,0.8945222474800867,1.0033531086587386
2026-04-30 19:50:00+00:00,0.983049898427834,0.8943806766730731,1.0033531086587386
2026-04-30 19:55:00+00:00,0.983049898427834,0.8930687403362281,1.0033531086587386
2026-05-01 13:30:00+00:00,0.983049898427834,0.8924435922179926,1.0033531086587386
2026-05-01 13:35:00+00:00,0.983049898427834,0.8924435922179926,1.0033531086587386
2026-05-01 13:40:00+00:00,0.983049898427834,0.8906171153019931,1.0033531086587386
2026-05-01 13:45:00+00:00,0.983049898427834,0.891462200646856,1.0033531086587386
2026-05-01 13:50:00+00:00,0.983049898427834,0.8922543330136403,1.0033531086587386
2026-05-01 13:55:00+00:00,0.983049898427834,0.8912139190186038,1.0033531086587386
2026-05-01 14:00:00+00:00,0.983049898427834,0.8910962963431206,1.0033531086587386
2026-05-01 14:05:00+00:00,0.983049898427834,0.8915591846435527,1.0033531086587386
2026-05-01 14:10:00+00:00,0.983049898427834,0.8898543977449678,1.0033531086587386
2026-05-01 14:15:00+00:00,0.983049898427834,0.8892314996665462,1.0033531086587386
2026-05-01 14:20:00+00:00,0.983049898427834,0.8892314996665462,1.0033531086587386
2026-05-01 14:25:00+00:00,0.983049898427834,0.8892314996665462,1.0033531086587386
2026-05-01 14:30:00+00:00,0.983049898427834,0.8892314996665462,1.0033531086587386
2026-05-01 14:35:00+00:00,0.983049898427834,0.8892314996665462,1.0033531086587386
2026-05-01 14:40:00+00:00,0.983049898427834,0.8892314996665462,1.0033531086587386
2026-05-01 14:45:00+00:00,0.983049898427834,0.8892314996665462,1.0033531086587386
2026-05-01 14:50:00+00:00,0.983049898427834,0.8892314996665462,1.0033531086587386
2026-05-01 14:55:00+00:00,0.983049898427834,0.8892314996665462,1.0033531086587386
2026-05-01 15:00:00+00:00,0.983049898427834,0.8888169441434685,1.0033531086587386
2026-05-01 15:05:00+00:00,0.983049898427834,0.8877914424978839,1.0033531086587386
2026-05-01 15:10:00+00:00,0.983049898427834,0.8889246053471168,1.0033531086587386
2026-05-01 15:15:00+00:00,0.983049898427834,0.8885777813204481,1.0033531086587386
2026-05-01 15:20:00+00:00,0.983049898427834,0.8885808909123787,1.0033531086587386
2026-05-01 15:25:00+00:00,0.983049898427834,0.8864230225320512,1.0033531086587386
2026-05-01 15:30:00+00:00,0.983049898427834,0.8858025264162788,1.0033531086587386
2026-05-01 15:35:00+00:00,0.983049898427834,0.8858025264162788,1.0033531086587386
2026-05-01 15:40:00+00:00,0.983049898427834,0.8858025264162788,1.0033531086587386
2026-05-01 15:45:00+00:00,0.983049898427834,0.8858025264162788,1.0033531086587386
2026-05-01 15:50:00+00:00,0.983049898427834,0.8858025264162788,1.0033531086587386
2026-05-01 15:55:00+00:00,0.983049898427834,0.8858025264162788,1.0033531086587386
2026-05-01 16:00:00+00:00,0.983049898427834,0.8858025264162788,1.0033531086587386
2026-05-01 16:05:00+00:00,0.983049898427834,0.8858025264162788,1.0033531086587386
2026-05-01 16:10:00+00:00,0.983049898427834,0.8858025264162788,1.0033531086587386
2026-05-01 16:15:00+00:00,0.983049898427834,0.8858025264162788,1.0033531086587386
2026-05-01 16:20:00+00:00,0.983049898427834,0.8858025264162788,1.0033531086587386
2026-05-01 16:25:00+00:00,0.983049898427834,0.8858025264162788,1.0033531086587386
2026-05-01 16:30:00+00:00,0.983049898427834,0.8872569701966085,1.0033531086587386
2026-05-01 16:35:00+00:00,0.983049898427834,0.8858876117183133,1.0033531086587386
2026-05-01 16:40:00+00:00,0.983049898427834,0.887757309913431,1.0033531086587386
2026-05-01 16:45:00+00:00,0.983049898427834,0.8861328208809265,1.0033531086587386
2026-05-01 16:50:00+00:00,0.983049898427834,0.8868495830507546,1.0033531086587386
2026-05-01 16:55:00+00:00,0.983049898427834,0.8875177665348658,1.0033531086587386
2026-05-01 17:00:00+00:00,0.983049898427834,0.8871939065104641,1.0033531086587386
2026-05-01 17:05:00+00:00,0.983049898427834,0.8878392828907427,1.0033531086587386
2026-05-01 17:10:00+00:00,0.983049898427834,0.8880350085872533,1.0033531086587386
2026-05-01 17:15:00+00:00,0.983049898427834,0.8860394765107611,1.0033531086587386
2026-05-01 17:20:00+00:00,0.983049898427834,0.8874846007236283,1.0033531086587386
2026-05-01 17:25:00+00:00,0.983049898427834,0.8875908147529824,1.0033531086587386
2026-05-01 17:30:00+00:00,0.983049898427834,0.8879788504509084,1.0033531086587386
2026-05-01 17:35:00+00:00,0.983049898427834,0.8887847014450692,1.0033531086587386
2026-05-01 17:40:00+00:00,0.983049898427834,0.8886789446563401,1.0033531086587386
2026-05-01 17:45:00+00:00,0.983049898427834,0.8867307094822158,1.0033531086587386
2026-05-01 17:50:00+00:00,0.983049898427834,0.886593620740593,1.0033531086587386
2026-05-01 17:55:00+00:00,0.983049898427834,0.8865694410304281,1.0033531086587386
2026-05-01 18:00:00+00:00,0.983049898427834,0.8865039684129954,1.0033531086587386
2026-05-01 18:05:00+00:00,0.983049898427834,0.8874481970902346,1.0033531086587386
2026-05-01 18:10:00+00:00,0.983049898427834,0.8879717348697609,1.0033531086587386
2026-05-01 18:15:00+00:00,0.983049898427834,0.888355317112318,1.0033531086587386
2026-05-01 18:20:00+00:00,0.983049898427834,0.8895842867634587,1.0033531086587386
2026-05-01 18:25:00+00:00,0.983049898427834,0.8889022084880973,1.0033531086587386
2026-05-01 18:30:00+00:00,0.983049898427834,0.888202418912371,1.0033531086587386
2026-05-01 18:35:00+00:00,0.983049898427834,0.8890284978954238,1.0033531086587386
2026-05-01 18:40:00+00:00,0.983049898427834,0.8888092888543204,1.0033531086587386
2026-05-01 18:45:00+00:00,0.983049898427834,0.8887962673817148,1.0033531086587386
2026-05-01 18:50:00+00:00,0.983049898427834,0.8891605049677845,1.0033531086587386
2026-05-01 18:55:00+00:00,0.983049898427834,0.8900836504398283,1.0033531086587386
2026-05-01 19:00:00+00:00,0.983049898427834,0.8886250401810015,1.0033531086587386
2026-05-01 19:05:00+00:00,0.983049898427834,0.8889101358506641,1.0033531086587386
2026-05-01 19:10:00+00:00,0.983049898427834,0.8896361980551896,1.0033531086587386
2026-05-01 19:15:00+00:00,0.983049898427834,0.8884438497161333,1.0033531086587386
2026-05-01 19:20:00+00:00,0.983049898427834,0.8902458550368386,1.0033531086587386
2026-05-01 19:25:00+00:00,0.983049898427834,0.8903733028997283,1.0033531086587386
2026-05-01 19:30:00+00:00,0.983049898427834,0.891098436758058,1.0033531086587386
2026-05-01 19:35:00+00:00,0.983049898427834,0.8903355325520969,1.0033531086587386
2026-05-01 19:40:00+00:00,0.983049898427834,0.8905991758224652,1.0033531086587386
2026-05-01 19:45:00+00:00,0.983049898427834,0.889989209010267,1.0033531086587386
2026-05-01 19:50:00+00:00,0.983049898427834,0.8899545310883991,1.0033531086587386
2026-05-01 19:55:00+00:00,0.983049898427834,0.8889541053420652,1.0033531086587386
2026-05-04 13:30:00+00:00,0.983049898427834,0.8883318374683258,1.0033531086587386
2026-05-04 13:35:00+00:00,0.983049898427834,0.8883318374683258,1.0033531086587386
2026-05-04 13:40:00+00:00,0.983049898427834,0.8883318374683258,1.0033531086587386
2026-05-04 13:45:00+00:00,0.983049898427834,0.8883318374683258,1.0033531086587386
2026-05-04 13:50:00+00:00,0.983049898427834,0.8883318374683258,1.0033531086587386
2026-05-04 13:55:00+00:00,0.983049898427834,0.8883318374683258,1.0033531086587386
2026-05-04 14:00:00+00:00,0.983049898427834,0.8883318374683258,1.0033531086587386
2026-05-04 14:05:00+00:00,0.983049898427834,0.8883318374683258,1.0033531086587386
2026-05-04 14:10:00+00:00,0.983049898427834,0.8883318374683258,1.0033531086587386
2026-05-04 14:15:00+00:00,0.983049898427834,0.8883318374683258,1.0033531086587386
2026-05-04 14:20:00+00:00,0.983049898427834,0.8883318374683258,1.0033531086587386
2026-05-04 14:25:00+00:00,0.983049898427834,0.8883318374683258,1.0033531086587386
2026-05-04 14:30:00+00:00,0.983049898427834,0.8883318374683258,1.0033531086587386
2026-05-04 14:35:00+00:00,0.983049898427834,0.8883318374683258,1.0033531086587386
2026-05-04 14:40:00+00:00,0.983049898427834,0.8883318374683258,1.0033531086587386
2026-05-04 14:45:00+00:00,0.983049898427834,0.8883318374683258,1.0033531086587386
2026-05-04 14:50:00+00:00,0.983049898427834,0.8883318374683258,1.0033531086587386
2026-05-04 14:55:00+00:00,0.983049898427834,0.8883318374683258,1.0033531086587386
2026-05-04 15:00:00+00:00,0.983049898427834,0.8883318374683258,1.0033531086587386
2026-05-04 15:05:00+00:00,0.983049898427834,0.8883318374683258,1.0033531086587386
2026-05-04 15:10:00+00:00,0.983049898427834,0.8870308323069176,1.0033531086587386
2026-05-04 15:15:00+00:00,0.983049898427834,0.8860699261412636,1.0033531086587386
2026-05-04 15:20:00+00:00,0.983049898427834,0.8856943554976198,1.0033531086587386
2026-05-04 15:25:00+00:00,0.983049898427834,0.8865185586221419,1.0033531086587386
2026-05-04 15:30:00+00:00,0.983049898427834,0.8876595853306303,1.0033531086587386
2026-05-04 15:35:00+00:00,0.983049898427834,0.8884264741641537,1.0033531086587386
2026-05-04 15:40:00+00:00,0.983049898427834,0.8893593426992362,1.0033531086587386
2026-05-04 15:45:00+00:00,0.983049898427834,0.890039733681873,1.0033531086587386
2026-05-04 15:50:00+00:00,0.983049898427834,0.8909498565061449,1.0033531086587386
2026-05-04 15:55:00+00:00,0.983049898427834,0.8910377779585615,1.0033531086587386
2026-05-04 16:00:00+00:00,0.983049898427834,0.8938189263805112,1.0033531086587386
2026-05-04 16:05:00+00:00,0.983049898427834,0.8935725546540436,1.0033531086587386
2026-05-04 16:10:00+00:00,0.983049898427834,0.8933633032341021,1.0033531086587386
2026-05-04 16:15:00+00:00,0.983049898427834,0.8928390349201332,1.0033531086587386
2026-05-04 16:20:00+00:00,0.983049898427834,0.8942372267868309,1.0033531086587386
2026-05-04 16:25:00+00:00,0.983049898427834,0.8926916396815234,1.0033531086587386
2026-05-04 16:30:00+00:00,0.983049898427834,0.8935804771200783,1.0033531086587386
2026-05-04 16:35:00+00:00,0.983049898427834,0.8932974513081456,1.0033531086587386
2026-05-04 16:40:00+00:00,0.983049898427834,0.8942539762191929,1.0033531086587386
2026-05-04 16:45:00+00:00,0.983049898427834,0.8928308292211254,1.0033531086587386
2026-05-04 16:50:00+00:00,0.983049898427834,0.8904095080724524,1.0033531086587386
2026-05-04 16:55:00+00:00,0.983049898427834,0.8897862214168017,1.0033531086587386
2026-05-04 17:00:00+00:00,0.983049898427834,0.8897862214168017,1.0033531086587386
2026-05-04 17:05:00+00:00,0.983049898427834,0.8897862214168017,1.0033531086587386
2026-05-04 17:10:00+00:00,0.983049898427834,0.8897862214168017,1.0033531086587386
2026-05-04 17:15:00+00:00,0.983049898427834,0.8897862214168017,1.0033531086587386
2026-05-04 17:20:00+00:00,0.983049898427834,0.8897862214168017,1.0033531086587386
2026-05-04 17:25:00+00:00,0.983049898427834,0.8897862214168017,1.0033531086587386
2026-05-04 17:30:00+00:00,0.983049898427834,0.8897862214168017,1.0033531086587386
2026-05-04 17:35:00+00:00,0.983049898427834,0.8897862214168017,1.0033531086587386
2026-05-04 17:40:00+00:00,0.983049898427834,0.8897862214168017,1.0033531086587386
2026-05-04 17:45:00+00:00,0.983049898427834,0.8897862214168017,1.0033531086587386
2026-05-04 17:50:00+00:00,0.983049898427834,0.8897862214168017,1.0033531086587386
2026-05-04 17:55:00+00:00,0.983049898427834,0.8897862214168017,1.0033531086587386
2026-05-04 18:00:00+00:00,0.983049898427834,0.8897862214168017,1.0033531086587386
2026-05-04 18:05:00+00:00,0.9817377805556352,0.8897862214168017,1.0033531086587386
2026-05-04 18:10:00+00:00,0.9810505641092462,0.8897862214168017,1.0033531086587386
2026-05-04 18:15:00+00:00,0.9810505641092462,0.8897862214168017,1.0033531086587386
2026-05-04 18:20:00+00:00,0.9810505641092462,0.8897862214168017,1.0033531086587386
2026-05-04 18:25:00+00:00,0.9810505641092462,0.8897862214168017,1.0033531086587386
2026-05-04 18:30:00+00:00,0.9810505641092462,0.8897862214168017,1.0033531086587386
2026-05-04 18:35:00+00:00,0.9810505641092462,0.8897862214168017,1.0033531086587386
2026-05-04 18:40:00+00:00,0.9810505641092462,0.8897862214168017,1.0033531086587386
2026-05-04 18:45:00+00:00,0.9810505641092462,0.8897862214168017,1.0033531086587386
2026-05-04 18:50:00+00:00,0.9810505641092462,0.8897862214168017,1.0033531086587386
2026-05-04 18:55:00+00:00,0.9810505641092462,0.888649365241104,1.0033531086587386
2026-05-04 19:00:00+00:00,0.9810505641092462,0.8900204107766018,1.0033531086587386
2026-05-04 19:05:00+00:00,0.9810505641092462,0.889119512041347,1.0033531086587386
2026-05-04 19:10:00+00:00,0.9810505641092462,0.887952744566082,1.0033531086587386
2026-05-04 19:15:00+00:00,0.9810505641092462,0.8886409484952462,1.0033531086587386
2026-05-04 19:20:00+00:00,0.9810505641092462,0.8875191449891945,1.0033531086587386
2026-05-04 19:25:00+00:00,0.9810505641092462,0.8871217033765549,1.0033531086587386
2026-05-04 19:30:00+00:00,0.9810505641092462,0.8865007181841913,1.0033531086587386
2026-05-04 19:35:00+00:00,0.9810505641092462,0.8865007181841913,1.0033531086587386
2026-05-04 19:40:00+00:00,0.9810505641092462,0.8865007181841913,1.0033531086587386
2026-05-04 19:45:00+00:00,0.9810505641092462,0.8865007181841913,1.0033531086587386
2026-05-04 19:50:00+00:00,0.9810505641092462,0.8865007181841913,1.0033531086587386
2026-05-04 19:55:00+00:00,0.9810505641092462,0.8865007181841913,1.0033531086587386
2026-05-05 13:30:00+00:00,0.9810505641092462,0.8865007181841913,1.0033531086587386
2026-05-05 13:35:00+00:00,0.9810505641092462,0.8856680133400934,1.0028908805413106
2026-05-05 13:40:00+00:00,0.9810505641092462,0.8859771541191388,1.0025408233376651
2026-05-05 13:45:00+00:00,0.9810505641092462,0.8871400582037591,1.0012249216656666
2026-05-05 13:50:00+00:00,0.9810505641092462,0.8860825473609187,1.002418426795992
2026-05-05 13:55:00+00:00,0.9810505641092462,0.8852391090753946,1.003372602094662
2026-05-05 14:00:00+00:00,0.9810505641092462,0.8858229351089458,1.0027108655757382
2026-05-05 14:05:00+00:00,0.9810505641092462,0.8851226195263907,1.0035035906409044
2026-05-05 14:10:00+00:00,0.9810505641092462,0.8850887318128318,1.0035420106761457
2026-05-05 14:15:00+00:00,0.9810505641092462,0.8851913672377333,1.003425639337352
2026-05-05 14:20:00+00:00,0.9810505641092462,0.885516717072576,1.0030568327966216
2026-05-05 14:25:00+00:00,0.9805691032770065,0.8857020021775999,1.0028469536525846
2026-05-05 14:30:00+00:00,0.981016288792001,0.8861059238437545,1.002389608392642
2026-05-05 14:35:00+00:00,0.9812758160273679,0.8863403426024283,1.0021244268591663
2026-05-05 14:40:00+00:00,0.9814256055225092,0.886475640416023,1.0019714548715597
2026-05-05 14:45:00+00:00,0.981968488374732,0.8869660009908715,1.0014172069303957
2026-05-05 14:50:00+00:00,0.9819835302178063,0.886979587581029,1.0014018671708649
2026-05-05 14:55:00+00:00,0.9808543132445003,0.8859596189415854,1.0025534139643828
2026-05-05 15:00:00+00:00,0.9802653132567638,0.8854276029248892,1.0031554441951283
2026-05-05 15:05:00+00:00,0.979579127537484,0.8839626434290637,1.0048151870006472
2026-05-05 15:10:00+00:00,0.979579127537484,0.8833438695786634,1.0041118163697467
2026-05-05 15:15:00+00:00,0.979579127537484,0.8833438695786634,1.0041118163697467
2026-05-05 15:20:00+00:00,0.979579127537484,0.8833438695786634,1.0041118163697467
2026-05-05 15:25:00+00:00,0.979579127537484,0.8833438695786634,1.0041118163697467
2026-05-05 15:30:00+00:00,0.979579127537484,0.8833438695786634,1.0041118163697467
2026-05-05 15:35:00+00:00,0.979579127537484,0.883270168954149,1.0041118163697467
2026-05-05 15:40:00+00:00,0.979579127537484,0.882557630221361,1.0041118163697467
2026-05-05 15:45:00+00:00,0.979579127537484,0.8848688818619175,1.0041118163697467
2026-05-05 15:50:00+00:00,0.979579127537484,0.8857519546316815,1.0041118163697467
2026-05-05 15:55:00+00:00,0.979579127537484,0.8862286796631528,1.0041118163697467
2026-05-05 16:00:00+00:00,0.979579127537484,0.8858735572631783,1.0041118163697467
2026-05-05 16:05:00+00:00,0.979579127537484,0.887578021010757,1.0041118163697467
2026-05-05 16:10:00+00:00,0.979579127537484,0.8856336900062459,1.0041118163697467
2026-05-05 16:15:00+00:00,0.979579127537484,0.8864460906053877,1.0041118163697467
2026-05-05 16:20:00+00:00,0.979579127537484,0.8852829990715894,1.0041118163697467
2026-05-05 16:25:00+00:00,0.979579127537484,0.8856603111841591,1.0041118163697467
2026-05-05 16:30:00+00:00,0.979579127537484,0.8848888192599575,1.0041118163697467
2026-05-05 16:35:00+00:00,0.979579127537484,0.8845585123420476,1.0041118163697467
2026-05-05 16:40:00+00:00,0.979579127537484,0.8847012168722752,1.0041118163697467
2026-05-05 16:45:00+00:00,0.979579127537484,0.8846924084874612,1.0041118163697467
2026-05-05 16:50:00+00:00,0.979579127537484,0.8849932237547233,1.0041118163697467
2026-05-05 16:55:00+00:00,0.979579127537484,0.8838037363480384,1.0041118163697467
2026-05-05 17:00:00+00:00,0.979579127537484,0.8831850737325948,1.0041118163697467
2026-05-05 17:05:00+00:00,0.979579127537484,0.8831850737325948,1.0041118163697467
2026-05-05 17:10:00+00:00,0.979579127537484,0.8831850737325948,1.0041118163697467
2026-05-05 17:15:00+00:00,0.979579127537484,0.8831850737325948,1.0041118163697467
2026-05-05 17:20:00+00:00,0.979579127537484,0.8831850737325948,1.0041118163697467
2026-05-05 17:25:00+00:00,0.979579127537484,0.8831850737325948,1.0041118163697467
2026-05-05 17:30:00+00:00,0.979579127537484,0.8831850737325948,1.0041118163697467
2026-05-05 17:35:00+00:00,0.979579127537484,0.8838293965659483,1.0041118163697467
2026-05-05 17:40:00+00:00,0.979579127537484,0.8819728051715836,1.0041118163697467
2026-05-05 17:45:00+00:00,0.979579127537484,0.8820897562109036,1.0041118163697467
2026-05-05 17:50:00+00:00,0.979579127537484,0.8831526410474901,1.0041118163697467
2026-05-05 17:55:00+00:00,0.9813747450460726,0.8853897108348484,1.0041118163697467
2026-05-05 18:00:00+00:00,0.9841570679631017,0.8878999039036969,1.0041118163697467
2026-05-05 18:05:00+00:00,0.9849627250535192,0.888626762325434,1.0041118163697467
2026-05-05 18:10:00+00:00,0.986191818591361,0.8897356422691578,1.0041118163697467
2026-05-05 18:15:00+00:00,0.9875624402202551,0.8909722079071024,1.0041118163697467
2026-05-05 18:20:00+00:00,0.9880665778333295,0.8914270374793063,1.0041118163697467
2026-05-05 18:25:00+00:00,0.9865939486514509,0.8900984413114386,1.0041118163697467
2026-05-05 18:30:00+00:00,0.9859453072332925,0.8895132413757791,1.0041118163697467
2026-05-05 18:35:00+00:00,0.9870586988727316,0.8905177358430201,1.0041118163697467
2026-05-05 18:40:00+00:00,0.9874623911988493,0.8908819443512295,1.0041118163697467
2026-05-05 18:45:00+00:00,0.9872540836312393,0.8906940106612891,1.0041118163697467
2026-05-05 18:50:00+00:00,0.9874523291644745,0.8908728664513237,1.0041118163697467
2026-05-05 18:55:00+00:00,0.9868887525375198,0.8903644113995797,1.0041118163697467
2026-05-05 19:00:00+00:00,0.9879720651498382,0.8913417687703558,1.0041118163697467
2026-05-05 19:05:00+00:00,0.9895568447343428,0.892771546279044,1.0041118163697467
2026-05-05 19:10:00+00:00,0.9881930818754814,0.8915411685774068,1.0041118163697467
2026-05-05 19:15:00+00:00,0.9878966441574598,0.8912737244570395,1.0041118163697467
2026-05-05 19:20:00+00:00,0.9862232802188071,0.8897640267383605,1.0041118163697467
2026-05-05 19:25:00+00:00,0.9861306558245149,0.8896804616312568,1.0041118163697467
2026-05-05 19:30:00+00:00,0.986745981775475,0.8902356045759269,1.0041118163697467
2026-05-05 19:35:00+00:00,0.9869810902293958,0.890447717845687,1.0041118163697467
2026-05-05 19:40:00+00:00,0.9885206541269057,0.8918367020649253,1.0041118163697467
2026-05-05 19:45:00+00:00,0.9900098682567112,0.8931802610615426,1.0041118163697467
2026-05-05 19:50:00+00:00,0.9902974094970658,0.8934396788394463,1.0041118163697467
2026-05-05 19:55:00+00:00,0.9909783394548329,0.8940540092789135,1.0041118163697467
2026-05-06 13:30:00+00:00,0.9895288097634316,0.8927462533163774,1.0041118163697467
2026-05-06 13:35:00+00:00,0.9888361395965972,0.8931187748865514,1.0041118163697467
2026-05-06 13:40:00+00:00,0.9890291958751166,0.8939183268450488,1.0041118163697467
2026-05-06 13:45:00+00:00,0.9903368693001393,0.8951002466963851,1.0041118163697467
2026-05-06 13:50:00+00:00,0.99259332604714,0.8971397092807958,1.0011210954933853
2026-05-06 13:55:00+00:00,0.9923241232033674,0.8968963945670434,1.001392611167323
2026-05-06 14:00:00+00:00,0.9941172135943878,0.8985170508316995,0.9995831343776966
2026-05-06 14:05:00+00:00,0.9944675561446741,0.8988337023801883,0.9992308655509102
2026-05-06 14:10:00+00:00,0.991935943466391,0.896545544478451,1.001774604169762
2026-05-06 14:15:00+00:00,0.9905061856078262,0.8952532805513069,1.003218543289275
2026-05-06 14:20:00+00:00,0.9898128312779007,0.8957591295738087,1.002651690164575
2026-05-06 14:25:00+00:00,0.9887023499141684,0.8953811994320351,1.003074719395205
2026-05-06 14:30:00+00:00,0.9880102582692284,0.8938245901773888,1.0048185525160063
2026-05-06 14:35:00+00:00,0.9880102582692284,0.8931989129642646,1.0078914348597965
2026-05-06 14:40:00+00:00,0.9880102582692284,0.8931989129642646,1.0071859108553947
2026-05-06 14:45:00+00:00,0.9880102582692284,0.8931989129642646,1.0071859108553947
2026-05-06 14:50:00+00:00,0.9880102582692284,0.8931989129642646,1.0071859108553947
2026-05-06 14:55:00+00:00,0.9880102582692284,0.8929842967974798,1.0071859108553947
2026-05-06 15:00:00+00:00,0.9880102582692284,0.8927082118876613,1.0071859108553947
2026-05-06 15:05:00+00:00,0.9880102582692284,0.8932858591073572,1.0071859108553947
2026-05-06 15:10:00+00:00,0.9880102582692284,0.8920222724185292,1.0071859108553947
2026-05-06 15:15:00+00:00,0.9880102582692284,0.8913854981348069,1.0071859108553947
2026-05-06 15:20:00+00:00,0.9880102582692284,0.89223832064332,1.0071859108553947
2026-05-06 15:25:00+00:00,0.9880102582692284,0.8913405556633159,1.0071859108553947
2026-05-06 15:30:00+00:00,0.9880102582692284,0.8896663114712284,1.0071859108553947
2026-05-06 15:35:00+00:00,0.9880102582692284,0.8890435450531985,1.0071859108553947
2026-05-06 15:40:00+00:00,0.9880102582692284,0.8890435450531985,1.0071859108553947
2026-05-06 15:45:00+00:00,0.9880102582692284,0.8890435450531985,1.0071859108553947
2026-05-06 15:50:00+00:00,0.9880102582692284,0.8890435450531985,1.0071859108553947
2026-05-06 15:55:00+00:00,0.9880102582692284,0.8890435450531985,1.0071859108553947
2026-05-06 16:00:00+00:00,0.9880102582692284,0.8881454714717817,1.0071859108553947
2026-05-06 16:05:00+00:00,0.9880102582692284,0.8885720823187547,1.0071859108553947
2026-05-06 16:10:00+00:00,0.9880102582692284,0.8875836678449844,1.0071859108553947
2026-05-06 16:15:00+00:00,0.9880102582692284,0.8883662797432739,1.0071859108553947
2026-05-06 16:20:00+00:00,0.9880102582692284,0.8868070335099139,1.0071859108553947
2026-05-06 16:25:00+00:00,0.9880102582692284,0.8858652715395576,1.0071859108553947
2026-05-06 16:30:00+00:00,0.9880102582692284,0.8852451658494799,1.0071859108553947
2026-05-06 16:35:00+00:00,0.9880102582692284,0.8852451658494799,1.0071859108553947
2026-05-06 16:40:00+00:00,0.9880102582692284,0.8852451658494799,1.0071859108553947
2026-05-06 16:45:00+00:00,0.9880102582692284,0.8852451658494799,1.0071859108553947
2026-05-06 16:50:00+00:00,0.9880102582692284,0.8852451658494799,1.0071859108553947
2026-05-06 16:55:00+00:00,0.9880102582692284,0.8852451658494799,1.0071859108553947
2026-05-06 17:00:00+00:00,0.9880102582692284,0.8852451658494799,1.0071859108553947
2026-05-06 17:05:00+00:00,0.9880102582692284,0.8852451658494799,1.0071859108553947
2026-05-06 17:10:00+00:00,0.9880102582692284,0.8852451658494799,1.0071859108553947
2026-05-06 17:15:00+00:00,0.9880102582692284,0.8852451658494799,1.0071859108553947
2026-05-06 17:20:00+00:00,0.9880102582692284,0.8852451658494799,1.0071859108553947
2026-05-06 17:25:00+00:00,0.9880102582692284,0.8852451658494799,1.0071859108553947
2026-05-06 17:30:00+00:00,0.9880102582692284,0.8852451658494799,1.0071859108553947
2026-05-06 17:35:00+00:00,0.9880102582692284,0.8852451658494799,1.0071859108553947
2026-05-06 17:40:00+00:00,0.9880102582692284,0.8852451658494799,1.0071859108553947
2026-05-06 17:45:00+00:00,0.9880102582692284,0.8852451658494799,1.0071859108553947
2026-05-06 17:50:00+00:00,0.9880102582692284,0.8852451658494799,1.0071859108553947
2026-05-06 17:55:00+00:00,0.9880102582692284,0.8852451658494799,1.0071859108553947
2026-05-06 18:00:00+00:00,0.9880102582692284,0.884357234458952,1.0071859108553947
2026-05-06 18:05:00+00:00,0.9880102582692284,0.884319192354734,1.0071859108553947
2026-05-06 18:10:00+00:00,0.9880102582692284,0.8851743181975075,1.0071859108553947
2026-05-06 18:15:00+00:00,0.9880102582692284,0.8850234951104426,1.0071859108553947
2026-05-06 18:20:00+00:00,0.9880102582692284,0.8851848018513415,1.0071859108553947
2026-05-06 18:25:00+00:00,0.9880102582692284,0.8836741385683681,1.0071859108553947
2026-05-06 18:30:00+00:00,0.9880102582692284,0.8828431659940438,1.0071859108553947
2026-05-06 18:35:00+00:00,0.9880102582692284,0.8822251757778479,1.0071859108553947
2026-05-06 18:40:00+00:00,0.9880102582692284,0.8822251757778479,1.0071859108553947
2026-05-06 18:45:00+00:00,0.9880102582692284,0.8822251757778479,1.0071859108553947
2026-05-06 18:50:00+00:00,0.9880102582692284,0.8822251757778479,1.0071859108553947
2026-05-06 18:55:00+00:00,0.9880102582692284,0.8822251757778479,1.0071859108553947
2026-05-06 19:00:00+00:00,0.9880102582692284,0.8822251757778479,1.0071859108553947
2026-05-06 19:05:00+00:00,0.9880102582692284,0.8822251757778479,1.0071859108553947
2026-05-06 19:10:00+00:00,0.9880102582692284,0.8822251757778479,1.0071859108553947
2026-05-06 19:15:00+00:00,0.9880102582692284,0.8806456002544097,1.0071859108553947
2026-05-06 19:20:00+00:00,0.9880102582692284,0.8817265928963477,1.0071859108553947
2026-05-06 19:25:00+00:00,0.9880102582692284,0.8812789886816321,1.0071859108553947
2026-05-06 19:30:00+00:00,0.9880102582692284,0.8821004100376005,1.0071859108553947
2026-05-06 19:35:00+00:00,0.9880102582692284,0.8812725161406567,1.0071859108553947
2026-05-06 19:40:00+00:00,0.9880102582692284,0.8811585642355699,1.0071859108553947
2026-05-06 19:45:00+00:00,0.9880102582692284,0.8807166056689186,1.0071859108553947
2026-05-06 19:50:00+00:00,0.9880102582692284,0.8800030062214352,1.0071859108553947
2026-05-06 19:55:00+00:00,0.9880102582692284,0.8793870041170802,1.0071859108553947
2026-05-07 13:30:00+00:00,0.9880102582692284,0.8793870041170802,1.0071859108553947
2026-05-07 13:35:00+00:00,0.9875437692417491,0.8789718015572939,1.0071859108553947
2026-05-07 13:40:00+00:00,0.9875358506180391,0.878964753518346,1.0071859108553947
2026-05-07 13:45:00+00:00,0.9889496721010232,0.8802231374550228,1.0071859108553947
2026-05-07 13:50:00+00:00,0.9895862844891125,0.8807897597709957,1.0058325291928925
2026-05-07 13:55:00+00:00,0.9903132656479022,0.8814368155863853,1.0050936130325916
2026-05-07 14:00:00+00:00,0.9903394857925307,0.8814601530509909,1.0050670015543726
2026-05-07 14:05:00+00:00,0.9910056947477268,0.8820531180453546,1.0043908852865537
2026-05-07 14:10:00+00:00,0.9903228498332599,0.8814453460727624,1.0050829531644578
2026-05-07 14:15:00+00:00,0.989010844983282,0.8802775849035309,1.006414512574002
2026-05-07 14:20:00+00:00,0.989553941009166,0.8807609721792731,1.005861859663325
2026-05-07 14:25:00+00:00,0.9914741606349191,0.8824700801260832,1.0039099946828751
2026-05-07 14:30:00+00:00,0.9906210735187537,0.8817107826217742,1.0047737818759828
2026-05-07 14:35:00+00:00,0.9904818788578121,0.8815868912199896,1.0049149651696052
2026-05-07 14:40:00+00:00,0.989236397932554,0.8804783402405024,1.0061785949717663
2026-05-07 14:45:00+00:00,0.9868493074592444,0.8783536898916716,1.0086065680462761
2026-05-07 14:50:00+00:00,0.9861585129440229,0.8777388423087474,1.0079005434486437
2026-05-07 14:55:00+00:00,0.9861585129440229,0.8777388423087474,1.0079005434486437
2026-05-07 15:00:00+00:00,0.9861585129440229,0.8777388423087474,1.0079005434486437
2026-05-07 15:05:00+00:00,0.9861585129440229,0.8777388423087474,1.0079005434486437
2026-05-07 15:10:00+00:00,0.9861585129440229,0.8777388423087474,1.0079005434486437
2026-05-07 15:15:00+00:00,0.9861585129440229,0.8777388423087474,1.0079005434486437
2026-05-07 15:20:00+00:00,0.9861585129440229,0.8777388423087474,1.0079005434486437
2026-05-07 15:25:00+00:00,0.9861585129440229,0.8777388423087474,1.0079005434486437
2026-05-07 15:30:00+00:00,0.9861585129440229,0.8777388423087474,1.0079005434486437
2026-05-07 15:35:00+00:00,0.9861585129440229,0.8777388423087474,1.0079005434486437
2026-05-07 15:40:00+00:00,0.9861585129440229,0.8777388423087474,1.0079005434486437
2026-05-07 15:45:00+00:00,0.9861585129440229,0.8777388423087474,1.0079005434486437
2026-05-07 15:50:00+00:00,0.9861585129440229,0.8777388423087474,1.0079005434486437
2026-05-07 15:55:00+00:00,0.9861585129440229,0.8777388423087474,1.0079005434486437
2026-05-07 16:00:00+00:00,0.9861585129440229,0.8777388423087474,1.0079005434486437
2026-05-07 16:05:00+00:00,0.9861585129440229,0.8777388423087474,1.0079005434486437
2026-05-07 16:10:00+00:00,0.9861585129440229,0.8777388423087474,1.0079005434486437
2026-05-07 16:15:00+00:00,0.9861585129440229,0.8777388423087474,1.0079005434486437
2026-05-07 16:20:00+00:00,0.9861585129440229,0.8777388423087474,1.0079005434486437
2026-05-07 16:25:00+00:00,0.9861585129440229,0.8777388423087474,1.0079005434486437
2026-05-07 16:30:00+00:00,0.9861585129440229,0.8770940102355775,1.0079005434486437
2026-05-07 16:35:00+00:00,0.9861585129440229,0.8770450033799152,1.0079005434486437
2026-05-07 16:40:00+00:00,0.9861585129440229,0.8773325507563922,1.0079005434486437
2026-05-07 16:45:00+00:00,0.9861585129440229,0.8793503007451936,1.0079005434486437
2026-05-07 16:50:00+00:00,0.9861585129440229,0.8782604789994057,1.0079005434486437
2026-05-07 16:55:00+00:00,0.9861585129440229,0.8772898082149218,1.0079005434486437
2026-05-07 17:00:00+00:00,0.9861585129440229,0.8759735595397218,1.0079005434486437
2026-05-07 17:05:00+00:00,0.9861585129440229,0.8764596670003398,1.0079005434486437
2026-05-07 17:10:00+00:00,0.9861585129440229,0.8763221677203472,1.0079005434486437
2026-05-07 17:15:00+00:00,0.9861585129440229,0.8764461417852684,1.0079005434486437
2026-05-07 17:20:00+00:00,0.9861585129440229,0.8773183837379919,1.0079005434486437
2026-05-07 17:25:00+00:00,0.9861585129440229,0.8769831591943106,1.0079005434486437
2026-05-07 17:30:00+00:00,0.9861585129440229,0.8764776682742871,1.0079005434486437
2026-05-07 17:35:00+00:00,0.9861585129440229,0.8758911363799256,1.0079005434486437
2026-05-07 17:40:00+00:00,0.9861585129440229,0.8752780125844596,1.0079005434486437
2026-05-07 17:45:00+00:00,0.9861585129440229,0.8752780125844596,1.0079005434486437
2026-05-07 17:50:00+00:00,0.9861585129440229,0.8752780125844596,1.0079005434486437
2026-05-07 17:55:00+00:00,0.9861585129440229,0.8752780125844596,1.0079005434486437
2026-05-07 18:00:00+00:00,0.9861585129440229,0.8752780125844596,1.0079005434486437
2026-05-07 18:05:00+00:00,0.9861585129440229,0.8752780125844596,1.0079005434486437
2026-05-07 18:10:00+00:00,0.9861585129440229,0.8752780125844596,1.0079005434486437
2026-05-07 18:15:00+00:00,0.9861585129440229,0.8752780125844596,1.0079005434486437
2026-05-07 18:20:00+00:00,0.9861585129440229,0.8752780125844596,1.0079005434486437
2026-05-07 18:25:00+00:00,0.9861585129440229,0.8752780125844596,1.0079005434486437
2026-05-07 18:30:00+00:00,0.9861585129440229,0.8752780125844596,1.0079005434486437
2026-05-07 18:35:00+00:00,0.9861585129440229,0.8752780125844596,1.0079005434486437
2026-05-07 18:40:00+00:00,0.9861585129440229,0.8752780125844596,1.0079005434486437
2026-05-07 18:45:00+00:00,0.9861585129440229,0.8752780125844596,1.0079005434486437
2026-05-07 18:50:00+00:00,0.9861585129440229,0.8752780125844596,1.0079005434486437
2026-05-07 18:55:00+00:00,0.9861585129440229,0.8752780125844596,1.0079005434486437
2026-05-07 19:00:00+00:00,0.9861585129440229,0.8752780125844596,1.0079005434486437
2026-05-07 19:05:00+00:00,0.9861585129440229,0.8752780125844596,1.0079005434486437
2026-05-07 19:10:00+00:00,0.9861585129440229,0.8752780125844596,1.0079005434486437
2026-05-07 19:15:00+00:00,0.9861585129440229,0.8752780125844596,1.0079005434486437
2026-05-07 19:20:00+00:00,0.9861585129440229,0.8752780125844596,1.0079005434486437
2026-05-07 19:25:00+00:00,0.9861585129440229,0.8736598229462124,1.0079005434486437
2026-05-07 19:30:00+00:00,0.9861585129440229,0.8737207874675978,1.0079005434486437
2026-05-07 19:35:00+00:00,0.9861585129440229,0.8743764527179593,1.0079005434486437
2026-05-07 19:40:00+00:00,0.9861585129440229,0.8752306692795093,1.0079005434486437
2026-05-07 19:45:00+00:00,0.9861585129440229,0.874578910431479,1.0079005434486437
2026-05-07 19:50:00+00:00,0.9861585129440229,0.8732962391007837,1.0079005434486437
2026-05-07 19:55:00+00:00,0.9861585129440229,0.872823440788117,1.0079005434486437
2026-05-08 13:30:00+00:00,0.9861585129440229,0.8722124643795653,1.0079005434486437
2026-05-08 13:35:00+00:00,0.9861585129440229,0.8722124643795653,1.0079005434486437
2026-05-08 13:40:00+00:00,0.9861585129440229,0.8722124643795653,1.0079005434486437
2026-05-08 13:45:00+00:00,0.9861585129440229,0.8722124643795653,1.0079005434486437
2026-05-08 13:50:00+00:00,0.9861585129440229,0.8722124643795653,1.0079005434486437
2026-05-08 13:55:00+00:00,0.9861585129440229,0.8722124643795653,1.0079005434486437
2026-05-08 14:00:00+00:00,0.9861585129440229,0.8722124643795653,1.0079005434486437
2026-05-08 14:05:00+00:00,0.9861585129440229,0.8714973156141075,1.0079005434486437
2026-05-08 14:10:00+00:00,0.9861585129440229,0.87102789140027,1.0079005434486437
2026-05-08 14:15:00+00:00,0.9861585129440229,0.8718137530711483,1.0079005434486437
2026-05-08 14:20:00+00:00,0.9861585129440229,0.8709091072719279,1.0079005434486437
2026-05-08 14:25:00+00:00,0.9861585129440229,0.8711808396222521,1.0079005434486437
2026-05-08 14:30:00+00:00,0.9861585129440229,0.8697828191196443,1.0079005434486437
2026-05-08 14:35:00+00:00,0.9861585129440229,0.8691739711462605,1.0079005434486437
2026-05-08 14:40:00+00:00,0.9861585129440229,0.8691739711462605,1.0079005434486437
2026-05-08 14:45:00+00:00,0.9861585129440229,0.8691739711462605,1.0079005434486437
2026-05-08 14:50:00+00:00,0.9861585129440229,0.8691739711462605,1.0079005434486437
2026-05-08 14:55:00+00:00,0.9861585129440229,0.8691739711462605,1.0079005434486437
2026-05-08 15:00:00+00:00,0.9861585129440229,0.8691739711462605,1.0079005434486437
2026-05-08 15:05:00+00:00,0.9861585129440229,0.8691739711462605,1.0079005434486437
2026-05-08 15:10:00+00:00,0.9861585129440229,0.8691739711462605,1.0079005434486437
2026-05-08 15:15:00+00:00,0.9861585129440229,0.8691739711462605,1.0079005434486437
2026-05-08 15:20:00+00:00,0.9861585129440229,0.8691739711462605,1.0079005434486437
2026-05-08 15:25:00+00:00,0.9861585129440229,0.8691739711462605,1.0079005434486437
2026-05-08 15:30:00+00:00,0.9861585129440229,0.8691739711462605,1.0079005434486437
2026-05-08 15:35:00+00:00,0.9861585129440229,0.8691739711462605,1.0079005434486437
2026-05-08 15:40:00+00:00,0.9861585129440229,0.8691739711462605,1.0079005434486437
2026-05-08 15:45:00+00:00,0.9861585129440229,0.8691739711462605,1.0079005434486437
2026-05-08 15:50:00+00:00,0.9861585129440229,0.8691739711462605,1.0079005434486437
2026-05-08 15:55:00+00:00,0.9861585129440229,0.8691739711462605,1.0079005434486437
2026-05-08 16:00:00+00:00,0.9861585129440229,0.8691739711462605,1.0079005434486437
2026-05-08 16:05:00+00:00,0.9861585129440229,0.8691739711462605,1.0079005434486437
2026-05-08 16:10:00+00:00,0.9861585129440229,0.8686150918778953,1.0079005434486437
2026-05-08 16:15:00+00:00,0.9861585129440229,0.8684469897981352,1.0079005434486437
2026-05-08 16:20:00+00:00,0.9861585129440229,0.8687251739563183,1.0079005434486437
2026-05-08 16:25:00+00:00,0.9861585129440229,0.8674944453028501,1.0079005434486437
2026-05-08 16:30:00+00:00,0.9861585129440229,0.8664849942307226,1.0079005434486437
2026-05-08 16:35:00+00:00,0.9861585129440229,0.8686424241953622,1.0079005434486437
2026-05-08 16:40:00+00:00,0.9861585129440229,0.8681609492931762,1.0079005434486437
2026-05-08 16:45:00+00:00,0.9861585129440229,0.8674357192599098,1.0079005434486437
2026-05-08 16:50:00+00:00,0.9861585129440229,0.8656625969108095,1.0079005434486437
2026-05-08 16:55:00+00:00,0.9861585129440229,0.8650566330929719,1.0079005434486437
2026-05-08 17:00:00+00:00,0.9847876367813277,0.8650566330929719,1.0079005434486437
2026-05-08 17:05:00+00:00,0.9842705447090189,0.8650566330929719,1.0079005434486437
2026-05-08 17:10:00+00:00,0.9820656387871743,0.8650566330929719,1.0079005434486437
2026-05-08 17:15:00+00:00,0.9813781928400233,0.8650566330929719,1.0079005434486437
2026-05-08 17:20:00+00:00,0.9813781928400233,0.8650566330929719,1.0079005434486437
2026-05-08 17:25:00+00:00,0.9813781928400233,0.8650566330929719,1.0079005434486437
2026-05-08 17:30:00+00:00,0.9813781928400233,0.8650566330929719,1.0079005434486437
2026-05-08 17:35:00+00:00,0.9813781928400233,0.8650566330929719,1.0079005434486437
2026-05-08 17:40:00+00:00,0.9813781928400233,0.8650566330929719,1.0079005434486437
2026-05-08 17:45:00+00:00,0.9813781928400233,0.8650566330929719,1.0079005434486437
2026-05-08 17:50:00+00:00,0.9813781928400233,0.8650566330929719,1.0079005434486437
2026-05-08 17:55:00+00:00,0.9813781928400233,0.8650566330929719,1.0079005434486437
2026-05-08 18:00:00+00:00,0.9813781928400233,0.8650566330929719,1.0079005434486437
2026-05-08 18:05:00+00:00,0.9813781928400233,0.8650566330929719,1.0079005434486437
2026-05-08 18:10:00+00:00,0.9813781928400233,0.8650566330929719,1.0079005434486437
2026-05-08 18:15:00+00:00,0.9813781928400233,0.8650566330929719,1.0079005434486437
2026-05-08 18:20:00+00:00,0.9813781928400233,0.8650566330929719,1.0079005434486437
2026-05-08 18:25:00+00:00,0.9813781928400233,0.8650566330929719,1.0079005434486437
2026-05-08 18:30:00+00:00,0.9813781928400233,0.8650566330929719,1.0079005434486437
2026-05-08 18:35:00+00:00,0.9813781928400233,0.8650566330929719,1.0079005434486437
2026-05-08 18:40:00+00:00,0.9813781928400233,0.8650566330929719,1.0079005434486437
2026-05-08 18:45:00+00:00,0.9813781928400233,0.8650566330929719,1.0079005434486437
2026-05-08 18:50:00+00:00,0.9813781928400233,0.8650566330929719,1.0079005434486437
2026-05-08 18:55:00+00:00,0.9813781928400233,0.8650566330929719,1.0079005434486437
2026-05-08 19:00:00+00:00,0.9813781928400233,0.8650566330929719,1.0079005434486437
2026-05-08 19:05:00+00:00,0.9813781928400233,0.8650566330929719,1.0079005434486437
2026-05-08 19:10:00+00:00,0.9813781928400233,0.8650566330929719,1.0079005434486437
2026-05-08 19:15:00+00:00,0.9813781928400233,0.8650566330929719,1.0079005434486437
2026-05-08 19:20:00+00:00,0.9813781928400233,0.8650566330929719,1.0079005434486437
2026-05-08 19:25:00+00:00,0.9810694268837675,0.8650566330929719,1.0079005434486437
2026-05-08 19:30:00+00:00,0.9827101105665915,0.8650566330929719,1.0079005434486437
2026-05-08 19:35:00+00:00,0.9833334675233044,0.8650566330929719,1.0079005434486437
2026-05-08 19:40:00+00:00,0.9844403860885881,0.8650566330929719,1.0079005434486437
2026-05-08 19:45:00+00:00,0.9837089216575556,0.8638083342062021,1.0079005434486437
2026-05-08 19:50:00+00:00,0.9847499843508631,0.8647225056761475,1.0079005434486437
2026-05-08 19:55:00+00:00,0.9838887625885465,0.8639662550012677,1.0079005434486437
2026-05-11 13:30:00+00:00,0.9811345851139168,0.861547773879373,1.0079005434486437
2026-05-11 13:35:00+00:00,0.9804477909043371,0.8609446904376574,1.0079005434486437
2026-05-11 13:40:00+00:00,0.9804477909043371,0.8609446904376574,1.0079005434486437
2026-05-11 13:45:00+00:00,0.9804477909043371,0.8609446904376574,1.0079005434486437
2026-05-11 13:50:00+00:00,0.9804477909043371,0.8609446904376574,1.0079005434486437
2026-05-11 13:55:00+00:00,0.9804477909043371,0.8609446904376574,1.0079005434486437
2026-05-11 14:00:00+00:00,0.9804477909043371,0.8609446904376574,1.0079005434486437
2026-05-11 14:05:00+00:00,0.9806091239791987,0.8609446904376574,1.0079005434486437
2026-05-11 14:10:00+00:00,0.9811152271908291,0.8609446904376574,1.0079005434486437
2026-05-11 14:15:00+00:00,0.9816483844042442,0.8609446904376574,1.0079005434486437
2026-05-11 14:20:00+00:00,0.9818758571335501,0.8609446904376574,1.0079005434486437
2026-05-11 14:25:00+00:00,0.9800466345959586,0.8609446904376574,1.0079005434486437
2026-05-11 14:30:00+00:00,0.9793606019517415,0.8609446904376574,1.0079005434486437
2026-05-11 14:35:00+00:00,0.9793606019517415,0.8609446904376574,1.0079005434486437
2026-05-11 14:40:00+00:00,0.9793606019517415,0.8609446904376574,1.0079005434486437
2026-05-11 14:45:00+00:00,0.9793606019517415,0.8609446904376574,1.0079005434486437
2026-05-11 14:50:00+00:00,0.9793606019517415,0.8609446904376574,1.0079005434486437
2026-05-11 14:55:00+00:00,0.9793606019517415,0.8609446904376574,1.0079005434486437
2026-05-11 15:00:00+00:00,0.9793606019517415,0.8609446904376574,1.0079005434486437
2026-05-11 15:05:00+00:00,0.9793606019517415,0.8609446904376574,1.0079005434486437
2026-05-11 15:10:00+00:00,0.9793606019517415,0.8609446904376574,1.0079005434486437
2026-05-11 15:15:00+00:00,0.9793606019517415,0.8609446904376574,1.0079005434486437
2026-05-11 15:20:00+00:00,0.9793606019517415,0.8609446904376574,1.0079005434486437
2026-05-11 15:25:00+00:00,0.9793606019517415,0.8609446904376574,1.0079005434486437
2026-05-11 15:30:00+00:00,0.9793606019517415,0.8609446904376574,1.0079005434486437
2026-05-11 15:35:00+00:00,0.9793606019517415,0.8584842240124448,1.0079005434486437
2026-05-11 15:40:00+00:00,0.9793606019517415,0.8594547334749055,1.0079005434486437
2026-05-11 15:45:00+00:00,0.9793606019517415,0.8599653455207209,1.0079005434486437
2026-05-11 15:50:00+00:00,0.9793606019517415,0.8585558355294317,1.0079005434486437
2026-05-11 15:55:00+00:00,0.9793606019517415,0.8579548464445611,1.0079005434486437
2026-05-11 16:00:00+00:00,0.9793606019517415,0.8579548464445611,1.0079005434486437
2026-05-11 16:05:00+00:00,0.9793606019517415,0.8579548464445611,1.0079005434486437
2026-05-11 16:10:00+00:00,0.9793606019517415,0.8579548464445611,1.0079005434486437
2026-05-11 16:15:00+00:00,0.9793606019517415,0.8579548464445611,1.0079005434486437
2026-05-11 16:20:00+00:00,0.9793606019517415,0.8579548464445611,1.0079005434486437
2026-05-11 16:25:00+00:00,0.9793606019517415,0.8579548464445611,1.0079005434486437
2026-05-11 16:30:00+00:00,0.9793606019517415,0.8579548464445611,1.0079005434486437
2026-05-11 16:35:00+00:00,0.9793606019517415,0.8579548464445611,1.0079005434486437
2026-05-11 16:40:00+00:00,0.9793606019517415,0.8579548464445611,1.0079005434486437
2026-05-11 16:45:00+00:00,0.9793606019517415,0.8579548464445611,1.0079005434486437
2026-05-11 16:50:00+00:00,0.9793606019517415,0.8579548464445611,1.0079005434486437
2026-05-11 16:55:00+00:00,0.9793606019517415,0.8579548464445611,1.0079005434486437
2026-05-11 17:00:00+00:00,0.9793606019517415,0.8579548464445611,1.0079005434486437
2026-05-11 17:05:00+00:00,0.9793606019517415,0.8563774331311611,1.0079005434486437
2026-05-11 17:10:00+00:00,0.9793606019517415,0.8575370972996281,1.0079005434486437
2026-05-11 17:15:00+00:00,0.9793606019517415,0.8577316053069779,1.0079005434486437
2026-05-11 17:20:00+00:00,0.9793606019517415,0.8585272005031631,1.0079005434486437
2026-05-11 17:25:00+00:00,0.9793606019517415,0.857972349556822,1.0079005434486437
2026-05-11 17:30:00+00:00,0.9793606019517415,0.8573542070685455,1.0079005434486437
2026-05-11 17:35:00+00:00,0.9793606019517415,0.8574605867928614,1.0079005434486437
2026-05-11 17:40:00+00:00,0.9793606019517415,0.8568777490465731,1.0079005434486437
2026-05-11 17:45:00+00:00,0.9793606019517415,0.8591904504714626,1.0079005434486437
2026-05-11 17:50:00+00:00,0.9793606019517415,0.8588713481857534,1.0079005434486437
2026-05-11 17:55:00+00:00,0.9793606019517415,0.859484059153661,1.0079005434486437
2026-05-11 18:00:00+00:00,0.9793606019517415,0.8594666196290884,1.0079005434486437
2026-05-11 18:05:00+00:00,0.9793606019517415,0.8586183339596866,1.0079005434486437
2026-05-11 18:10:00+00:00,0.9793606019517415,0.8579152147262751,1.0079005434486437
2026-05-11 18:15:00+00:00,0.9793606019517415,0.8578548124125809,1.0079005434486437
2026-05-11 18:20:00+00:00,0.9793606019517415,0.8576226643601974,1.0079005434486437
2026-05-11 18:25:00+00:00,0.9793606019517415,0.8586173787877074,1.0079005434486437
2026-05-11 18:30:00+00:00,0.9793606019517415,0.8581865419990683,1.0079005434486437
2026-05-11 18:35:00+00:00,0.9793606019517415,0.8579539475415057,1.0079005434486437
2026-05-11 18:40:00+00:00,0.9793606019517415,0.8593946615319823,1.0079005434486437
2026-05-11 18:45:00+00:00,0.9793606019517415,0.8595413840818962,1.0079005434486437
2026-05-11 18:50:00+00:00,0.9793606019517415,0.8601920672394185,1.0079005434486437
2026-05-11 18:55:00+00:00,0.9793606019517415,0.8599439849865115,1.0079005434486437
2026-05-11 19:00:00+00:00,0.9793606019517415,0.8588114968219185,1.0079005434486437
2026-05-11 19:05:00+00:00,0.9793606019517415,0.8567831892032379,1.0079005434486437
2026-05-11 19:10:00+00:00,0.9793606019517415,0.8561834409707957,1.0079005434486437
2026-05-11 19:15:00+00:00,0.9793606019517415,0.8561834409707957,1.0079005434486437
2026-05-11 19:20:00+00:00,0.9793606019517415,0.8561834409707957,1.0079005434486437
2026-05-11 19:25:00+00:00,0.9793606019517415,0.8561834409707957,1.0079005434486437
2026-05-11 19:30:00+00:00,0.9793606019517415,0.8561834409707957,1.0079005434486437
2026-05-11 19:35:00+00:00,0.9793606019517415,0.8561834409707957,1.0079005434486437
2026-05-11 19:40:00+00:00,0.9793606019517415,0.8541839655322272,1.0079005434486437
2026-05-11 19:45:00+00:00,0.9793606019517415,0.8521267172428842,1.0079005434486437
2026-05-11 19:50:00+00:00,0.9793606019517415,0.8515302285408142,1.0079005434486437
2026-05-11 19:55:00+00:00,0.9793606019517415,0.8515302285408142,1.0079005434486437
2026-05-12 13:30:00+00:00,0.9793606019517415,0.8515302285408142,1.0079005434486437
2026-05-12 13:35:00+00:00,0.9793606019517415,0.8516683979051439,1.0079005434486437
2026-05-12 13:40:00+00:00,0.9793606019517415,0.8508794731312669,1.008128660142944
2026-05-12 13:45:00+00:00,0.9793606019517415,0.8517016196261102,1.0071545745403878
2026-05-12 13:50:00+00:00,0.9793606019517415,0.8508753228487577,1.0081316873696484
2026-05-12 13:55:00+00:00,0.9793606019517415,0.8494370015566715,1.0098358351245933
2026-05-12 14:00:00+00:00,0.9793606019517415,0.8506044998315864,1.0084478786389508
2026-05-12 14:05:00+00:00,0.9793606019517415,0.8529044786081221,1.005721101719041
2026-05-12 14:10:00+00:00,0.9793606019517415,0.8543489654014886,1.0040178033008946
2026-05-12 14:15:00+00:00,0.9793606019517415,0.8525393293424611,1.006144459847971
2026-05-12 14:20:00+00:00,0.9793606019517415,0.8530364925280416,1.005557720952068
2026-05-12 14:25:00+00:00,0.9793606019517415,0.8527561198327537,1.0058882237276943
2026-05-12 14:30:00+00:00,0.9793606019517415,0.8530524234260921,1.005538711964301
2026-05-12 14:35:00+00:00,0.9793606019517415,0.8525657427721687,1.0061123885924248
2026-05-12 14:40:00+00:00,0.9793606019517415,0.8533396909314283,1.0051990527731514
2026-05-12 14:45:00+00:00,0.9793606019517415,0.8542899715981594,1.0040796612386684
2026-05-12 14:50:00+00:00,0.9793606019517415,0.8538359736051117,1.0046132624352384
2026-05-12 14:55:00+00:00,0.9793606019517415,0.8527175557741374,1.0059291795676553
2026-05-12 15:00:00+00:00,0.9793606019517415,0.8526393242591087,1.0060214672931702
2026-05-12 15:05:00+00:00,0.9793606019517415,0.8537958038515425,1.0046569474271814
2026-05-12 15:10:00+00:00,0.9793606019517415,0.8538497569218481,1.0045934611384542
2026-05-12 15:15:00+00:00,0.9793606019517415,0.8555372852896097,1.002608006496117
2026-05-12 15:20:00+00:00,0.9793606019517415,0.8566621011405186,1.0012898297230577
2026-05-12 15:25:00+00:00,0.9793606019517415,0.8572791757970534,1.0005685761775285
2026-05-12 15:30:00+00:00,0.9793606019517415,0.8589799367943176,0.9985835425298037
2026-05-12 15:35:00+00:00,0.9793606019517415,0.8605462019939404,0.9967627239232395
2026-05-12 15:40:00+00:00,0.9793606019517415,0.8618282929394949,0.9952776898132205
2026-05-12 15:45:00+00:00,0.9793606019517415,0.8631289136493631,0.9937756751009561
2026-05-12 15:50:00+00:00,0.9793606019517415,0.8631743104236269,0.9937234068832217
2026-05-12 15:55:00+00:00,0.9793606019517415,0.8640718139240903,0.992690162235646
2026-05-12 16:00:00+00:00,0.9793606019517415,0.8637273327329866,0.9930859199538973
2026-05-12 16:05:00+00:00,0.9793606019517415,0.8616054163097986,0.9955256312416244
2026-05-12 16:10:00+00:00,0.9793606019517415,0.8622063398615686,0.9948313055249106
2026-05-12 16:15:00+00:00,0.9793606019517415,0.8641092317604112,0.9926357099412568
2026-05-12 16:20:00+00:00,0.9793606019517415,0.8666178221516183,0.9897539950927131
2026-05-12 16:25:00+00:00,0.9793606019517415,0.8660254821322019,0.9904304996437217
2026-05-12 16:30:00+00:00,0.9793606019517415,0.8684633958897313,0.9876423782884315
2026-05-12 16:35:00+00:00,0.9793606019517415,0.8689323016058438,0.9871091247755648
2026-05-12 16:40:00+00:00,0.9793606019517415,0.8673109091145165,0.9889510304338929
2026-05-12 16:45:00+00:00,0.9793606019517415,0.8658338161871811,0.9906352852463065
2026-05-12 16:50:00+00:00,0.9793606019517415,0.8644966688584125,0.992165169273341
2026-05-12 16:55:00+00:00,0.9793606019517415,0.8650760361405095,0.9915002412774098
2026-05-12 17:00:00+00:00,0.9793606019517415,0.864296236187819,0.9923940029919179
2026-05-12 17:05:00+00:00,0.9793606019517415,0.8637165584693626,0.9930595950278173
2026-05-12 17:10:00+00:00,0.9793606019517415,0.8639130225259335,0.9928337101416902
2026-05-12 17:15:00+00:00,0.9793606019517415,0.8636723042436997,0.9931103505198505
2026-05-12 17:20:00+00:00,0.9793606019517415,0.8615806175784358,0.9955155170015255
2026-05-12 17:25:00+00:00,0.9793606019517415,0.8609775111461309,0.9948186561396244
2026-05-12 17:30:00+00:00,0.9793606019517415,0.8609775111461309,0.9948186561396244
2026-05-12 17:35:00+00:00,0.9793606019517415,0.8609775111461309,0.9948186561396244
2026-05-12 17:40:00+00:00,0.9793606019517415,0.8609775111461309,0.9948186561396244
2026-05-12 17:45:00+00:00,0.9793606019517415,0.8609775111461309,0.9948186561396244
2026-05-12 17:50:00+00:00,0.9793606019517415,0.8609775111461309,0.9948186561396244
2026-05-12 17:55:00+00:00,0.9793606019517415,0.8609775111461309,0.9948186561396244
2026-05-12 18:00:00+00:00,0.9793606019517415,0.8609775111461309,0.9948186561396244
2026-05-12 18:05:00+00:00,0.9793606019517415,0.8609775111461309,0.9948186561396244
2026-05-12 18:10:00+00:00,0.9793606019517415,0.8609775111461309,0.9948186561396244
2026-05-12 18:15:00+00:00,0.9793606019517415,0.8609775111461309,0.9948186561396244
2026-05-12 18:20:00+00:00,0.9793606019517415,0.8609775111461309,0.9948186561396244
2026-05-12 18:25:00+00:00,0.9793606019517415,0.8609775111461309,0.9948186561396244
2026-05-12 18:30:00+00:00,0.9793606019517415,0.8609775111461309,0.9948186561396244
2026-05-12 18:35:00+00:00,0.9793606019517415,0.8609775111461309,0.9948186561396244
2026-05-12 18:40:00+00:00,0.9793606019517415,0.8609775111461309,0.9948186561396244
2026-05-12 18:45:00+00:00,0.9793606019517415,0.8609775111461309,0.9948186561396244
2026-05-12 18:50:00+00:00,0.9793606019517415,0.8609775111461309,0.9948186561396244
2026-05-12 18:55:00+00:00,0.9793606019517415,0.8609775111461309,0.9948186561396244
2026-05-12 19:00:00+00:00,0.9793606019517415,0.8609775111461309,0.9948186561396244
2026-05-12 19:05:00+00:00,0.9793606019517415,0.8609775111461309,0.9948186561396244
2026-05-12 19:10:00+00:00,0.9793606019517415,0.8609775111461309,0.9948186561396244
2026-05-12 19:15:00+00:00,0.9793606019517415,0.8609775111461309,0.9948186561396244
2026-05-12 19:20:00+00:00,0.9793606019517415,0.8609775111461309,0.9948186561396244
2026-05-12 19:25:00+00:00,0.9793606019517415,0.8609775111461309,0.9948186561396244
2026-05-12 19:30:00+00:00,0.9793606019517415,0.8609775111461309,0.9948186561396244
2026-05-12 19:35:00+00:00,0.9793606019517415,0.8609775111461309,0.9948186561396244
2026-05-12 19:40:00+00:00,0.9793606019517415,0.8609775111461309,0.9948186561396244
2026-05-12 19:45:00+00:00,0.9793606019517415,0.8609775111461309,0.9948186561396244
2026-05-12 19:50:00+00:00,0.9793606019517415,0.8609775111461309,0.9948186561396244
2026-05-12 19:55:00+00:00,0.9793606019517415,0.8609775111461309,0.9948186561396244
2026-05-13 13:30:00+00:00,0.9793606019517415,0.8609775111461309,0.9948186561396244
2026-05-13 13:35:00+00:00,0.9793606019517415,0.8609775111461309,0.9948186561396244
2026-05-13 13:40:00+00:00,0.9793606019517415,0.8609775111461309,0.9948186561396244
2026-05-13 13:45:00+00:00,0.9793606019517415,0.8609775111461309,0.9948186561396244
2026-05-13 13:50:00+00:00,0.9793606019517415,0.8609775111461309,0.9948186561396244
2026-05-13 13:55:00+00:00,0.9793606019517415,0.8602441320512583,0.9948186561396244
2026-05-13 14:00:00+00:00,0.9793606019517415,0.8613847347277384,0.9948186561396244
2026-05-13 14:05:00+00:00,0.9793606019517415,0.8612451890184457,0.9948186561396244
2026-05-13 14:10:00+00:00,0.9793606019517415,0.8620830695731845,0.9948186561396244
2026-05-13 14:15:00+00:00,0.9793606019517415,0.8639052252325801,0.9948186561396244
2026-05-13 14:20:00+00:00,0.9793606019517415,0.8626560088159633,0.9948186561396244
2026-05-13 14:25:00+00:00,0.9793606019517415,0.8627154743605644,0.9948186561396244
2026-05-13 14:30:00+00:00,0.9793606019517415,0.8616712918845316,0.9948186561396244
2026-05-13 14:35:00+00:00,0.9793606019517415,0.8604532616766563,0.9948186561396244
2026-05-13 14:40:00+00:00,0.9793606019517415,0.8592127942163845,0.9948186561396244
2026-05-13 14:45:00+00:00,0.9793606019517415,0.858611345260433,0.9948186561396244
2026-05-13 14:50:00+00:00,0.9793606019517415,0.858611345260433,0.9948186561396244
2026-05-13 14:55:00+00:00,0.9793606019517415,0.858611345260433,0.9948186561396244
2026-05-13 15:00:00+00:00,0.9793606019517415,0.858611345260433,0.9948186561396244
2026-05-13 15:05:00+00:00,0.9793606019517415,0.858611345260433,0.9948186561396244
2026-05-13 15:10:00+00:00,0.9793606019517415,0.858611345260433,0.9948186561396244
2026-05-13 15:15:00+00:00,0.9793606019517415,0.8595275562843553,0.9948186561396244
2026-05-13 15:20:00+00:00,0.9793606019517415,0.8590862991401809,0.9948186561396244
2026-05-13 15:25:00+00:00,0.9793606019517415,0.8583171498282449,0.9948186561396244
2026-05-13 15:30:00+00:00,0.9793606019517415,0.859183843289642,0.9948186561396244
2026-05-13 15:35:00+00:00,0.9793606019517415,0.8595224970976931,0.9948186561396244
2026-05-13 15:40:00+00:00,0.9793606019517415,0.859879020446084,0.9948186561396244
2026-05-13 15:45:00+00:00,0.9793606019517415,0.858619056656824,0.9948186561396244
2026-05-13 15:50:00+00:00,0.9793606019517415,0.8592531183827627,0.9948186561396244
2026-05-13 15:55:00+00:00,0.9793606019517415,0.8581794595672791,0.9948186561396244
2026-05-13 16:00:00+00:00,0.9793606019517415,0.859262772263426,0.9948186561396244
2026-05-13 16:05:00+00:00,0.9793606019517415,0.8586120148273415,0.9948186561396244
2026-05-13 16:10:00+00:00,0.9793606019517415,0.8591127214590607,0.9948186561396244
2026-05-13 16:15:00+00:00,0.9793606019517415,0.8600786008755078,0.9948186561396244
2026-05-13 16:20:00+00:00,0.9793606019517415,0.8609720252243175,0.9948186561396244
2026-05-13 16:25:00+00:00,0.9793606019517415,0.8599884019996026,0.9948186561396244
2026-05-13 16:30:00+00:00,0.9793606019517415,0.8589653026236891,0.9948186561396244
2026-05-13 16:35:00+00:00,0.9793606019517415,0.8594875471308494,0.9948186561396244
2026-05-13 16:40:00+00:00,0.9793606019517415,0.8585412257036023,0.9948186561396244
2026-05-13 16:45:00+00:00,0.9793606019517415,0.8592894710026674,0.9948186561396244
2026-05-13 16:50:00+00:00,0.9793606019517415,0.8593458688037336,0.9948186561396244
2026-05-13 16:55:00+00:00,0.9793606019517415,0.8594254233666714,0.9948186561396244
2026-05-13 17:00:00+00:00,0.9793606019517415,0.8594148526912788,0.9948186561396244
2026-05-13 17:05:00+00:00,0.9793606019517415,0.8596074727037237,0.9948186561396244
2026-05-13 17:10:00+00:00,0.9793606019517415,0.8620923079372215,0.9948186561396244
2026-05-13 17:15:00+00:00,0.9793606019517415,0.8633615765906433,0.9948186561396244
2026-05-13 17:20:00+00:00,0.9793606019517415,0.8621949863426515,0.9948186561396244
2026-05-13 17:25:00+00:00,0.9793606019517415,0.8626910018824893,0.9948186561396244
2026-05-13 17:30:00+00:00,0.9793606019517415,0.8619621412968347,0.9948186561396244
2026-05-13 17:35:00+00:00,0.9793606019517415,0.8592798955241782,0.9948186561396244
2026-05-13 17:40:00+00:00,0.9793606019517415,0.8586783995973112,0.9948186561396244
2026-05-13 17:45:00+00:00,0.9793606019517415,0.8586783995973112,0.9948186561396244
2026-05-13 17:50:00+00:00,0.9793606019517415,0.8586783995973112,0.9948186561396244
2026-05-13 17:55:00+00:00,0.9793606019517415,0.8586783995973112,0.9948186561396244
2026-05-13 18:00:00+00:00,0.9793606019517415,0.8586783995973112,0.9948186561396244
2026-05-13 18:05:00+00:00,0.9793606019517415,0.8586783995973112,0.9948186561396244
2026-05-13 18:10:00+00:00,0.9793606019517415,0.8586783995973112,0.9948186561396244
2026-05-13 18:15:00+00:00,0.9793606019517415,0.8586783995973112,0.9948186561396244
2026-05-13 18:20:00+00:00,0.9793606019517415,0.8586783995973112,0.9948186561396244
2026-05-13 18:25:00+00:00,0.9793606019517415,0.8586783995973112,0.9948186561396244
2026-05-13 18:30:00+00:00,0.9793606019517415,0.8586783995973112,0.9948186561396244
2026-05-13 18:35:00+00:00,0.9793606019517415,0.8586783995973112,0.9948186561396244
2026-05-13 18:40:00+00:00,0.9793606019517415,0.8586783995973112,0.9948186561396244
2026-05-13 18:45:00+00:00,0.9793606019517415,0.8586783995973112,0.9948186561396244
2026-05-13 18:50:00+00:00,0.9793606019517415,0.8563667655311858,0.9948186561396244
2026-05-13 18:55:00+00:00,0.9793606019517415,0.8561615496063579,0.9948186561396244
2026-05-13 19:00:00+00:00,0.9793606019517415,0.8579261554965198,0.9948186561396244
2026-05-13 19:05:00+00:00,0.9793606019517415,0.8575155648689011,0.9948186561396244
2026-05-13 19:10:00+00:00,0.9793606019517415,0.8581514029722388,0.9948186561396244
2026-05-13 19:15:00+00:00,0.9793606019517415,0.857746234182279,0.9948186561396244
2026-05-13 19:20:00+00:00,0.9793606019517415,0.8576265711909794,0.9948186561396244
2026-05-13 19:25:00+00:00,0.9793606019517415,0.8571194503891492,0.9948186561396244
2026-05-13 19:30:00+00:00,0.9793606019517415,0.8562262663438017,0.9948186561396244
2026-05-13 19:35:00+00:00,0.9793606019517415,0.8574411745967763,0.9948186561396244
2026-05-13 19:40:00+00:00,0.9793606019517415,0.8584603473845567,0.9948186561396244
2026-05-13 19:45:00+00:00,0.9793606019517415,0.8560702383646256,0.9948186561396244
2026-05-13 19:50:00+00:00,0.9793606019517415,0.8554709891977703,0.9948186561396244
2026-05-13 19:55:00+00:00,0.9793606019517415,0.8554709891977703,0.9948186561396244
2026-05-14 13:30:00+00:00,0.9793606019517415,0.8554709891977703,0.9948186561396244
2026-05-14 13:35:00+00:00,0.9793606019517415,0.8548483737456726,0.9948186561396244
2026-05-14 13:40:00+00:00,0.9793606019517415,0.8542753683631953,0.9948186561396244
2026-05-14 13:45:00+00:00,0.9793606019517415,0.8545895043170764,0.9948186561396244
2026-05-14 13:50:00+00:00,0.9793606019517415,0.8542385123989443,0.9948186561396244
2026-05-14 13:55:00+00:00,0.9793606019517415,0.8543966292711249,0.9948186561396244
2026-05-14 14:00:00+00:00,0.9793606019517415,0.8548612241209022,0.9948186561396244
2026-05-14 14:05:00+00:00,0.9793606019517415,0.8547627798846521,0.9948186561396244
2026-05-14 14:10:00+00:00,0.9793606019517415,0.8557554571242495,0.9948186561396244
2026-05-14 14:15:00+00:00,0.9793606019517415,0.8555638889850673,0.9948186561396244
2026-05-14 14:20:00+00:00,0.9793606019517415,0.8563720352545313,0.9948186561396244
2026-05-14 14:25:00+00:00,0.9793606019517415,0.857858128288959,0.9948186561396244
2026-05-14 14:30:00+00:00,0.9793606019517415,0.8576792829449439,0.9943296818085345
2026-05-14 14:35:00+00:00,0.9793606019517415,0.8579865752655856,0.9939734299070583
2026-05-14 14:40:00+00:00,0.9793606019517415,0.8597660428513612,0.9919119250413275
2026-05-14 14:45:00+00:00,0.9793606019517415,0.8591926352293972,0.9925734653090141
2026-05-14 14:50:00+00:00,0.9793606019517415,0.8594858609827053,0.9922347192698314
2026-05-14 14:55:00+00:00,0.9793606019517415,0.8606774628369056,0.9908590727525846
2026-05-14 15:00:00+00:00,0.9793606019517415,0.8613085681012363,0.9901325097786189
2026-05-14 15:05:00+00:00,0.9793606019517415,0.8622429065398826,0.9890584244885133
2026-05-14 15:10:00+00:00,0.9793606019517415,0.8623289618591858,0.9889597124691005
2026-05-14 15:15:00+00:00,0.9793606019517415,0.8619678254089599,0.9893738808616446
2026-05-14 15:20:00+00:00,0.9793606019517415,0.8633677794414208,0.9877670019117643
2026-05-14 15:25:00+00:00,0.9793606019517415,0.8620386910489711,0.9892875933537281
2026-05-14 15:30:00+00:00,0.9793606019517415,0.8641634534939653,0.986849186415057
2026-05-14 15:35:00+00:00,0.9793606019517415,0.8640605576171934,0.9869666904727296
2026-05-14 15:40:00+00:00,0.9793606019517415,0.8645711839999314,0.9863834313173425
2026-05-14 15:45:00+00:00,0.9793606019517415,0.8648608660552137,0.9860529350147031
2026-05-14 15:50:00+00:00,0.9793606019517415,0.8657895753757535,0.9849940866065531
2026-05-14 15:55:00+00:00,0.9793606019517415,0.8654086711355995,0.9854274348874588
2026-05-14 16:00:00+00:00,0.9793606019517415,0.8645237052605333,0.9864351318072099
2026-05-14 16:05:00+00:00,0.9793606019517415,0.8656391580456498,0.9851623826524837
2026-05-14 16:10:00+00:00,0.9793606019517415,0.8658097854083802,0.9849681958973551
2026-05-14 16:15:00+00:00,0.9793606019517415,0.8657613905031568,0.985023251226241
2026-05-14 16:20:00+00:00,0.9793606019517415,0.8651601256657786,0.9857073425376103
2026-05-14 16:25:00+00:00,0.9793606019517415,0.8645214962231121,0.9864349555101946
2026-05-14 16:30:00+00:00,0.9793606019517415,0.8626562485823592,0.9885632374344265
2026-05-14 16:35:00+00:00,0.9793606019517415,0.8620523892083516,0.9884979371798139
2026-05-14 16:40:00+00:00,0.9793606019517415,0.8620523892083516,0.988781874178992
2026-05-14 16:45:00+00:00,0.9793606019517415,0.8620523892083516,0.9881125760802161
2026-05-14 16:50:00+00:00,0.9793606019517415,0.8620523892083516,0.98821814765705
2026-05-14 16:55:00+00:00,0.9793606019517415,0.8620523892083516,0.9876525902330873
2026-05-14 17:00:00+00:00,0.9793606019517415,0.8620523892083516,0.9893988097945906
2026-05-14 17:05:00+00:00,0.9793606019517415,0.8620523892083516,0.9887062306277343
2026-05-14 17:10:00+00:00,0.9793606019517415,0.8620523892083516,0.9887062306277343
2026-05-14 17:15:00+00:00,0.9793606019517415,0.8620523892083516,0.9887062306277343
2026-05-14 17:20:00+00:00,0.9793606019517415,0.8619101558021727,0.9887062306277343
2026-05-14 17:25:00+00:00,0.9793606019517415,0.8624836031395515,0.9887062306277343
2026-05-14 17:30:00+00:00,0.9793606019517415,0.8632018961460618,0.9887062306277343
2026-05-14 17:35:00+00:00,0.9793606019517415,0.8632337706144262,0.9887062306277343
2026-05-14 17:40:00+00:00,0.9793606019517415,0.863034023792148,0.9887062306277343
2026-05-14 17:45:00+00:00,0.9793606019517415,0.8633725385735816,0.9887062306277343
2026-05-14 17:50:00+00:00,0.9793606019517415,0.8630777910607209,0.9887062306277343
2026-05-14 17:55:00+00:00,0.9793606019517415,0.8637557944707178,0.9887062306277343
2026-05-14 18:00:00+00:00,0.9793606019517415,0.8629914646894464,0.9887062306277343
2026-05-14 18:05:00+00:00,0.9793606019517415,0.8615737039218518,0.9887062306277343
2026-05-14 18:10:00+00:00,0.9793606019517415,0.8622735533387057,0.9887062306277343
2026-05-14 18:15:00+00:00,0.9793606019517415,0.8625395144311019,0.9887062306277343
2026-05-14 18:20:00+00:00,0.9793606019517415,0.8624939765915194,0.9887062306277343
2026-05-14 18:25:00+00:00,0.9793606019517415,0.8628437778330728,0.9887062306277343
2026-05-14 18:30:00+00:00,0.9793606019517415,0.8623545825291659,0.9887062306277343
2026-05-14 18:35:00+00:00,0.9793606019517415,0.8611423249605086,0.9887062306277343
2026-05-14 18:40:00+00:00,0.9793606019517415,0.8605395253330362,0.9887062306277343
2026-05-14 18:45:00+00:00,0.9793606019517415,0.8605395253330362,0.9887062306277343
2026-05-14 18:50:00+00:00,0.9793606019517415,0.8606286586824117,0.9887062306277343
2026-05-14 18:55:00+00:00,0.9793606019517415,0.8599623022191756,0.9887062306277343
2026-05-14 19:00:00+00:00,0.9793606019517415,0.8608924583895774,0.9887062306277343
2026-05-14 19:05:00+00:00,0.9793606019517415,0.8598295326932242,0.9887062306277343
2026-05-14 19:10:00+00:00,0.9793606019517415,0.8609709417066185,0.9887062306277343
2026-05-14 19:15:00+00:00,0.9793606019517415,0.8610111227628232,0.9887062306277343
2026-05-14 19:20:00+00:00,0.9793606019517415,0.8603729260634386,0.9887062306277343
2026-05-14 19:25:00+00:00,0.9793606019517415,0.8584889392634433,0.9887062306277343
2026-05-14 19:30:00+00:00,0.9793606019517415,0.8587951354504888,0.9887062306277343
2026-05-14 19:35:00+00:00,0.9793606019517415,0.8573315374453785,0.9887062306277343
2026-05-14 19:40:00+00:00,0.9793606019517415,0.8567314053691667,0.9887062306277343
2026-05-14 19:45:00+00:00,0.9793606019517415,0.8567314053691667,0.9887062306277343
2026-05-14 19:50:00+00:00,0.9793606019517415,0.8567314053691667,0.9887062306277343
2026-05-14 19:55:00+00:00,0.9793606019517415,0.8567314053691667,0.9887062306277343
2026-05-15 13:30:00+00:00,0.9793606019517415,0.8567314053691667,0.9887062306277343
2026-05-15 13:35:00+00:00,0.9793606019517415,0.8560994705442355,0.9887062306277343
2026-05-15 13:40:00+00:00,0.9793606019517415,0.8555805490344275,0.9887062306277343
2026-05-15 13:45:00+00:00,0.9793606019517415,0.8542767715289866,0.9887062306277343
2026-05-15 13:50:00+00:00,0.9793606019517415,0.8546422255039428,0.9887062306277343
2026-05-15 13:55:00+00:00,0.9793606019517415,0.8555240673284505,0.9887062306277343
2026-05-15 14:00:00+00:00,0.9793606019517415,0.8568520451969859,0.9887062306277343
2026-05-15 14:05:00+00:00,0.9793606019517415,0.8568239403508948,0.9887062306277343
2026-05-15 14:10:00+00:00,0.9793606019517415,0.8564468218264805,0.9887062306277343
2026-05-15 14:15:00+00:00,0.9793606019517415,0.8574515720732487,0.9887062306277343
2026-05-15 14:20:00+00:00,0.9793606019517415,0.8578428592134815,0.9887062306277343
2026-05-15 14:25:00+00:00,0.9793606019517415,0.8565986609892634,0.9887062306277343
2026-05-15 14:30:00+00:00,0.9793606019517415,0.8560322519979111,0.9887062306277343
2026-05-15 14:35:00+00:00,0.9793606019517415,0.8551364489185559,0.9887062306277343
2026-05-15 14:40:00+00:00,0.9793606019517415,0.8552755845829864,0.9887062306277343
2026-05-15 14:45:00+00:00,0.9793606019517415,0.8545376578051103,0.9887062306277343
2026-05-15 14:50:00+00:00,0.9793606019517415,0.8539394814446467,0.9887062306277343
2026-05-15 14:55:00+00:00,0.9793606019517415,0.8539394814446467,0.9887062306277343
2026-05-15 15:00:00+00:00,0.9793606019517415,0.8539394814446467,0.9887062306277343
2026-05-15 15:05:00+00:00,0.9793606019517415,0.8539394814446467,0.9887062306277343
2026-05-15 15:10:00+00:00,0.9793606019517415,0.8539394814446467,0.9887062306277343
2026-05-15 15:15:00+00:00,0.9793606019517415,0.8539394814446467,0.9887062306277343
2026-05-15 15:20:00+00:00,0.9793606019517415,0.8512149724109943,0.9887062306277343
2026-05-15 15:25:00+00:00,0.9793606019517415,0.8506191219303065,0.9887062306277343
2026-05-15 15:30:00+00:00,0.9793606019517415,0.8506191219303065,0.9887062306277343
2026-05-15 15:35:00+00:00,0.9793606019517415,0.8506191219303065,0.9887062306277343
2026-05-15 15:40:00+00:00,0.9793606019517415,0.8506191219303065,0.9887062306277343
2026-05-15 15:45:00+00:00,0.9793606019517415,0.8506191219303065,0.9887062306277343
2026-05-15 15:50:00+00:00,0.9793606019517415,0.8506191219303065,0.9887062306277343
2026-05-15 15:55:00+00:00,0.9793606019517415,0.8506191219303065,0.9887062306277343
2026-05-15 16:00:00+00:00,0.9793606019517415,0.8506191219303065,0.9887062306277343
2026-05-15 16:05:00+00:00,0.9793606019517415,0.8506191219303065,0.9887062306277343
2026-05-15 16:10:00+00:00,0.9793606019517415,0.8506191219303065,0.9887062306277343
2026-05-15 16:15:00+00:00,0.9793606019517415,0.8506191219303065,0.9887062306277343
2026-05-15 16:20:00+00:00,0.9793606019517415,0.8506191219303065,0.9887062306277343
2026-05-15 16:25:00+00:00,0.9793606019517415,0.8506191219303065,0.9887062306277343
2026-05-15 16:30:00+00:00,0.9793606019517415,0.8506191219303065,0.9887062306277343
2026-05-15 16:35:00+00:00,0.9793606019517415,0.8506191219303065,0.9887062306277343
2026-05-15 16:40:00+00:00,0.9793606019517415,0.8506191219303065,0.9887062306277343
2026-05-15 16:45:00+00:00,0.9793606019517415,0.8506191219303065,0.9887062306277343
2026-05-15 16:50:00+00:00,0.9793606019517415,0.8506191219303065,0.9887062306277343
2026-05-15 16:55:00+00:00,0.9793606019517415,0.8506191219303065,0.9887062306277343
2026-05-15 17:00:00+00:00,0.9793606019517415,0.8496801156206414,0.9887062306277343
2026-05-15 17:05:00+00:00,0.9793606019517415,0.8497555775133786,0.9887062306277343
2026-05-15 17:10:00+00:00,0.9793606019517415,0.8493839247146157,0.9887062306277343
2026-05-15 17:15:00+00:00,0.9793606019517415,0.8498394654955719,0.9887062306277343
2026-05-15 17:20:00+00:00,0.9793606019517415,0.8507514637103145,0.9887062306277343
2026-05-15 17:25:00+00:00,0.9793606019517415,0.8507944498878759,0.9887062306277343
2026-05-15 17:30:00+00:00,0.9793606019517415,0.8512940537730898,0.9887062306277343
2026-05-15 17:35:00+00:00,0.9793606019517415,0.8504905318494572,0.9887062306277343
2026-05-15 17:40:00+00:00,0.9793606019517415,0.8491683925298866,0.9887062306277343
2026-05-15 17:45:00+00:00,0.9793606019517415,0.8485180925602472,0.9887062306277343
2026-05-15 17:50:00+00:00,0.9793606019517415,0.8479241298954551,0.9887062306277343
2026-05-15 17:55:00+00:00,0.9793606019517415,0.8479241298954551,0.9887062306277343
2026-05-15 18:00:00+00:00,0.9793606019517415,0.8479241298954551,0.9887062306277343
2026-05-15 18:05:00+00:00,0.9793606019517415,0.8479241298954551,0.9887062306277343
2026-05-15 18:10:00+00:00,0.9793606019517415,0.8479241298954551,0.9887062306277343
2026-05-15 18:15:00+00:00,0.9793606019517415,0.8479241298954551,0.9887062306277343
2026-05-15 18:20:00+00:00,0.9793606019517415,0.8483919426664699,0.9887062306277343
2026-05-15 18:25:00+00:00,0.9793606019517415,0.8484170665311075,0.9887062306277343
2026-05-15 18:30:00+00:00,0.9793606019517415,0.8475517244153086,0.9887062306277343
2026-05-15 18:35:00+00:00,0.9793606019517415,0.8483518578530245,0.9887062306277343
2026-05-15 18:40:00+00:00,0.9793606019517415,0.8475665257660188,0.9887062306277343
2026-05-15 18:45:00+00:00,0.9793606019517415,0.8470887936338555,0.9887062306277343
2026-05-15 18:50:00+00:00,0.9793606019517415,0.8462962179925229,0.9887062306277343
2026-05-15 18:55:00+00:00,0.9795569507833245,0.845703810639928,0.9887062306277343
2026-05-15 19:00:00+00:00,0.9805474287647101,0.845703810639928,0.9887062306277343
2026-05-15 19:05:00+00:00,0.9802034415516349,0.845703810639928,0.9887062306277343
2026-05-15 19:10:00+00:00,0.9807276237591444,0.845703810639928,0.9887062306277343
2026-05-15 19:15:00+00:00,0.9830869095930471,0.845703810639928,0.9887062306277343
2026-05-15 19:20:00+00:00,0.9820454217094714,0.844215874528131,0.9887062306277343
2026-05-15 19:25:00+00:00,0.9818568410259704,0.8440537610422152,0.9887062306277343
2026-05-15 19:30:00+00:00,0.9812980638279772,0.843573407923671,0.9887062306277343
2026-05-15 19:35:00+00:00,0.9827579036430235,0.8448283600051999,0.9887062306277343
2026-05-15 19:40:00+00:00,0.9825858990510303,0.844680496165257,0.9887062306277343
2026-05-15 19:45:00+00:00,0.980857799162705,0.8431949341675695,0.9887062306277343
2026-05-15 19:50:00+00:00,0.982277239764331,0.844415157043571,0.9887062306277343
2026-05-15 19:55:00+00:00,0.9809583321807284,0.8432813574305401,0.9887062306277343
2026-05-18 13:30:00+00:00,0.9871911937651165,0.848639440241127,0.9887062306277343
2026-05-18 13:35:00+00:00,0.9842527431106224,0.8461133995568546,0.9887062306277343
2026-05-18 13:40:00+00:00,0.9835637661904449,0.8467949878552657,0.9887062306277343
2026-05-18 13:45:00+00:00,0.9817878494137773,0.8458587764475556,0.9887062306277343
2026-05-18 13:50:00+00:00,0.9811005979191876,0.8443667863799217,0.9887062306277343
2026-05-18 13:55:00+00:00,0.9811005979191876,0.8447177814771113,0.9887062306277343
2026-05-18 14:00:00+00:00,0.9811005979191876,0.8427424481586482,0.9887062306277343
2026-05-18 14:05:00+00:00,0.9811005979191876,0.8421525284449372,0.9887062306277343
2026-05-18 14:10:00+00:00,0.9811005979191876,0.8421525284449372,0.9887062306277343
2026-05-18 14:15:00+00:00,0.9811005979191876,0.8421525284449372,0.9887062306277343
2026-05-18 14:20:00+00:00,0.9811005979191876,0.8421525284449372,0.9887062306277343
2026-05-18 14:25:00+00:00,0.9811005979191876,0.8408548779017262,0.9887062306277343
2026-05-18 14:30:00+00:00,0.9811005979191876,0.8407443403850406,0.9887062306277343
2026-05-18 14:35:00+00:00,0.9811005979191876,0.8405114584608443,0.9887062306277343
2026-05-18 14:40:00+00:00,0.9811005979191876,0.8416711261187492,0.9887062306277343
2026-05-18 14:45:00+00:00,0.9811005979191876,0.8412008476077123,0.9887062306277343
2026-05-18 14:50:00+00:00,0.9811005979191876,0.839718898732992,0.9887062306277343
2026-05-18 14:55:00+00:00,0.9811005979191876,0.8391310955038789,0.9887062306277343
2026-05-18 15:00:00+00:00,0.9811005979191876,0.8391310955038789,0.9887062306277343
2026-05-18 15:05:00+00:00,0.9811005979191876,0.8391310955038789,0.9887062306277343
2026-05-18 15:10:00+00:00,0.9811005979191876,0.8391310955038789,0.9887062306277343
2026-05-18 15:15:00+00:00,0.9811005979191876,0.8391310955038789,0.9887062306277343
2026-05-18 15:20:00+00:00,0.9811005979191876,0.8391310955038789,0.9887062306277343
2026-05-18 15:25:00+00:00,0.9811005979191876,0.8391310955038789,0.9887062306277343
2026-05-18 15:30:00+00:00,0.9811005979191876,0.8391310955038789,0.9887062306277343
2026-05-18 15:35:00+00:00,0.9811005979191876,0.8378684637107864,0.9887062306277343
2026-05-18 15:40:00+00:00,0.9811005979191876,0.8386470638343388,0.9887062306277343
2026-05-18 15:45:00+00:00,0.9811005979191876,0.838728919605187,0.9887062306277343
2026-05-18 15:50:00+00:00,0.9811005979191876,0.8398113265234111,0.9887062306277343
2026-05-18 15:55:00+00:00,0.9811005979191876,0.840633880587045,0.9887062306277343
2026-05-18 16:00:00+00:00,0.9811005979191876,0.8426747940330028,0.9887062306277343
2026-05-18 16:05:00+00:00,0.9811005979191876,0.8443695142533777,0.9887062306277343
2026-05-18 16:10:00+00:00,0.9811005979191876,0.8439037520120278,0.9887062306277343
2026-05-18 16:15:00+00:00,0.9811005979191876,0.844733716452137,0.9887062306277343
2026-05-18 16:20:00+00:00,0.9811005979191876,0.844568395162442,0.9887062306277343
2026-05-18 16:25:00+00:00,0.9811005979191876,0.8439132735602393,0.9887062306277343
2026-05-18 16:30:00+00:00,0.9811005979191876,0.8439763432164598,0.9887062306277343
2026-05-18 16:35:00+00:00,0.9811005979191876,0.8422775756869444,0.9887062306277343
2026-05-18 16:40:00+00:00,0.9811005979191876,0.8443119204681576,0.9887062306277343
2026-05-18 16:45:00+00:00,0.9811005979191876,0.8440901685788225,0.9887062306277343
2026-05-18 16:50:00+00:00,0.9811005979191876,0.8446496018629375,0.9887062306277343
2026-05-18 16:55:00+00:00,0.9811005979191876,0.8437499173948496,0.9887062306277343
2026-05-18 17:00:00+00:00,0.9811005979191876,0.8441378365093877,0.9887062306277343
2026-05-18 17:05:00+00:00,0.9811005979191876,0.844498511782988,0.9887062306277343
2026-05-18 17:10:00+00:00,0.9811005979191876,0.8451527334754422,0.9887062306277343
2026-05-18 17:15:00+00:00,0.9811005979191876,0.845920724158198,0.9887062306277343
2026-05-18 17:20:00+00:00,0.9811005979191876,0.8459953526497875,0.9887062306277343
2026-05-18 17:25:00+00:00,0.9811005979191876,0.8469452451249466,0.9887062306277343
2026-05-18 17:30:00+00:00,0.9811005979191876,0.847141323842295,0.9887062306277343
2026-05-18 17:35:00+00:00,0.9811005979191876,0.846640622099897,0.9887062306277343
2026-05-18 17:40:00+00:00,0.9811005979191876,0.8460999940628345,0.9887062306277343
2026-05-18 17:45:00+00:00,0.9811005979191876,0.8466891655662255,0.9887062306277343
2026-05-18 17:50:00+00:00,0.9811005979191876,0.8473579188002565,0.9887062306277343
2026-05-18 17:55:00+00:00,0.9811005979191876,0.8471481336616362,0.9887062306277343
2026-05-18 18:00:00+00:00,0.9811005979191876,0.8469864755564495,0.9887062306277343
2026-05-18 18:05:00+00:00,0.9811005979191876,0.847989526766006,0.9887062306277343
2026-05-18 18:10:00+00:00,0.9811005979191876,0.8477408270629625,0.9887062306277343
2026-05-18 18:15:00+00:00,0.9811005979191876,0.8470278600936584,0.9887062306277343
2026-05-18 18:20:00+00:00,0.9811005979191876,0.8449386127056978,0.9887062306277343
2026-05-18 18:25:00+00:00,0.9811005979191876,0.8443471556768037,0.9887062306277343
2026-05-18 18:30:00+00:00,0.9811005979191876,0.8443471556768037,0.9887062306277343
2026-05-18 18:35:00+00:00,0.9811005979191876,0.8443471556768037,0.9887062306277343
2026-05-18 18:40:00+00:00,0.9811005979191876,0.8443471556768037,0.9887062306277343
2026-05-18 18:45:00+00:00,0.9811005979191876,0.8443471556768037,0.9887062306277343
2026-05-18 18:50:00+00:00,0.9811005979191876,0.8443471556768037,0.9887062306277343
2026-05-18 18:55:00+00:00,0.9811005979191876,0.8443471556768037,0.9887062306277343
2026-05-18 19:00:00+00:00,0.9811005979191876,0.8443471556768037,0.9887062306277343
2026-05-18 19:05:00+00:00,0.9811005979191876,0.8443471556768037,0.9887062306277343
2026-05-18 19:10:00+00:00,0.9811005979191876,0.8419612157171081,0.9887062306277343
2026-05-18 19:15:00+00:00,0.9811005979191876,0.8439322837947497,0.9887062306277343
2026-05-18 19:20:00+00:00,0.9811005979191876,0.8430794596797337,0.9887062306277343
2026-05-18 19:25:00+00:00,0.9811005979191876,0.844157397780517,0.9887062306277343
2026-05-18 19:30:00+00:00,0.9811005979191876,0.8442217740474285,0.9887062306277343
2026-05-18 19:35:00+00:00,0.9811005979191876,0.8431167441343422,0.9887062306277343
2026-05-18 19:40:00+00:00,0.9811005979191876,0.8443752411321515,0.9887062306277343
2026-05-18 19:45:00+00:00,0.9811005979191876,0.8450924896034905,0.9887062306277343
2026-05-18 19:50:00+00:00,0.9811005979191876,0.8466351601983999,0.9887062306277343
2026-05-18 19:55:00+00:00,0.9811005979191876,0.8487123030815016,0.9887062306277343
2026-05-19 13:30:00+00:00,0.9811005979191876,0.8448323485802104,0.9887062306277343
2026-05-19 13:35:00+00:00,0.9811005979191876,0.8444663757600785,0.9887062306277343
2026-05-19 13:40:00+00:00,0.9811005979191876,0.8433797300193947,0.9887062306277343
2026-05-19 13:45:00+00:00,0.9811005979191876,0.8427893642083811,0.9887062306277343
2026-05-19 13:50:00+00:00,0.9811005979191876,0.8427893642083811,0.9887062306277343
2026-05-19 13:55:00+00:00,0.9811005979191876,0.8427893642083811,0.9887062306277343
2026-05-19 14:00:00+00:00,0.9811005979191876,0.8427893642083811,0.9887062306277343
2026-05-19 14:05:00+00:00,0.9811005979191876,0.8427893642083811,0.9887062306277343
2026-05-19 14:10:00+00:00,0.9794051152117808,0.8427893642083811,0.9887062306277343
2026-05-19 14:15:00+00:00,0.9787195316311325,0.8427893642083811,0.9887062306277343
2026-05-19 14:20:00+00:00,0.9787195316311325,0.8427893642083811,0.9887062306277343
2026-05-19 14:25:00+00:00,0.9787195316311325,0.8427893642083811,0.9887062306277343
2026-05-19 14:30:00+00:00,0.9787195316311325,0.8427893642083811,0.9887062306277343
2026-05-19 14:35:00+00:00,0.9787195316311325,0.8427893642083811,0.9887062306277343
2026-05-19 14:40:00+00:00,0.9787195316311325,0.8427893642083811,0.9887062306277343
2026-05-19 14:45:00+00:00,0.9787195316311325,0.8427893642083811,0.9887062306277343
2026-05-19 14:50:00+00:00,0.9787195316311325,0.8427893642083811,0.9887062306277343
2026-05-19 14:55:00+00:00,0.9787195316311325,0.8427893642083811,0.9887062306277343
2026-05-19 15:00:00+00:00,0.9787195316311325,0.8427893642083811,0.9887062306277343
2026-05-19 15:05:00+00:00,0.9787195316311325,0.8427893642083811,0.9887062306277343
2026-05-19 15:10:00+00:00,0.9787195316311325,0.8427893642083811,0.9887062306277343
2026-05-19 15:15:00+00:00,0.9787195316311325,0.8427893642083811,0.9887062306277343
2026-05-19 15:20:00+00:00,0.9787195316311325,0.8427893642083811,0.9887062306277343
2026-05-19 15:25:00+00:00,0.9787195316311325,0.8427893642083811,0.9887062306277343
2026-05-19 15:30:00+00:00,0.9787195316311325,0.8427893642083811,0.9887062306277343
2026-05-19 15:35:00+00:00,0.9787195316311325,0.8420795922100108,0.9887062306277343
2026-05-19 15:40:00+00:00,0.9787195316311325,0.8419894885090637,0.9887062306277343
2026-05-19 15:45:00+00:00,0.9787195316311325,0.8417851870011188,0.9887062306277343
2026-05-19 15:50:00+00:00,0.9787195316311325,0.8422449087936934,0.9887062306277343
2026-05-19 15:55:00+00:00,0.9787195316311325,0.843689182416589,0.9887062306277343
2026-05-19 16:00:00+00:00,0.9787195316311325,0.8422230070603286,0.9887062306277343
2026-05-19 16:05:00+00:00,0.9787195316311325,0.8411948242538291,0.9887062306277343
2026-05-19 16:10:00+00:00,0.9787195316311325,0.8414934409618938,0.9887062306277343
2026-05-19 16:15:00+00:00,0.9787195316311325,0.8417882203408136,0.9887062306277343
2026-05-19 16:20:00+00:00,0.9787195316311325,0.8422028505767924,0.9887062306277343
2026-05-19 16:25:00+00:00,0.9787195316311325,0.8425364971335709,0.9887062306277343
2026-05-19 16:30:00+00:00,0.9787195316311325,0.8429566259866739,0.9887062306277343
2026-05-19 16:35:00+00:00,0.9787195316311325,0.842783662432013,0.9887062306277343
2026-05-19 16:40:00+00:00,0.9787195316311325,0.8433574169957415,0.9887062306277343
2026-05-19 16:45:00+00:00,0.9787195316311325,0.8442717703955296,0.9887062306277343
2026-05-19 16:50:00+00:00,0.9787195316311325,0.8453945602854759,0.9887062306277343
2026-05-19 16:55:00+00:00,0.9787195316311325,0.8447282784459729,0.9887062306277343
2026-05-19 17:00:00+00:00,0.9787195316311325,0.8445479855117384,0.9887062306277343
2026-05-19 17:05:00+00:00,0.9787195316311325,0.8438135817258892,0.9887062306277343
2026-05-19 17:10:00+00:00,0.9787195316311325,0.8443740177879748,0.9887062306277343
2026-05-19 17:15:00+00:00,0.9787195316311325,0.8444240568238196,0.9887062306277343
2026-05-19 17:20:00+00:00,0.9787195316311325,0.8433308369577557,0.9887062306277343
2026-05-19 17:25:00+00:00,0.9787195316311325,0.8433289563964678,0.9887062306277343
2026-05-19 17:30:00+00:00,0.9787195316311325,0.8424785904950391,0.9887062306277343
2026-05-19 17:35:00+00:00,0.9787195316311325,0.8418888554816926,0.9887062306277343
2026-05-19 17:40:00+00:00,0.9787195316311325,0.8418888554816926,0.9887062306277343
2026-05-19 17:45:00+00:00,0.9787195316311325,0.8418888554816926,0.9887062306277343
2026-05-19 17:50:00+00:00,0.9787195316311325,0.8418888554816926,0.9887062306277343
2026-05-19 17:55:00+00:00,0.9787195316311325,0.8418888554816926,0.9887062306277343
2026-05-19 18:00:00+00:00,0.9787195316311325,0.8418888554816926,0.9887062306277343
2026-05-19 18:05:00+00:00,0.9787195316311325,0.8418888554816926,0.9887062306277343
2026-05-19 18:10:00+00:00,0.9787195316311325,0.8418888554816926,0.9887062306277343
2026-05-19 18:15:00+00:00,0.9787195316311325,0.8418888554816926,0.9887062306277343
2026-05-19 18:20:00+00:00,0.9787195316311325,0.8418888554816926,0.9887062306277343
2026-05-19 18:25:00+00:00,0.9787195316311325,0.8418888554816926,0.9887062306277343
2026-05-19 18:30:00+00:00,0.9787195316311325,0.8418888554816926,0.9887062306277343
2026-05-19 18:35:00+00:00,0.9787195316311325,0.8418888554816926,0.9887062306277343
2026-05-19 18:40:00+00:00,0.9787195316311325,0.8418888554816926,0.9887062306277343
2026-05-19 18:45:00+00:00,0.9787195316311325,0.8418888554816926,0.9887062306277343
2026-05-19 18:50:00+00:00,0.9787195316311325,0.8418888554816926,0.9887062306277343
2026-05-19 18:55:00+00:00,0.9787195316311325,0.8418888554816926,0.9887062306277343
2026-05-19 19:00:00+00:00,0.9787195316311325,0.8418888554816926,0.9887062306277343
2026-05-19 19:05:00+00:00,0.9787195316311325,0.8418888554816926,0.9887062306277343
2026-05-19 19:10:00+00:00,0.9787195316311325,0.8418888554816926,0.9887062306277343
2026-05-19 19:15:00+00:00,0.9787195316311325,0.8418888554816926,0.9887062306277343
2026-05-19 19:20:00+00:00,0.9787195316311325,0.8418888554816926,0.9887062306277343
2026-05-19 19:25:00+00:00,0.9787195316311325,0.8418888554816926,0.9887062306277343
2026-05-19 19:30:00+00:00,0.9787195316311325,0.8418888554816926,0.9887062306277343
2026-05-19 19:35:00+00:00,0.9787195316311325,0.8418888554816926,0.9887062306277343
2026-05-19 19:40:00+00:00,0.9787195316311325,0.8418888554816926,0.9887062306277343
2026-05-19 19:45:00+00:00,0.9787195316311325,0.8418888554816926,0.9887062306277343
2026-05-19 19:50:00+00:00,0.9787195316311325,0.8418888554816926,0.9887062306277343
2026-05-19 19:55:00+00:00,0.9787195316311325,0.8418888554816926,0.9887062306277343
2026-05-20 13:30:00+00:00,0.9787195316311325,0.8389106600965286,0.9887062306277343
2026-05-20 13:35:00+00:00,0.9787195316311325,0.8394733962626733,0.9887062306277343
2026-05-20 13:40:00+00:00,0.9787195316311325,0.8394994196747556,0.9887062306277343
2026-05-20 13:45:00+00:00,0.9787195316311325,0.8405183832008067,0.9887062306277343
2026-05-20 13:50:00+00:00,0.9787195316311325,0.8418844356207442,0.9887062306277343
2026-05-20 13:55:00+00:00,0.9787195316311325,0.8399843576622517,0.9887062306277343
2026-05-20 14:00:00+00:00,0.9787195316311325,0.8394297320430029,0.9887062306277343
2026-05-20 14:05:00+00:00,0.9787195316311325,0.8396935732642358,0.9887062306277343
2026-05-20 14:10:00+00:00,0.9787195316311325,0.840378969660668,0.9887062306277343
2026-05-20 14:15:00+00:00,0.9787195316311325,0.8399359468215261,0.9887062306277343
2026-05-20 14:20:00+00:00,0.9787195316311325,0.8405792402501586,0.9887062306277343
2026-05-20 14:25:00+00:00,0.9787195316311325,0.840280197777274,0.9887062306277343
2026-05-20 14:30:00+00:00,0.9787195316311325,0.8407740368570542,0.9887062306277343
2026-05-20 14:35:00+00:00,0.9787195316311325,0.8410236484030937,0.9887062306277343
2026-05-20 14:40:00+00:00,0.9787195316311325,0.8400225686376573,0.9887062306277343
2026-05-20 14:45:00+00:00,0.9787195316311325,0.8408234429256327,0.9887062306277343
2026-05-20 14:50:00+00:00,0.9787195316311325,0.8407511664528676,0.9887062306277343
2026-05-20 14:55:00+00:00,0.9787195316311325,0.8424737043798756,0.9887062306277343
2026-05-20 15:00:00+00:00,0.9787195316311325,0.8419399204150524,0.9887062306277343
2026-05-20 15:05:00+00:00,0.9787195316311325,0.8398667191616767,0.9887062306277343
2026-05-20 15:10:00+00:00,0.9777668055196227,0.8392788124582634,0.9887062306277343
2026-05-20 15:15:00+00:00,0.976496178512931,0.8392788124582634,0.9887062306277343
2026-05-20 15:20:00+00:00,0.9758126311879719,0.8392788124582634,0.9887062306277343
2026-05-20 15:25:00+00:00,0.9758126311879719,0.8392788124582634,0.9887062306277343
2026-05-20 15:30:00+00:00,0.9758126311879719,0.8392788124582634,0.9887062306277343
2026-05-20 15:35:00+00:00,0.9758126311879719,0.8392788124582634,0.9887062306277343
2026-05-20 15:40:00+00:00,0.9758126311879719,0.8392788124582634,0.9887062306277343
2026-05-20 15:45:00+00:00,0.9758126311879719,0.8392788124582634,0.9887062306277343
2026-05-20 15:50:00+00:00,0.9758126311879719,0.8392788124582634,0.9887062306277343
2026-05-20 15:55:00+00:00,0.9758126311879719,0.8392788124582634,0.9887062306277343
2026-05-20 16:00:00+00:00,0.9758126311879719,0.8392788124582634,0.9887062306277343
2026-05-20 16:05:00+00:00,0.9758126311879719,0.8392788124582634,0.9887062306277343
2026-05-20 16:10:00+00:00,0.9758126311879719,0.8392788124582634,0.9887062306277343
2026-05-20 16:15:00+00:00,0.9758126311879719,0.8392788124582634,0.9887062306277343
2026-05-20 16:20:00+00:00,0.9758126311879719,0.8392788124582634,0.9887062306277343
2026-05-20 16:25:00+00:00,0.9758126311879719,0.8392788124582634,0.9887062306277343
2026-05-20 16:30:00+00:00,0.9758126311879719,0.8392788124582634,0.9887062306277343
2026-05-20 16:35:00+00:00,0.9758126311879719,0.8392788124582634,0.9887062306277343
2026-05-20 16:40:00+00:00,0.9758126311879719,0.8392788124582634,0.9887062306277343
2026-05-20 16:45:00+00:00,0.9758126311879719,0.8392788124582634,0.9887062306277343
2026-05-20 16:50:00+00:00,0.9758126311879719,0.8392788124582634,0.9887062306277343
2026-05-20 16:55:00+00:00,0.9758126311879719,0.8392788124582634,0.9887062306277343
2026-05-20 17:00:00+00:00,0.9758126311879719,0.8392788124582634,0.9887062306277343
2026-05-20 17:05:00+00:00,0.9758126311879719,0.8392788124582634,0.9887062306277343
2026-05-20 17:10:00+00:00,0.9758126311879719,0.8392788124582634,0.9887062306277343
2026-05-20 17:15:00+00:00,0.9748034434053067,0.8392788124582634,0.9887062306277343
2026-05-20 17:20:00+00:00,0.9748558705840983,0.8392788124582634,0.9887062306277343
2026-05-20 17:25:00+00:00,0.9744877001226823,0.8392788124582634,0.9887062306277343
2026-05-20 17:30:00+00:00,0.976028957114752,0.8392788124582634,0.9887062306277343
2026-05-20 17:35:00+00:00,0.974387524057855,0.8392788124582634,0.9887062306277343
2026-05-20 17:40:00+00:00,0.9714493214998483,0.8392788124582634,0.9887062306277343
2026-05-20 17:45:00+00:00,0.9707693069747984,0.8392788124582634,0.9887062306277343
2026-05-20 17:50:00+00:00,0.9707693069747984,0.8392788124582634,0.9887062306277343
2026-05-20 17:55:00+00:00,0.9707693069747984,0.8392788124582634,0.9887062306277343
2026-05-20 18:00:00+00:00,0.9707693069747984,0.8392788124582634,0.9887062306277343
2026-05-20 18:05:00+00:00,0.9707693069747984,0.8392788124582634,0.9887062306277343
2026-05-20 18:10:00+00:00,0.9707693069747984,0.8392788124582634,0.9887062306277343
2026-05-20 18:15:00+00:00,0.9707693069747984,0.8392788124582634,0.9887062306277343
2026-05-20 18:20:00+00:00,0.9707693069747984,0.8392788124582634,0.9887062306277343
2026-05-20 18:25:00+00:00,0.9709684716167154,0.8392788124582634,0.9887062306277343
2026-05-20 18:30:00+00:00,0.9670663676605686,0.8392788124582634,0.9887062306277343
2026-05-20 18:35:00+00:00,0.9663894212032063,0.8392788124582634,0.9887062306277343
2026-05-20 18:40:00+00:00,0.9663894212032063,0.8366403345424116,0.9887062306277343
2026-05-20 18:45:00+00:00,0.9663894212032063,0.8367052829166538,0.9887062306277343
2026-05-20 18:50:00+00:00,0.9663894212032063,0.8374047296908441,0.9887062306277343
2026-05-20 18:55:00+00:00,0.9663894212032063,0.8384269674983116,0.9887062306277343
2026-05-20 19:00:00+00:00,0.9663894212032063,0.8395660948858634,0.9887062306277343
2026-05-20 19:05:00+00:00,0.9663894212032063,0.8420037576519238,0.9887062306277343
2026-05-20 19:10:00+00:00,0.9663894212032063,0.8425083318612069,0.9887062306277343
2026-05-20 19:15:00+00:00,0.9663894212032063,0.8421481754335947,0.9887062306277343
2026-05-20 19:20:00+00:00,0.9663894212032063,0.8429693012603235,0.9887062306277343
2026-05-20 19:25:00+00:00,0.9663894212032063,0.8433338069657301,0.9887062306277343
2026-05-20 19:30:00+00:00,0.9663894212032063,0.8421538956645843,0.9887062306277343
2026-05-20 19:35:00+00:00,0.9663894212032063,0.8406499341645768,0.9887062306277343
2026-05-20 19:40:00+00:00,0.9663894212032063,0.8409352293388594,0.9887062306277343
2026-05-20 19:45:00+00:00,0.9663894212032063,0.8407928071023671,0.9887062306277343
2026-05-20 19:50:00+00:00,0.9663894212032063,0.8414639106492561,0.9887062306277343
2026-05-20 19:55:00+00:00,0.9663894212032063,0.8405824786493399,0.9887062306277343
2026-05-21 13:30:00+00:00,0.9663894212032063,0.8398388481013993,0.9887062306277343
2026-05-21 13:35:00+00:00,0.9663894212032063,0.8404323311776217,0.9887062306277343
2026-05-21 13:40:00+00:00,0.967391764416444,0.8418923337937988,0.9887062306277343
2026-05-21 13:45:00+00:00,0.9671278664259987,0.8416626712070043,0.9887062306277343
2026-05-21 13:50:00+00:00,0.9657406697162435,0.8404554350919529,0.9887062306277343
2026-05-21 13:55:00+00:00,0.9650646512474421,0.8399381179858719,0.9887062306277343
2026-05-21 14:00:00+00:00,0.9650646512474421,0.8393501613032818,0.9887062306277343
2026-05-21 14:05:00+00:00,0.9650646512474421,0.8393501613032818,0.9887062306277343
2026-05-21 14:10:00+00:00,0.9650646512474421,0.8393501613032818,0.9887062306277343
2026-05-21 14:15:00+00:00,0.9650646512474421,0.8393501613032818,0.9887062306277343
2026-05-21 14:20:00+00:00,0.9650646512474421,0.8393501613032818,0.9887062306277343
2026-05-21 14:25:00+00:00,0.9650646512474421,0.8393501613032818,0.9887062306277343
2026-05-21 14:30:00+00:00,0.9650646512474421,0.8379020605934001,0.9887062306277343
2026-05-21 14:35:00+00:00,0.9650646512474421,0.8390748509519971,0.9887062306277343
2026-05-21 14:40:00+00:00,0.9650646512474421,0.839425976656574,0.9887062306277343
2026-05-21 14:45:00+00:00,0.9650646512474421,0.8391176978191444,0.9887062306277343
2026-05-21 14:50:00+00:00,0.9650646512474421,0.8391067761562395,0.9887062306277343
2026-05-21 14:55:00+00:00,0.9650646512474421,0.8381811440990206,0.9887062306277343
2026-05-21 15:00:00+00:00,0.9650646512474421,0.8386061845237538,0.9887062306277343
2026-05-21 15:05:00+00:00,0.9650646512474421,0.8378570646249168,0.9887062306277343
2026-05-21 15:10:00+00:00,0.9650646512474421,0.8387940578530061,0.9887062306277343
2026-05-21 15:15:00+00:00,0.9650646512474421,0.8398801737489329,0.9887062306277343
2026-05-21 15:20:00+00:00,0.9650646512474421,0.840072132724578,0.9887062306277343
2026-05-21 15:25:00+00:00,0.9650646512474421,0.8385804439230312,0.9887062306277343
2026-05-21 15:30:00+00:00,0.9650646512474421,0.8377127999992532,0.9887062306277343
2026-05-21 15:35:00+00:00,0.9650646512474421,0.8378180131907755,0.9887062306277343
2026-05-21 15:40:00+00:00,0.9650646512474421,0.8384215539405293,0.9887062306277343
2026-05-21 15:45:00+00:00,0.9650646512474421,0.8369489396048876,0.9887062306277343
2026-05-21 15:50:00+00:00,0.9650646512474421,0.8363630753471641,0.9887062306277343
2026-05-21 15:55:00+00:00,0.9650646512474421,0.8363630753471641,0.9887062306277343
2026-05-21 16:00:00+00:00,0.9650646512474421,0.8363630753471641,0.9887062306277343
2026-05-21 16:05:00+00:00,0.9650646512474421,0.8363630753471641,0.9887062306277343
2026-05-21 16:10:00+00:00,0.9650646512474421,0.8363630753471641,0.9887062306277343
2026-05-21 16:15:00+00:00,0.9650646512474421,0.8363630753471641,0.9887062306277343
2026-05-21 16:20:00+00:00,0.9650646512474421,0.8363630753471641,0.9887062306277343
2026-05-21 16:25:00+00:00,0.9650646512474421,0.8363630753471641,0.9887062306277343
2026-05-21 16:30:00+00:00,0.9650646512474421,0.8363630753471641,0.9887062306277343
2026-05-21 16:35:00+00:00,0.9650646512474421,0.8363630753471641,0.9887062306277343
2026-05-21 16:40:00+00:00,0.9650646512474421,0.8363630753471641,0.9887062306277343
2026-05-21 16:45:00+00:00,0.9650646512474421,0.8363630753471641,0.9887062306277343
2026-05-21 16:50:00+00:00,0.9650646512474421,0.8363630753471641,0.9887062306277343
2026-05-21 16:55:00+00:00,0.9650646512474421,0.8363630753471641,0.9887062306277343
2026-05-21 17:00:00+00:00,0.9650646512474421,0.8363630753471641,0.9887062306277343
2026-05-21 17:05:00+00:00,0.9650646512474421,0.8363630753471641,0.9887062306277343
2026-05-21 17:10:00+00:00,0.9657096078210152,0.8363630753471641,0.9887062306277343
2026-05-21 17:15:00+00:00,0.9654896799878379,0.8363630753471641,0.9887062306277343
2026-05-21 17:20:00+00:00,0.9650246254890328,0.8363630753471641,0.9887062306277343
2026-05-21 17:25:00+00:00,0.964834678715499,0.8363630753471641,0.9887062306277343
2026-05-21 17:30:00+00:00,0.9654243998024493,0.8363630753471641,0.9887062306277343
2026-05-21 17:35:00+00:00,0.964372107323335,0.8363630753471641,0.9887062306277343
2026-05-21 17:40:00+00:00,0.9636970468482087,0.8363630753471641,0.9887062306277343
2026-05-21 17:45:00+00:00,0.9636970468482087,0.8363630753471641,0.9887062306277343
2026-05-21 17:50:00+00:00,0.9636970468482087,0.8363630753471641,0.9887062306277343
2026-05-21 17:55:00+00:00,0.9636970468482087,0.8363630753471641,0.9887062306277343
2026-05-21 18:00:00+00:00,0.9636970468482087,0.8353799207422294,0.9887062306277343
2026-05-21 18:05:00+00:00,0.9636970468482087,0.8356427691201275,0.9887062306277343
2026-05-21 18:10:00+00:00,0.9636970468482087,0.8359962898310491,0.9887062306277343
2026-05-21 18:15:00+00:00,0.9636970468482087,0.8373638620786998,0.9887062306277343
2026-05-21 18:20:00+00:00,0.9636970468482087,0.8369547516602719,0.9887062306277343
2026-05-21 18:25:00+00:00,0.9636970468482087,0.8367955856622581,0.9887062306277343
2026-05-21 18:30:00+00:00,0.9636970468482087,0.8372251967655663,0.9887062306277343
2026-05-21 18:35:00+00:00,0.9636970468482087,0.8372577827966005,0.9887062306277343
2026-05-21 18:40:00+00:00,0.9636970468482087,0.8383429880987905,0.9887062306277343
2026-05-21 18:45:00+00:00,0.9636970468482087,0.8381912111857706,0.9887062306277343
2026-05-21 18:50:00+00:00,0.9636970468482087,0.8382448797130756,0.9887062306277343
2026-05-21 18:55:00+00:00,0.9636970468482087,0.838213410388805,0.9887062306277343
2026-05-21 19:00:00+00:00,0.9636970468482087,0.8383658485903178,0.9887062306277343
2026-05-21 19:05:00+00:00,0.9636970468482087,0.8378614493409294,0.9887062306277343
2026-05-21 19:10:00+00:00,0.9636970468482087,0.83805981951298,0.9887062306277343
2026-05-21 19:15:00+00:00,0.9636970468482087,0.8385866377638375,0.9887062306277343
2026-05-21 19:20:00+00:00,0.9636970468482087,0.8386206785952881,0.9887062306277343
2026-05-21 19:25:00+00:00,0.9636970468482087,0.8392325135547174,0.9887062306277343
2026-05-21 19:30:00+00:00,0.9636970468482087,0.8385114813026273,0.9887062306277343
2026-05-21 19:35:00+00:00,0.9636970468482087,0.8393933062948423,0.9887062306277343
2026-05-21 19:40:00+00:00,0.9636970468482087,0.8401786779842817,0.9887062306277343
2026-05-21 19:45:00+00:00,0.9636970468482087,0.8399915410396286,0.9887062306277343
2026-05-21 19:50:00+00:00,0.9636970468482087,0.8399048866740155,0.9887062306277343
2026-05-21 19:55:00+00:00,0.9636970468482087,0.84154869661676,0.9887062306277343
2026-05-22 13:30:00+00:00,0.9636970468482087,0.8440058513450369,0.9887062306277343
2026-05-22 13:35:00+00:00,0.9636970468482087,0.8458559561170286,0.9858468407286309
2026-05-22 13:40:00+00:00,0.9636970468482087,0.8461795678209106,0.9854696706282282
2026-05-22 13:45:00+00:00,0.9636970468482087,0.8453960373445086,0.9863821785046539
2026-05-22 13:50:00+00:00,0.9636970468482087,0.8458708960880521,0.9858281278807479
2026-05-22 13:55:00+00:00,0.9636970468482087,0.8459286139681834,0.985760860038837
2026-05-22 14:00:00+00:00,0.9636970468482087,0.8444436063032769,0.9874913399029187
2026-05-22 14:05:00+00:00,0.9636970468482087,0.8439114293262984,0.9881136670212003
2026-05-22 14:10:00+00:00,0.9636970468482087,0.844322630631341,0.987632202242682
2026-05-22 14:15:00+00:00,0.9636970468482087,0.8471454365332229,0.9843302724965911
2026-05-22 14:20:00+00:00,0.9636970468482087,0.8464974214344393,0.9850832257101243
2026-05-22 14:25:00+00:00,0.9636970468482087,0.8449726894117732,0.9868575818997584
2026-05-22 14:30:00+00:00,0.9636970468482087,0.8459327679914297,0.9857362902445059
2026-05-22 14:35:00+00:00,0.9623442825900191,0.8453374651646705,0.9864299761049261
2026-05-22 14:40:00+00:00,0.961670641592206,0.8467748605361848,0.9847526697741342
2026-05-22 14:45:00+00:00,0.961670641592206,0.8464798843935101,0.9850957108321017
2026-05-22 14:50:00+00:00,0.961670641592206,0.84628278606767,0.985325085113732
2026-05-22 14:55:00+00:00,0.961670641592206,0.8460517599934724,0.985594068236123
2026-05-22 15:00:00+00:00,0.961670641592206,0.8462977573430998,0.985307497673825
2026-05-22 15:05:00+00:00,0.961670641592206,0.8438634887527361,0.9881416102218331
2026-05-22 15:10:00+00:00,0.961670641592206,0.8432727843106091,0.98668122743715
2026-05-22 15:15:00+00:00,0.961670641592206,0.8432727843106091,0.9869201614926107
2026-05-22 15:20:00+00:00,0.961670641592206,0.8432727843106091,0.9887259546028602
2026-05-22 15:25:00+00:00,0.961670641592206,0.8432727843106091,0.9880338464346381
2026-05-22 15:30:00+00:00,0.961670641592206,0.8432727843106091,0.9880338464346381
2026-05-22 15:35:00+00:00,0.961670641592206,0.8432727843106091,0.9880338464346381
2026-05-22 15:40:00+00:00,0.961670641592206,0.8432727843106091,0.9880338464346381
2026-05-22 15:45:00+00:00,0.961670641592206,0.8428433173705765,0.9880338464346381
2026-05-22 15:50:00+00:00,0.961670641592206,0.8447234102084966,0.9880338464346381
2026-05-22 15:55:00+00:00,0.961670641592206,0.8442311792622677,0.9880338464346381
2026-05-22 16:00:00+00:00,0.961670641592206,0.8446353431385486,0.9880338464346381
2026-05-22 16:05:00+00:00,0.961670641592206,0.843336101043127,0.9880338464346381
2026-05-22 16:10:00+00:00,0.961670641592206,0.8428479936713573,0.9880338464346381
2026-05-22 16:15:00+00:00,0.961670641592206,0.8419790298373089,0.9880338464346381
2026-05-22 16:20:00+00:00,0.961670641592206,0.8422270628671834,0.9880338464346381
2026-05-22 16:25:00+00:00,0.961670641592206,0.8414855289748829,0.9880338464346381
2026-05-22 16:30:00+00:00,0.961670641592206,0.8408964891046005,0.9880338464346381
2026-05-22 16:35:00+00:00,0.961670641592206,0.8408964891046005,0.9880338464346381
2026-05-22 16:40:00+00:00,0.961670641592206,0.8408964891046005,0.9880338464346381
2026-05-22 16:45:00+00:00,0.961670641592206,0.8408964891046005,0.9880338464346381
2026-05-22 16:50:00+00:00,0.961670641592206,0.8408964891046005,0.9880338464346381
2026-05-22 16:55:00+00:00,0.961670641592206,0.8408964891046005,0.9880338464346381
2026-05-22 17:00:00+00:00,0.961670641592206,0.8408964891046005,0.9880338464346381
2026-05-22 17:05:00+00:00,0.961670641592206,0.8408964891046005,0.9880338464346381
2026-05-22 17:10:00+00:00,0.961670641592206,0.8408964891046005,0.9880338464346381
2026-05-22 17:15:00+00:00,0.961670641592206,0.8408964891046005,0.9880338464346381
2026-05-22 17:20:00+00:00,0.961670641592206,0.8408964891046005,0.9880338464346381
2026-05-22 17:25:00+00:00,0.961670641592206,0.8408964891046005,0.9880338464346381
2026-05-22 17:30:00+00:00,0.961670641592206,0.8408964891046005,0.9880338464346381
2026-05-22 17:35:00+00:00,0.9603346909705405,0.8397283176550533,0.9880338464346381
2026-05-22 17:40:00+00:00,0.9608399057663056,0.8401700836086226,0.9880338464346381
2026-05-22 17:45:00+00:00,0.9615514200805835,0.8407922403668171,0.9880338464346381
2026-05-22 17:50:00+00:00,0.9610515980972935,0.8403551899539752,0.9880338464346381
2026-05-22 17:55:00+00:00,0.9601593015850292,0.8395749550461474,0.9880338464346381
2026-05-22 18:00:00+00:00,0.9616362753886305,0.8408664388787946,0.9880338464346381
2026-05-22 18:05:00+00:00,0.9621032733808379,0.8412747875951659,0.9880338464346381
2026-05-22 18:10:00+00:00,0.9639266984243015,0.8428692125998175,0.9880338464346381
2026-05-22 18:15:00+00:00,0.9638475117407442,0.8427999708019429,0.9880338464346381
2026-05-22 18:20:00+00:00,0.9643526523248266,0.8432416718639155,0.9880338464346381
2026-05-22 18:25:00+00:00,0.9644147002503278,0.843295927323585,0.9880338464346381
2026-05-22 18:30:00+00:00,0.9633429908200103,0.8423588115811286,0.9880338464346381
2026-05-22 18:35:00+00:00,0.9648167188962111,0.8436474573103154,0.9880338464346381
2026-05-22 18:40:00+00:00,0.9643804397838781,0.8432659695556065,0.9880338464346381
2026-05-22 18:45:00+00:00,0.9646053812673961,0.8434626611208509,0.9880338464346381
2026-05-22 18:50:00+00:00,0.9631195546942335,0.8421634363189767,0.9880338464346381
2026-05-22 18:55:00+00:00,0.961841574813338,0.8410459551892501,0.9880338464346381
2026-05-22 19:00:00+00:00,0.9620786553404117,0.8404572230206175,0.9880338464346381
2026-05-22 19:05:00+00:00,0.9633898771343151,0.8404572230206175,0.9880338464346381
2026-05-22 19:10:00+00:00,0.9619166363173007,0.8404572230206175,0.9880338464346381
2026-05-22 19:15:00+00:00,0.9617798897635733,0.8404572230206175,0.9880338464346381
2026-05-22 19:20:00+00:00,0.9632975449710034,0.8404572230206175,0.9880338464346381
2026-05-22 19:25:00+00:00,0.9649167183027204,0.8404572230206175,0.9880338464346381
2026-05-22 19:30:00+00:00,0.9639988968569635,0.8404572230206175,0.9880338464346381
2026-05-22 19:35:00+00:00,0.9625252563683122,0.8404572230206175,0.9880338464346381
2026-05-22 19:40:00+00:00,0.9602935608468319,0.8404572230206175,0.9880338464346381
2026-05-22 19:45:00+00:00,0.9596213553542391,0.8404572230206175,0.9880338464346381
2026-05-22 19:50:00+00:00,0.9596213553542391,0.8404572230206175,0.9880338464346381
2026-05-22 19:55:00+00:00,0.9596213553542391,0.8404572230206175,0.9880338464346381
