,vwap_pullback,ema_breakout,rsi_mean_reversion
2026-03-31 17:00:00+00:00,1.0,1.0,1.0
2026-03-31 17:05:00+00:00,1.0,1.0,1.0
2026-03-31 17:10:00+00:00,1.0,1.0,1.0
2026-03-31 17:15:00+00:00,1.0,1.0,1.0
2026-03-31 17:20:00+00:00,1.0,1.0,1.0
2026-03-31 17:25:00+00:00,1.0,1.0,1.0
2026-03-31 17:30:00+00:00,1.0,1.0,1.0
2026-03-31 17:35:00+00:00,1.0,1.0,1.0
2026-03-31 17:40:00+00:00,1.0,1.0,1.0
2026-03-31 17:45:00+00:00,1.0,1.0,1.0
2026-03-31 17:50:00+00:00,1.0,1.0,1.0
2026-03-31 17:55:00+00:00,1.0,1.0,1.0
2026-03-31 18:00:00+00:00,1.0,1.0,1.0
2026-03-31 18:05:00+00:00,1.0,1.0,1.0
2026-03-31 18:10:00+00:00,1.0,1.0,1.0
2026-03-31 18:15:00+00:00,1.0,1.0,1.0
2026-03-31 18:20:00+00:00,1.0,1.0,1.0
2026-03-31 18:25:00+00:00,1.0,1.0,1.0
2026-03-31 18:30:00+00:00,1.0,1.0,1.0
2026-03-31 18:35:00+00:00,1.0,1.0,1.0
2026-03-31 18:40:00+00:00,1.0,1.0,1.0
2026-03-31 18:45:00+00:00,1.0,1.0,1.0
2026-03-31 18:50:00+00:00,1.0,1.0,1.0
2026-03-31 18:55:00+00:00,1.0,1.0,1.0
2026-03-31 19:00:00+00:00,1.0,1.0,1.0
2026-03-31 19:05:00+00:00,1.0,1.0,1.0
2026-03-31 19:10:00+00:00,1.0,1.0,1.0
2026-03-31 19:15:00+00:00,1.0,1.0,1.0
2026-03-31 19:20:00+00:00,1.0,0.9986946855835726,1.0
2026-03-31 19:25:00+00:00,1.0,1.0003751515683488,1.0
2026-03-31 19:30:00+00:00,1.0,1.0001359463674744,1.0
2026-03-31 19:35:00+00:00,1.0,0.999424000715996,1.0
2026-03-31 19:40:00+00:00,1.0,0.9984124360177945,1.0
2026-03-31 19:45:00+00:00,1.0,0.9996044262395443,1.0
2026-03-31 19:50:00+00:00,1.0,0.9972339439343018,1.0
2026-03-31 19:55:00+00:00,1.0,0.9962391650623685,1.0
2026-04-01 13:30:00+00:00,1.0,0.9955417976468248,1.0
2026-04-01 13:35:00+00:00,1.0,0.9955417976468248,1.0
2026-04-01 13:40:00+00:00,1.0,0.9955417976468248,1.0
2026-04-01 13:45:00+00:00,1.0,0.9955417976468248,1.0
2026-04-01 13:50:00+00:00,1.0,0.9955417976468248,1.0
2026-04-01 13:55:00+00:00,1.0,0.9955417976468248,1.0
2026-04-01 14:00:00+00:00,1.0,0.9933711652959963,1.0
2026-04-01 14:05:00+00:00,1.0,0.9925093423511352,1.0
2026-04-01 14:10:00+00:00,1.0,0.9928881021841907,1.0
2026-04-01 14:15:00+00:00,1.0,0.9917641572951609,1.0
2026-04-01 14:20:00+00:00,1.0,0.9915310832663904,1.0
2026-04-01 14:25:00+00:00,1.0,0.9902194046783468,1.0
2026-04-01 14:30:00+00:00,1.0,0.9935514997505513,1.0
2026-04-01 14:35:00+00:00,1.0,0.992253928790763,1.0
2026-04-01 14:40:00+00:00,1.0,0.989404033071622,1.0
2026-04-01 14:45:00+00:00,0.9979046695676189,0.9887114502484717,1.0
2026-04-01 14:50:00+00:00,0.9972061362989215,0.9887114502484717,1.0
2026-04-01 14:55:00+00:00,0.9972061362989215,0.9887114502484717,1.0
2026-04-01 15:00:00+00:00,0.9972061362989215,0.9887114502484717,1.0
2026-04-01 15:05:00+00:00,0.9972061362989215,0.9887114502484717,1.0
2026-04-01 15:10:00+00:00,0.9972061362989215,0.9887114502484717,1.0
2026-04-01 15:15:00+00:00,0.9972061362989215,0.9887114502484717,1.0
2026-04-01 15:20:00+00:00,1.0040891708338828,0.9887114502484717,1.0
2026-04-01 15:25:00+00:00,1.0055025256852477,0.9894110614214848,1.0
2026-04-01 15:30:00+00:00,1.0030090204920803,0.9869574608020827,1.0
2026-04-01 15:35:00+00:00,1.0066036353554626,0.99049454958757,1.0
2026-04-01 15:40:00+00:00,1.0061994587960246,0.990096841229351,1.0
2026-04-01 15:45:00+00:00,1.0082672170412363,0.9921315083016827,1.0
2026-04-01 15:50:00+00:00,1.009276800921794,0.9931249354024013,1.0
2026-04-01 15:55:00+00:00,1.012595920875463,0.9963909381348227,1.0
2026-04-01 16:00:00+00:00,1.0102238627344928,0.9940568410012415,1.0
2026-04-01 16:05:00+00:00,1.0126356036818858,0.9964299858812183,1.0
2026-04-01 16:10:00+00:00,1.0131063806423017,0.9968932288072175,1.0
2026-04-01 16:15:00+00:00,1.012557671307366,0.9963533006900597,1.0
2026-04-01 16:20:00+00:00,1.0109170608207927,0.9947389455577406,1.0
2026-04-01 16:25:00+00:00,1.0095739441334488,0.9934173233108623,1.0
2026-04-01 16:30:00+00:00,1.0090210114289555,0.992873239412441,1.0
2026-04-01 16:35:00+00:00,1.0083616183992745,0.9922243989165447,1.0
2026-04-01 16:40:00+00:00,1.0088916855510541,0.9927459831889558,1.0
2026-04-01 16:45:00+00:00,1.0083365784733123,0.9921997597146618,1.0
2026-04-01 16:50:00+00:00,1.0069904852074945,0.9908752085247009,1.0
2026-04-01 16:55:00+00:00,1.011006131155216,0.9948265904635185,1.0
2026-04-01 17:00:00+00:00,1.01183213681518,0.9956393772202777,1.0
2026-04-01 17:05:00+00:00,1.0129676042413411,0.9967566733012221,1.0
2026-04-01 17:10:00+00:00,1.012373604441631,0.9961721795209455,1.0
2026-04-01 17:15:00+00:00,1.0109160487652182,0.9947379496985016,1.0
2026-04-01 17:20:00+00:00,1.0128969826731886,0.9966871819186345,1.0
2026-04-01 17:25:00+00:00,1.0116161095402152,0.9954268071173102,1.0
2026-04-01 17:30:00+00:00,1.0124305649343588,0.9962282284518323,1.0
2026-04-01 17:35:00+00:00,1.0165102604086098,1.0002426349066589,1.0
2026-04-01 17:40:00+00:00,1.0166478489393143,1.0003780215523672,1.0
2026-04-01 17:45:00+00:00,1.017491124483523,1.0012078018164174,1.0
2026-04-01 17:50:00+00:00,1.0176743273109305,1.0013880727747595,1.0
2026-04-01 17:55:00+00:00,1.0144266011603955,0.9981923213015176,1.0
2026-04-01 18:00:00+00:00,1.0141591102536318,0.9979291111600997,1.0
2026-04-01 18:05:00+00:00,1.0139811223204265,0.9977539716398953,1.0
2026-04-01 18:10:00+00:00,1.0148168739549084,0.9985763484023943,1.0
2026-04-01 18:15:00+00:00,1.015240852240608,0.9989935415918275,1.0
2026-04-01 18:20:00+00:00,1.0174425644499507,1.001160018908735,1.0
2026-04-01 18:25:00+00:00,1.0174032405774753,1.0011213243521218,1.0
2026-04-01 18:30:00+00:00,1.0167956651930175,1.00052347224268,1.0
2026-04-01 18:35:00+00:00,1.0194700715532896,1.0031550789945238,1.0
2026-04-01 18:40:00+00:00,1.0186155250987357,1.0023142081930725,1.0
2026-04-01 18:45:00+00:00,1.018073121373388,1.001780484774278,1.0
2026-04-01 18:50:00+00:00,1.015497996548653,0.9992465707153376,1.0
2026-04-01 18:55:00+00:00,1.0130129692321574,0.9968013122977124,1.0
2026-04-01 19:00:00+00:00,1.012284858451054,0.996103551379104,1.0
2026-04-01 19:05:00+00:00,1.0105899324706495,0.996103551379104,1.0
2026-04-01 19:10:00+00:00,1.0122572442140092,0.9937628673614638,1.0
2026-04-01 19:15:00+00:00,1.0242880165497361,0.9819519024301057,1.0
2026-04-01 19:20:00+00:00,1.0233963630801741,0.9812645360984046,1.0
2026-04-01 19:25:00+00:00,1.0216788749894108,0.9812645360984046,1.0
2026-04-01 19:30:00+00:00,1.0217685602217665,0.9812645360984046,1.0
2026-04-01 19:35:00+00:00,1.0239422095736919,0.9812645360984046,1.0
2026-04-01 19:40:00+00:00,1.0269416419976916,0.9812645360984046,1.0
2026-04-01 19:45:00+00:00,1.028064414646226,0.9816504840200244,1.0
2026-04-01 19:50:00+00:00,1.0251778566963088,0.9788942452393414,1.0
2026-04-01 19:55:00+00:00,1.0255142602342315,0.9792154611973332,1.0
2026-04-02 13:30:00+00:00,1.0255097871412815,0.9792111900507038,1.0
2026-04-02 13:35:00+00:00,1.0247919302902826,0.9776821589350093,1.0
2026-04-02 13:40:00+00:00,1.0247919302902826,0.977686896111063,1.0
2026-04-02 13:45:00+00:00,1.0247919302902826,0.978216623361684,1.0
2026-04-02 13:50:00+00:00,1.0247919302902826,0.9795659663596104,1.0
2026-04-02 13:55:00+00:00,1.0247919302902826,0.9772530138669961,1.0
2026-04-02 14:00:00+00:00,1.0247919302902826,0.9770330294686423,1.0
2026-04-02 14:05:00+00:00,1.0247919302902826,0.9789878209337087,1.0
2026-04-02 14:10:00+00:00,1.0247919302902826,0.9806729228748275,1.0
2026-04-02 14:15:00+00:00,1.0247919302902826,0.9804292826013228,1.0
2026-04-02 14:20:00+00:00,1.0247919302902826,0.9768473594794372,1.0
2026-04-02 14:25:00+00:00,1.0247919302902826,0.9761635663278015,1.0
2026-04-02 14:30:00+00:00,1.0247919302902826,0.9761635663278015,1.0
2026-04-02 14:35:00+00:00,1.0239943447547812,0.9761635663278015,1.0
2026-04-02 14:40:00+00:00,1.0228886472047305,0.9761635663278015,1.0
2026-04-02 14:45:00+00:00,1.0221726251516872,0.9761635663278015,1.0
2026-04-02 14:50:00+00:00,1.0221726251516872,0.9761635663278015,1.0
2026-04-02 14:55:00+00:00,1.0221726251516872,0.9761635663278015,1.0
2026-04-02 15:00:00+00:00,1.0221726251516872,0.9761635663278015,1.0
2026-04-02 15:05:00+00:00,1.0221726251516872,0.9761635663278015,1.0
2026-04-02 15:10:00+00:00,1.0221726251516872,0.9761635663278015,1.0
2026-04-02 15:15:00+00:00,1.0221726251516872,0.9761635663278015,1.0
2026-04-02 15:20:00+00:00,1.0221726251516872,0.9761635663278015,1.0
2026-04-02 15:25:00+00:00,1.0221726251516872,0.9761635663278015,1.0
2026-04-02 15:30:00+00:00,1.0221726251516872,0.9724504130730011,1.0
2026-04-02 15:35:00+00:00,1.0221726251516872,0.9735354812411887,1.0
2026-04-02 15:40:00+00:00,1.0221726251516872,0.9742798112096893,1.0
2026-04-02 15:45:00+00:00,1.0221726251516872,0.9758104037317402,1.0
2026-04-02 15:50:00+00:00,1.0221726251516872,0.9746654600365976,1.0
2026-04-02 15:55:00+00:00,1.0221726251516872,0.9737365000729379,1.0
2026-04-02 16:00:00+00:00,1.0221726251516872,0.97300517042804,1.0
2026-04-02 16:05:00+00:00,1.0221726251516872,0.9744735804805836,1.0
2026-04-02 16:10:00+00:00,1.0221726251516872,0.9722481464107273,1.0
2026-04-02 16:15:00+00:00,1.0221726251516872,0.972868235471539,1.0
2026-04-02 16:20:00+00:00,1.0221726251516872,0.9749167878047632,1.0
2026-04-02 16:25:00+00:00,1.0221726251516872,0.9773305548282019,1.0
2026-04-02 16:30:00+00:00,1.0221726251516872,0.9770222212604728,1.0
2026-04-02 16:35:00+00:00,1.0221726251516872,0.9770915703062429,1.0
2026-04-02 16:40:00+00:00,1.0221726251516872,0.9771088457423485,1.0
2026-04-02 16:45:00+00:00,1.0221726251516872,0.9782458122064314,1.0
2026-04-02 16:50:00+00:00,1.0221726251516872,0.9774820248827865,1.0
2026-04-02 16:55:00+00:00,1.0221726251516872,0.9754709191324932,1.0
2026-04-02 17:00:00+00:00,1.0221726251516872,0.9765616026888982,1.0
2026-04-02 17:05:00+00:00,1.0221726251516872,0.978701651920009,1.0
2026-04-02 17:10:00+00:00,1.0221726251516872,0.9818446476193416,1.0
2026-04-02 17:15:00+00:00,1.0221726251516872,0.9833889591284666,1.0
2026-04-02 17:20:00+00:00,1.0221726251516872,0.9826976441218221,1.0
2026-04-02 17:25:00+00:00,1.0221726251516872,0.9846014893528332,1.0
2026-04-02 17:30:00+00:00,1.0221726251516872,0.9858727796110391,1.0
2026-04-02 17:35:00+00:00,1.0221726251516872,0.9869420117016449,1.0
2026-04-02 17:40:00+00:00,1.0221726251516872,0.9878208284762862,1.0
2026-04-02 17:45:00+00:00,1.0221726251516872,0.9892681775546771,1.0
2026-04-02 17:50:00+00:00,1.0221726251516872,0.9880320637569251,1.0
2026-04-02 17:55:00+00:00,1.0221726251516872,0.9876595260599202,1.0
2026-04-02 18:00:00+00:00,1.0221726251516872,0.9888098583211634,1.0
2026-04-02 18:05:00+00:00,1.0221726251516872,0.987747876739805,1.0
2026-04-02 18:10:00+00:00,1.0221726251516872,0.9854074844020734,1.0
2026-04-02 18:15:00+00:00,1.0221726251516872,0.9835536601295907,1.0
2026-04-02 18:20:00+00:00,1.0221726251516872,0.9849352258111324,1.0
2026-04-02 18:25:00+00:00,1.0221726251516872,0.9850589429803309,1.0
2026-04-02 18:30:00+00:00,1.0221726251516872,0.9847618358606666,1.0
2026-04-02 18:35:00+00:00,1.0221726251516872,0.9880887258302274,1.0
2026-04-02 18:40:00+00:00,1.0221726251516872,0.9875442232795406,1.0
2026-04-02 18:45:00+00:00,1.0221726251516872,0.9883742870317869,1.0
2026-04-02 18:50:00+00:00,1.0221726251516872,0.9874410813154887,1.0
2026-04-02 18:55:00+00:00,1.0221726251516872,0.9862467138857476,1.0
2026-04-02 19:00:00+00:00,1.0221726251516872,0.9871312441105444,1.0
2026-04-02 19:05:00+00:00,1.0221726251516872,0.9865662928168122,1.0
2026-04-02 19:10:00+00:00,1.0221726251516872,0.9867322926418868,1.0
2026-04-02 19:15:00+00:00,1.0221726251516872,0.9852929070793764,1.0
2026-04-02 19:20:00+00:00,1.0221726251516872,0.9846032020444209,1.0
2026-04-02 19:25:00+00:00,1.0221726251516872,0.9846032020444209,1.0
2026-04-02 19:30:00+00:00,1.0221726251516872,0.9846032020444209,1.0
2026-04-02 19:35:00+00:00,1.0221726251516872,0.9846032020444209,1.0
2026-04-02 19:40:00+00:00,1.0221726251516872,0.9846032020444209,1.0
2026-04-02 19:45:00+00:00,1.0221726251516872,0.9846032020444209,1.0
2026-04-02 19:50:00+00:00,1.0221726251516872,0.9846032020444209,1.0
2026-04-02 19:55:00+00:00,1.0221726251516872,0.9846032020444209,1.0
2026-04-03 13:30:00+00:00,1.0221726251516872,0.9846032020444209,1.0
2026-04-03 13:35:00+00:00,1.0221726251516872,0.9828969726378466,1.0
2026-04-03 13:40:00+00:00,1.0221726251516872,0.9820390390172293,1.0
2026-04-03 13:45:00+00:00,1.0221726251516872,0.9826183289674276,1.0
2026-04-03 13:50:00+00:00,1.0221726251516872,0.9803716346475027,1.0
2026-04-03 13:55:00+00:00,1.0221726251516872,0.9796853745032493,1.0
2026-04-03 14:00:00+00:00,1.0221726251516872,0.9796853745032493,1.0
2026-04-03 14:05:00+00:00,1.0221726251516872,0.9796853745032493,1.0
2026-04-03 14:10:00+00:00,1.0221726251516872,0.9796853745032493,1.0
2026-04-03 14:15:00+00:00,1.0221726251516872,0.9796853745032493,1.0
2026-04-03 14:20:00+00:00,1.0221726251516872,0.9796853745032493,1.0
2026-04-03 14:25:00+00:00,1.0221726251516872,0.9796853745032493,1.0
2026-04-03 14:30:00+00:00,1.0221726251516872,0.9796853745032493,1.0
2026-04-03 14:35:00+00:00,1.0216193134617861,0.9796853745032493,1.0
2026-04-03 14:40:00+00:00,1.0225397343517464,0.9796853745032493,1.0
2026-04-03 14:45:00+00:00,1.0184070233900655,0.9796853745032493,1.0
2026-04-03 14:50:00+00:00,1.0176941384736924,0.9796853745032493,1.0
2026-04-03 14:55:00+00:00,1.0176941384736924,0.9796853745032493,1.0
2026-04-03 15:00:00+00:00,1.0176941384736924,0.9796853745032493,1.0
2026-04-03 15:05:00+00:00,1.0176941384736924,0.9796853745032493,1.0
2026-04-03 15:10:00+00:00,1.0176941384736924,0.9796853745032493,1.0
2026-04-03 15:15:00+00:00,1.0176941384736924,0.9796853745032493,1.0
2026-04-03 15:20:00+00:00,1.0176941384736924,0.9796853745032493,1.0
2026-04-03 15:25:00+00:00,1.0176941384736924,0.9796853745032493,1.0
2026-04-03 15:30:00+00:00,1.0176941384736924,0.9796853745032493,1.0
2026-04-03 15:35:00+00:00,1.0176941384736924,0.9796853745032493,1.0
2026-04-03 15:40:00+00:00,1.0176941384736924,0.9796853745032493,1.0
2026-04-03 15:45:00+00:00,1.0176941384736924,0.9796853745032493,1.0
2026-04-03 15:50:00+00:00,1.0176941384736924,0.9796853745032493,1.0
2026-04-03 15:55:00+00:00,1.0176941384736924,0.9796853745032493,1.0
2026-04-03 16:00:00+00:00,1.0176941384736924,0.9796853745032493,1.0
2026-04-03 16:05:00+00:00,1.0176941384736924,0.9796853745032493,1.0
2026-04-03 16:10:00+00:00,1.0176941384736924,0.9796853745032493,1.0
2026-04-03 16:15:00+00:00,1.0176941384736924,0.9796853745032493,1.0
2026-04-03 16:20:00+00:00,1.0176941384736924,0.9796853745032493,1.0
2026-04-03 16:25:00+00:00,1.0176941384736924,0.9796853745032493,1.0
2026-04-03 16:30:00+00:00,1.0176941384736924,0.9796853745032493,1.0
2026-04-03 16:35:00+00:00,1.0176941384736924,0.9796853745032493,1.0
2026-04-03 16:40:00+00:00,1.0176941384736924,0.9796853745032493,1.0
2026-04-03 16:45:00+00:00,1.0176941384736924,0.9796853745032493,1.0
2026-04-03 16:50:00+00:00,1.0176941384736924,0.9796853745032493,1.0
2026-04-03 16:55:00+00:00,1.0176941384736924,0.9796853745032493,1.0
2026-04-03 17:00:00+00:00,1.0176941384736924,0.9796853745032493,1.0
2026-04-03 17:05:00+00:00,1.0176941384736924,0.9796853745032493,1.0
2026-04-03 17:10:00+00:00,1.0176941384736924,0.9796853745032493,1.0
2026-04-03 17:15:00+00:00,1.0176941384736924,0.9796853745032493,1.0
2026-04-03 17:20:00+00:00,1.0176941384736924,0.9796853745032493,1.0
2026-04-03 17:25:00+00:00,1.0176941384736924,0.9796853745032493,1.0
2026-04-03 17:30:00+00:00,1.0176941384736924,0.9796853745032493,1.0
2026-04-03 17:35:00+00:00,1.0176941384736924,0.9796853745032493,1.0
2026-04-03 17:40:00+00:00,1.0176941384736924,0.9796853745032493,1.0
2026-04-03 17:45:00+00:00,1.0176941384736924,0.9796853745032493,1.0
2026-04-03 17:50:00+00:00,1.0176941384736924,0.9796853745032493,1.0
2026-04-03 17:55:00+00:00,1.0176941384736924,0.9760162170139168,1.0
2026-04-03 18:00:00+00:00,1.0176941384736924,0.9728376357324489,1.0
2026-04-03 18:05:00+00:00,1.0176941384736924,0.9721566493874361,1.0
2026-04-03 18:10:00+00:00,1.019017577914322,0.9721566493874361,1.0
2026-04-03 18:15:00+00:00,1.021526163659821,0.9738693647035634,1.0
2026-04-03 18:20:00+00:00,1.020660533737277,0.9730441186230165,1.0
2026-04-03 18:25:00+00:00,1.0234402317715487,0.9756941366597602,1.0
2026-04-03 18:30:00+00:00,1.0244810769586485,0.9766864237662246,1.0
2026-04-03 18:35:00+00:00,1.0246638055399968,0.976860627593558,1.0
2026-04-03 18:40:00+00:00,1.027036120855414,0.979122268353521,1.0
2026-04-03 18:45:00+00:00,1.0248280388712874,0.9770171990213852,1.0
2026-04-03 18:50:00+00:00,1.0227375958544516,0.9750242804989058,1.0
2026-04-03 18:55:00+00:00,1.0232532243976484,0.9755158536564518,1.0
2026-04-03 19:00:00+00:00,1.0226190826877504,0.9749112962734692,1.0
2026-04-03 19:05:00+00:00,1.025156160475601,0.9773300129166196,1.0
2026-04-03 19:10:00+00:00,1.0248968755883998,0.9770828243302097,1.0
2026-04-03 19:15:00+00:00,1.0248423086889835,0.9770308031157182,1.0
2026-04-03 19:20:00+00:00,1.0289407449520267,0.9809380368819766,1.0
2026-04-03 19:25:00+00:00,1.0275183433567672,0.9795819939462128,1.0
2026-04-03 19:30:00+00:00,1.023265085595052,0.9755271614987676,1.0
2026-04-03 19:35:00+00:00,1.0252202466707347,0.9773911093274228,1.0
2026-04-03 19:40:00+00:00,1.0248694582814768,0.9770566861105292,1.0
2026-04-03 19:45:00+00:00,1.022881109997215,0.9751610993411547,1.0
2026-04-03 19:50:00+00:00,1.0257994499399434,0.9779432912879881,1.0
2026-04-03 19:55:00+00:00,1.0274723374808632,0.9795381343616684,1.0
2026-04-06 13:30:00+00:00,1.024015012504068,0.9762421024062433,1.0
2026-04-06 13:35:00+00:00,1.023298201995315,0.9766875607484445,1.0
2026-04-06 13:40:00+00:00,1.023298201995315,0.9781655641945307,1.0
2026-04-06 13:45:00+00:00,1.0296098205622364,0.9848835242840281,1.0
2026-04-06 13:50:00+00:00,1.0309130285888377,0.9861301208961444,1.0
2026-04-06 13:55:00+00:00,1.0298305069694815,0.9850946240639531,1.0
2026-04-06 14:00:00+00:00,1.0285548655327585,0.9838743965478282,1.0
2026-04-06 14:05:00+00:00,1.0280925042923625,0.983432120300225,1.0
2026-04-06 14:10:00+00:00,1.0296090059381142,0.984882745047214,1.0
2026-04-06 14:15:00+00:00,1.0269264783133603,0.9823167465414749,1.0
2026-04-06 14:20:00+00:00,1.026207629778541,0.9824732743694741,1.0
2026-04-06 14:25:00+00:00,1.026207629778541,0.9825981168550684,1.0
2026-04-06 14:30:00+00:00,1.026207629778541,0.9820219789012667,1.0
2026-04-06 14:35:00+00:00,1.026207629778541,0.9827575443174399,1.0
2026-04-06 14:40:00+00:00,1.026207629778541,0.9859267288573117,1.0
2026-04-06 14:45:00+00:00,1.026207629778541,0.9849840903907371,1.0
2026-04-06 14:50:00+00:00,1.026207629778541,0.9891691875471915,1.0
2026-04-06 14:55:00+00:00,1.026207629778541,0.9870529461488576,1.0
2026-04-06 15:00:00+00:00,1.026207629778541,0.9884614072271851,1.0
2026-04-06 15:05:00+00:00,1.026207629778541,0.9843143160515034,1.0
2026-04-06 15:10:00+00:00,1.026207629778541,0.9848268391216617,1.0
2026-04-06 15:15:00+00:00,1.026207629778541,0.9871738575329672,1.0
2026-04-06 15:20:00+00:00,1.026207629778541,0.9828326366305853,1.0
2026-04-06 15:25:00+00:00,1.026207629778541,0.9821446537849439,1.0
2026-04-06 15:30:00+00:00,1.026207629778541,0.9821446537849439,1.0
2026-04-06 15:35:00+00:00,1.026207629778541,0.9821446537849439,1.0
2026-04-06 15:40:00+00:00,1.026207629778541,0.9821446537849439,1.0
2026-04-06 15:45:00+00:00,1.026207629778541,0.9821446537849439,1.0
2026-04-06 15:50:00+00:00,1.026207629778541,0.9811458161995292,1.0
2026-04-06 15:55:00+00:00,1.026207629778541,0.9794043513851076,1.0
2026-04-06 16:00:00+00:00,1.026207629778541,0.9810535923816792,1.0
2026-04-06 16:05:00+00:00,1.026207629778541,0.9806958690584848,1.0
2026-04-06 16:10:00+00:00,1.026207629778541,0.9818966091178214,1.0
2026-04-06 16:15:00+00:00,1.026207629778541,0.9816249503210888,1.0
2026-04-06 16:20:00+00:00,1.026207629778541,0.9808918119420174,1.0
2026-04-06 16:25:00+00:00,1.026207629778541,0.9818535938778405,1.0
2026-04-06 16:30:00+00:00,1.026207629778541,0.9824146825225679,1.0
2026-04-06 16:35:00+00:00,1.026207629778541,0.9836438149861121,1.0
2026-04-06 16:40:00+00:00,1.026207629778541,0.9843250917070604,1.0
2026-04-06 16:45:00+00:00,1.026207629778541,0.9826116871715544,1.0
2026-04-06 16:50:00+00:00,1.026207629778541,0.9847178408500791,1.0
2026-04-06 16:55:00+00:00,1.026207629778541,0.9828636423363967,1.0
2026-04-06 17:00:00+00:00,1.026207629778541,0.9818350757959414,1.0
2026-04-06 17:05:00+00:00,1.026207629778541,0.9820320732454294,1.0
2026-04-06 17:10:00+00:00,1.026207629778541,0.9806703269981767,1.0
2026-04-06 17:15:00+00:00,1.026207629778541,0.9799838577692779,1.0
2026-04-06 17:20:00+00:00,1.026207629778541,0.9799838577692779,1.0
2026-04-06 17:25:00+00:00,1.026207629778541,0.9799838577692779,1.0
2026-04-06 17:30:00+00:00,1.026207629778541,0.9799838577692779,1.0
2026-04-06 17:35:00+00:00,1.026207629778541,0.9799838577692779,1.0
2026-04-06 17:40:00+00:00,1.026207629778541,0.9799838577692779,1.0
2026-04-06 17:45:00+00:00,1.026207629778541,0.9799838577692779,1.0
2026-04-06 17:50:00+00:00,1.026207629778541,0.9799838577692779,1.0
2026-04-06 17:55:00+00:00,1.026207629778541,0.9799838577692779,1.0
2026-04-06 18:00:00+00:00,1.026207629778541,0.9799838577692779,1.0
2026-04-06 18:05:00+00:00,1.026207629778541,0.9799838577692779,1.0
2026-04-06 18:10:00+00:00,1.026207629778541,0.9799838577692779,1.0
2026-04-06 18:15:00+00:00,1.026207629778541,0.9799838577692779,1.0
2026-04-06 18:20:00+00:00,1.026207629778541,0.9799838577692779,1.0
2026-04-06 18:25:00+00:00,1.026207629778541,0.9799838577692779,1.0
2026-04-06 18:30:00+00:00,1.026207629778541,0.980856661950255,1.0
2026-04-06 18:35:00+00:00,1.026207629778541,0.979287814435857,1.0
2026-04-06 18:40:00+00:00,1.026207629778541,0.9784823590809116,1.0
2026-04-06 18:45:00+00:00,1.026207629778541,0.9768659694664381,1.0
2026-04-06 18:50:00+00:00,1.026207629778541,0.9745830912348024,1.0
2026-04-06 18:55:00+00:00,1.026207629778541,0.9739008830709379,1.0
2026-04-06 19:00:00+00:00,1.026207629778541,0.9739008830709379,1.0
2026-04-06 19:05:00+00:00,1.026207629778541,0.9739008830709379,1.0
2026-04-06 19:10:00+00:00,1.026207629778541,0.9739008830709379,1.0
2026-04-06 19:15:00+00:00,1.026207629778541,0.9739008830709379,1.0
2026-04-06 19:20:00+00:00,1.026207629778541,0.9739008830709379,1.0
2026-04-06 19:25:00+00:00,1.026207629778541,0.9739008830709379,1.0
2026-04-06 19:30:00+00:00,1.026207629778541,0.9739008830709379,1.0
2026-04-06 19:35:00+00:00,1.026207629778541,0.9739008830709379,1.0
2026-04-06 19:40:00+00:00,1.026207629778541,0.9739008830709379,1.0
2026-04-06 19:45:00+00:00,1.026207629778541,0.9739008830709379,1.0
2026-04-06 19:50:00+00:00,1.026207629778541,0.9739008830709379,1.0
2026-04-06 19:55:00+00:00,1.026207629778541,0.9705512854884225,1.0
2026-04-07 13:30:00+00:00,1.026207629778541,0.969970426997982,1.0
2026-04-07 13:35:00+00:00,1.026207629778541,0.9697779970493478,1.0
2026-04-07 13:40:00+00:00,1.026207629778541,0.9717030284891212,1.0
2026-04-07 13:45:00+00:00,1.024993250795782,0.9712333405058187,1.0
2026-04-07 13:50:00+00:00,1.0264238853951562,0.9725889396962666,1.0
2026-04-07 13:55:00+00:00,1.027156464255443,0.9732830954998369,1.0
2026-04-07 14:00:00+00:00,1.0261490703356742,0.9723285384223707,1.0
2026-04-07 14:05:00+00:00,1.0296970110458945,0.9756903930543193,1.0
2026-04-07 14:10:00+00:00,1.0317174864563747,0.9776048964725681,1.0
2026-04-07 14:15:00+00:00,1.033572305963343,0.9793624324801365,1.0
2026-04-07 14:20:00+00:00,1.034177590556773,0.9799359704787304,1.0
2026-04-07 14:25:00+00:00,1.0372157666205568,0.9828147971297183,1.0
2026-04-07 14:30:00+00:00,1.0343311275144713,0.9800814545706508,1.0
2026-04-07 14:35:00+00:00,1.0359211887455206,0.9815881186192597,1.0
2026-04-07 14:40:00+00:00,1.0370171417462977,0.9826265899391007,1.0
2026-04-07 14:45:00+00:00,1.0405101305236126,0.9859363748141786,1.0
2026-04-07 14:50:00+00:00,1.0410496666911015,0.9864476128285433,1.0
2026-04-07 14:55:00+00:00,1.042627047553573,0.9879422615817121,1.0
2026-04-07 15:00:00+00:00,1.0422820535649426,0.9876153621960119,1.0
2026-04-07 15:05:00+00:00,1.0395641925247094,0.9850400503536296,1.0
2026-04-07 15:10:00+00:00,1.0397502473023752,0.9852163467371317,1.0
2026-04-07 15:15:00+00:00,1.0442282694090272,0.9894595008907087,1.0
2026-04-07 15:20:00+00:00,1.0431305300441749,0.9884193368998702,1.0
2026-04-07 15:25:00+00:00,1.0461283955885243,0.9912599672794021,1.0
2026-04-07 15:30:00+00:00,1.0420112772025782,0.9873587877934535,1.0
2026-04-07 15:35:00+00:00,1.0405838943000907,0.9860062697515175,1.0
2026-04-07 15:40:00+00:00,1.0431383889724488,0.9884267836349138,1.0
2026-04-07 15:45:00+00:00,1.0398782205893309,0.9853376079482555,1.0
2026-04-07 15:50:00+00:00,1.0377476663638545,0.9833187992429965,1.0
2026-04-07 15:55:00+00:00,1.038214854722734,0.9826304760835264,1.0
2026-04-07 16:00:00+00:00,1.0384250890866487,0.9826304760835264,1.0
2026-04-07 16:05:00+00:00,1.0380572438426776,0.9826304760835264,1.0
2026-04-07 16:10:00+00:00,1.0395472566856638,0.9826304760835264,1.0
2026-04-07 16:15:00+00:00,1.0392523514548029,0.9826304760835264,1.0
2026-04-07 16:20:00+00:00,1.040453039527734,0.9826304760835264,1.0
2026-04-07 16:25:00+00:00,1.0403752806777034,0.9826304760835264,1.0
2026-04-07 16:30:00+00:00,1.0399739853634895,0.9826304760835264,1.0
2026-04-07 16:35:00+00:00,1.0428227159244607,0.9826304760835264,1.0
2026-04-07 16:40:00+00:00,1.0466827807665158,0.9826304760835264,1.0
2026-04-07 16:45:00+00:00,1.043259445868466,0.9826304760835264,1.0
2026-04-07 16:50:00+00:00,1.0458631226117563,0.9826304760835264,1.0
2026-04-07 16:55:00+00:00,1.047048713228575,0.9826304760835264,1.0
2026-04-07 17:00:00+00:00,1.0442337969196864,0.9826304760835264,1.0
2026-04-07 17:05:00+00:00,1.0397623887842569,0.9826304760835264,1.0
2026-04-07 17:10:00+00:00,1.0415388877126406,0.9826304760835264,1.0
2026-04-07 17:15:00+00:00,1.0426985749976927,0.9826304760835264,1.0
2026-04-07 17:20:00+00:00,1.042386303212375,0.9826304760835264,1.0
2026-04-07 17:25:00+00:00,1.0406718589053146,0.9826304760835264,1.0
2026-04-07 17:30:00+00:00,1.0414012247438011,0.9826304760835264,1.0
2026-04-07 17:35:00+00:00,1.0412870601311888,0.9826304760835264,1.0
2026-04-07 17:40:00+00:00,1.0440038012379986,0.9826304760835264,1.0
2026-04-07 17:45:00+00:00,1.0469833235286667,0.9826304760835264,1.0
2026-04-07 17:50:00+00:00,1.047288539088915,0.9826304760835264,1.0
2026-04-07 17:55:00+00:00,1.0485290392875397,0.9826304760835264,1.0
2026-04-07 18:00:00+00:00,1.0508727250111896,0.9826304760835264,1.0
2026-04-07 18:05:00+00:00,1.052187939943558,0.9831724414094251,1.0
2026-04-07 18:10:00+00:00,1.051611513473463,0.9826338241164662,1.0
2026-04-07 18:15:00+00:00,1.053004990015605,0.9839358992324936,1.0
2026-04-07 18:20:00+00:00,1.0524154217190729,0.983385002116613,1.0
2026-04-07 18:25:00+00:00,1.0537098634262754,0.9845945383270361,1.0
2026-04-07 18:30:00+00:00,1.0528762819035107,0.9838156333902487,1.0
2026-04-07 18:35:00+00:00,1.0534572460078717,0.9843584906832971,1.0
2026-04-07 18:40:00+00:00,1.051682471446241,0.9827001277877828,1.0
2026-04-07 18:45:00+00:00,1.0499537503417196,0.9810847975940729,1.0
2026-04-07 18:50:00+00:00,1.0461230951581681,0.9775054041549007,1.0
2026-04-07 18:55:00+00:00,1.0446801540124415,0.9768211503719922,1.0
2026-04-07 19:00:00+00:00,1.0449972453467327,0.9768211503719922,1.0
2026-04-07 19:05:00+00:00,1.0428953313504656,0.9768211503719922,1.0
2026-04-07 19:10:00+00:00,1.0420025066454905,0.9768211503719922,1.0
2026-04-07 19:15:00+00:00,1.0397704002068902,0.9768211503719922,1.0
2026-04-07 19:20:00+00:00,1.0390425609267453,0.973723048943265,1.0
2026-04-07 19:25:00+00:00,1.0390425609267453,0.9729629573325427,1.0
2026-04-07 19:30:00+00:00,1.0390425609267453,0.9748243127833891,1.0
2026-04-07 19:35:00+00:00,1.0390425609267453,0.9776366035621772,1.0
2026-04-07 19:40:00+00:00,1.0390425609267453,0.9786136120270323,1.0
2026-04-07 19:45:00+00:00,1.0390425609267453,0.9805017257879366,1.0
2026-04-07 19:50:00+00:00,1.0390425609267453,0.9801814608301749,1.0
2026-04-07 19:55:00+00:00,1.0390425609267453,0.9818718701445606,1.0
2026-04-08 13:30:00+00:00,1.0390425609267453,0.9920137883743985,1.0
2026-04-08 13:35:00+00:00,1.0390425609267453,0.9928990432033981,1.0
2026-04-08 13:40:00+00:00,1.0390425609267453,0.9923550620914907,1.0
2026-04-08 13:45:00+00:00,1.0390425609267453,0.9907778055220829,1.0
2026-04-08 13:50:00+00:00,1.0390425609267453,0.9898325645798325,1.0
2026-04-08 13:55:00+00:00,1.0390425609267453,0.9893490698605722,1.0
2026-04-08 14:00:00+00:00,1.0390425609267453,0.9904735006425264,1.0
2026-04-08 14:05:00+00:00,1.0390425609267453,0.9916370901171593,1.0
2026-04-08 14:10:00+00:00,1.0390425609267453,0.9917007119850417,1.0
2026-04-08 14:15:00+00:00,1.0390425609267453,0.9903756884687476,1.000636112297068
2026-04-08 14:20:00+00:00,1.0390425609267453,0.9918615694448992,0.9991348373964175
2026-04-08 14:25:00+00:00,1.0390425609267453,0.9921979965201569,0.9987959433193725
2026-04-08 14:30:00+00:00,1.0390425609267453,0.9969099072066594,0.9940526992335472
2026-04-08 14:35:00+00:00,1.0390425609267453,0.9964016044913857,0.9945595451205155
2026-04-08 14:40:00+00:00,1.0390425609267453,0.9962399912924841,0.9947208595431946
2026-04-08 14:45:00+00:00,1.0390425609267453,0.9976174737094138,0.9933454776013431
2026-04-08 14:50:00+00:00,1.0390425609267453,0.9978034731023875,0.9931602746947017
2026-04-08 14:55:00+00:00,1.0390425609267453,0.9958199183279176,0.9951345991561704
2026-04-08 15:00:00+00:00,1.0390425609267453,0.9973276047384211,0.9936279503292531
2026-04-08 15:05:00+00:00,1.0390425609267453,0.9961930198873429,0.9947583263608551
2026-04-08 15:10:00+00:00,1.0390425609267453,0.9981409081803349,0.9928132433703182
2026-04-08 15:15:00+00:00,1.0390425609267453,0.9983215162862353,0.9926335992760539
2026-04-08 15:20:00+00:00,1.0390425609267453,0.9990180380896182,0.9919410458918113
2026-04-08 15:25:00+00:00,1.0390425609267453,1.0012644227271752,0.9897105745270353
2026-04-08 15:30:00+00:00,1.0390425609267453,1.0010592030307197,0.9899134261405282
2026-04-08 15:35:00+00:00,1.0390425609267453,1.0010920015939604,0.9898809927559572
2026-04-08 15:40:00+00:00,1.0390425609267453,1.0023404492764558,0.9886465261640905
2026-04-08 15:45:00+00:00,1.0390425609267453,1.0000645455749937,0.9879544735957756
2026-04-08 15:50:00+00:00,1.0390425609267453,1.0026395306082858,0.9879544735957756
2026-04-08 15:55:00+00:00,1.0390425609267453,1.0045843871727367,0.9879544735957756
2026-04-08 16:00:00+00:00,1.0390425609267453,1.006538716223305,0.9879544735957756
2026-04-08 16:05:00+00:00,1.0390425609267453,1.0057549053885897,0.9879544735957756
2026-04-08 16:10:00+00:00,1.0390425609267453,1.0025831094523487,0.9879544735957756
2026-04-08 16:15:00+00:00,1.0390425609267453,1.0019895216900738,0.9879544735957756
2026-04-08 16:20:00+00:00,1.0390425609267453,0.995679668788231,0.9879544735957756
2026-04-08 16:25:00+00:00,1.0390425609267453,0.9949826930200792,0.9879544735957756
2026-04-08 16:30:00+00:00,1.0390425609267453,0.9949826930200792,0.9879544735957756
2026-04-08 16:35:00+00:00,1.0390425609267453,0.9949826930200792,0.9879544735957756
2026-04-08 16:40:00+00:00,1.0390425609267453,0.9949826930200792,0.9879544735957756
2026-04-08 16:45:00+00:00,1.0390425609267453,0.9949826930200792,0.9879544735957756
2026-04-08 16:50:00+00:00,1.0390425609267453,0.9936702123035889,0.9879544735957756
2026-04-08 16:55:00+00:00,1.0390425609267453,0.9933774470585152,0.9879544735957756
2026-04-08 17:00:00+00:00,1.0390425609267453,0.993434929126637,0.9879544735957756
2026-04-08 17:05:00+00:00,1.0390425609267453,0.9954052195917152,0.9879544735957756
2026-04-08 17:10:00+00:00,1.0390425609267453,0.9925479149951996,0.9879544735957756
2026-04-08 17:15:00+00:00,1.0390425609267453,0.9925064018420662,0.9879544735957756
2026-04-08 17:20:00+00:00,1.0390425609267453,0.991159535439757,0.9879544735957756
2026-04-08 17:25:00+00:00,1.0390425609267453,0.9926409111484557,0.9879544735957756
2026-04-08 17:30:00+00:00,1.0390425609267453,0.994787943759914,0.9879544735957756
2026-04-08 17:35:00+00:00,1.0390425609267453,0.9930020371380632,0.9879544735957756
2026-04-08 17:40:00+00:00,1.0390425609267453,0.9904455235330224,0.9879544735957756
2026-04-08 17:45:00+00:00,1.0390425609267453,0.9897522116665493,0.9879544735957756
2026-04-08 17:50:00+00:00,1.0390425609267453,0.9897522116665493,0.9879544735957756
2026-04-08 17:55:00+00:00,1.0390425609267453,0.9897522116665493,0.9879544735957756
2026-04-08 18:00:00+00:00,1.0390425609267453,0.9897522116665493,0.9879544735957756
2026-04-08 18:05:00+00:00,1.0390425609267453,0.9897522116665493,0.9879544735957756
2026-04-08 18:10:00+00:00,1.0390425609267453,0.9897522116665493,0.9879544735957756
2026-04-08 18:15:00+00:00,1.0390425609267453,0.9897522116665493,0.9879544735957756
2026-04-08 18:20:00+00:00,1.0390425609267453,0.9897522116665493,0.9879544735957756
2026-04-08 18:25:00+00:00,1.0390425609267453,0.9889903124675288,0.9879544735957756
2026-04-08 18:30:00+00:00,1.0390425609267453,0.9889169695061695,0.9879544735957756
2026-04-08 18:35:00+00:00,1.0390425609267453,0.9904840965236256,0.9879544735957756
2026-04-08 18:40:00+00:00,1.0390425609267453,0.9876840949233575,0.9879544735957756
2026-04-08 18:45:00+00:00,1.0390425609267453,0.9885739984247162,0.9879544735957756
2026-04-08 18:50:00+00:00,1.0390425609267453,0.9881534800252578,0.9879544735957756
2026-04-08 18:55:00+00:00,1.0390425609267453,0.9880211648002819,0.9879544735957756
2026-04-08 19:00:00+00:00,1.0390425609267453,0.9874473795355418,0.9879544735957756
2026-04-08 19:05:00+00:00,1.0390425609267453,0.9876199000626541,0.9879544735957756
2026-04-08 19:10:00+00:00,1.0390425609267453,0.9870405870194684,0.9879544735957756
2026-04-08 19:15:00+00:00,1.0390425609267453,0.9890554226642981,0.9879544735957756
2026-04-08 19:20:00+00:00,1.0390425609267453,0.9873259564891897,0.9879544735957756
2026-04-08 19:25:00+00:00,1.0390425609267453,0.986512907092581,0.9879544735957756
2026-04-08 19:30:00+00:00,1.0390425609267453,0.9832787671615008,0.9879544735957756
2026-04-08 19:35:00+00:00,1.0390425609267453,0.9825904720244877,0.9879544735957756
2026-04-08 19:40:00+00:00,1.0390425609267453,0.9825904720244877,0.9879544735957756
2026-04-08 19:45:00+00:00,1.0390425609267453,0.9825904720244877,0.9879544735957756
2026-04-08 19:50:00+00:00,1.0390425609267453,0.9797690674078979,0.9879544735957756
2026-04-08 19:55:00+00:00,1.0390425609267453,0.9812885853502717,0.9879544735957756
2026-04-09 13:30:00+00:00,1.0390425609267453,0.9714567645205454,0.9879544735957756
2026-04-09 13:35:00+00:00,1.0365308737809373,0.970776744785381,0.9879544735957756
2026-04-09 13:40:00+00:00,1.03350730600745,0.970776744785381,0.9879544735957756
2026-04-09 13:45:00+00:00,1.0327838508932448,0.970776744785381,0.9879544735957756
2026-04-09 13:50:00+00:00,1.0327838508932448,0.970776744785381,0.9879544735957756
2026-04-09 13:55:00+00:00,1.0327838508932448,0.970776744785381,0.9879544735957756
2026-04-09 14:00:00+00:00,1.0327838508932448,0.970776744785381,0.9879544735957756
2026-04-09 14:05:00+00:00,1.0327838508932448,0.970776744785381,0.9879544735957756
2026-04-09 14:10:00+00:00,1.0327838508932448,0.9708847732974158,0.9879544735957756
2026-04-09 14:15:00+00:00,1.0327838508932448,0.9749639881132908,0.9879544735957756
2026-04-09 14:20:00+00:00,1.0327838508932448,0.9763494368462705,0.9879544735957756
2026-04-09 14:25:00+00:00,1.0327838508932448,0.9762991744057786,0.9879544735957756
2026-04-09 14:30:00+00:00,1.0327838508932448,0.976086007251104,0.9879544735957756
2026-04-09 14:35:00+00:00,1.0327838508932448,0.9731675395041474,0.9879544735957756
2026-04-09 14:40:00+00:00,1.0327838508932448,0.9732403392254164,0.9879544735957756
2026-04-09 14:45:00+00:00,1.0327838508932448,0.9758051338509067,0.9879544735957756
2026-04-09 14:50:00+00:00,1.0327838508932448,0.9753565134638713,0.9879544735957756
2026-04-09 14:55:00+00:00,1.0327838508932448,0.9767591794559237,0.9879544735957756
2026-04-09 15:00:00+00:00,1.0327838508932448,0.9790268893450939,0.9879544735957756
2026-04-09 15:05:00+00:00,1.0327838508932448,0.9759366732899556,0.9879544735957756
2026-04-09 15:10:00+00:00,1.0327838508932448,0.9746463206050933,0.9879544735957756
2026-04-09 15:15:00+00:00,1.0327838508932448,0.976797754726513,0.9879544735957756
2026-04-09 15:20:00+00:00,1.0327838508932448,0.9743722766387874,0.9879544735957756
2026-04-09 15:25:00+00:00,1.0327838508932448,0.972836176174166,0.9879544735957756
2026-04-09 15:30:00+00:00,1.0327838508932448,0.9743223590931935,0.9879544735957756
2026-04-09 15:35:00+00:00,1.0327838508932448,0.9741956308067237,0.9879544735957756
2026-04-09 15:40:00+00:00,1.0327838508932448,0.9737772350584917,0.9879544735957756
2026-04-09 15:45:00+00:00,1.0327838508932448,0.9741259767200908,0.9879544735957756
2026-04-09 15:50:00+00:00,1.0327838508932448,0.9738760751889687,0.9879544735957756
2026-04-09 15:55:00+00:00,1.0327838508932448,0.9745041625840133,0.9879544735957756
2026-04-09 16:00:00+00:00,1.0327838508932448,0.9788694372464699,0.9879544735957756
2026-04-09 16:05:00+00:00,1.0327838508932448,0.9787239675520748,0.9879544735957756
2026-04-09 16:10:00+00:00,1.0327838508932448,0.9801376346260576,0.9879544735957756
2026-04-09 16:15:00+00:00,1.0327838508932448,0.9802445801373886,0.9879544735957756
2026-04-09 16:20:00+00:00,1.0327838508932448,0.9786737599525742,0.9879544735957756
2026-04-09 16:25:00+00:00,1.0327838508932448,0.9798082827078001,0.9879544735957756
2026-04-09 16:30:00+00:00,1.0327838508932448,0.9777797569064366,0.9879544735957756
2026-04-09 16:35:00+00:00,1.0327838508932448,0.9770055682143949,0.9879544735957756
2026-04-09 16:40:00+00:00,1.0327838508932448,0.9771217809906949,0.9879544735957756
2026-04-09 16:45:00+00:00,1.0327838508932448,0.9736376854990542,0.9879544735957756
2026-04-09 16:50:00+00:00,1.0327838508932448,0.9729561391192048,0.9879544735957756
2026-04-09 16:55:00+00:00,1.0327838508932448,0.9729561391192048,0.9879544735957756
2026-04-09 17:00:00+00:00,1.0327838508932448,0.9737990981090973,0.9879544735957756
2026-04-09 17:05:00+00:00,1.0327838508932448,0.9766108592256639,0.9879544735957756
2026-04-09 17:10:00+00:00,1.0327838508932448,0.9788869587027245,0.9879544735957756
2026-04-09 17:15:00+00:00,1.0327838508932448,0.9783440539620668,0.9879544735957756
2026-04-09 17:20:00+00:00,1.0327838508932448,0.9773020716893258,0.9879544735957756
2026-04-09 17:25:00+00:00,1.0327838508932448,0.9763401637775992,0.9879544735957756
2026-04-09 17:30:00+00:00,1.0327838508932448,0.9728107302358113,0.9879544735957756
2026-04-09 17:35:00+00:00,1.0327838508932448,0.9749771544413586,0.9879544735957756
2026-04-09 17:40:00+00:00,1.0327838508932448,0.9742138766511013,0.9879544735957756
2026-04-09 17:45:00+00:00,1.0327838508932448,0.9749131011760658,0.9879544735957756
2026-04-09 17:50:00+00:00,1.0327838508932448,0.9728371180905456,0.9879544735957756
2026-04-09 17:55:00+00:00,1.0327838508932448,0.9731740113291697,0.9879544735957756
2026-04-09 18:00:00+00:00,1.0327838508932448,0.9729130037047687,0.9879544735957756
2026-04-09 18:05:00+00:00,1.0327838508932448,0.9722918873860694,0.9879544735957756
2026-04-09 18:10:00+00:00,1.0327838508932448,0.9711865632473308,0.9879544735957756
2026-04-09 18:15:00+00:00,1.0327838508932448,0.9705067326530576,0.9879544735957756
2026-04-09 18:20:00+00:00,1.0327838508932448,0.9705067326530576,0.9879544735957756
2026-04-09 18:25:00+00:00,1.0313513770342506,0.9705067326530576,0.9879544735957756
2026-04-09 18:30:00+00:00,1.0322625235794354,0.9705067326530576,0.9879544735957756
2026-04-09 18:35:00+00:00,1.032947657370284,0.9705067326530576,0.9879544735957756
2026-04-09 18:40:00+00:00,1.0354247867955038,0.9705067326530576,0.9879544735957756
2026-04-09 18:45:00+00:00,1.0331108915860587,0.9676585570774414,0.9879544735957756
2026-04-09 18:50:00+00:00,1.0329610447292241,0.9675182037093295,0.9879544735957756
2026-04-09 18:55:00+00:00,1.035013553977462,0.9694406770408117,0.9879544735957756
2026-04-09 19:00:00+00:00,1.034499054739593,0.9689587736999521,0.9879544735957756
2026-04-09 19:05:00+00:00,1.034762546292048,0.9692055718486575,0.9879544735957756
2026-04-09 19:10:00+00:00,1.033634150974227,0.9681486655727212,0.9879544735957756
2026-04-09 19:15:00+00:00,1.0349204728662726,0.9693534930468396,0.9879544735957756
2026-04-09 19:20:00+00:00,1.0330705926314268,0.9676208112472422,0.9879544735957756
2026-04-09 19:25:00+00:00,1.0333328616193145,0.9678664642864778,0.9879544735957756
2026-04-09 19:30:00+00:00,1.0329154421303663,0.9674754902452001,0.9879544735957756
2026-04-09 19:35:00+00:00,1.0325025109108144,0.9670887201207747,0.9879544735957756
2026-04-09 19:40:00+00:00,1.0327046980952495,0.9672780978156026,0.9879544735957756
2026-04-09 19:45:00+00:00,1.0328533701724363,0.9674173508317695,0.9879544735957756
2026-04-09 19:50:00+00:00,1.0344428461641795,0.9689061261967433,0.9879544735957756
2026-04-09 19:55:00+00:00,1.0335665531962994,0.9680853504254472,0.9879544735957756
2026-04-10 13:30:00+00:00,1.0251320467287999,0.9601852088003107,0.9879544735957756
2026-04-10 13:35:00+00:00,1.0244144542960896,0.9598970837318043,0.9879544735957756
2026-04-10 13:40:00+00:00,1.0244144542960896,0.9596560143591283,0.9879544735957756
2026-04-10 13:45:00+00:00,1.0244144542960896,0.9613533209049995,0.9879544735957756
2026-04-10 13:50:00+00:00,1.0244144542960896,0.9615956634469716,0.9879544735957756
2026-04-10 13:55:00+00:00,1.0244144542960896,0.9595347080812356,0.9893803547736295
2026-04-10 14:00:00+00:00,1.0244144542960896,0.9619978271692932,0.9886877885252879
2026-04-10 14:05:00+00:00,1.0244144542960896,0.958849848578417,0.9886877885252879
2026-04-10 14:10:00+00:00,1.0244144542960896,0.9585967738513589,0.9886877885252879
2026-04-10 14:15:00+00:00,1.0244144542960896,0.9608131829086589,0.9886877885252879
2026-04-10 14:20:00+00:00,1.0244144542960896,0.9608495087381592,0.9886877885252879
2026-04-10 14:25:00+00:00,1.0244144542960896,0.9650452459586611,0.9886877885252879
2026-04-10 14:30:00+00:00,1.0244144542960896,0.9652286078337421,0.9886877885252879
2026-04-10 14:35:00+00:00,1.0244144542960896,0.9636680613081152,0.9886877885252879
2026-04-10 14:40:00+00:00,1.0244144542960896,0.9642345839543833,0.9886877885252879
2026-04-10 14:45:00+00:00,1.0244144542960896,0.9633264017125688,0.9886877885252879
2026-04-10 14:50:00+00:00,1.0244144542960896,0.9620160885513611,0.9886877885252879
2026-04-10 14:55:00+00:00,1.0244144542960896,0.9620329227284045,0.9886877885252879
2026-04-10 15:00:00+00:00,1.0244144542960896,0.9650387698987127,0.9886877885252879
2026-04-10 15:05:00+00:00,1.0244144542960896,0.9671506162786636,0.9886877885252879
2026-04-10 15:10:00+00:00,1.0244144542960896,0.9672214331838124,0.9886877885252879
2026-04-10 15:15:00+00:00,1.0244144542960896,0.9671741856022592,0.9886877885252879
2026-04-10 15:20:00+00:00,1.0244144542960896,0.9691713408296211,0.9886877885252879
2026-04-10 15:25:00+00:00,1.0244144542960896,0.96618055088925,0.9886877885252879
2026-04-10 15:30:00+00:00,1.0244144542960896,0.9667631636838155,0.9886877885252879
2026-04-10 15:35:00+00:00,1.0244144542960896,0.9656842753885143,0.9886877885252879
2026-04-10 15:40:00+00:00,1.0244144542960896,0.9646682153427374,0.9886877885252879
2026-04-10 15:45:00+00:00,1.0244144542960896,0.9676999934785654,0.9886877885252879
2026-04-10 15:50:00+00:00,1.0244144542960896,0.9643545162996029,0.9886877885252879
2026-04-10 15:55:00+00:00,1.0244144542960896,0.964211095661763,0.9886877885252879
2026-04-10 16:00:00+00:00,1.0244144542960896,0.9635361478947997,0.9886877885252879
2026-04-10 16:05:00+00:00,1.0244144542960896,0.9635361478947997,0.9886877885252879
2026-04-10 16:10:00+00:00,1.0244144542960896,0.9635361478947997,0.9886877885252879
2026-04-10 16:15:00+00:00,1.0244144542960896,0.9635361478947997,0.9886877885252879
2026-04-10 16:20:00+00:00,1.0244144542960896,0.9635361478947997,0.9886877885252879
2026-04-10 16:25:00+00:00,1.0244144542960896,0.9635361478947997,0.9886877885252879
2026-04-10 16:30:00+00:00,1.0244144542960896,0.9635361478947997,0.9886877885252879
2026-04-10 16:35:00+00:00,1.0244144542960896,0.9635361478947997,0.9886877885252879
2026-04-10 16:40:00+00:00,1.0244144542960896,0.9635361478947997,0.9886877885252879
2026-04-10 16:45:00+00:00,1.0244144542960896,0.9637469172750945,0.9886877885252879
2026-04-10 16:50:00+00:00,1.0244144542960896,0.9635372674266905,0.9886877885252879
2026-04-10 16:55:00+00:00,1.0244144542960896,0.9665785705283266,0.9886877885252879
2026-04-10 17:00:00+00:00,1.0244144542960896,0.9663335882796243,0.9886877885252879
2026-04-10 17:05:00+00:00,1.0244144542960896,0.9662759693843505,0.9886877885252879
2026-04-10 17:10:00+00:00,1.0244144542960896,0.9675258604780702,0.9886877885252879
2026-04-10 17:15:00+00:00,1.0244144542960896,0.9679388906640302,0.9886877885252879
2026-04-10 17:20:00+00:00,1.0244144542960896,0.9706780208096292,0.9886877885252879
2026-04-10 17:25:00+00:00,1.0244144542960896,0.9729594348678517,0.9886877885252879
2026-04-10 17:30:00+00:00,1.0244144542960896,0.9733128366735403,0.9886877885252879
2026-04-10 17:35:00+00:00,1.0244144542960896,0.9712475333371349,0.9886877885252879
2026-04-10 17:40:00+00:00,1.0244144542960896,0.97163553563596,0.9886877885252879
2026-04-10 17:45:00+00:00,1.0244144542960896,0.9743152835121405,0.9886877885252879
2026-04-10 17:50:00+00:00,1.0244144542960896,0.9716207396404021,0.9886877885252879
2026-04-10 17:55:00+00:00,1.0244144542960896,0.9711680943002345,0.9886877885252879
2026-04-10 18:00:00+00:00,1.0244144542960896,0.9707673148987981,0.9886877885252879
2026-04-10 18:05:00+00:00,1.0244144542960896,0.9729222833082336,0.9886877885252879
2026-04-10 18:10:00+00:00,1.0244144542960896,0.971465997180948,0.9886877885252879
2026-04-10 18:15:00+00:00,1.0244144542960896,0.9700587891942515,0.9886877885252879
2026-04-10 18:20:00+00:00,1.0244144542960896,0.9711974407060953,0.9886877885252879
2026-04-10 18:25:00+00:00,1.0244144542960896,0.9714741491947296,0.9886877885252879
2026-04-10 18:30:00+00:00,1.0244144542960896,0.9724265936878125,0.9886877885252879
2026-04-10 18:35:00+00:00,1.0244144542960896,0.9725169677333076,0.9886877885252879
2026-04-10 18:40:00+00:00,1.0244144542960896,0.9728289248629471,0.9886877885252879
2026-04-10 18:45:00+00:00,1.0244144542960896,0.9732323962458491,0.9886877885252879
2026-04-10 18:50:00+00:00,1.0244144542960896,0.9716090692405189,0.9886877885252879
2026-04-10 18:55:00+00:00,1.0244144542960896,0.9739277809353329,0.9886877885252879
2026-04-10 19:00:00+00:00,1.0244144542960896,0.9741145644941501,0.9886877885252879
2026-04-10 19:05:00+00:00,1.0244144542960896,0.9720158919347947,0.9886877885252879
2026-04-10 19:10:00+00:00,1.0244144542960896,0.9709775506831084,0.9886877885252879
2026-04-10 19:15:00+00:00,1.0244144542960896,0.9702978663976303,0.9886877885252879
2026-04-10 19:20:00+00:00,1.0244144542960896,0.9702978663976303,0.9886877885252879
2026-04-10 19:25:00+00:00,1.0244144542960896,0.9702978663976303,0.9886877885252879
2026-04-10 19:30:00+00:00,1.0244144542960896,0.9702978663976303,0.9886877885252879
2026-04-10 19:35:00+00:00,1.0244144542960896,0.9702978663976303,0.9886877885252879
2026-04-10 19:40:00+00:00,1.0244144542960896,0.9702978663976303,0.9886877885252879
2026-04-10 19:45:00+00:00,1.0244144542960896,0.9702978663976303,0.9886877885252879
2026-04-10 19:50:00+00:00,1.0244144542960896,0.9702978663976303,0.9886877885252879
2026-04-10 19:55:00+00:00,1.0244144542960896,0.9702978663976303,0.9886877885252879
2026-04-13 13:30:00+00:00,1.0244144542960896,0.9702978663976303,0.9886877885252879
2026-04-13 13:35:00+00:00,1.0244144542960896,0.9702978663976303,0.9886877885252879
2026-04-13 13:40:00+00:00,1.0244144542960896,0.9702978663976303,0.9886877885252879
2026-04-13 13:45:00+00:00,1.0244144542960896,0.9702978663976303,0.9886877885252879
2026-04-13 13:50:00+00:00,1.0244144542960896,0.9702978663976303,0.9886877885252879
2026-04-13 13:55:00+00:00,1.0244144542960896,0.9702978663976303,0.9886877885252879
2026-04-13 14:00:00+00:00,1.0244144542960896,0.9702978663976303,0.9886877885252879
2026-04-13 14:05:00+00:00,1.0244144542960896,0.9702978663976303,0.9886877885252879
2026-04-13 14:10:00+00:00,1.0244144542960896,0.9702978663976303,0.9886877885252879
2026-04-13 14:15:00+00:00,1.0244144542960896,0.9702978663976303,0.9886877885252879
2026-04-13 14:20:00+00:00,1.0244144542960896,0.9702978663976303,0.9886877885252879
2026-04-13 14:25:00+00:00,1.0244144542960896,0.9702978663976303,0.9886877885252879
2026-04-13 14:30:00+00:00,1.0244144542960896,0.9702978663976303,0.9886877885252879
2026-04-13 14:35:00+00:00,1.0244144542960896,0.9702978663976303,0.9886877885252879
2026-04-13 14:40:00+00:00,1.0244144542960896,0.9702978663976303,0.9886877885252879
2026-04-13 14:45:00+00:00,1.0244144542960896,0.9702978663976303,0.9886877885252879
2026-04-13 14:50:00+00:00,1.0244144542960896,0.9702978663976303,0.9886877885252879
2026-04-13 14:55:00+00:00,1.0244144542960896,0.9702978663976303,0.9886877885252879
2026-04-13 15:00:00+00:00,1.0244144542960896,0.9702978663976303,0.9886877885252879
2026-04-13 15:05:00+00:00,1.0244144542960896,0.9702978663976303,0.9886877885252879
2026-04-13 15:10:00+00:00,1.0244144542960896,0.9702978663976303,0.9886877885252879
2026-04-13 15:15:00+00:00,1.0244144542960896,0.9702978663976303,0.9886877885252879
2026-04-13 15:20:00+00:00,1.0244144542960896,0.9702978663976303,0.9886877885252879
2026-04-13 15:25:00+00:00,1.0244144542960896,0.9702978663976303,0.9886877885252879
2026-04-13 15:30:00+00:00,1.0244144542960896,0.9702978663976303,0.9886877885252879
2026-04-13 15:35:00+00:00,1.0244144542960896,0.9702978663976303,0.9886877885252879
2026-04-13 15:40:00+00:00,1.0244144542960896,0.9702978663976303,0.9886877885252879
2026-04-13 15:45:00+00:00,1.0244144542960896,0.9702978663976303,0.9886877885252879
2026-04-13 15:50:00+00:00,1.0244144542960896,0.9702978663976303,0.9886877885252879
2026-04-13 15:55:00+00:00,1.0244144542960896,0.9702978663976303,0.9886877885252879
2026-04-13 16:00:00+00:00,1.0244144542960896,0.9702978663976303,0.9886877885252879
2026-04-13 16:05:00+00:00,1.0244144542960896,0.9702978663976303,0.9886877885252879
2026-04-13 16:10:00+00:00,1.0244144542960896,0.9702978663976303,0.9886877885252879
2026-04-13 16:15:00+00:00,1.0244144542960896,0.9702978663976303,0.9886877885252879
2026-04-13 16:20:00+00:00,1.0244144542960896,0.9702978663976303,0.9886877885252879
2026-04-13 16:25:00+00:00,1.0244144542960896,0.9702978663976303,0.9886877885252879
2026-04-13 16:30:00+00:00,1.0244144542960896,0.9702978663976303,0.9886877885252879
2026-04-13 16:35:00+00:00,1.0244144542960896,0.9702978663976303,0.9886877885252879
2026-04-13 16:40:00+00:00,1.0244144542960896,0.9702978663976303,0.9886877885252879
2026-04-13 16:45:00+00:00,1.0244144542960896,0.9702978663976303,0.9886877885252879
2026-04-13 16:50:00+00:00,1.0244144542960896,0.9702978663976303,0.9886877885252879
2026-04-13 16:55:00+00:00,1.0244144542960896,0.9702978663976303,0.9886877885252879
2026-04-13 17:00:00+00:00,1.0244144542960896,0.9702978663976303,0.9886877885252879
2026-04-13 17:05:00+00:00,1.0244144542960896,0.9702978663976303,0.9886877885252879
2026-04-13 17:10:00+00:00,1.0244144542960896,0.9702978663976303,0.9886877885252879
2026-04-13 17:15:00+00:00,1.0244144542960896,0.9702978663976303,0.9886877885252879
2026-04-13 17:20:00+00:00,1.0244144542960896,0.9702978663976303,0.9886877885252879
2026-04-13 17:25:00+00:00,1.0244144542960896,0.9702978663976303,0.9886877885252879
2026-04-13 17:30:00+00:00,1.0244144542960896,0.9702978663976303,0.9886877885252879
2026-04-13 17:35:00+00:00,1.0244144542960896,0.9702978663976303,0.9886877885252879
2026-04-13 17:40:00+00:00,1.0244144542960896,0.9702978663976303,0.9886877885252879
2026-04-13 17:45:00+00:00,1.0244144542960896,0.9702978663976303,0.9886877885252879
2026-04-13 17:50:00+00:00,1.0244144542960896,0.9702978663976303,0.9886877885252879
2026-04-13 17:55:00+00:00,1.0244144542960896,0.9702978663976303,0.9886877885252879
2026-04-13 18:00:00+00:00,1.0244144542960896,0.9702978663976303,0.9886877885252879
2026-04-13 18:05:00+00:00,1.0244144542960896,0.9702978663976303,0.9886877885252879
2026-04-13 18:10:00+00:00,1.0244144542960896,0.9666829398686598,0.9886877885252879
2026-04-13 18:15:00+00:00,1.0244144542960896,0.9667989075567693,0.9886877885252879
2026-04-13 18:20:00+00:00,1.0244144542960896,0.9666131964747499,0.9886877885252879
2026-04-13 18:25:00+00:00,1.0244144542960896,0.9668358137427462,0.9886877885252879
2026-04-13 18:30:00+00:00,1.0244144542960896,0.9675029596124098,0.9886877885252879
2026-04-13 18:35:00+00:00,1.0244144542960896,0.9651357149630884,0.9886877885252879
2026-04-13 18:40:00+00:00,1.0244144542960896,0.9644601199626142,0.9886877885252879
2026-04-13 18:45:00+00:00,1.0244144542960896,0.9644601199626142,0.9886877885252879
2026-04-13 18:50:00+00:00,1.0244144542960896,0.9611948833324125,0.9886877885252879
2026-04-13 18:55:00+00:00,1.0244144542960896,0.964491363311555,0.9886877885252879
2026-04-13 19:00:00+00:00,1.0244144542960896,0.9652345546822769,0.9886877885252879
2026-04-13 19:05:00+00:00,1.0244144542960896,0.9656059152955467,0.9886877885252879
2026-04-13 19:10:00+00:00,1.0244144542960896,0.9647844037952301,0.9886877885252879
2026-04-13 19:15:00+00:00,1.0244144542960896,0.9667326268964054,0.9886877885252879
2026-04-13 19:20:00+00:00,1.0244144542960896,0.9693149828173284,0.9886877885252879
2026-04-13 19:25:00+00:00,1.0244144542960896,0.9722619139902829,0.9886877885252879
2026-04-13 19:30:00+00:00,1.0244144542960896,0.9721703834409404,0.9886877885252879
2026-04-13 19:35:00+00:00,1.0244144542960896,0.9726811991184958,0.9886877885252879
2026-04-13 19:40:00+00:00,1.0244144542960896,0.9721164421422225,0.9886877885252879
2026-04-13 19:45:00+00:00,1.0244144542960896,0.9712002240969277,0.9886877885252879
2026-04-13 19:50:00+00:00,1.0244144542960896,0.9707801558226382,0.9886877885252879
2026-04-13 19:55:00+00:00,1.0244144542960896,0.9688782434041898,0.9886877885252879
2026-04-14 13:30:00+00:00,1.0244144542960896,0.964480961750361,0.9886877885252879
2026-04-14 13:35:00+00:00,1.0244144542960896,0.9638058250771357,0.9886877885252879
2026-04-14 13:40:00+00:00,1.0244144542960896,0.9638058250771357,0.9886877885252879
2026-04-14 13:45:00+00:00,1.0244144542960896,0.9638058250771357,0.9886877885252879
2026-04-14 13:50:00+00:00,1.0244144542960896,0.9638058250771357,0.9886877885252879
2026-04-14 13:55:00+00:00,1.0244144542960896,0.9638058250771357,0.9886877885252879
2026-04-14 14:00:00+00:00,1.0244144542960896,0.9638058250771357,0.9886877885252879
2026-04-14 14:05:00+00:00,1.0244144542960896,0.9638058250771357,0.9886877885252879
2026-04-14 14:10:00+00:00,1.0244144542960896,0.9638058250771357,0.9886877885252879
2026-04-14 14:15:00+00:00,1.0244144542960896,0.9638058250771357,0.9886877885252879
2026-04-14 14:20:00+00:00,1.0244144542960896,0.9638058250771357,0.9886877885252879
2026-04-14 14:25:00+00:00,1.0244144542960896,0.9646250828755534,0.9886877885252879
2026-04-14 14:30:00+00:00,1.0244144542960896,0.9664601332594445,0.9886877885252879
2026-04-14 14:35:00+00:00,1.0244144542960896,0.9703757176949585,0.9886877885252879
2026-04-14 14:40:00+00:00,1.0244144542960896,0.9706837599549293,0.9886877885252879
2026-04-14 14:45:00+00:00,1.0244144542960896,0.9716068927101847,0.9886877885252879
2026-04-14 14:50:00+00:00,1.0244144542960896,0.9738490023923433,0.9886877885252879
2026-04-14 14:55:00+00:00,1.0244144542960896,0.9745420638157956,0.9886877885252879
2026-04-14 15:00:00+00:00,1.0244144542960896,0.9727436409079746,0.9886877885252879
2026-04-14 15:05:00+00:00,1.0244144542960896,0.9745811378391019,0.9886877885252879
2026-04-14 15:10:00+00:00,1.0244144542960896,0.9744585494069742,0.9886877885252879
2026-04-14 15:15:00+00:00,1.0244144542960896,0.9727300651949768,0.9886877885252879
2026-04-14 15:20:00+00:00,1.0244144542960896,0.9725301936004548,0.9886877885252879
2026-04-14 15:25:00+00:00,1.0244144542960896,0.9707164679061506,0.9886877885252879
2026-04-14 15:30:00+00:00,1.0244144542960896,0.9714959659387374,0.9886877885252879
2026-04-14 15:35:00+00:00,1.0244144542960896,0.9706180176895208,0.9886877885252879
2026-04-14 15:40:00+00:00,1.0244144542960896,0.9703095602428777,0.9886877885252879
2026-04-14 15:45:00+00:00,1.0244144542960896,0.9724009396115737,0.9886877885252879
2026-04-14 15:50:00+00:00,1.0244144542960896,0.9716045673565408,0.9886877885252879
2026-04-14 15:55:00+00:00,1.0244144542960896,0.9738592772333011,0.9886877885252879
2026-04-14 16:00:00+00:00,1.0244144542960896,0.9719544830740698,0.9886877885252879
2026-04-14 16:05:00+00:00,1.0244144542960896,0.9731597489916304,0.9886877885252879
2026-04-14 16:10:00+00:00,1.0244144542960896,0.9713251624571699,0.9886877885252879
2026-04-14 16:15:00+00:00,1.0244144542960896,0.969587431519815,0.9886877885252879
2026-04-14 16:20:00+00:00,1.0244144542960896,0.9689087203177511,0.9886877885252879
2026-04-14 16:25:00+00:00,1.0244144542960896,0.9689087203177511,0.9886877885252879
2026-04-14 16:30:00+00:00,1.0244144542960896,0.9694927817011206,0.9886877885252879
2026-04-14 16:35:00+00:00,1.0244144542960896,0.9664821946626365,0.9886877885252879
2026-04-14 16:40:00+00:00,1.0244144542960896,0.9703239687623879,0.9886877885252879
2026-04-14 16:45:00+00:00,1.0244144542960896,0.9721184332185391,0.9886877885252879
2026-04-14 16:50:00+00:00,1.0244144542960896,0.9708557412805532,0.9886877885252879
2026-04-14 16:55:00+00:00,1.0244144542960896,0.9730187999807072,0.9886877885252879
2026-04-14 17:00:00+00:00,1.0244144542960896,0.9739351251437652,0.9886877885252879
2026-04-14 17:05:00+00:00,1.0244144542960896,0.9712492408495222,0.9886877885252879
2026-04-14 17:10:00+00:00,1.0244144542960896,0.971557304380014,0.9886877885252879
2026-04-14 17:15:00+00:00,1.0244144542960896,0.9725223821516517,0.9886877885252879
2026-04-14 17:20:00+00:00,1.0244144542960896,0.972753633196397,0.9886877885252879
2026-04-14 17:25:00+00:00,1.0244144542960896,0.9711781571409357,0.9886877885252879
2026-04-14 17:30:00+00:00,1.0244144542960896,0.9737510714048306,0.9886877885252879
2026-04-14 17:35:00+00:00,1.0244144542960896,0.9745175668285753,0.9886877885252879
2026-04-14 17:40:00+00:00,1.0244144542960896,0.9730247787056628,0.9886877885252879
2026-04-14 17:45:00+00:00,1.0244144542960896,0.9707818640516125,0.9886877885252879
2026-04-14 17:50:00+00:00,1.0244144542960896,0.9687611092752451,0.9886877885252879
2026-04-14 17:55:00+00:00,1.0219823529457701,0.9680829764987523,0.9886877885252879
2026-04-14 18:00:00+00:00,1.021266965298708,0.9680829764987523,0.9886877885252879
2026-04-14 18:05:00+00:00,1.021266965298708,0.9680829764987523,0.9886877885252879
2026-04-14 18:10:00+00:00,1.021266965298708,0.9680829764987523,0.9886877885252879
2026-04-14 18:15:00+00:00,1.021266965298708,0.9680829764987523,0.9886877885252879
2026-04-14 18:20:00+00:00,1.021266965298708,0.9680829764987523,0.9886877885252879
2026-04-14 18:25:00+00:00,1.021266965298708,0.9680829764987523,0.9886877885252879
2026-04-14 18:30:00+00:00,1.021266965298708,0.9680829764987523,0.9886877885252879
2026-04-14 18:35:00+00:00,1.021266965298708,0.9700391185145345,0.9886877885252879
2026-04-14 18:40:00+00:00,1.021266965298708,0.9705658631532167,0.9886877885252879
2026-04-14 18:45:00+00:00,1.021266965298708,0.970126112755455,0.9886877885252879
2026-04-14 18:50:00+00:00,1.021266965298708,0.9722765267421555,0.9886877885252879
2026-04-14 18:55:00+00:00,1.021266965298708,0.9714706964640758,0.9886877885252879
2026-04-14 19:00:00+00:00,1.021266965298708,0.9722606792868524,0.9886877885252879
2026-04-14 19:05:00+00:00,1.021266965298708,0.9716568070120425,0.9886877885252879
2026-04-14 19:10:00+00:00,1.021266965298708,0.974643516412892,0.9886877885252879
2026-04-14 19:15:00+00:00,1.021266965298708,0.9763267755776454,0.9886877885252879
2026-04-14 19:20:00+00:00,1.021266965298708,0.9748610158272106,0.9886877885252879
2026-04-14 19:25:00+00:00,1.021266965298708,0.9743768512127088,0.9886877885252879
2026-04-14 19:30:00+00:00,1.021266965298708,0.9748987700118702,0.9886877885252879
2026-04-14 19:35:00+00:00,1.021266965298708,0.9711683111625272,0.9886877885252879
2026-04-14 19:40:00+00:00,1.021266965298708,0.9711371090973564,0.9886877885252879
2026-04-14 19:45:00+00:00,1.021266965298708,0.9680761210433708,0.9886877885252879
2026-04-14 19:50:00+00:00,1.021266965298708,0.9673984677586405,0.9886877885252879
2026-04-14 19:55:00+00:00,1.021266965298708,0.9673984677586405,0.9886877885252879
2026-04-15 13:30:00+00:00,1.021266965298708,0.9673984677586405,0.9886877885252879
2026-04-15 13:35:00+00:00,1.021266965298708,0.9673984677586405,0.9886877885252879
2026-04-15 13:40:00+00:00,1.021266965298708,0.9673984677586405,0.9886877885252879
2026-04-15 13:45:00+00:00,1.021266965298708,0.9673984677586405,0.9886877885252879
2026-04-15 13:50:00+00:00,1.021266965298708,0.9673984677586405,0.9886877885252879
2026-04-15 13:55:00+00:00,1.021266965298708,0.9673984677586405,0.9886877885252879
2026-04-15 14:00:00+00:00,1.021266965298708,0.9673984677586405,0.9886877885252879
2026-04-15 14:05:00+00:00,1.021266965298708,0.9673984677586405,0.9886877885252879
2026-04-15 14:10:00+00:00,1.021266965298708,0.9673984677586405,0.9886877885252879
2026-04-15 14:15:00+00:00,1.021266965298708,0.9673984677586405,0.9886877885252879
2026-04-15 14:20:00+00:00,1.021266965298708,0.9673984677586405,0.9886877885252879
2026-04-15 14:25:00+00:00,1.021266965298708,0.9673984677586405,0.9886877885252879
2026-04-15 14:30:00+00:00,1.021266965298708,0.9673984677586405,0.9886877885252879
2026-04-15 14:35:00+00:00,1.021266965298708,0.9673984677586405,0.9886877885252879
2026-04-15 14:40:00+00:00,1.021266965298708,0.9673984677586405,0.9886877885252879
2026-04-15 14:45:00+00:00,1.021266965298708,0.9673984677586405,0.9886877885252879
2026-04-15 14:50:00+00:00,1.021266965298708,0.9673984677586405,0.9886877885252879
2026-04-15 14:55:00+00:00,1.021266965298708,0.9673984677586405,0.9886877885252879
2026-04-15 15:00:00+00:00,1.021266965298708,0.9673984677586405,0.9886877885252879
2026-04-15 15:05:00+00:00,1.021266965298708,0.9673984677586405,0.9886877885252879
2026-04-15 15:10:00+00:00,1.021266965298708,0.9673984677586405,0.9886877885252879
2026-04-15 15:15:00+00:00,1.021266965298708,0.9673984677586405,0.9886877885252879
2026-04-15 15:20:00+00:00,1.021266965298708,0.9673984677586405,0.9886877885252879
2026-04-15 15:25:00+00:00,1.021266965298708,0.9673984677586405,0.9886877885252879
2026-04-15 15:30:00+00:00,1.021710464316641,0.9673984677586405,0.9886877885252879
2026-04-15 15:35:00+00:00,1.0236653110103375,0.9673984677586405,0.9886877885252879
2026-04-15 15:40:00+00:00,1.025458809584401,0.9673984677586405,0.9886877885252879
2026-04-15 15:45:00+00:00,1.0264273463353248,0.9673984677586405,0.9886877885252879
2026-04-15 15:50:00+00:00,1.023663306816275,0.9673984677586405,0.9886877885252879
2026-04-15 15:55:00+00:00,1.0240129176654256,0.9673984677586405,0.9886877885252879
2026-04-15 16:00:00+00:00,1.0198761775187974,0.9673984677586405,0.9886877885252879
2026-04-15 16:05:00+00:00,1.0215208840806491,0.9673984677586405,0.9886877885252879
2026-04-15 16:10:00+00:00,1.0188900904165588,0.9673984677586405,0.9886877885252879
2026-04-15 16:15:00+00:00,1.0181768673532672,0.9673984677586405,0.9886877885252879
2026-04-15 16:20:00+00:00,1.0181768673532672,0.9673984677586405,0.9886877885252879
2026-04-15 16:25:00+00:00,1.0181768673532672,0.9673984677586405,0.9886877885252879
2026-04-15 16:30:00+00:00,1.0181768673532672,0.9673984677586405,0.9886877885252879
2026-04-15 16:35:00+00:00,1.0181768673532672,0.9673984677586405,0.9886877885252879
2026-04-15 16:40:00+00:00,1.0181768673532672,0.9673984677586405,0.9886877885252879
2026-04-15 16:45:00+00:00,1.0181768673532672,0.9673984677586405,0.9886877885252879
2026-04-15 16:50:00+00:00,1.0181768673532672,0.9673984677586405,0.9886877885252879
2026-04-15 16:55:00+00:00,1.0181768673532672,0.9673984677586405,0.9886877885252879
2026-04-15 17:00:00+00:00,1.0181768673532672,0.9673984677586405,0.9886877885252879
2026-04-15 17:05:00+00:00,1.0181768673532672,0.9673984677586405,0.9886877885252879
2026-04-15 17:10:00+00:00,1.0186839350384511,0.9673984677586405,0.9886877885252879
2026-04-15 17:15:00+00:00,1.0178697386469577,0.9673984677586405,0.9886877885252879
2026-04-15 17:20:00+00:00,1.0149170925784343,0.9673984677586405,0.9886877885252879
2026-04-15 17:25:00+00:00,1.0142066506136294,0.9673984677586405,0.9886877885252879
2026-04-15 17:30:00+00:00,1.0142066506136294,0.9673984677586405,0.9886877885252879
2026-04-15 17:35:00+00:00,1.0142066506136294,0.9673984677586405,0.9886877885252879
2026-04-15 17:40:00+00:00,1.0133425813296202,0.9673984677586405,0.9886877885252879
2026-04-15 17:45:00+00:00,1.0166713308965765,0.9673984677586405,0.9886877885252879
2026-04-15 17:50:00+00:00,1.01700976696068,0.9673984677586405,0.9886877885252879
2026-04-15 17:55:00+00:00,1.0140911580251772,0.9639450541244083,0.9886877885252879
2026-04-15 18:00:00+00:00,1.0122673234507962,0.9622114069038376,0.9886877885252879
2026-04-15 18:05:00+00:00,1.0108605238768944,0.9608741725924292,0.9886877885252879
2026-04-15 18:10:00+00:00,1.0101529215101805,0.9602015606716146,0.9886877885252879
2026-04-15 18:15:00+00:00,1.0101529215101805,0.9602015606716146,0.9886877885252879
2026-04-15 18:20:00+00:00,1.0101529215101805,0.9602015606716146,0.9886877885252879
2026-04-15 18:25:00+00:00,1.0101529215101805,0.9602015606716146,0.9886877885252879
2026-04-15 18:30:00+00:00,1.0101529215101805,0.9602015606716146,0.9886877885252879
2026-04-15 18:35:00+00:00,1.0101529215101805,0.9602015606716146,0.9886877885252879
2026-04-15 18:40:00+00:00,1.0101529215101805,0.9602015606716146,0.9886877885252879
2026-04-15 18:45:00+00:00,1.0101529215101805,0.963698035691878,0.9886877885252879
2026-04-15 18:50:00+00:00,1.0101529215101805,0.9659933295867384,0.9886877885252879
2026-04-15 18:55:00+00:00,1.0101529215101805,0.9648080382959703,0.9886877885252879
2026-04-15 19:00:00+00:00,1.0101529215101805,0.9676260685967575,0.9886877885252879
2026-04-15 19:05:00+00:00,1.0101529215101805,0.9655912632502909,0.9886877885252879
2026-04-15 19:10:00+00:00,1.0101529215101805,0.9649328582369303,0.9886877885252879
2026-04-15 19:15:00+00:00,1.0101529215101805,0.9671994830721745,0.9886877885252879
2026-04-15 19:20:00+00:00,1.0101529215101805,0.9662221181503228,0.9886877885252879
2026-04-15 19:25:00+00:00,1.0101529215101805,0.9655850351244405,0.9886877885252879
2026-04-15 19:30:00+00:00,1.0101529215101805,0.9661273193110659,0.9886877885252879
2026-04-15 19:35:00+00:00,1.0101529215101805,0.96827039897536,0.9886877885252879
2026-04-15 19:40:00+00:00,1.0101529215101805,0.9693897328369523,0.9886877885252879
2026-04-15 19:45:00+00:00,1.0101529215101805,0.9687693245391854,0.9886877885252879
2026-04-15 19:50:00+00:00,1.0101529215101805,0.9668906780443776,0.9886877885252879
2026-04-15 19:55:00+00:00,1.0101529215101805,0.9676461837492424,0.9886877885252879
2026-04-16 13:30:00+00:00,1.0101529215101805,0.9674357142385984,0.9886877885252879
2026-04-16 13:35:00+00:00,1.0101529215101805,0.9677504919174202,0.9886877885252879
2026-04-16 13:40:00+00:00,1.0101529215101805,0.969663209534586,0.9886877885252879
2026-04-16 13:45:00+00:00,1.0101529215101805,0.9684830457372063,0.9886877885252879
2026-04-16 13:50:00+00:00,1.0101529215101805,0.9723842136941971,0.9886877885252879
2026-04-16 13:55:00+00:00,1.0101529215101805,0.9731254651693375,0.9886877885252879
2026-04-16 14:00:00+00:00,1.0101529215101805,0.9729762107705747,0.9886877885252879
2026-04-16 14:05:00+00:00,1.0101529215101805,0.974092861241884,0.9886877885252879
2026-04-16 14:10:00+00:00,1.0101529215101805,0.9717913507725855,0.9886877885252879
2026-04-16 14:15:00+00:00,1.0101529215101805,0.9705102475846606,0.9886877885252879
2026-04-16 14:20:00+00:00,1.0101529215101805,0.9722323521873395,0.9886877885252879
2026-04-16 14:25:00+00:00,1.0101529215101805,0.9709662524836299,0.9886877885252879
2026-04-16 14:30:00+00:00,1.0101529215101805,0.9737939001746916,0.9886877885252879
2026-04-16 14:35:00+00:00,1.0101529215101805,0.9728205814758057,0.9886877885252879
2026-04-16 14:40:00+00:00,1.0101529215101805,0.9733654300975553,0.9886877885252879
2026-04-16 14:45:00+00:00,1.0101529215101805,0.9722705650975688,0.9886877885252879
2026-04-16 14:50:00+00:00,1.0101529215101805,0.9724338844246138,0.9886877885252879
2026-04-16 14:55:00+00:00,1.0101529215101805,0.9699760456444498,0.9886877885252879
2026-04-16 15:00:00+00:00,1.0101529215101805,0.9692970624124987,0.9886877885252879
2026-04-16 15:05:00+00:00,1.0101529215101805,0.9692970624124987,0.9886877885252879
2026-04-16 15:10:00+00:00,1.0101529215101805,0.9692970624124987,0.9886877885252879
2026-04-16 15:15:00+00:00,1.0101529215101805,0.9692970624124987,0.9886877885252879
2026-04-16 15:20:00+00:00,1.0101529215101805,0.9692970624124987,0.9886877885252879
2026-04-16 15:25:00+00:00,1.0101529215101805,0.9692970624124987,0.9886877885252879
2026-04-16 15:30:00+00:00,1.0101529215101805,0.9692970624124987,0.9886877885252879
2026-04-16 15:35:00+00:00,1.0101529215101805,0.9692970624124987,0.9886877885252879
2026-04-16 15:40:00+00:00,1.0088953085291494,0.9692970624124987,0.9886877885252879
2026-04-16 15:45:00+00:00,1.008189081813179,0.9692970624124987,0.9886877885252879
2026-04-16 15:50:00+00:00,1.008189081813179,0.9692970624124987,0.9886877885252879
2026-04-16 15:55:00+00:00,1.008189081813179,0.9692970624124987,0.9886877885252879
2026-04-16 16:00:00+00:00,1.008189081813179,0.9692970624124987,0.9886877885252879
2026-04-16 16:05:00+00:00,1.008189081813179,0.9692970624124987,0.9886877885252879
2026-04-16 16:10:00+00:00,1.008189081813179,0.9692970624124987,0.9886877885252879
2026-04-16 16:15:00+00:00,1.008189081813179,0.9692970624124987,0.9886877885252879
2026-04-16 16:20:00+00:00,1.008189081813179,0.9692970624124987,0.9886877885252879
2026-04-16 16:25:00+00:00,1.008189081813179,0.9692970624124987,0.9886877885252879
2026-04-16 16:30:00+00:00,1.008189081813179,0.9692970624124987,0.9886877885252879
2026-04-16 16:35:00+00:00,1.008189081813179,0.9691803605913963,0.9886877885252879
2026-04-16 16:40:00+00:00,1.008189081813179,0.9673588051631739,0.9886877885252879
2026-04-16 16:45:00+00:00,1.008189081813179,0.9668991089222922,0.9886877885252879
2026-04-16 16:50:00+00:00,1.008189081813179,0.9635337752155418,0.9886877885252879
2026-04-16 16:55:00+00:00,1.008189081813179,0.9628593015728909,0.9886877885252879
2026-04-16 17:00:00+00:00,1.008189081813179,0.9628593015728909,0.9886877885252879
2026-04-16 17:05:00+00:00,1.008189081813179,0.9628593015728909,0.9886877885252879
2026-04-16 17:10:00+00:00,1.008189081813179,0.9628593015728909,0.9886877885252879
2026-04-16 17:15:00+00:00,1.008189081813179,0.9628593015728909,0.9886877885252879
2026-04-16 17:20:00+00:00,1.008189081813179,0.9628593015728909,0.9886877885252879
2026-04-16 17:25:00+00:00,1.008189081813179,0.9628593015728909,0.9886877885252879
2026-04-16 17:30:00+00:00,1.008189081813179,0.9628593015728909,0.9886877885252879
2026-04-16 17:35:00+00:00,1.008189081813179,0.9628593015728909,0.9886877885252879
2026-04-16 17:40:00+00:00,1.008189081813179,0.9628593015728909,0.9886877885252879
2026-04-16 17:45:00+00:00,1.008189081813179,0.9628593015728909,0.9886877885252879
2026-04-16 17:50:00+00:00,1.008189081813179,0.9628593015728909,0.9886877885252879
2026-04-16 17:55:00+00:00,1.008189081813179,0.9628593015728909,0.9886877885252879
2026-04-16 18:00:00+00:00,1.008189081813179,0.9628593015728909,0.9886877885252879
2026-04-16 18:05:00+00:00,1.008189081813179,0.9628593015728909,0.9886877885252879
2026-04-16 18:10:00+00:00,1.008189081813179,0.9628593015728909,0.9886877885252879
2026-04-16 18:15:00+00:00,1.008189081813179,0.9628593015728909,0.9886877885252879
2026-04-16 18:20:00+00:00,1.008189081813179,0.9628593015728909,0.9886877885252879
2026-04-16 18:25:00+00:00,1.008189081813179,0.9628593015728909,0.9886877885252879
2026-04-16 18:30:00+00:00,1.008189081813179,0.9628593015728909,0.9886877885252879
2026-04-16 18:35:00+00:00,1.008189081813179,0.9628593015728909,0.9886877885252879
2026-04-16 18:40:00+00:00,1.008189081813179,0.9628593015728909,0.9886877885252879
2026-04-16 18:45:00+00:00,1.008189081813179,0.9628593015728909,0.9886877885252879
2026-04-16 18:50:00+00:00,1.008189081813179,0.9629913282838943,0.9886877885252879
2026-04-16 18:55:00+00:00,1.008189081813179,0.9636095245038215,0.9886877885252879
2026-04-16 19:00:00+00:00,1.008189081813179,0.9629904989345336,0.9886877885252879
2026-04-16 19:05:00+00:00,1.008189081813179,0.9660730875497421,0.9886877885252879
2026-04-16 19:10:00+00:00,1.008189081813179,0.9681902134818,0.9886877885252879
2026-04-16 19:15:00+00:00,1.008189081813179,0.9678351560213555,0.9886877885252879
2026-04-16 19:20:00+00:00,1.008189081813179,0.9668294717821411,0.9886877885252879
2026-04-16 19:25:00+00:00,1.008189081813179,0.9661170649278844,0.9886877885252879
2026-04-16 19:30:00+00:00,1.008189081813179,0.9669796600103749,0.9886877885252879
2026-04-16 19:35:00+00:00,1.008189081813179,0.9655191419950863,0.9886877885252879
2026-04-16 19:40:00+00:00,1.008189081813179,0.9647828634496994,0.9886877885252879
2026-04-16 19:45:00+00:00,1.008189081813179,0.963106116505556,0.9886877885252879
2026-04-16 19:50:00+00:00,1.008189081813179,0.9619202653177539,0.9886877885252879
2026-04-16 19:55:00+00:00,1.008189081813179,0.9612469211320314,0.9886877885252879
2026-04-17 13:30:00+00:00,1.008189081813179,0.9612469211320314,0.9886877885252879
2026-04-17 13:35:00+00:00,1.008189081813179,0.9612469211320314,0.9886877885252879
2026-04-17 13:40:00+00:00,1.008189081813179,0.9612469211320314,0.9886877885252879
2026-04-17 13:45:00+00:00,1.008189081813179,0.9612469211320314,0.9886877885252879
2026-04-17 13:50:00+00:00,1.008189081813179,0.9612469211320314,0.9886877885252879
2026-04-17 13:55:00+00:00,1.008189081813179,0.9612469211320314,0.9886877885252879
2026-04-17 14:00:00+00:00,1.008189081813179,0.9593790010307272,0.9886877885252879
2026-04-17 14:05:00+00:00,1.008189081813179,0.9605244280115782,0.9886877885252879
2026-04-17 14:10:00+00:00,1.008189081813179,0.9626968378451567,0.9886877885252879
2026-04-17 14:15:00+00:00,1.008189081813179,0.9596598788940375,0.9886877885252879
2026-04-17 14:20:00+00:00,1.008189081813179,0.9605556066471429,0.9886877885252879
2026-04-17 14:25:00+00:00,1.008189081813179,0.9605745169470112,0.9886877885252879
2026-04-17 14:30:00+00:00,1.008189081813179,0.9613139486262683,0.9886877885252879
2026-04-17 14:35:00+00:00,1.008189081813179,0.9596627365661489,0.9886877885252879
2026-04-17 14:40:00+00:00,1.008189081813179,0.9586986063572709,0.9886877885252879
2026-04-17 14:45:00+00:00,1.008189081813179,0.9586232436577425,0.9886877885252879
2026-04-17 14:50:00+00:00,1.008189081813179,0.9564292263452492,0.9886877885252879
2026-04-17 14:55:00+00:00,1.008189081813179,0.9557597258868075,0.9886877885252879
2026-04-17 15:00:00+00:00,1.008189081813179,0.9557597258868075,0.9886877885252879
2026-04-17 15:05:00+00:00,1.008189081813179,0.9557597258868075,0.9886877885252879
2026-04-17 15:10:00+00:00,1.008189081813179,0.9557597258868075,0.9886877885252879
2026-04-17 15:15:00+00:00,1.008189081813179,0.9557597258868075,0.9886877885252879
2026-04-17 15:20:00+00:00,1.008189081813179,0.9557597258868075,0.9886877885252879
2026-04-17 15:25:00+00:00,1.008189081813179,0.9557597258868075,0.9886877885252879
2026-04-17 15:30:00+00:00,1.008189081813179,0.9557597258868075,0.9886877885252879
2026-04-17 15:35:00+00:00,1.008189081813179,0.9557597258868075,0.9886877885252879
2026-04-17 15:40:00+00:00,1.008189081813179,0.9557597258868075,0.9886877885252879
2026-04-17 15:45:00+00:00,1.008189081813179,0.9557597258868075,0.9886877885252879
2026-04-17 15:50:00+00:00,1.008189081813179,0.9557597258868075,0.9886877885252879
2026-04-17 15:55:00+00:00,1.008189081813179,0.9557597258868075,0.9886877885252879
2026-04-17 16:00:00+00:00,1.008189081813179,0.9557597258868075,0.9886877885252879
2026-04-17 16:05:00+00:00,1.008189081813179,0.9525295855275597,0.9886877885252879
2026-04-17 16:10:00+00:00,1.008189081813179,0.9541178323894396,0.9886877885252879
2026-04-17 16:15:00+00:00,1.008189081813179,0.957111761098969,0.9886877885252879
2026-04-17 16:20:00+00:00,1.008189081813179,0.96014892851478,0.9886877885252879
2026-04-17 16:25:00+00:00,1.008189081813179,0.9622224498462727,0.9886877885252879
2026-04-17 16:30:00+00:00,1.008189081813179,0.9611638513122823,0.9886877885252879
2026-04-17 16:35:00+00:00,1.008189081813179,0.9603888948278645,0.9886877885252879
2026-04-17 16:40:00+00:00,1.008189081813179,0.9612562149793952,0.9886877885252879
2026-04-17 16:45:00+00:00,1.008189081813179,0.9583571295250731,0.9886877885252879
2026-04-17 16:50:00+00:00,1.008189081813179,0.9569242221760443,0.9886877885252879
2026-04-17 16:55:00+00:00,1.008189081813179,0.9578287714115624,0.9886877885252879
2026-04-17 17:00:00+00:00,1.008189081813179,0.957347538509081,0.9886877885252879
2026-04-17 17:05:00+00:00,1.008189081813179,0.956175210469331,0.9886877885252879
2026-04-17 17:10:00+00:00,1.008189081813179,0.9541701360265781,0.9886877885252879
2026-04-17 17:15:00+00:00,1.008189081813179,0.9535022169313594,0.9886877885252879
2026-04-17 17:20:00+00:00,1.008189081813179,0.9535022169313594,0.9886877885252879
2026-04-17 17:25:00+00:00,1.008189081813179,0.9535022169313594,0.9886877885252879
2026-04-17 17:30:00+00:00,1.008189081813179,0.9535022169313594,0.9886877885252879
2026-04-17 17:35:00+00:00,1.008189081813179,0.9535022169313594,0.9886877885252879
2026-04-17 17:40:00+00:00,1.008189081813179,0.9535022169313594,0.9886877885252879
2026-04-17 17:45:00+00:00,1.008189081813179,0.9535022169313594,0.9886877885252879
2026-04-17 17:50:00+00:00,1.008189081813179,0.9535022169313594,0.9886877885252879
2026-04-17 17:55:00+00:00,1.008189081813179,0.9535022169313594,0.9886877885252879
2026-04-17 18:00:00+00:00,1.008189081813179,0.9535022169313594,0.9886877885252879
2026-04-17 18:05:00+00:00,1.008189081813179,0.9535022169313594,0.9886877885252879
2026-04-17 18:10:00+00:00,1.008189081813179,0.9535022169313594,0.9886877885252879
2026-04-17 18:15:00+00:00,1.008189081813179,0.9535022169313594,0.9886877885252879
2026-04-17 18:20:00+00:00,1.008189081813179,0.9535022169313594,0.9886877885252879
2026-04-17 18:25:00+00:00,1.008189081813179,0.9535022169313594,0.9886877885252879
2026-04-17 18:30:00+00:00,1.008189081813179,0.9535022169313594,0.9886877885252879
2026-04-17 18:35:00+00:00,1.008189081813179,0.9535022169313594,0.9886877885252879
2026-04-17 18:40:00+00:00,1.008189081813179,0.9535022169313594,0.9886877885252879
2026-04-17 18:45:00+00:00,1.008189081813179,0.9535022169313594,0.9886877885252879
2026-04-17 18:50:00+00:00,1.008189081813179,0.9535022169313594,0.9886877885252879
2026-04-17 18:55:00+00:00,1.008189081813179,0.9535022169313594,0.9886877885252879
2026-04-17 19:00:00+00:00,1.008189081813179,0.9535022169313594,0.9886877885252879
2026-04-17 19:05:00+00:00,1.008189081813179,0.9535022169313594,0.9886877885252879
2026-04-17 19:10:00+00:00,1.008189081813179,0.9535022169313594,0.9886877885252879
2026-04-17 19:15:00+00:00,1.008189081813179,0.9535022169313594,0.9886877885252879
2026-04-17 19:20:00+00:00,1.008189081813179,0.9535022169313594,0.9886877885252879
2026-04-17 19:25:00+00:00,1.008189081813179,0.9535022169313594,0.9886877885252879
2026-04-17 19:30:00+00:00,1.008189081813179,0.9535022169313594,0.9886877885252879
2026-04-17 19:35:00+00:00,1.008189081813179,0.954868793932137,0.9886877885252879
2026-04-17 19:40:00+00:00,1.008189081813179,0.9532075748790714,0.9886877885252879
2026-04-17 19:45:00+00:00,1.008189081813179,0.9507501552656528,0.9886877885252879
2026-04-17 19:50:00+00:00,1.008189081813179,0.9530077137346495,0.9886877885252879
2026-04-17 19:55:00+00:00,1.008189081813179,0.95224018910752,0.9886877885252879
2026-04-20 13:30:00+00:00,1.008189081813179,0.9530161257939305,0.9886877885252879
2026-04-20 13:35:00+00:00,1.008189081813179,0.9514469040214337,0.9886877885252879
2026-04-20 13:40:00+00:00,1.008189081813179,0.9488170066908262,0.9886877885252879
2026-04-20 13:45:00+00:00,1.008189081813179,0.9481528347861427,0.9886877885252879
2026-04-20 13:50:00+00:00,1.008189081813179,0.9481528347861427,0.9886877885252879
2026-04-20 13:55:00+00:00,1.008189081813179,0.9481528347861427,0.9886877885252879
2026-04-20 14:00:00+00:00,1.008189081813179,0.9481528347861427,0.9886877885252879
2026-04-20 14:05:00+00:00,1.008189081813179,0.9481528347861427,0.9886877885252879
2026-04-20 14:10:00+00:00,1.008189081813179,0.9481528347861427,0.9886877885252879
2026-04-20 14:15:00+00:00,1.008189081813179,0.9481528347861427,0.9886877885252879
2026-04-20 14:20:00+00:00,1.008189081813179,0.9481528347861427,0.9886877885252879
2026-04-20 14:25:00+00:00,1.008189081813179,0.9481528347861427,0.9886877885252879
2026-04-20 14:30:00+00:00,1.008189081813179,0.9481528347861427,0.9886877885252879
2026-04-20 14:35:00+00:00,1.008189081813179,0.9481528347861427,0.9886877885252879
2026-04-20 14:40:00+00:00,1.008189081813179,0.9487863615804983,0.9886877885252879
2026-04-20 14:45:00+00:00,1.008189081813179,0.9457034768781334,0.9886877885252879
2026-04-20 14:50:00+00:00,1.008189081813179,0.9466603796503937,0.9886877885252879
2026-04-20 14:55:00+00:00,1.008189081813179,0.947179157784451,0.9886877885252879
2026-04-20 15:00:00+00:00,1.008189081813179,0.9494781733281029,0.9886877885252879
2026-04-20 15:05:00+00:00,1.008189081813179,0.9466054702398958,0.9886877885252879
2026-04-20 15:10:00+00:00,1.008189081813179,0.9473824717009548,0.9886877885252879
2026-04-20 15:15:00+00:00,1.008189081813179,0.9454277539168864,0.9886877885252879
2026-04-20 15:20:00+00:00,1.008189081813179,0.9447659544891446,0.9886877885252879
2026-04-20 15:25:00+00:00,1.008189081813179,0.9447659544891446,0.9886877885252879
2026-04-20 15:30:00+00:00,1.0093899380190794,0.9447659544891446,0.9886877885252879
2026-04-20 15:35:00+00:00,1.0121349181820014,0.9447659544891446,0.9886877885252879
2026-04-20 15:40:00+00:00,1.0118792041058082,0.9447659544891446,0.9886877885252879
2026-04-20 15:45:00+00:00,1.0140936172499664,0.9447659544891446,0.9886877885252879
2026-04-20 15:50:00+00:00,1.0122699399461288,0.9447659544891446,0.9886877885252879
2026-04-20 15:55:00+00:00,1.0113475701733852,0.9447659544891446,0.9886877885252879
2026-04-20 16:00:00+00:00,1.0144528671015078,0.9447659544891446,0.9886877885252879
2026-04-20 16:05:00+00:00,1.0109033967978813,0.9447659544891446,0.9886877885252879
2026-04-20 16:10:00+00:00,1.011234418725954,0.9447659544891446,0.9886877885252879
2026-04-20 16:15:00+00:00,1.010216007118682,0.9447659544891446,0.9886877885252879
2026-04-20 16:20:00+00:00,1.0110158114335248,0.9447659544891446,0.9886877885252879
2026-04-20 16:25:00+00:00,1.0114909989354808,0.9447659544891446,0.9886877885252879
2026-04-20 16:30:00+00:00,1.0085813863021134,0.9447659544891446,0.9886877885252879
2026-04-20 16:35:00+00:00,1.007875379331702,0.9447659544891446,0.9886877885252879
2026-04-20 16:40:00+00:00,1.007875379331702,0.9447659544891446,0.9886877885252879
2026-04-20 16:45:00+00:00,1.007875379331702,0.9447659544891446,0.9886877885252879
2026-04-20 16:50:00+00:00,1.007875379331702,0.9447659544891446,0.9886877885252879
2026-04-20 16:55:00+00:00,1.007875379331702,0.9447659544891446,0.9886877885252879
2026-04-20 17:00:00+00:00,1.007875379331702,0.9447659544891446,0.9886877885252879
2026-04-20 17:05:00+00:00,1.007875379331702,0.9447659544891446,0.9886877885252879
2026-04-20 17:10:00+00:00,1.007875379331702,0.9447659544891446,0.9886877885252879
2026-04-20 17:15:00+00:00,1.007875379331702,0.9445819196863178,0.9886877885252879
2026-04-20 17:20:00+00:00,1.007875379331702,0.9470826384310483,0.9886877885252879
2026-04-20 17:25:00+00:00,1.007875379331702,0.9464924070936497,0.9886877885252879
2026-04-20 17:30:00+00:00,1.007875379331702,0.9474844743831906,0.9886877885252879
2026-04-20 17:35:00+00:00,1.007875379331702,0.9482594083154521,0.9886877885252879
2026-04-20 17:40:00+00:00,1.007875379331702,0.9514258967774434,0.9886877885252879
2026-04-20 17:45:00+00:00,1.007875379331702,0.950053958928268,0.9886877885252879
2026-04-20 17:50:00+00:00,1.007875379331702,0.951576492622013,0.9886877885252879
2026-04-20 17:55:00+00:00,1.007875379331702,0.9499793355071305,0.9886877885252879
2026-04-20 18:00:00+00:00,1.007875379331702,0.9508812448550944,0.9886877885252879
2026-04-20 18:05:00+00:00,1.007875379331702,0.9509861504754816,0.9886877885252879
2026-04-20 18:10:00+00:00,1.007875379331702,0.9536946427161166,0.9886877885252879
2026-04-20 18:15:00+00:00,1.007875379331702,0.9553939527214582,0.9886877885252879
2026-04-20 18:20:00+00:00,1.007875379331702,0.9528988561758138,0.9886877885252879
2026-04-20 18:25:00+00:00,1.007875379331702,0.9544046953307455,0.9886877885252879
2026-04-20 18:30:00+00:00,1.007875379331702,0.9533820926297257,0.9886877885252879
2026-04-20 18:35:00+00:00,1.007875379331702,0.9542891274074454,0.9886877885252879
2026-04-20 18:40:00+00:00,1.007875379331702,0.9515410777993963,0.9886877885252879
2026-04-20 18:45:00+00:00,1.007875379331702,0.9503039529194821,0.9886877885252879
2026-04-20 18:50:00+00:00,1.007875379331702,0.9493433199301582,0.9886877885252879
2026-04-20 18:55:00+00:00,1.007875379331702,0.9486787796062071,0.9886877885252879
2026-04-20 19:00:00+00:00,1.007875379331702,0.9486787796062071,0.9886877885252879
2026-04-20 19:05:00+00:00,1.007875379331702,0.9486787796062071,0.9886877885252879
2026-04-20 19:10:00+00:00,1.007875379331702,0.9486787796062071,0.9886877885252879
2026-04-20 19:15:00+00:00,1.007875379331702,0.9486787796062071,0.9886877885252879
2026-04-20 19:20:00+00:00,1.007875379331702,0.9486787796062071,0.9886877885252879
2026-04-20 19:25:00+00:00,1.007875379331702,0.9486787796062071,0.9886877885252879
2026-04-20 19:30:00+00:00,1.007875379331702,0.9486787796062071,0.9886877885252879
2026-04-20 19:35:00+00:00,1.007875379331702,0.9486787796062071,0.9886877885252879
2026-04-20 19:40:00+00:00,1.007875379331702,0.9486787796062071,0.9886877885252879
2026-04-20 19:45:00+00:00,1.007875379331702,0.9486787796062071,0.9886877885252879
2026-04-20 19:50:00+00:00,1.007875379331702,0.9486787796062071,0.9886877885252879
2026-04-20 19:55:00+00:00,1.007875379331702,0.9486787796062071,0.9886877885252879
2026-04-21 13:30:00+00:00,1.007875379331702,0.9486787796062071,0.9886877885252879
2026-04-21 13:35:00+00:00,1.007875379331702,0.9485473939932678,0.9886877885252879
2026-04-21 13:40:00+00:00,1.007875379331702,0.9500330108876861,0.9886877885252879
2026-04-21 13:45:00+00:00,1.007875379331702,0.9496023884164969,0.9886877885252879
2026-04-21 13:50:00+00:00,1.007875379331702,0.9492811395471307,0.9886877885252879
2026-04-21 13:55:00+00:00,1.007875379331702,0.9508760997436145,0.9886877885252879
2026-04-21 14:00:00+00:00,1.007875379331702,0.9484320406689033,0.9886877885252879
2026-04-21 14:05:00+00:00,1.007875379331702,0.9500604488784781,0.9886877885252879
2026-04-21 14:10:00+00:00,1.007875379331702,0.9484483341363215,0.9886877885252879
2026-04-21 14:15:00+00:00,1.007875379331702,0.9493249681500908,0.9886877885252879
2026-04-21 14:20:00+00:00,1.007875379331702,0.9477763651993418,0.9886877885252879
2026-04-21 14:25:00+00:00,1.007875379331702,0.9469266804582993,0.9886877885252879
2026-04-21 14:30:00+00:00,1.007875379331702,0.9471638209309293,0.9886877885252879
2026-04-21 14:35:00+00:00,1.007875379331702,0.9461526474443889,0.9886877885252879
2026-04-21 14:40:00+00:00,1.007875379331702,0.9454903405911778,0.9886877885252879
2026-04-21 14:45:00+00:00,1.007875379331702,0.9454903405911778,0.9886877885252879
2026-04-21 14:50:00+00:00,1.007875379331702,0.9454903405911778,0.9886877885252879
2026-04-21 14:55:00+00:00,1.007875379331702,0.9454903405911778,0.9886877885252879
2026-04-21 15:00:00+00:00,1.007875379331702,0.9477475334693469,0.9886877885252879
2026-04-21 15:05:00+00:00,1.007875379331702,0.9480080132223432,0.9886877885252879
2026-04-21 15:10:00+00:00,1.007875379331702,0.946434063009106,0.9886877885252879
2026-04-21 15:15:00+00:00,1.007875379331702,0.9466922419449392,0.9886877885252879
2026-04-21 15:20:00+00:00,1.007875379331702,0.9474488987551105,0.9886877885252879
2026-04-21 15:25:00+00:00,1.007875379331702,0.9467713457220988,0.9886877885252879
2026-04-21 15:30:00+00:00,1.007875379331702,0.9465587828659984,0.9886877885252879
2026-04-21 15:35:00+00:00,1.007875379331702,0.944924845609708,0.9886877885252879
2026-04-21 15:40:00+00:00,1.007875379331702,0.9444450324896627,0.9886877885252879
2026-04-21 15:45:00+00:00,1.007875379331702,0.9434458032417883,0.9886877885252879
2026-04-21 15:50:00+00:00,1.007875379331702,0.9462360944469238,0.9886877885252879
2026-04-21 15:55:00+00:00,1.007875379331702,0.9435602667976247,0.9886877885252879
2026-04-21 16:00:00+00:00,1.007875379331702,0.9428997746108664,0.9886877885252879
2026-04-21 16:05:00+00:00,1.007875379331702,0.9428997746108664,0.9886877885252879
2026-04-21 16:10:00+00:00,1.007875379331702,0.9428997746108664,0.9886877885252879
2026-04-21 16:15:00+00:00,1.007875379331702,0.9428997746108664,0.9886877885252879
2026-04-21 16:20:00+00:00,1.007875379331702,0.9428997746108664,0.9886877885252879
2026-04-21 16:25:00+00:00,1.007875379331702,0.9428997746108664,0.9886877885252879
2026-04-21 16:30:00+00:00,1.007875379331702,0.9428997746108664,0.9886877885252879
2026-04-21 16:35:00+00:00,1.007875379331702,0.9428997746108664,0.9886877885252879
2026-04-21 16:40:00+00:00,1.007875379331702,0.9428997746108664,0.9886877885252879
2026-04-21 16:45:00+00:00,1.007875379331702,0.9428997746108664,0.9886877885252879
2026-04-21 16:50:00+00:00,1.007875379331702,0.9428997746108664,0.9886877885252879
2026-04-21 16:55:00+00:00,1.007875379331702,0.9428997746108664,0.9886877885252879
2026-04-21 17:00:00+00:00,1.007875379331702,0.9454518677941272,0.9886877885252879
2026-04-21 17:05:00+00:00,1.007875379331702,0.9448205049221416,0.9886877885252879
2026-04-21 17:10:00+00:00,1.007875379331702,0.9440903126565509,0.9886877885252879
2026-04-21 17:15:00+00:00,1.007875379331702,0.9460548242044649,0.9886877885252879
2026-04-21 17:20:00+00:00,1.007875379331702,0.944405675231277,0.9886877885252879
2026-04-21 17:25:00+00:00,1.007875379331702,0.9449230055196035,0.9886877885252879
2026-04-21 17:30:00+00:00,1.007875379331702,0.9455187160614056,0.9886877885252879
2026-04-21 17:35:00+00:00,1.007875379331702,0.9455111218159677,0.9886877885252879
2026-04-21 17:40:00+00:00,1.007875379331702,0.9489359947145657,0.9886877885252879
2026-04-21 17:45:00+00:00,1.007875379331702,0.9494999702878858,0.9886877885252879
2026-04-21 17:50:00+00:00,1.007875379331702,0.9501771520408449,0.9886877885252879
2026-04-21 17:55:00+00:00,1.007875379331702,0.9499667654071959,0.9886877885252879
2026-04-21 18:00:00+00:00,1.007875379331702,0.9522532940444636,0.9886877885252879
2026-04-21 18:05:00+00:00,1.007875379331702,0.9543867455027062,0.9886877885252879
2026-04-21 18:10:00+00:00,1.007875379331702,0.9553401649739148,0.9886877885252879
2026-04-21 18:15:00+00:00,1.007875379331702,0.9545525838021645,0.9886877885252879
2026-04-21 18:20:00+00:00,1.007875379331702,0.9543039605032247,0.9886877885252879
2026-04-21 18:25:00+00:00,1.007875379331702,0.9512714391414817,0.9886877885252879
2026-04-21 18:30:00+00:00,1.007875379331702,0.9504865757873217,0.9886877885252879
2026-04-21 18:35:00+00:00,1.007875379331702,0.9505636890843774,0.9886877885252879
2026-04-21 18:40:00+00:00,1.007875379331702,0.9478997535448861,0.9886877885252879
2026-04-21 18:45:00+00:00,1.007875379331702,0.9472362237174047,0.9886877885252879
2026-04-21 18:50:00+00:00,1.007875379331702,0.9472362237174047,0.9886877885252879
2026-04-21 18:55:00+00:00,1.007875379331702,0.9472362237174047,0.9886877885252879
2026-04-21 19:00:00+00:00,1.007875379331702,0.9472362237174047,0.9886877885252879
2026-04-21 19:05:00+00:00,1.007875379331702,0.9472362237174047,0.9886877885252879
2026-04-21 19:10:00+00:00,1.007875379331702,0.9472362237174047,0.9886877885252879
2026-04-21 19:15:00+00:00,1.007875379331702,0.9472362237174047,0.9886877885252879
2026-04-21 19:20:00+00:00,1.007875379331702,0.9472362237174047,0.9886877885252879
2026-04-21 19:25:00+00:00,1.007875379331702,0.9472362237174047,0.9886877885252879
2026-04-21 19:30:00+00:00,1.007875379331702,0.9472362237174047,0.9886877885252879
2026-04-21 19:35:00+00:00,1.007875379331702,0.9472362237174047,0.9886877885252879
2026-04-21 19:40:00+00:00,1.007875379331702,0.9472362237174047,0.9886877885252879
2026-04-21 19:45:00+00:00,1.007875379331702,0.9472362237174047,0.9886877885252879
2026-04-21 19:50:00+00:00,1.007875379331702,0.9472362237174047,0.9886877885252879
2026-04-21 19:55:00+00:00,1.007875379331702,0.9472362237174047,0.9886877885252879
2026-04-22 13:30:00+00:00,1.007875379331702,0.9472362237174047,0.9886877885252879
2026-04-22 13:35:00+00:00,1.007875379331702,0.9511832832909592,0.9886877885252879
2026-04-22 13:40:00+00:00,1.007875379331702,0.9509656866979962,0.9886877885252879
2026-04-22 13:45:00+00:00,1.007875379331702,0.9528316286729247,0.9886877885252879
2026-04-22 13:50:00+00:00,1.007875379331702,0.9543544402735442,0.9886877885252879
2026-04-22 13:55:00+00:00,1.007875379331702,0.9554785418242117,0.9886877885252879
2026-04-22 14:00:00+00:00,1.007875379331702,0.9550500804695397,0.9886877885252879
2026-04-22 14:05:00+00:00,1.007875379331702,0.9560400150941328,0.9886877885252879
2026-04-22 14:10:00+00:00,1.007875379331702,0.9565651397097464,0.9886877885252879
2026-04-22 14:15:00+00:00,1.007875379331702,0.959632407248425,0.9886877885252879
2026-04-22 14:20:00+00:00,1.007875379331702,0.9560297111228598,0.9886877885252879
2026-04-22 14:25:00+00:00,1.007875379331702,0.9541183091968228,0.9886877885252879
2026-04-22 14:30:00+00:00,1.007875379331702,0.9556046966203667,0.9886877885252879
2026-04-22 14:35:00+00:00,1.007875379331702,0.9544731425388443,0.9886877885252879
2026-04-22 14:40:00+00:00,1.007875379331702,0.9533652828988778,0.9886877885252879
2026-04-22 14:45:00+00:00,1.007875379331702,0.9522224219723094,0.9886877885252879
2026-04-22 14:50:00+00:00,1.007875379331702,0.9506315700998741,0.9886877885252879
2026-04-22 14:55:00+00:00,1.007875379331702,0.9499661280008042,0.9886877885252879
2026-04-22 15:00:00+00:00,1.007875379331702,0.9499661280008042,0.9886877885252879
2026-04-22 15:05:00+00:00,1.007875379331702,0.9499661280008042,0.9886877885252879
2026-04-22 15:10:00+00:00,1.007875379331702,0.9499661280008042,0.9886877885252879
2026-04-22 15:15:00+00:00,1.007875379331702,0.9499661280008042,0.9886877885252879
2026-04-22 15:20:00+00:00,1.007875379331702,0.9499661280008042,0.9886877885252879
2026-04-22 15:25:00+00:00,1.007875379331702,0.9499661280008042,0.9886877885252879
2026-04-22 15:30:00+00:00,1.007875379331702,0.9502539195409626,0.9886877885252879
2026-04-22 15:35:00+00:00,1.007875379331702,0.9499995301024312,0.9886877885252879
2026-04-22 15:40:00+00:00,1.007875379331702,0.949902436613935,0.9886877885252879
2026-04-22 15:45:00+00:00,1.007875379331702,0.9489411451271051,0.9886877885252879
2026-04-22 15:50:00+00:00,1.007875379331702,0.9488750716711061,0.9886877885252879
2026-04-22 15:55:00+00:00,1.007875379331702,0.9472223386218056,0.9886877885252879
2026-04-22 16:00:00+00:00,1.007875379331702,0.9465592829847703,0.9886877885252879
2026-04-22 16:05:00+00:00,1.007875379331702,0.9465592829847703,0.9886877885252879
2026-04-22 16:10:00+00:00,1.007875379331702,0.9465592829847703,0.9886877885252879
2026-04-22 16:15:00+00:00,1.007875379331702,0.9465592829847703,0.9886877885252879
2026-04-22 16:20:00+00:00,1.007875379331702,0.9468414782810024,0.9886877885252879
2026-04-22 16:25:00+00:00,1.007875379331702,0.949415788137613,0.9886877885252879
2026-04-22 16:30:00+00:00,1.007875379331702,0.9493503105085099,0.9886877885252879
2026-04-22 16:35:00+00:00,1.007875379331702,0.9482280336887315,0.9886877885252879
2026-04-22 16:40:00+00:00,1.007875379331702,0.9474748029678539,0.9886877885252879
2026-04-22 16:45:00+00:00,1.007875379331702,0.9482516556244042,0.9886877885252879
2026-04-22 16:50:00+00:00,1.007875379331702,0.9447306200522746,0.9886877885252879
2026-04-22 16:55:00+00:00,1.007875379331702,0.9423060323256275,0.9886877885252879
2026-04-22 17:00:00+00:00,1.007875379331702,0.9416464181029995,0.9886877885252879
2026-04-22 17:05:00+00:00,1.007875379331702,0.9416464181029995,0.9886877885252879
2026-04-22 17:10:00+00:00,1.007875379331702,0.9416464181029995,0.9886877885252879
2026-04-22 17:15:00+00:00,1.007875379331702,0.9416464181029995,0.9886877885252879
2026-04-22 17:20:00+00:00,1.007875379331702,0.9416464181029995,0.9886877885252879
2026-04-22 17:25:00+00:00,1.007875379331702,0.9416464181029995,0.9886877885252879
2026-04-22 17:30:00+00:00,1.007875379331702,0.9416464181029995,0.9886877885252879
2026-04-22 17:35:00+00:00,1.007875379331702,0.9416464181029995,0.9886877885252879
2026-04-22 17:40:00+00:00,1.007875379331702,0.9416464181029995,0.9886877885252879
2026-04-22 17:45:00+00:00,1.007875379331702,0.9416464181029995,0.9886877885252879
2026-04-22 17:50:00+00:00,1.007875379331702,0.9416464181029995,0.9886877885252879
2026-04-22 17:55:00+00:00,1.007875379331702,0.9416464181029995,0.9886877885252879
2026-04-22 18:00:00+00:00,1.007875379331702,0.9384875136988309,0.9886877885252879
2026-04-22 18:05:00+00:00,1.007875379331702,0.9419447709900559,0.9886877885252879
2026-04-22 18:10:00+00:00,1.007875379331702,0.9411001535968039,0.9886877885252879
2026-04-22 18:15:00+00:00,1.007875379331702,0.9406091774926879,0.9886877885252879
2026-04-22 18:20:00+00:00,1.007875379331702,0.9422765054317271,0.9886877885252879
2026-04-22 18:25:00+00:00,1.007875379331702,0.9428793166490572,0.9886877885252879
2026-04-22 18:30:00+00:00,1.007875379331702,0.9424404400673272,0.9886877885252879
2026-04-22 18:35:00+00:00,1.007875379331702,0.9410622176157135,0.9886877885252879
2026-04-22 18:40:00+00:00,1.007875379331702,0.9395783380798154,0.9886877885252879
2026-04-22 18:45:00+00:00,1.007875379331702,0.9399352821374105,0.9886877885252879
2026-04-22 18:50:00+00:00,1.007875379331702,0.9389829635303096,0.9886877885252879
2026-04-22 18:55:00+00:00,1.007875379331702,0.9372753115418602,0.9886877885252879
2026-04-22 19:00:00+00:00,1.007875379331702,0.9366192188237809,0.9886877885252879
2026-04-22 19:05:00+00:00,1.007875379331702,0.9366192188237809,0.9886877885252879
2026-04-22 19:10:00+00:00,1.007875379331702,0.9366192188237809,0.9886877885252879
2026-04-22 19:15:00+00:00,1.007875379331702,0.9366192188237809,0.9886877885252879
2026-04-22 19:20:00+00:00,1.007875379331702,0.9366192188237809,0.9886877885252879
2026-04-22 19:25:00+00:00,1.007875379331702,0.9366192188237809,0.9886877885252879
2026-04-22 19:30:00+00:00,1.007875379331702,0.9366192188237809,0.9886877885252879
2026-04-22 19:35:00+00:00,1.007875379331702,0.9366192188237809,0.9886877885252879
2026-04-22 19:40:00+00:00,1.007875379331702,0.9366192188237809,0.9886877885252879
2026-04-22 19:45:00+00:00,1.007875379331702,0.9366192188237809,0.9886877885252879
2026-04-22 19:50:00+00:00,1.007875379331702,0.9366192188237809,0.9886877885252879
2026-04-22 19:55:00+00:00,1.007875379331702,0.9366192188237809,0.9886877885252879
2026-04-23 13:30:00+00:00,1.007875379331702,0.9366192188237809,0.9886877885252879
2026-04-23 13:35:00+00:00,1.007875379331702,0.9366192188237809,0.9886877885252879
2026-04-23 13:40:00+00:00,1.007875379331702,0.9366192188237809,0.9886877885252879
2026-04-23 13:45:00+00:00,1.007875379331702,0.9366192188237809,0.9886877885252879
2026-04-23 13:50:00+00:00,1.007875379331702,0.9366443521145826,0.9886877885252879
2026-04-23 13:55:00+00:00,1.007875379331702,0.935722334644234,0.9886877885252879
2026-04-23 14:00:00+00:00,1.007875379331702,0.9367459763017628,0.9886877885252879
2026-04-23 14:05:00+00:00,1.007875379331702,0.9391545802315943,0.9886877885252879
2026-04-23 14:10:00+00:00,1.007875379331702,0.9383904394709193,0.9886877885252879
2026-04-23 14:15:00+00:00,1.007875379331702,0.9407954534884188,0.9886877885252879
2026-04-23 14:20:00+00:00,1.007875379331702,0.9407844495829129,0.9886877885252879
2026-04-23 14:25:00+00:00,1.007875379331702,0.9431920782117471,0.9886877885252879
2026-04-23 14:30:00+00:00,1.007875379331702,0.9416806610574396,0.9886877885252879
2026-04-23 14:35:00+00:00,1.007875379331702,0.9432103403026546,0.9886877885252879
2026-04-23 14:40:00+00:00,1.007875379331702,0.943235507509656,0.9886877885252879
2026-04-23 14:45:00+00:00,1.007875379331702,0.9420475882296838,0.9886877885252879
2026-04-23 14:50:00+00:00,1.007875379331702,0.9410366161330831,0.9886877885252879
2026-04-23 14:55:00+00:00,1.007875379331702,0.9422690476885306,0.9886877885252879
2026-04-23 15:00:00+00:00,1.007875379331702,0.9425835929888764,0.9886877885252879
2026-04-23 15:05:00+00:00,1.007875379331702,0.942283717258802,0.9886877885252879
2026-04-23 15:10:00+00:00,1.007875379331702,0.9441384612604291,0.9886877885252879
2026-04-23 15:15:00+00:00,1.007875379331702,0.9454246795239165,0.9886877885252879
2026-04-23 15:20:00+00:00,1.007875379331702,0.9444195446884897,0.9886877885252879
2026-04-23 15:25:00+00:00,1.007875379331702,0.9412501351848789,0.9886877885252879
2026-04-23 15:30:00+00:00,1.007875379331702,0.9425915210375897,0.9886877885252879
2026-04-23 15:35:00+00:00,1.007875379331702,0.9448932829391016,0.9886877885252879
2026-04-23 15:40:00+00:00,1.007875379331702,0.943650110955292,0.9886877885252879
2026-04-23 15:45:00+00:00,1.007875379331702,0.9448964228921599,0.9886877885252879
2026-04-23 15:50:00+00:00,1.007875379331702,0.9455726694779868,0.9886877885252879
2026-04-23 15:55:00+00:00,1.007875379331702,0.94538112651107,0.9886877885252879
2026-04-23 16:00:00+00:00,1.007875379331702,0.9454053974543055,0.9886877885252879
2026-04-23 16:05:00+00:00,1.007875379331702,0.9440127128394034,0.9886877885252879
2026-04-23 16:10:00+00:00,1.007875379331702,0.9436221481692838,0.9886877885252879
2026-04-23 16:15:00+00:00,1.007875379331702,0.9440700592270399,0.9886877885252879
2026-04-23 16:20:00+00:00,1.007875379331702,0.94537364357893,0.9886877885252879
2026-04-23 16:25:00+00:00,1.007875379331702,0.945494134489263,0.9886877885252879
2026-04-23 16:30:00+00:00,1.007875379331702,0.9467763079181538,0.9886877885252879
2026-04-23 16:35:00+00:00,1.007875379331702,0.9456694542813634,0.9886877885252879
2026-04-23 16:40:00+00:00,1.007875379331702,0.9494954909620604,0.9886877885252879
2026-04-23 16:45:00+00:00,1.007875379331702,0.9498893871244907,0.9886877885252879
2026-04-23 16:50:00+00:00,1.007875379331702,0.9505012568299976,0.9886877885252879
2026-04-23 16:55:00+00:00,1.007875379331702,0.9478892547179241,0.9886877885252879
2026-04-23 17:00:00+00:00,1.007875379331702,0.9478551253941963,0.9886877885252879
2026-04-23 17:05:00+00:00,1.007875379331702,0.9501935605493371,0.9886877885252879
2026-04-23 17:10:00+00:00,1.007875379331702,0.9520747232771224,0.9886877885252879
2026-04-23 17:15:00+00:00,1.007875379331702,0.9499605001572496,0.9886877885252879
2026-04-23 17:20:00+00:00,1.007875379331702,0.947907524875375,0.9886877885252879
2026-04-23 17:25:00+00:00,1.007875379331702,0.9477526103332233,0.9886877885252879
2026-04-23 17:30:00+00:00,1.007875379331702,0.9463181361471371,0.9886877885252879
2026-04-23 17:35:00+00:00,1.007875379331702,0.9456557134518341,0.9886877885252879
2026-04-23 17:40:00+00:00,1.007875379331702,0.9456557134518341,0.9886877885252879
2026-04-23 17:45:00+00:00,1.007875379331702,0.9456557134518341,0.9886877885252879
2026-04-23 17:50:00+00:00,1.007875379331702,0.9456557134518341,0.9886877885252879
2026-04-23 17:55:00+00:00,1.007875379331702,0.9456557134518341,0.9886877885252879
2026-04-23 18:00:00+00:00,1.007875379331702,0.9456557134518341,0.9886877885252879
2026-04-23 18:05:00+00:00,1.007875379331702,0.9456557134518341,0.9886877885252879
2026-04-23 18:10:00+00:00,1.007875379331702,0.9456557134518341,0.9886877885252879
2026-04-23 18:15:00+00:00,1.007875379331702,0.9456557134518341,0.9886877885252879
2026-04-23 18:20:00+00:00,1.007875379331702,0.9456557134518341,0.9886877885252879
2026-04-23 18:25:00+00:00,1.007875379331702,0.9456557134518341,0.9886877885252879
2026-04-23 18:30:00+00:00,1.007875379331702,0.9456557134518341,0.9886877885252879
2026-04-23 18:35:00+00:00,1.007875379331702,0.9456557134518341,0.9886877885252879
2026-04-23 18:40:00+00:00,1.007875379331702,0.9459039664076847,0.9886877885252879
2026-04-23 18:45:00+00:00,1.007875379331702,0.9482513511614378,0.9886877885252879
2026-04-23 18:50:00+00:00,1.007875379331702,0.9480653751892878,0.9886877885252879
2026-04-23 18:55:00+00:00,1.007875379331702,0.9487506839423799,0.9886877885252879
2026-04-23 19:00:00+00:00,1.007875379331702,0.9484962042784263,0.9886877885252879
2026-04-23 19:05:00+00:00,1.007875379331702,0.946790897061669,0.9886877885252879
2026-04-23 19:10:00+00:00,1.007875379331702,0.9487054428070716,0.9886877885252879
2026-04-23 19:15:00+00:00,1.007875379331702,0.9498735586701873,0.9886877885252879
2026-04-23 19:20:00+00:00,1.007875379331702,0.9500218464738068,0.9886877885252879
2026-04-23 19:25:00+00:00,1.007875379331702,0.9493719741997009,0.9886877885252879
2026-04-23 19:30:00+00:00,1.007875379331702,0.9502838444052337,0.9886877885252879
2026-04-23 19:35:00+00:00,1.007875379331702,0.9505817508890778,0.9886877885252879
2026-04-23 19:40:00+00:00,1.007875379331702,0.9504013385907332,0.9886877885252879
2026-04-23 19:45:00+00:00,1.007875379331702,0.9489037188023984,0.9886877885252879
2026-04-23 19:50:00+00:00,1.007875379331702,0.9478769010016856,0.9886877885252879
2026-04-23 19:55:00+00:00,1.007875379331702,0.9498061546420885,0.9886877885252879
2026-04-24 13:30:00+00:00,1.007875379331702,0.94657909733581,0.9886877885252879
2026-04-24 13:35:00+00:00,1.00395533276131,0.9459164919676749,0.9886877885252879
2026-04-24 13:40:00+00:00,1.0032525640283771,0.9459164919676749,0.9886877885252879
2026-04-24 13:45:00+00:00,1.0032525640283771,0.9459164919676749,0.9886877885252879
2026-04-24 13:50:00+00:00,1.0032525640283771,0.9459164919676749,0.9886877885252879
2026-04-24 13:55:00+00:00,1.0032525640283771,0.9459164919676749,0.9886877885252879
2026-04-24 14:00:00+00:00,1.0032525640283771,0.9459164919676749,0.9886877885252879
2026-04-24 14:05:00+00:00,1.0032525640283771,0.9459164919676749,0.9886877885252879
2026-04-24 14:10:00+00:00,1.0032525640283771,0.9459164919676749,0.9886877885252879
2026-04-24 14:15:00+00:00,1.0032525640283771,0.9459164919676749,0.9886877885252879
2026-04-24 14:20:00+00:00,1.0032525640283771,0.9459164919676749,0.9886877885252879
2026-04-24 14:25:00+00:00,1.0032525640283771,0.9459164919676749,0.9886877885252879
2026-04-24 14:30:00+00:00,1.0032525640283771,0.9459164919676749,0.9886877885252879
2026-04-24 14:35:00+00:00,1.0032525640283771,0.9459164919676749,0.9886877885252879
2026-04-24 14:40:00+00:00,1.0032525640283771,0.9459164919676749,0.9886877885252879
2026-04-24 14:45:00+00:00,1.0032525640283771,0.9417344584244274,0.9886877885252879
2026-04-24 14:50:00+00:00,1.0032525640283771,0.9410752443035303,0.9886877885252879
2026-04-24 14:55:00+00:00,1.0032525640283771,0.9410752443035303,0.9886877885252879
2026-04-24 15:00:00+00:00,1.0032525640283771,0.9410752443035303,0.9886877885252879
2026-04-24 15:05:00+00:00,1.0032525640283771,0.9410752443035303,0.9886877885252879
2026-04-24 15:10:00+00:00,1.0032525640283771,0.9410752443035303,0.9886877885252879
2026-04-24 15:15:00+00:00,1.0032525640283771,0.9410752443035303,0.9886877885252879
2026-04-24 15:20:00+00:00,1.0032525640283771,0.9410752443035303,0.9886877885252879
2026-04-24 15:25:00+00:00,1.0032525640283771,0.9410752443035303,0.9886877885252879
2026-04-24 15:30:00+00:00,1.0032525640283771,0.9431622180609862,0.9886877885252879
2026-04-24 15:35:00+00:00,1.0032525640283771,0.9443933771839357,0.9886877885252879
2026-04-24 15:40:00+00:00,1.0032525640283771,0.9411114987618673,0.9886877885252879
2026-04-24 15:45:00+00:00,1.0032525640283771,0.942914432952446,0.9886877885252879
2026-04-24 15:50:00+00:00,1.0032525640283771,0.9428899312975735,0.9886877885252879
2026-04-24 15:55:00+00:00,1.0032525640283771,0.943928647242041,0.9886877885252879
2026-04-24 16:00:00+00:00,1.0032525640283771,0.9450087835591058,0.9886877885252879
2026-04-24 16:05:00+00:00,1.0032525640283771,0.9440729969264858,0.9886877885252879
2026-04-24 16:10:00+00:00,1.0032525640283771,0.9472926364565919,0.9886877885252879
2026-04-24 16:15:00+00:00,1.0032525640283771,0.9461858280162638,0.9886877885252879
2026-04-24 16:20:00+00:00,1.0032525640283771,0.9471411643965036,0.9886877885252879
2026-04-24 16:25:00+00:00,1.0032525640283771,0.9480597226456525,0.9886877885252879
2026-04-24 16:30:00+00:00,1.0032525640283771,0.9493338897641381,0.9886877885252879
2026-04-24 16:35:00+00:00,1.0032525640283771,0.9466450367518514,0.9886877885252879
2026-04-24 16:40:00+00:00,1.0032525640283771,0.9480771680424877,0.9886877885252879
2026-04-24 16:45:00+00:00,1.0032525640283771,0.9478603436372068,0.9886877885252879
2026-04-24 16:50:00+00:00,1.0032525640283771,0.9488562098789619,0.9886877885252879
2026-04-24 16:55:00+00:00,1.0032525640283771,0.9480267211622962,0.9886877885252879
2026-04-24 17:00:00+00:00,1.0032525640283771,0.9483065671982978,0.9886877885252879
2026-04-24 17:05:00+00:00,1.0032525640283771,0.9468729116068226,0.9886877885252879
2026-04-24 17:10:00+00:00,1.0032525640283771,0.9481217804641706,0.9886877885252879
2026-04-24 17:15:00+00:00,1.0032525640283771,0.9470996136275363,0.9886877885252879
2026-04-24 17:20:00+00:00,1.0032525640283771,0.9474318696711339,0.9886877885252879
2026-04-24 17:25:00+00:00,1.0032525640283771,0.9480363215765388,0.9886877885252879
2026-04-24 17:30:00+00:00,1.0032525640283771,0.9468523803082987,0.9886877885252879
2026-04-24 17:35:00+00:00,1.0032525640283771,0.947675458357179,0.9886877885252879
2026-04-24 17:40:00+00:00,1.0032525640283771,0.9456087128769716,0.9886877885252879
2026-04-24 17:45:00+00:00,1.0032525640283771,0.9449467867779576,0.9886877885252879
2026-04-24 17:50:00+00:00,1.0032525640283771,0.9449467867779576,0.9886877885252879
2026-04-24 17:55:00+00:00,1.0032525640283771,0.9449467867779576,0.9886877885252879
2026-04-24 18:00:00+00:00,1.0032525640283771,0.9449467867779576,0.9886877885252879
2026-04-24 18:05:00+00:00,1.0032525640283771,0.9449467867779576,0.9886877885252879
2026-04-24 18:10:00+00:00,1.0032525640283771,0.9434373354857329,0.9886877885252879
2026-04-24 18:15:00+00:00,1.0032525640283771,0.9450068850828929,0.9886877885252879
2026-04-24 18:20:00+00:00,1.0032525640283771,0.9446127223143633,0.9886877885252879
2026-04-24 18:25:00+00:00,1.0032525640283771,0.9423381585998241,0.9886877885252879
2026-04-24 18:30:00+00:00,1.0032525640283771,0.9453993085593319,0.9886877885252879
2026-04-24 18:35:00+00:00,1.0032525640283771,0.9460620146093766,0.9886877885252879
2026-04-24 18:40:00+00:00,1.0032525640283771,0.9478864397658049,0.9886877885252879
2026-04-24 18:45:00+00:00,1.0032525640283771,0.9473406942675102,0.9886877885252879
2026-04-24 18:50:00+00:00,1.0032525640283771,0.9477678708632327,0.9886877885252879
2026-04-24 18:55:00+00:00,1.0032525640283771,0.9484872054400387,0.9886877885252879
2026-04-24 19:00:00+00:00,1.0032525640283771,0.9491881042366963,0.9886877885252879
2026-04-24 19:05:00+00:00,1.0032525640283771,0.9491402448871585,0.9886877885252879
2026-04-24 19:10:00+00:00,1.0032525640283771,0.9519339164097718,0.9886877885252879
2026-04-24 19:15:00+00:00,1.0032525640283771,0.9510688721794976,0.9886877885252879
2026-04-24 19:20:00+00:00,1.0032525640283771,0.9513619592762007,0.9886877885252879
2026-04-24 19:25:00+00:00,1.0032525640283771,0.9515018406650397,0.9886877885252879
2026-04-24 19:30:00+00:00,1.0032525640283771,0.9520884541541834,0.9886877885252879
2026-04-24 19:35:00+00:00,1.0032525640283771,0.9521341900997948,0.9886877885252879
2026-04-24 19:40:00+00:00,1.0032525640283771,0.9523557909090464,0.9886877885252879
2026-04-24 19:45:00+00:00,1.0032525640283771,0.9538392807034782,0.9886877885252879
2026-04-24 19:50:00+00:00,1.0032525640283771,0.9561014635670333,0.9886877885252879
2026-04-24 19:55:00+00:00,1.0032525640283771,0.9563785481845074,0.9886877885252879
2026-04-27 13:30:00+00:00,1.0032525640283771,0.952509602343369,0.9886877885252879
2026-04-27 13:35:00+00:00,1.0032525640283771,0.9530526373292041,0.9886877885252879
2026-04-27 13:40:00+00:00,1.0032525640283771,0.9536254680423105,0.9886877885252879
2026-04-27 13:45:00+00:00,1.0032525640283771,0.9538281840521652,0.9886877885252879
2026-04-27 13:50:00+00:00,1.0032525640283771,0.9541190656755657,0.9886877885252879
2026-04-27 13:55:00+00:00,1.0032525640283771,0.954427298218223,0.9886877885252879
2026-04-27 14:00:00+00:00,1.0032525640283771,0.9540846394419092,0.9886877885252879
2026-04-27 14:05:00+00:00,1.0032525640283771,0.9548417127698354,0.9886877885252879
2026-04-27 14:10:00+00:00,1.0032525640283771,0.9535116443708876,0.9886877885252879
2026-04-27 14:15:00+00:00,1.0032525640283771,0.9546247330313603,0.9886877885252879
2026-04-27 14:20:00+00:00,1.0032525640283771,0.9557985434067353,0.9886877885252879
2026-04-27 14:25:00+00:00,1.0032525640283771,0.9520900711071153,0.9886877885252879
2026-04-27 14:30:00+00:00,1.0032525640283771,0.9514236080573403,0.9886877885252879
2026-04-27 14:35:00+00:00,1.0032525640283771,0.9514236080573403,0.9886877885252879
2026-04-27 14:40:00+00:00,1.0032525640283771,0.9514236080573403,0.9886877885252879
2026-04-27 14:45:00+00:00,1.0032525640283771,0.9514236080573403,0.9886877885252879
2026-04-27 14:50:00+00:00,1.0032525640283771,0.9514236080573403,0.9886877885252879
2026-04-27 14:55:00+00:00,1.0032525640283771,0.9523995293675372,0.9886877885252879
2026-04-27 15:00:00+00:00,1.0032525640283771,0.9523591938331188,0.9886877885252879
2026-04-27 15:05:00+00:00,1.0032525640283771,0.9537853935471148,0.9886877885252879
2026-04-27 15:10:00+00:00,1.0032525640283771,0.9521514060326878,0.9886877885252879
2026-04-27 15:15:00+00:00,1.0032525640283771,0.9507006784752161,0.9886877885252879
2026-04-27 15:20:00+00:00,1.0032525640283771,0.9509477122775792,0.9886877885252879
2026-04-27 15:25:00+00:00,1.0032525640283771,0.9503394322469083,0.9886877885252879
2026-04-27 15:30:00+00:00,1.0032525640283771,0.9508676664197637,0.9886877885252879
2026-04-27 15:35:00+00:00,1.0032525640283771,0.9532105514899112,0.9886877885252879
2026-04-27 15:40:00+00:00,1.0032525640283771,0.9556119667803235,0.9886877885252879
2026-04-27 15:45:00+00:00,1.0032525640283771,0.9541982968674733,0.9886877885252879
2026-04-27 15:50:00+00:00,1.0032525640283771,0.9530255421791172,0.9886877885252879
2026-04-27 15:55:00+00:00,1.0032525640283771,0.9540697203512217,0.9886877885252879
2026-04-27 16:00:00+00:00,1.0032525640283771,0.9517841649115422,0.9886877885252879
2026-04-27 16:05:00+00:00,1.0032525640283771,0.9523296284980949,0.9886877885252879
2026-04-27 16:10:00+00:00,1.0032525640283771,0.9523528894337279,0.9886877885252879
2026-04-27 16:15:00+00:00,1.0032525640283771,0.9485533616679352,0.9886877885252879
2026-04-27 16:20:00+00:00,1.0032525640283771,0.9478893743147676,0.9886877885252879
2026-04-27 16:25:00+00:00,1.0032525640283771,0.9478893743147676,0.9886877885252879
2026-04-27 16:30:00+00:00,1.0032525640283771,0.9478893743147676,0.9886877885252879
2026-04-27 16:35:00+00:00,1.0032525640283771,0.9478893743147676,0.9886877885252879
2026-04-27 16:40:00+00:00,1.0032525640283771,0.9478893743147676,0.9886877885252879
2026-04-27 16:45:00+00:00,1.0032525640283771,0.9478893743147676,0.9886877885252879
2026-04-27 16:50:00+00:00,1.0032525640283771,0.9478893743147676,0.9886877885252879
2026-04-27 16:55:00+00:00,1.0032525640283771,0.9478893743147676,0.9886877885252879
2026-04-27 17:00:00+00:00,1.0032525640283771,0.9478893743147676,0.9886877885252879
2026-04-27 17:05:00+00:00,1.0032525640283771,0.9478893743147676,0.9886877885252879
2026-04-27 17:10:00+00:00,1.0032525640283771,0.9478893743147676,0.9886877885252879
2026-04-27 17:15:00+00:00,1.0057691412481138,0.9478893743147676,0.9886877885252879
2026-04-27 17:20:00+00:00,1.0061490484126225,0.9475838961087482,0.9886877885252879
2026-04-27 17:25:00+00:00,1.0084857621300982,0.9497845961859283,0.9886877885252879
2026-04-27 17:30:00+00:00,1.0106572384588057,0.9518296768855631,0.9886877885252879
2026-04-27 17:35:00+00:00,1.0103444523714746,0.9515350972109617,0.9886877885252879
2026-04-27 17:40:00+00:00,1.0111161228745351,0.9522618509090901,0.9886877885252879
2026-04-27 17:45:00+00:00,1.0113575929980934,0.9524892657248535,0.9886877885252879
2026-04-27 17:50:00+00:00,1.011626717861839,0.9527427255748928,0.9886877885252879
2026-04-27 17:55:00+00:00,1.0124450412619874,0.9535134166340485,0.9886877885252879
2026-04-27 18:00:00+00:00,1.012155583923156,0.9532408078060425,0.9886877885252879
2026-04-27 18:05:00+00:00,1.0155730713464122,0.9564593727418647,0.9886877885252879
2026-04-27 18:10:00+00:00,1.013941108650665,0.9549224020793369,0.9886877885252879
2026-04-27 18:15:00+00:00,1.0102241228074,0.9514217716978851,0.9886877885252879
2026-04-27 18:20:00+00:00,1.009749657983732,0.9509749241588578,0.9886877885252879
2026-04-27 18:25:00+00:00,1.007446363512383,0.9488056980859513,0.9886877885252879
2026-04-27 18:30:00+00:00,1.0107696601298977,0.9481415340972911,0.9886877885252879
2026-04-27 18:35:00+00:00,1.011981576573731,0.9481415340972911,0.9886877885252879
2026-04-27 18:40:00+00:00,1.011335129562735,0.9481415340972911,0.9886877885252879
2026-04-27 18:45:00+00:00,1.0092253709388914,0.9481415340972911,0.9886877885252879
2026-04-27 18:50:00+00:00,1.0079740105676973,0.9481415340972911,0.9886877885252879
2026-04-27 18:55:00+00:00,1.006968538410354,0.9481415340972911,0.9886877885252879
2026-04-27 19:00:00+00:00,1.0040575957505073,0.9481415340972911,0.9886877885252879
2026-04-27 19:05:00+00:00,1.0033547554334818,0.948230171664207,0.9886877885252879
2026-04-27 19:10:00+00:00,1.0033547554334818,0.9468444660801698,0.9886877885252879
2026-04-27 19:15:00+00:00,1.0033547554334818,0.9473876278911229,0.9886877885252879
2026-04-27 19:20:00+00:00,1.0033547554334818,0.9467265477861354,0.9886877885252879
2026-04-27 19:25:00+00:00,1.0033547554334818,0.9442037054373441,0.9886877885252879
2026-04-27 19:30:00+00:00,1.0033547554334818,0.9435427628435379,0.9886877885252879
2026-04-27 19:35:00+00:00,1.0033547554334818,0.9435427628435379,0.9886877885252879
2026-04-27 19:40:00+00:00,1.0033547554334818,0.9435427628435379,0.9886877885252879
2026-04-27 19:45:00+00:00,1.0033547554334818,0.9435427628435379,0.9886877885252879
2026-04-27 19:50:00+00:00,1.0033547554334818,0.9435427628435379,0.9886877885252879
2026-04-27 19:55:00+00:00,1.0033547554334818,0.9435427628435379,0.9886877885252879
2026-04-28 13:30:00+00:00,1.0033547554334818,0.9435427628435379,0.9886877885252879
2026-04-28 13:35:00+00:00,1.0033547554334818,0.9435427628435379,0.9886877885252879
2026-04-28 13:40:00+00:00,1.0033547554334818,0.9435427628435379,0.9886877885252879
2026-04-28 13:45:00+00:00,1.0033547554334818,0.9435427628435379,0.9886877885252879
2026-04-28 13:50:00+00:00,1.0033547554334818,0.9435427628435379,0.9886877885252879
2026-04-28 13:55:00+00:00,1.0033547554334818,0.9435427628435379,0.9886877885252879
2026-04-28 14:00:00+00:00,1.0033547554334818,0.9435427628435379,0.9886877885252879
2026-04-28 14:05:00+00:00,1.0033547554334818,0.9435427628435379,0.9886877885252879
2026-04-28 14:10:00+00:00,1.0033547554334818,0.9435427628435379,0.9886877885252879
2026-04-28 14:15:00+00:00,1.0033547554334818,0.9435427628435379,0.9886877885252879
2026-04-28 14:20:00+00:00,1.0033547554334818,0.9435427628435379,0.9886877885252879
2026-04-28 14:25:00+00:00,1.0033547554334818,0.9435427628435379,0.9886877885252879
2026-04-28 14:30:00+00:00,1.0033547554334818,0.9435427628435379,0.9886877885252879
2026-04-28 14:35:00+00:00,1.0033547554334818,0.9435427628435379,0.9886877885252879
2026-04-28 14:40:00+00:00,1.0033547554334818,0.9435427628435379,0.9886877885252879
2026-04-28 14:45:00+00:00,1.0033547554334818,0.9435427628435379,0.9886877885252879
2026-04-28 14:50:00+00:00,1.0033547554334818,0.9435427628435379,0.9886877885252879
2026-04-28 14:55:00+00:00,1.0033547554334818,0.9435427628435379,0.9886877885252879
2026-04-28 15:00:00+00:00,1.0033547554334818,0.9435427628435379,0.9886877885252879
2026-04-28 15:05:00+00:00,1.0033547554334818,0.9446130146814419,0.9886877885252879
2026-04-28 15:10:00+00:00,1.0033547554334818,0.94398824705736,0.9886877885252879
2026-04-28 15:15:00+00:00,1.0033547554334818,0.941511148260103,0.9886877885252879
2026-04-28 15:20:00+00:00,1.0033547554334818,0.9442838534482235,0.9886877885252879
2026-04-28 15:25:00+00:00,1.0033547554334818,0.9415290824179589,0.9886877885252879
2026-04-28 15:30:00+00:00,1.0033547554334818,0.9411032372562932,0.9886877885252879
2026-04-28 15:35:00+00:00,1.0033547554334818,0.9379673703829299,0.9886877885252879
2026-04-28 15:40:00+00:00,1.0033547554334818,0.9373107932236618,0.9886877885252879
2026-04-28 15:45:00+00:00,1.0033547554334818,0.9373107932236618,0.9886877885252879
2026-04-28 15:50:00+00:00,1.0033547554334818,0.9373107932236618,0.9886877885252879
2026-04-28 15:55:00+00:00,1.0033547554334818,0.9373107932236618,0.9886877885252879
2026-04-28 16:00:00+00:00,1.0033547554334818,0.9373107932236618,0.9886877885252879
2026-04-28 16:05:00+00:00,1.0033547554334818,0.9373107932236618,0.9886877885252879
2026-04-28 16:10:00+00:00,1.0033547554334818,0.9373107932236618,0.9886877885252879
2026-04-28 16:15:00+00:00,1.0033547554334818,0.9373107932236618,0.9886877885252879
2026-04-28 16:20:00+00:00,1.0033547554334818,0.9373107932236618,0.9886877885252879
2026-04-28 16:25:00+00:00,1.0033547554334818,0.9373107932236618,0.9886877885252879
2026-04-28 16:30:00+00:00,1.0033547554334818,0.9373107932236618,0.9886877885252879
2026-04-28 16:35:00+00:00,1.0033547554334818,0.9373107932236618,0.9886877885252879
2026-04-28 16:40:00+00:00,1.0033547554334818,0.9373107932236618,0.9886877885252879
2026-04-28 16:45:00+00:00,1.0033547554334818,0.9373107932236618,0.9886877885252879
2026-04-28 16:50:00+00:00,1.0033547554334818,0.9373107932236618,0.9886877885252879
2026-04-28 16:55:00+00:00,1.0033547554334818,0.9373107932236618,0.9886877885252879
2026-04-28 17:00:00+00:00,1.0033547554334818,0.9373107932236618,0.9886877885252879
2026-04-28 17:05:00+00:00,1.0033547554334818,0.9373107932236618,0.9886877885252879
2026-04-28 17:10:00+00:00,1.0033547554334818,0.9373107932236618,0.9886877885252879
2026-04-28 17:15:00+00:00,1.0033547554334818,0.9373107932236618,0.9886877885252879
2026-04-28 17:20:00+00:00,1.0033547554334818,0.9373107932236618,0.9886877885252879
2026-04-28 17:25:00+00:00,1.0033547554334818,0.942689978841055,0.9886877885252879
2026-04-28 17:30:00+00:00,1.0033547554334818,0.943536828586962,0.9886877885252879
2026-04-28 17:35:00+00:00,1.0033547554334818,0.945590468706183,0.9886877885252879
2026-04-28 17:40:00+00:00,1.0033547554334818,0.9466688037379954,0.9886877885252879
2026-04-28 17:45:00+00:00,1.0033547554334818,0.9481046460615711,0.9886877885252879
2026-04-28 17:50:00+00:00,1.0033547554334818,0.9470359704470133,0.9886877885252879
2026-04-28 17:55:00+00:00,1.0033547554334818,0.9479787424824032,0.9886877885252879
2026-04-28 18:00:00+00:00,1.0033547554334818,0.9497056732027808,0.9886877885252879
2026-04-28 18:05:00+00:00,1.0033547554334818,0.9489831120201953,0.9886877885252879
2026-04-28 18:10:00+00:00,1.0033547554334818,0.952524117542761,0.9886877885252879
2026-04-28 18:15:00+00:00,1.0033547554334818,0.9537994813008814,0.9886877885252879
2026-04-28 18:20:00+00:00,1.0033547554334818,0.9525051920578758,0.9886877885252879
2026-04-28 18:25:00+00:00,1.0033547554334818,0.9522999581217936,0.9886877885252879
2026-04-28 18:30:00+00:00,1.0033547554334818,0.9526987467955783,0.9886877885252879
2026-04-28 18:35:00+00:00,1.0033547554334818,0.9539535387001785,0.9886877885252879
2026-04-28 18:40:00+00:00,1.0033547554334818,0.9548911201160342,0.9886877885252879
2026-04-28 18:45:00+00:00,1.0033547554334818,0.9554677167803077,0.9886877885252879
2026-04-28 18:50:00+00:00,1.0033547554334818,0.9560003363844861,0.9886877885252879
2026-04-28 18:55:00+00:00,1.0033547554334818,0.955971738967688,0.9886877885252879
2026-04-28 19:00:00+00:00,1.0033547554334818,0.9565023236497429,0.9886877885252879
2026-04-28 19:05:00+00:00,1.0033547554334818,0.9563750647193162,0.9886877885252879
2026-04-28 19:10:00+00:00,1.0033547554334818,0.957364944607647,0.9886877885252879
2026-04-28 19:15:00+00:00,1.0033547554334818,0.9607432128146459,0.9886877885252879
2026-04-28 19:20:00+00:00,1.0033547554334818,0.9575037630741926,0.9886877885252879
2026-04-28 19:25:00+00:00,1.0033547554334818,0.9579163086533026,0.9886877885252879
2026-04-28 19:30:00+00:00,1.0033547554334818,0.9583525453973832,0.9886877885252879
2026-04-28 19:35:00+00:00,1.0033547554334818,0.9589850604341226,0.9886877885252879
2026-04-28 19:40:00+00:00,1.0033547554334818,0.961429960124995,0.9886877885252879
2026-04-28 19:45:00+00:00,1.0033547554334818,0.961368519169465,0.9886877885252879
2026-04-28 19:50:00+00:00,1.0033547554334818,0.9613589298549226,0.9886877885252879
2026-04-28 19:55:00+00:00,1.0033547554334818,0.9637545357742098,0.9886877885252879
2026-04-29 13:30:00+00:00,1.0033547554334818,0.9610127965296187,0.9886877885252879
2026-04-29 13:35:00+00:00,1.0033547554334818,0.962244836567168,0.9886877885252879
2026-04-29 13:40:00+00:00,1.0033547554334818,0.9638873696391617,0.9886877885252879
2026-04-29 13:45:00+00:00,1.0033547554334818,0.9641647449318352,0.9886877885252879
2026-04-29 13:50:00+00:00,1.0033547554334818,0.9654161883199427,0.9867124338543434
2026-04-29 13:55:00+00:00,1.0033547554334818,0.9635404164873024,0.9860217351506453
2026-04-29 14:00:00+00:00,1.0033547554334818,0.961830980476345,0.9860217351506453
2026-04-29 14:05:00+00:00,1.0033547554334818,0.9638088058115659,0.9860217351506453
2026-04-29 14:10:00+00:00,1.0033547554334818,0.9618172935221676,0.9860217351506453
2026-04-29 14:15:00+00:00,1.0033547554334818,0.9629508352310957,0.9860217351506453
2026-04-29 14:20:00+00:00,1.0033547554334818,0.9655294949729144,0.9860217351506453
2026-04-29 14:25:00+00:00,1.0033547554334818,0.9647845644769442,0.9860217351506453
2026-04-29 14:30:00+00:00,1.0033547554334818,0.9609203923719133,0.9860217351506453
2026-04-29 14:35:00+00:00,1.0033547554334818,0.9602477480972529,0.9860217351506453
2026-04-29 14:40:00+00:00,1.0033547554334818,0.9602477480972529,0.9860217351506453
2026-04-29 14:45:00+00:00,1.0033547554334818,0.9602477480972529,0.9860217351506453
2026-04-29 14:50:00+00:00,1.0033547554334818,0.9602477480972529,0.9860217351506453
2026-04-29 14:55:00+00:00,1.0033547554334818,0.9602477480972529,0.9860217351506453
2026-04-29 15:00:00+00:00,1.0033547554334818,0.9602477480972529,0.9860217351506453
2026-04-29 15:05:00+00:00,1.0033547554334818,0.9602477480972529,0.9860217351506453
2026-04-29 15:10:00+00:00,1.0033547554334818,0.9602477480972529,0.9860217351506453
2026-04-29 15:15:00+00:00,1.0033547554334818,0.9584292290233346,0.9860217351506453
2026-04-29 15:20:00+00:00,1.0033547554334818,0.9603603866247237,0.9860217351506453
2026-04-29 15:25:00+00:00,1.0033547554334818,0.959452151602136,0.9860217351506453
2026-04-29 15:30:00+00:00,1.0033547554334818,0.9596782628422569,0.9860217351506453
2026-04-29 15:35:00+00:00,1.0033547554334818,0.9580972961887888,0.9860217351506453
2026-04-29 15:40:00+00:00,1.0033547554334818,0.9571901974614633,0.9860217351506453
2026-04-29 15:45:00+00:00,1.0033547554334818,0.9538342621334254,0.9860217351506453
2026-04-29 15:50:00+00:00,1.0033547554334818,0.9531665781499319,0.9860217351506453
2026-04-29 15:55:00+00:00,1.0033547554334818,0.9531665781499319,0.9860217351506453
2026-04-29 16:00:00+00:00,1.0033547554334818,0.9531665781499319,0.9860217351506453
2026-04-29 16:05:00+00:00,1.0033547554334818,0.9531665781499319,0.9860217351506453
2026-04-29 16:10:00+00:00,1.0033547554334818,0.9531665781499319,0.9860217351506453
2026-04-29 16:15:00+00:00,1.0033547554334818,0.9531665781499319,0.9860217351506453
2026-04-29 16:20:00+00:00,1.0033547554334818,0.9531665781499319,0.9860217351506453
2026-04-29 16:25:00+00:00,1.0033547554334818,0.9531665781499319,0.9860217351506453
2026-04-29 16:30:00+00:00,1.0033547554334818,0.9531665781499319,0.9860217351506453
2026-04-29 16:35:00+00:00,1.0033547554334818,0.9531665781499319,0.9860217351506453
2026-04-29 16:40:00+00:00,1.0033547554334818,0.9531665781499319,0.9860217351506453
2026-04-29 16:45:00+00:00,1.0033547554334818,0.9531665781499319,0.9860217351506453
2026-04-29 16:50:00+00:00,1.0033547554334818,0.9531665781499319,0.9860217351506453
2026-04-29 16:55:00+00:00,1.0033547554334818,0.9531665781499319,0.9860217351506453
2026-04-29 17:00:00+00:00,1.0033547554334818,0.9531665781499319,0.9860217351506453
2026-04-29 17:05:00+00:00,1.0033547554334818,0.9531665781499319,0.9860217351506453
2026-04-29 17:10:00+00:00,1.0033547554334818,0.9545762280342873,0.9860217351506453
2026-04-29 17:15:00+00:00,1.0033547554334818,0.9556556048378314,0.9860217351506453
2026-04-29 17:20:00+00:00,1.0033547554334818,0.9522410299659948,0.9860217351506453
2026-04-29 17:25:00+00:00,1.0033547554334818,0.9519422744574861,0.9860217351506453
2026-04-29 17:30:00+00:00,1.0033547554334818,0.9538333329577702,0.9860217351506453
2026-04-29 17:35:00+00:00,1.0033547554334818,0.9566296855723233,0.9860217351506453
2026-04-29 17:40:00+00:00,1.0033547554334818,0.9542062677867448,0.9860217351506453
2026-04-29 17:45:00+00:00,1.0033547554334818,0.952933788827683,0.9860217351506453
2026-04-29 17:50:00+00:00,1.0033547554334818,0.9512854190764973,0.9860217351506453
2026-04-29 17:55:00+00:00,1.0033547554334818,0.9502875949050542,0.9860217351506453
2026-04-29 18:00:00+00:00,1.0033547554334818,0.9496223935886207,0.9860217351506453
2026-04-29 18:05:00+00:00,1.0033547554334818,0.9496223935886207,0.9860217351506453
2026-04-29 18:10:00+00:00,1.0033547554334818,0.9496223935886207,0.9860217351506453
2026-04-29 18:15:00+00:00,1.0033547554334818,0.9496223935886207,0.9860217351506453
2026-04-29 18:20:00+00:00,1.0033547554334818,0.9496223935886207,0.9860217351506453
2026-04-29 18:25:00+00:00,1.0033547554334818,0.9496223935886207,0.9860217351506453
2026-04-29 18:30:00+00:00,1.0033547554334818,0.9496223935886207,0.9860217351506453
2026-04-29 18:35:00+00:00,1.0033547554334818,0.9496223935886207,0.9860217351506453
2026-04-29 18:40:00+00:00,1.0033547554334818,0.9496223935886207,0.9860217351506453
2026-04-29 18:45:00+00:00,1.0033547554334818,0.9496223935886207,0.9860217351506453
2026-04-29 18:50:00+00:00,1.0033547554334818,0.9496223935886207,0.9860217351506453
2026-04-29 18:55:00+00:00,1.0033547554334818,0.9496223935886207,0.9860217351506453
2026-04-29 19:00:00+00:00,1.0033547554334818,0.9496223935886207,0.9860217351506453
2026-04-29 19:05:00+00:00,1.0033547554334818,0.9496223935886207,0.9860217351506453
2026-04-29 19:10:00+00:00,1.0033547554334818,0.9496223935886207,0.9860217351506453
2026-04-29 19:15:00+00:00,1.0033547554334818,0.9496223935886207,0.9860217351506453
2026-04-29 19:20:00+00:00,1.0033547554334818,0.9496223935886207,0.9860217351506453
2026-04-29 19:25:00+00:00,1.0033547554334818,0.9496223935886207,0.9860217351506453
2026-04-29 19:30:00+00:00,1.0033547554334818,0.9496223935886207,0.9860217351506453
2026-04-29 19:35:00+00:00,1.0033547554334818,0.9496223935886207,0.9860217351506453
2026-04-29 19:40:00+00:00,1.0033547554334818,0.9496223935886207,0.9860217351506453
2026-04-29 19:45:00+00:00,1.0033547554334818,0.9496223935886207,0.9860217351506453
2026-04-29 19:50:00+00:00,1.0033547554334818,0.9496223935886207,0.9860217351506453
2026-04-29 19:55:00+00:00,1.0033547554334818,0.9496223935886207,0.9860217351506453
2026-04-30 13:30:00+00:00,1.0033547554334818,0.9496223935886207,0.9860217351506453
2026-04-30 13:35:00+00:00,1.0033547554334818,0.9496223935886207,0.9860217351506453
2026-04-30 13:40:00+00:00,1.0033547554334818,0.9496223935886207,0.9860217351506453
2026-04-30 13:45:00+00:00,1.0033547554334818,0.9496223935886207,0.9860217351506453
2026-04-30 13:50:00+00:00,1.0033547554334818,0.9496223935886207,0.9860217351506453
2026-04-30 13:55:00+00:00,1.0033547554334818,0.9470163631057522,0.9860217351506453
2026-04-30 14:00:00+00:00,1.0033547554334818,0.9467768360564562,0.9860217351506453
2026-04-30 14:05:00+00:00,1.0033547554334818,0.948011143305313,0.9860217351506453
2026-04-30 14:10:00+00:00,1.0033547554334818,0.9486935628984892,0.9860217351506453
2026-04-30 14:15:00+00:00,1.0033547554334818,0.9493904870879598,0.9860217351506453
2026-04-30 14:20:00+00:00,1.0033547554334818,0.9491162260134702,0.9860217351506453
2026-04-30 14:25:00+00:00,1.0033547554334818,0.9503412227097551,0.9860217351506453
2026-04-30 14:30:00+00:00,1.0033547554334818,0.9517123922644182,0.9860217351506453
2026-04-30 14:35:00+00:00,1.0033547554334818,0.9506983330206629,0.9860217351506453
2026-04-30 14:40:00+00:00,1.0033547554334818,0.9463599864375292,0.9860217351506453
2026-04-30 14:45:00+00:00,1.0033547554334818,0.9456975344470229,0.9860217351506453
2026-04-30 14:50:00+00:00,1.0033547554334818,0.9456975344470229,0.9860217351506453
2026-04-30 14:55:00+00:00,1.0033547554334818,0.9456975344470229,0.9860217351506453
2026-04-30 15:00:00+00:00,1.0033547554334818,0.9456975344470229,0.9860217351506453
2026-04-30 15:05:00+00:00,1.0033547554334818,0.9456975344470229,0.9860217351506453
2026-04-30 15:10:00+00:00,0.9993566089824925,0.9456975344470229,0.9860217351506453
2026-04-30 15:15:00+00:00,0.9986570593562046,0.9456975344470229,0.9860217351506453
2026-04-30 15:20:00+00:00,0.9986570593562046,0.9456975344470229,0.9860217351506453
2026-04-30 15:25:00+00:00,0.9986570593562046,0.9452539693210221,0.9860217351506453
2026-04-30 15:30:00+00:00,0.9986570593562046,0.9472240535499944,0.9860217351506453
2026-04-30 15:35:00+00:00,0.9986570593562046,0.9445393281058373,0.9860217351506453
2026-04-30 15:40:00+00:00,0.9986570593562046,0.9471183930746261,0.9860217351506453
2026-04-30 15:45:00+00:00,0.9986570593562046,0.9470840289931116,0.9860217351506453
2026-04-30 15:50:00+00:00,0.9986570593562046,0.9493055827842314,0.9860217351506453
2026-04-30 15:55:00+00:00,0.9986570593562046,0.9497315994411151,0.9860217351506453
2026-04-30 16:00:00+00:00,0.9986570593562046,0.9498580458428943,0.9860217351506453
2026-04-30 16:05:00+00:00,0.9986570593562046,0.9473406272525003,0.9860217351506453
2026-04-30 16:10:00+00:00,0.9986570593562046,0.9480411898814726,0.9860217351506453
2026-04-30 16:15:00+00:00,0.9986570593562046,0.9483345772256532,0.9860217351506453
2026-04-30 16:20:00+00:00,0.9986570593562046,0.9463116566696373,0.9860217351506453
2026-04-30 16:25:00+00:00,0.9986570593562046,0.946722127906466,0.9860217351506453
2026-04-30 16:30:00+00:00,0.9986570593562046,0.9481013648096002,0.9860217351506453
2026-04-30 16:35:00+00:00,0.9986570593562046,0.9489474864266007,0.9860217351506453
2026-04-30 16:40:00+00:00,0.9986570593562046,0.9487922555150246,0.9860217351506453
2026-04-30 16:45:00+00:00,0.9986570593562046,0.9487524271500909,0.9860217351506453
2026-04-30 16:50:00+00:00,0.9986570593562046,0.9489389101063175,0.9860217351506453
2026-04-30 16:55:00+00:00,0.9986570593562046,0.946471934463765,0.9860217351506453
2026-04-30 17:00:00+00:00,0.9986570593562046,0.9458094041096403,0.9860217351506453
2026-04-30 17:05:00+00:00,0.9986570593562046,0.9458094041096403,0.9860217351506453
2026-04-30 17:10:00+00:00,0.9986570593562046,0.9458094041096403,0.9860217351506453
2026-04-30 17:15:00+00:00,0.9986570593562046,0.9466267136699703,0.9860217351506453
2026-04-30 17:20:00+00:00,0.9986570593562046,0.9487797195277624,0.9860217351506453
2026-04-30 17:25:00+00:00,0.9986570593562046,0.9488814242312454,0.9860217351506453
2026-04-30 17:30:00+00:00,0.9986570593562046,0.9487211439727957,0.9860217351506453
2026-04-30 17:35:00+00:00,0.9986570593562046,0.9501269706579389,0.9860217351506453
2026-04-30 17:40:00+00:00,0.9986570593562046,0.9507571002821928,0.9860217351506453
2026-04-30 17:45:00+00:00,0.9986570593562046,0.9491434340066565,0.9860217351506453
2026-04-30 17:50:00+00:00,0.9986570593562046,0.9475848458454629,0.9860217351506453
2026-04-30 17:55:00+00:00,0.9986570593562046,0.9455122945382057,0.9860217351506453
2026-04-30 18:00:00+00:00,0.9986570593562046,0.9475339160956402,0.9860217351506453
2026-04-30 18:05:00+00:00,0.9986570593562046,0.9460851115924227,0.9860217351506453
2026-04-30 18:10:00+00:00,0.9986570593562046,0.9429117173972569,0.9860217351506453
2026-04-30 18:15:00+00:00,0.9986570593562046,0.9422516791950788,0.9860217351506453
2026-04-30 18:20:00+00:00,0.9986570593562046,0.9422516791950788,0.9860217351506453
2026-04-30 18:25:00+00:00,0.9986570593562046,0.9422516791950788,0.9860217351506453
2026-04-30 18:30:00+00:00,0.9986570593562046,0.9422516791950788,0.9860217351506453
2026-04-30 18:35:00+00:00,0.9986570593562046,0.9422516791950788,0.9860217351506453
2026-04-30 18:40:00+00:00,0.9986570593562046,0.9422516791950788,0.9860217351506453
2026-04-30 18:45:00+00:00,0.9986570593562046,0.9422516791950788,0.9860217351506453
2026-04-30 18:50:00+00:00,0.9986570593562046,0.9422516791950788,0.9860217351506453
2026-04-30 18:55:00+00:00,0.9986570593562046,0.9422516791950788,0.9860217351506453
2026-04-30 19:00:00+00:00,0.9986570593562046,0.9422516791950788,0.9860217351506453
2026-04-30 19:05:00+00:00,0.9986570593562046,0.9422516791950788,0.9860217351506453
2026-04-30 19:10:00+00:00,0.9986570593562046,0.9422516791950788,0.9860217351506453
2026-04-30 19:15:00+00:00,0.9986570593562046,0.9422516791950788,0.9860217351506453
2026-04-30 19:20:00+00:00,0.9986570593562046,0.9422516791950788,0.9860217351506453
2026-04-30 19:25:00+00:00,0.9986570593562046,0.9422516791950788,0.9860217351506453
2026-04-30 19:30:00+00:00,0.9986570593562046,0.9422516791950788,0.9860217351506453
2026-04-30 19:35:00+00:00,0.9986570593562046,0.9422516791950788,0.9860217351506453
2026-04-30 19:40:00+00:00,0.9986570593562046,0.9422516791950788,0.9860217351506453
2026-04-30 19:45:00+00:00,0.9986570593562046,0.9422516791950788,0.9860217351506453
2026-04-30 19:50:00+00:00,0.9986570593562046,0.9422516791950788,0.9860217351506453
2026-04-30 19:55:00+00:00,0.9986570593562046,0.9422516791950788,0.9860217351506453
2026-05-01 13:30:00+00:00,0.9986570593562046,0.9422516791950788,0.9860217351506453
2026-05-01 13:35:00+00:00,0.9986570593562046,0.9422516791950788,0.9860217351506453
2026-05-01 13:40:00+00:00,0.9986570593562046,0.9422516791950788,0.9860217351506453
2026-05-01 13:45:00+00:00,0.9986570593562046,0.942835422292549,0.9860217351506453
2026-05-01 13:50:00+00:00,0.9986570593562046,0.9441795001196445,0.9860217351506453
2026-05-01 13:55:00+00:00,0.9986570593562046,0.9465097529976253,0.9860217351506453
2026-05-01 14:00:00+00:00,0.9986570593562046,0.9451830211811888,0.9860217351506453
2026-05-01 14:05:00+00:00,0.9986570593562046,0.946625794018904,0.9860217351506453
2026-05-01 14:10:00+00:00,0.9986570593562046,0.9464618347157785,0.9860217351506453
2026-05-01 14:15:00+00:00,0.9986570593562046,0.9494156054012187,0.9860217351506453
2026-05-01 14:20:00+00:00,0.9986570593562046,0.9537495410660669,0.9860217351506453
2026-05-01 14:25:00+00:00,0.9986570593562046,0.9559948808164342,0.9860217351506453
2026-05-01 14:30:00+00:00,0.9986570593562046,0.955498333714404,0.9860217351506453
2026-05-01 14:35:00+00:00,0.9986570593562046,0.956675111508629,0.9860217351506453
2026-05-01 14:40:00+00:00,0.9986570593562046,0.9575549516809689,0.9860217351506453
2026-05-01 14:45:00+00:00,0.9986570593562046,0.9578395466271235,0.9860217351506453
2026-05-01 14:50:00+00:00,0.9986570593562046,0.9559100864404952,0.9860217351506453
2026-05-01 14:55:00+00:00,0.9986570593562046,0.9562471472273995,0.9860217351506453
2026-05-01 15:00:00+00:00,0.9986570593562046,0.9566635548532727,0.9860217351506453
2026-05-01 15:05:00+00:00,0.9986570593562046,0.9555366899697304,0.9860217351506453
2026-05-01 15:10:00+00:00,0.9986570593562046,0.9551249297703546,0.9860217351506453
2026-05-01 15:15:00+00:00,0.9986570593562046,0.9556786159567098,0.9860217351506453
2026-05-01 15:20:00+00:00,0.9986570593562046,0.9530214778636563,0.9860217351506453
2026-05-01 15:25:00+00:00,0.9986570593562046,0.9536657187133778,0.9860217351506453
2026-05-01 15:30:00+00:00,0.9986570593562046,0.9536425422372158,0.9860217351506453
2026-05-01 15:35:00+00:00,0.9986570593562046,0.9565490419905106,0.9860217351506453
2026-05-01 15:40:00+00:00,0.9986570593562046,0.9569564723807129,0.9860217351506453
2026-05-01 15:45:00+00:00,0.9986570593562046,0.9552979074768752,0.9860217351506453
2026-05-01 15:50:00+00:00,0.9986570593562046,0.9546362352988075,0.9860217351506453
2026-05-01 15:55:00+00:00,0.9986570593562046,0.954743545668381,0.9860217351506453
2026-05-01 16:00:00+00:00,0.9986570593562046,0.9511467077287865,0.9860217351506453
2026-05-01 16:05:00+00:00,0.9986570593562046,0.9504809050333763,0.9860217351506453
2026-05-01 16:10:00+00:00,0.9986570593562046,0.9504809050333763,0.9860217351506453
2026-05-01 16:15:00+00:00,0.9986570593562046,0.9504809050333763,0.9860217351506453
2026-05-01 16:20:00+00:00,0.9986570593562046,0.9504809050333763,0.9860217351506453
2026-05-01 16:25:00+00:00,0.9986570593562046,0.9504809050333763,0.9860217351506453
2026-05-01 16:30:00+00:00,0.9986570593562046,0.9505763367709403,0.9860217351506453
2026-05-01 16:35:00+00:00,0.9986570593562046,0.9483209749333177,0.9860217351506453
2026-05-01 16:40:00+00:00,0.9986570593562046,0.9484972445790474,0.9860217351506453
2026-05-01 16:45:00+00:00,0.9986570593562046,0.9521260744261866,0.9860217351506453
2026-05-01 16:50:00+00:00,0.9986570593562046,0.9526179279714784,0.9860217351506453
2026-05-01 16:55:00+00:00,0.9986570593562046,0.9516941284064689,0.9860217351506453
2026-05-01 17:00:00+00:00,0.9986570593562046,0.9522412503810206,0.9860217351506453
2026-05-01 17:05:00+00:00,0.9986570593562046,0.9516749967338938,0.9860217351506453
2026-05-01 17:10:00+00:00,0.9986570593562046,0.9540326039565166,0.9860217351506453
2026-05-01 17:15:00+00:00,0.9986570593562046,0.9530076525260526,0.9860217351506453
2026-05-01 17:20:00+00:00,0.9986570593562046,0.9518562189535373,0.9860217351506453
2026-05-01 17:25:00+00:00,0.9986570593562046,0.9486352006447962,0.9860217351506453
2026-05-01 17:30:00+00:00,0.9986570593562046,0.9479711560043448,0.9860217351506453
2026-05-01 17:35:00+00:00,0.9986570593562046,0.9479711560043448,0.9860217351506453
2026-05-01 17:40:00+00:00,0.9986570593562046,0.9479711560043448,0.9860217351506453
2026-05-01 17:45:00+00:00,0.9986570593562046,0.9479711560043448,0.9860217351506453
2026-05-01 17:50:00+00:00,0.9986570593562046,0.9479711560043448,0.9860217351506453
2026-05-01 17:55:00+00:00,0.9986570593562046,0.9479711560043448,0.9860217351506453
2026-05-01 18:00:00+00:00,0.9986570593562046,0.9479711560043448,0.9860217351506453
2026-05-01 18:05:00+00:00,0.9986570593562046,0.9479711560043448,0.9860217351506453
2026-05-01 18:10:00+00:00,0.9986570593562046,0.9479711560043448,0.9860217351506453
2026-05-01 18:15:00+00:00,0.9986570593562046,0.9479711560043448,0.9860217351506453
2026-05-01 18:20:00+00:00,0.9986570593562046,0.9479711560043448,0.9860217351506453
2026-05-01 18:25:00+00:00,0.9986570593562046,0.9494049935227667,0.9860217351506453
2026-05-01 18:30:00+00:00,0.9986570593562046,0.9505082547830961,0.9860217351506453
2026-05-01 18:35:00+00:00,0.9986570593562046,0.9516493176649747,0.9860217351506453
2026-05-01 18:40:00+00:00,0.9986570593562046,0.952971644256969,0.9860217351506453
2026-05-01 18:45:00+00:00,0.9986570593562046,0.9513996893951508,0.9860217351506453
2026-05-01 18:50:00+00:00,0.9986570593562046,0.9529270742479604,0.9860217351506453
2026-05-01 18:55:00+00:00,0.9986570593562046,0.9512064331166495,0.9860217351506453
2026-05-01 19:00:00+00:00,0.9986570593562046,0.9526668509408327,0.9860217351506453
2026-05-01 19:05:00+00:00,0.9986570593562046,0.9472278208985615,0.9860217351506453
2026-05-01 19:10:00+00:00,0.9986570593562046,0.9446998350934849,0.9860217351506453
2026-05-01 19:15:00+00:00,0.9986570593562046,0.9440385452089194,0.9860217351506453
2026-05-01 19:20:00+00:00,0.9986570593562046,0.9440385452089194,0.9860217351506453
2026-05-01 19:25:00+00:00,0.9986570593562046,0.9440385452089194,0.9860217351506453
2026-05-01 19:30:00+00:00,0.9986570593562046,0.9440385452089194,0.9860217351506453
2026-05-01 19:35:00+00:00,0.9986570593562046,0.9440385452089194,0.9860217351506453
2026-05-01 19:40:00+00:00,0.9986570593562046,0.9440385452089194,0.9860217351506453
2026-05-01 19:45:00+00:00,0.9986570593562046,0.9440385452089194,0.9860217351506453
2026-05-01 19:50:00+00:00,0.9986570593562046,0.9440385452089194,0.9860217351506453
2026-05-01 19:55:00+00:00,0.9986570593562046,0.9440385452089194,0.9860217351506453
2026-05-04 13:30:00+00:00,0.9986570593562046,0.9440385452089194,0.9860217351506453
2026-05-04 13:35:00+00:00,0.9986570593562046,0.9442551648033765,0.9860217351506453
2026-05-04 13:40:00+00:00,0.9986570593562046,0.9464871692827974,0.9860217351506453
2026-05-04 13:45:00+00:00,0.9986570593562046,0.9476861034877597,0.9860217351506453
2026-05-04 13:50:00+00:00,0.9986570593562046,0.9495257352763447,0.9860217351506453
2026-05-04 13:55:00+00:00,0.9986570593562046,0.949025206388613,0.9860217351506453
2026-05-04 14:00:00+00:00,0.9986570593562046,0.9500003055606305,0.9860217351506453
2026-05-04 14:05:00+00:00,0.9986570593562046,0.9526987924723003,0.9860217351506453
2026-05-04 14:10:00+00:00,0.9986570593562046,0.9523189004808283,0.9860217351506453
2026-05-04 14:15:00+00:00,0.9986570593562046,0.9470983340222981,0.9860217351506453
2026-05-04 14:20:00+00:00,0.9986570593562046,0.9469900148954492,0.9860217351506453
2026-05-04 14:25:00+00:00,0.9986570593562046,0.948594258978269,0.9860217351506453
2026-05-04 14:30:00+00:00,0.9986570593562046,0.9482254430709821,0.9860217351506453
2026-05-04 14:35:00+00:00,0.9986570593562046,0.948214858438351,0.9860217351506453
2026-05-04 14:40:00+00:00,0.9986570593562046,0.9475120591241832,0.9860217351506453
2026-05-04 14:45:00+00:00,0.9986570593562046,0.9468107153718098,0.9860217351506453
2026-05-04 14:50:00+00:00,0.9986570593562046,0.9473961289052224,0.9860217351506453
2026-05-04 14:55:00+00:00,0.9986570593562046,0.9472992239118243,0.9860217351506453
2026-05-04 15:00:00+00:00,0.9986570593562046,0.9457418777714544,0.9860217351506453
2026-05-04 15:05:00+00:00,0.9986570593562046,0.9476608576731187,0.9860217351506453
2026-05-04 15:10:00+00:00,0.9986570593562046,0.9466320906434504,0.9860217351506453
2026-05-04 15:15:00+00:00,0.9986570593562046,0.9446911054004029,0.9860217351506453
2026-05-04 15:20:00+00:00,0.9986570593562046,0.9440298216266226,0.9860217351506453
2026-05-04 15:25:00+00:00,0.9986570593562046,0.9440298216266226,0.9860217351506453
2026-05-04 15:30:00+00:00,0.9986570593562046,0.9440298216266226,0.9860217351506453
2026-05-04 15:35:00+00:00,0.9986570593562046,0.9440298216266226,0.9860217351506453
2026-05-04 15:40:00+00:00,0.9986570593562046,0.9440298216266226,0.9860217351506453
2026-05-04 15:45:00+00:00,0.9986570593562046,0.9441508918017901,0.9860217351506453
2026-05-04 15:50:00+00:00,0.9986570593562046,0.9459878413889481,0.9860217351506453
2026-05-04 15:55:00+00:00,0.9986570593562046,0.9481210755565348,0.9860217351506453
2026-05-04 16:00:00+00:00,0.9986570593562046,0.9505894284208369,0.9860217351506453
2026-05-04 16:05:00+00:00,0.9986570593562046,0.9511271817113228,0.9860217351506453
2026-05-04 16:10:00+00:00,0.9986570593562046,0.953935883668485,0.9860217351506453
2026-05-04 16:15:00+00:00,0.9986570593562046,0.9545008559388113,0.9860217351506453
2026-05-04 16:20:00+00:00,0.9986570593562046,0.9534994982497678,0.9860217351506453
2026-05-04 16:25:00+00:00,0.9986570593562046,0.955277687659933,0.9860217351506453
2026-05-04 16:30:00+00:00,0.9986570593562046,0.9558027029985313,0.9860217351506453
2026-05-04 16:35:00+00:00,0.9986570593562046,0.9585002593494332,0.9860217351506453
2026-05-04 16:40:00+00:00,0.9986570593562046,0.9593975780234039,0.9860217351506453
2026-05-04 16:45:00+00:00,0.9986570593562046,0.9569107501396718,0.9860217351506453
2026-05-04 16:50:00+00:00,0.9986570593562046,0.9582611228908908,0.9860217351506453
2026-05-04 16:55:00+00:00,0.9986570593562046,0.9544503237283908,0.9860217351506453
2026-05-04 17:00:00+00:00,0.9986570593562046,0.9559316096802876,0.9860217351506453
2026-05-04 17:05:00+00:00,0.9986570593562046,0.9581186355949385,0.9860217351506453
2026-05-04 17:10:00+00:00,0.9986570593562046,0.9578113363698019,0.9860217351506453
2026-05-04 17:15:00+00:00,0.9986570593562046,0.956447711865392,0.9860217351506453
2026-05-04 17:20:00+00:00,0.9986570593562046,0.9541185135504148,0.9860217351506453
2026-05-04 17:25:00+00:00,0.9986570593562046,0.9547024635637906,0.9860217351506453
2026-05-04 17:30:00+00:00,0.9986570593562046,0.9553232268151753,0.9860217351506453
2026-05-04 17:35:00+00:00,0.9986570593562046,0.9563348446665989,0.9860217351506453
2026-05-04 17:40:00+00:00,0.9986570593562046,0.9552149693326714,0.9860217351506453
2026-05-04 17:45:00+00:00,0.9986570593562046,0.9567120680441563,0.9860217351506453
2026-05-04 17:50:00+00:00,0.9986570593562046,0.9568582505670485,0.9860217351506453
2026-05-04 17:55:00+00:00,0.9986570593562046,0.9577068766062737,0.9860217351506453
2026-05-04 18:00:00+00:00,0.9986570593562046,0.9610109939592633,0.9860217351506453
2026-05-04 18:05:00+00:00,0.9986570593562046,0.9611221020375208,0.9860217351506453
2026-05-04 18:10:00+00:00,0.9986570593562046,0.960828014222487,0.9860217351506453
2026-05-04 18:15:00+00:00,0.9986570593562046,0.9603429087744062,0.9860217351506453
2026-05-04 18:20:00+00:00,0.9986570593562046,0.9611624564681257,0.9860217351506453
2026-05-04 18:25:00+00:00,0.9986570593562046,0.9611144054752986,0.9860217351506453
2026-05-04 18:30:00+00:00,0.9986570593562046,0.9609768808909834,0.9860217351506453
2026-05-04 18:35:00+00:00,0.9986570593562046,0.9618397724323416,0.9860217351506453
2026-05-04 18:40:00+00:00,0.9986570593562046,0.9591724670109207,0.9860217351506453
2026-05-04 18:45:00+00:00,0.9986570593562046,0.9604792028658089,0.9860217351506453
2026-05-04 18:50:00+00:00,0.9986570593562046,0.959232860671491,0.9860217351506453
2026-05-04 18:55:00+00:00,0.9986570593562046,0.9586989720890877,0.9860217351506453
2026-05-04 19:00:00+00:00,0.9986570593562046,0.9580568641972753,0.9860217351506453
2026-05-04 19:05:00+00:00,0.9986570593562046,0.9573862243923372,0.9860217351506453
2026-05-04 19:10:00+00:00,0.9986570593562046,0.9573862243923372,0.9860217351506453
2026-05-04 19:15:00+00:00,0.9986570593562046,0.9573862243923372,0.9860217351506453
2026-05-04 19:20:00+00:00,0.9986570593562046,0.9573862243923372,0.9860217351506453
2026-05-04 19:25:00+00:00,0.9986570593562046,0.9573862243923372,0.9860217351506453
2026-05-04 19:30:00+00:00,0.9986570593562046,0.9573862243923372,0.9860217351506453
2026-05-04 19:35:00+00:00,0.9986570593562046,0.9573862243923372,0.9860217351506453
2026-05-04 19:40:00+00:00,0.9986570593562046,0.9541826153374197,0.9860217351506453
2026-05-04 19:45:00+00:00,0.9986570593562046,0.9531285065000443,0.9860217351506453
2026-05-04 19:50:00+00:00,0.9986570593562046,0.9544094114844844,0.9860217351506453
2026-05-04 19:55:00+00:00,0.9986570593562046,0.9562753382965629,0.9860217351506453
2026-05-05 13:30:00+00:00,0.9986570593562046,0.9516400209727084,0.9860217351506453
2026-05-05 13:35:00+00:00,0.9986570593562046,0.9509738729580275,0.9860217351506453
2026-05-05 13:40:00+00:00,0.9986570593562046,0.9509738729580275,0.9860217351506453
2026-05-05 13:45:00+00:00,0.9986570593562046,0.9509738729580275,0.9860217351506453
2026-05-05 13:50:00+00:00,0.9995256507102914,0.9509738729580275,0.9860217351506453
2026-05-05 13:55:00+00:00,1.0008087604331695,0.9509738729580275,0.9860217351506453
2026-05-05 14:00:00+00:00,1.0018648422274221,0.9509738729580275,0.9860217351506453
2026-05-05 14:05:00+00:00,1.0009565076858826,0.9509738729580275,0.9860217351506453
2026-05-05 14:10:00+00:00,1.0004240900428643,0.9509738729580275,0.9860217351506453
2026-05-05 14:15:00+00:00,1.0000275269539853,0.9509738729580275,0.9860217351506453
2026-05-05 14:20:00+00:00,0.9966346351120177,0.9509738729580275,0.9860217351506453
2026-05-05 14:25:00+00:00,0.9959369908674393,0.9509738729580275,0.9860217351506453
2026-05-05 14:30:00+00:00,0.9959369908674393,0.9509738729580275,0.9860217351506453
2026-05-05 14:35:00+00:00,0.9959369908674393,0.9509738729580275,0.9860217351506453
2026-05-05 14:40:00+00:00,0.9959369908674393,0.9509738729580275,0.9860217351506453
2026-05-05 14:45:00+00:00,0.9959369908674393,0.9509738729580275,0.9860217351506453
2026-05-05 14:50:00+00:00,0.9959369908674393,0.9509738729580275,0.9860217351506453
2026-05-05 14:55:00+00:00,0.9959369908674393,0.9509738729580275,0.9860217351506453
2026-05-05 15:00:00+00:00,0.9959369908674393,0.9509738729580275,0.9860217351506453
2026-05-05 15:05:00+00:00,0.9959369908674393,0.9509738729580275,0.9860217351506453
2026-05-05 15:10:00+00:00,0.9959369908674393,0.9509738729580275,0.9860217351506453
2026-05-05 15:15:00+00:00,0.9959369908674393,0.9509738729580275,0.9860217351506453
2026-05-05 15:20:00+00:00,0.9959369908674393,0.9517414020368405,0.9860217351506453
2026-05-05 15:25:00+00:00,0.9959369908674393,0.9519711723140536,0.9860217351506453
2026-05-05 15:30:00+00:00,0.9959369908674393,0.952731831347207,0.9860217351506453
2026-05-05 15:35:00+00:00,0.9959369908674393,0.9498409481708624,0.9860217351506453
2026-05-05 15:40:00+00:00,0.9959369908674393,0.9508430644160938,0.9860217351506453
2026-05-05 15:45:00+00:00,0.9959369908674393,0.9521128409505009,0.9860217351506453
2026-05-05 15:50:00+00:00,0.9959369908674393,0.9536523433744508,0.9860217351506453
2026-05-05 15:55:00+00:00,0.9959369908674393,0.9558859071189945,0.9860217351506453
2026-05-05 16:00:00+00:00,0.9959369908674393,0.9534867554494789,0.9860217351506453
2026-05-05 16:05:00+00:00,0.9959369908674393,0.954958794435127,0.9860217351506453
2026-05-05 16:10:00+00:00,0.9959369908674393,0.9550208785873547,0.9860217351506453
2026-05-05 16:15:00+00:00,0.9959369908674393,0.9546207122332458,0.9860217351506453
2026-05-05 16:20:00+00:00,0.9959369908674393,0.9553533897165931,0.9860217351506453
2026-05-05 16:25:00+00:00,0.9959369908674393,0.9555928717430427,0.9860217351506453
2026-05-05 16:30:00+00:00,0.9959369908674393,0.9577478897134823,0.9860217351506453
2026-05-05 16:35:00+00:00,0.9959369908674393,0.9574625640450108,0.9860217351506453
2026-05-05 16:40:00+00:00,0.9959369908674393,0.9571040644911558,0.9860217351506453
2026-05-05 16:45:00+00:00,0.9959369908674393,0.9560373931257922,0.9860217351506453
2026-05-05 16:50:00+00:00,0.9959369908674393,0.9543272885816365,0.9860217351506453
2026-05-05 16:55:00+00:00,0.9959369908674393,0.9516220819399798,0.9860217351506453
2026-05-05 17:00:00+00:00,0.9959369908674393,0.9509559464826217,0.9860217351506453
2026-05-05 17:05:00+00:00,0.9959369908674393,0.9509559464826217,0.9860217351506453
2026-05-05 17:10:00+00:00,0.9959369908674393,0.9509559464826217,0.9860217351506453
2026-05-05 17:15:00+00:00,0.9959369908674393,0.9509559464826217,0.9860217351506453
2026-05-05 17:20:00+00:00,0.9959369908674393,0.9509559464826217,0.9860217351506453
2026-05-05 17:25:00+00:00,0.9959369908674393,0.9509559464826217,0.9860217351506453
2026-05-05 17:30:00+00:00,0.9959369908674393,0.9509559464826217,0.9860217351506453
2026-05-05 17:35:00+00:00,0.9959369908674393,0.950702331790332,0.9860217351506453
2026-05-05 17:40:00+00:00,0.9959369908674393,0.949115185935244,0.9860217351506453
2026-05-05 17:45:00+00:00,0.9959369908674393,0.9535645369884177,0.9860217351506453
2026-05-05 17:50:00+00:00,0.9959369908674393,0.9531564104627341,0.9860217351506453
2026-05-05 17:55:00+00:00,0.9959369908674393,0.9536432059496565,0.9860217351506453
2026-05-05 18:00:00+00:00,0.9959369908674393,0.9523278627788848,0.9860217351506453
2026-05-05 18:05:00+00:00,0.9959369908674393,0.9520912776180458,0.9860217351506453
2026-05-05 18:10:00+00:00,0.9959369908674393,0.9539211379058392,0.9860217351506453
2026-05-05 18:15:00+00:00,0.9959369908674393,0.9510255049438672,0.9860217351506453
2026-05-05 18:20:00+00:00,0.9959369908674393,0.9486430854063229,0.9860217351506453
2026-05-05 18:25:00+00:00,0.9959369908674393,0.9479790352465385,0.9860217351506453
2026-05-05 18:30:00+00:00,0.9939979837559283,0.9479790352465385,0.9860217351506453
2026-05-05 18:35:00+00:00,0.9922038825338585,0.9479790352465385,0.9860217351506453
2026-05-05 18:40:00+00:00,0.9916735766334077,0.9479790352465385,0.9860217351506453
2026-05-05 18:45:00+00:00,0.9909331530735738,0.9479790352465385,0.9860217351506453
2026-05-05 18:50:00+00:00,0.9902394998664222,0.9479790352465385,0.9860217351506453
2026-05-05 18:55:00+00:00,0.9876133098720975,0.9479790352465385,0.9860217351506453
2026-05-05 19:00:00+00:00,0.987162869407385,0.9479790352465385,0.9860217351506453
2026-05-05 19:05:00+00:00,0.9863822108805063,0.9479790352465385,0.9860217351506453
2026-05-05 19:10:00+00:00,0.9851516941874097,0.9479790352465385,0.9860217351506453
2026-05-05 19:15:00+00:00,0.9888308581490601,0.9479790352465385,0.9860217351506453
2026-05-05 19:20:00+00:00,0.9889651296639849,0.9479790352465385,0.9860217351506453
2026-05-05 19:25:00+00:00,0.9894585006557093,0.9479790352465385,0.9860217351506453
2026-05-05 19:30:00+00:00,0.9873520504595422,0.9479790352465385,0.9860217351506453
2026-05-05 19:35:00+00:00,0.9897046896260637,0.9479790352465385,0.9860217351506453
2026-05-05 19:40:00+00:00,0.9896904108672967,0.9479790352465385,0.9860217351506453
2026-05-05 19:45:00+00:00,0.9898895990480844,0.9479790352465385,0.9860217351506453
2026-05-05 19:50:00+00:00,0.9877174739450215,0.9479790352465385,0.9860217351506453
2026-05-05 19:55:00+00:00,0.9868290850400085,0.9479790352465385,0.9860217351506453
2026-05-06 13:30:00+00:00,0.9917767507543923,0.9479790352465385,0.9860217351506453
2026-05-06 13:35:00+00:00,0.9914667706879908,0.9470191588421754,0.9860217351506453
2026-05-06 13:40:00+00:00,0.9888508725608437,0.9445205318410216,0.9860217351506453
2026-05-06 13:45:00+00:00,0.9881586769500511,0.9437295101963812,0.9860217351506453
2026-05-06 13:50:00+00:00,0.9881586769500511,0.9430688995392437,0.9860217351506453
2026-05-06 13:55:00+00:00,0.9881586769500511,0.9430688995392437,0.9860217351506453
2026-05-06 14:00:00+00:00,0.9881586769500511,0.9430688995392437,0.9860217351506453
2026-05-06 14:05:00+00:00,0.9881586769500511,0.9430688995392437,0.9860217351506453
2026-05-06 14:10:00+00:00,0.9881586769500511,0.9430688995392437,0.9860217351506453
2026-05-06 14:15:00+00:00,0.9881586769500511,0.9430688995392437,0.9860217351506453
2026-05-06 14:20:00+00:00,0.9881586769500511,0.9430688995392437,0.9860217351506453
2026-05-06 14:25:00+00:00,0.9881586769500511,0.9430688995392437,0.9860217351506453
2026-05-06 14:30:00+00:00,0.9881586769500511,0.9430688995392437,0.9860217351506453
2026-05-06 14:35:00+00:00,0.9881586769500511,0.9404657451136547,0.9860217351506453
2026-05-06 14:40:00+00:00,0.9881586769500511,0.9398944872719424,0.9860217351506453
2026-05-06 14:45:00+00:00,0.9881586769500511,0.9396084512959308,0.9860217351506453
2026-05-06 14:50:00+00:00,0.9881586769500511,0.9364087525949847,0.9860217351506453
2026-05-06 14:55:00+00:00,0.9881586769500511,0.9357532664681681,0.9860217351506453
2026-05-06 15:00:00+00:00,0.9881586769500511,0.9357532664681681,0.9860217351506453
2026-05-06 15:05:00+00:00,0.9881586769500511,0.9357532664681681,0.9860217351506453
2026-05-06 15:10:00+00:00,0.9881586769500511,0.9357532664681681,0.9860217351506453
2026-05-06 15:15:00+00:00,0.9881586769500511,0.9357532664681681,0.9860217351506453
2026-05-06 15:20:00+00:00,0.9881586769500511,0.9357532664681681,0.9860217351506453
2026-05-06 15:25:00+00:00,0.9881586769500511,0.9357532664681681,0.9860217351506453
2026-05-06 15:30:00+00:00,0.9881586769500511,0.9357532664681681,0.9860217351506453
2026-05-06 15:35:00+00:00,0.9881586769500511,0.9365188998599362,0.9860217351506453
2026-05-06 15:40:00+00:00,0.9881586769500511,0.9394012397507218,0.9860217351506453
2026-05-06 15:45:00+00:00,0.9881586769500511,0.9392254365389611,0.9860217351506453
2026-05-06 15:50:00+00:00,0.9881586769500511,0.9381975002054872,0.9860217351506453
2026-05-06 15:55:00+00:00,0.9881586769500511,0.9402819215992386,0.9860217351506453
2026-05-06 16:00:00+00:00,0.9881586769500511,0.9418047045164715,0.9860217351506453
2026-05-06 16:05:00+00:00,0.9881586769500511,0.9407304057088542,0.9860217351506453
2026-05-06 16:10:00+00:00,0.9881586769500511,0.9408594990826484,0.9860217351506453
2026-05-06 16:15:00+00:00,0.9881586769500511,0.9393720852013189,0.9860217351506453
2026-05-06 16:20:00+00:00,0.9881586769500511,0.9391493350036457,0.9860217351506453
2026-05-06 16:25:00+00:00,0.9881586769500511,0.9408907643633609,0.9860217351506453
2026-05-06 16:30:00+00:00,0.9881586769500511,0.9401910348822541,0.9860217351506453
2026-05-06 16:35:00+00:00,0.9881586769500511,0.9407358213977437,0.9860217351506453
2026-05-06 16:40:00+00:00,0.9881586769500511,0.9415399011661486,0.9860217351506453
2026-05-06 16:45:00+00:00,0.9881586769500511,0.9425865415591048,0.9860217351506453
2026-05-06 16:50:00+00:00,0.9881586769500511,0.9426751342897887,0.9860217351506453
2026-05-06 16:55:00+00:00,0.9881586769500511,0.9418988649802948,0.9860217351506453
2026-05-06 17:00:00+00:00,0.9881586769500511,0.9399750217402717,0.9860217351506453
2026-05-06 17:05:00+00:00,0.9881586769500511,0.9364781868865254,0.9860217351506453
2026-05-06 17:10:00+00:00,0.9881586769500511,0.9358226521557048,0.9860217351506453
2026-05-06 17:15:00+00:00,0.9881586769500511,0.9358226521557048,0.9860217351506453
2026-05-06 17:20:00+00:00,0.9881586769500511,0.9358226521557048,0.9860217351506453
2026-05-06 17:25:00+00:00,0.9881586769500511,0.9363732507022376,0.9860217351506453
2026-05-06 17:30:00+00:00,0.9881586769500511,0.9373161231354908,0.9860217351506453
2026-05-06 17:35:00+00:00,0.9881586769500511,0.9344782351684167,0.9860217351506453
2026-05-06 17:40:00+00:00,0.9881586769500511,0.931915276913727,0.9860217351506453
2026-05-06 17:45:00+00:00,0.9881586769500511,0.9312629362198873,0.9860217351506453
2026-05-06 17:50:00+00:00,0.9881586769500511,0.9312629362198873,0.9860217351506453
2026-05-06 17:55:00+00:00,0.9881586769500511,0.9312629362198873,0.9860217351506453
2026-05-06 18:00:00+00:00,0.9881586769500511,0.9312629362198873,0.9860217351506453
2026-05-06 18:05:00+00:00,0.9881586769500511,0.9312629362198873,0.9860217351506453
2026-05-06 18:10:00+00:00,0.9881586769500511,0.9312629362198873,0.9860217351506453
2026-05-06 18:15:00+00:00,0.9881586769500511,0.9312629362198873,0.9860217351506453
2026-05-06 18:20:00+00:00,0.9881586769500511,0.9337208505582462,0.9860217351506453
2026-05-06 18:25:00+00:00,0.9881586769500511,0.9310064890418788,0.9860217351506453
2026-05-06 18:30:00+00:00,0.9881586769500511,0.9320909991073504,0.9860217351506453
2026-05-06 18:35:00+00:00,0.9881586769500511,0.9337367353425561,0.9860217351506453
2026-05-06 18:40:00+00:00,0.9881586769500511,0.9347812091649309,0.9860217351506453
2026-05-06 18:45:00+00:00,0.9881586769500511,0.9351429724170363,0.9860217351506453
2026-05-06 18:50:00+00:00,0.9881586769500511,0.9346265612598806,0.9860217351506453
2026-05-06 18:55:00+00:00,0.9881586769500511,0.9340844639744076,0.9860217351506453
2026-05-06 19:00:00+00:00,0.9881586769500511,0.9358637992271231,0.9860217351506453
2026-05-06 19:05:00+00:00,0.9881586769500511,0.9364159318820835,0.9860217351506453
2026-05-06 19:10:00+00:00,0.9881586769500511,0.9344969076906741,0.9860217351506453
2026-05-06 19:15:00+00:00,0.9881586769500511,0.9325035630665016,0.9860217351506453
2026-05-06 19:20:00+00:00,0.9881586769500511,0.9290789622728763,0.9860217351506453
2026-05-06 19:25:00+00:00,0.9881586769500511,0.9284286069992853,0.9860217351506453
2026-05-06 19:30:00+00:00,0.9881586769500511,0.9284286069992853,0.9860217351506453
2026-05-06 19:35:00+00:00,0.9881586769500511,0.9284286069992853,0.9860217351506453
2026-05-06 19:40:00+00:00,0.9881586769500511,0.9284286069992853,0.9860217351506453
2026-05-06 19:45:00+00:00,0.9881586769500511,0.9284286069992853,0.9860217351506453
2026-05-06 19:50:00+00:00,0.9881586769500511,0.9284286069992853,0.9860217351506453
2026-05-06 19:55:00+00:00,0.9881586769500511,0.9284286069992853,0.9860217351506453
2026-05-07 13:30:00+00:00,0.9881586769500511,0.9284286069992853,0.9860217351506453
2026-05-07 13:35:00+00:00,0.9881586769500511,0.9284286069992853,0.9860217351506453
2026-05-07 13:40:00+00:00,0.9881586769500511,0.9284286069992853,0.9860217351506453
2026-05-07 13:45:00+00:00,0.9881586769500511,0.9284286069992853,0.9860217351506453
2026-05-07 13:50:00+00:00,0.9881586769500511,0.9284286069992853,0.9860217351506453
2026-05-07 13:55:00+00:00,0.9881586769500511,0.9284286069992853,0.9860217351506453
2026-05-07 14:00:00+00:00,0.9881586769500511,0.9284286069992853,0.9860217351506453
2026-05-07 14:05:00+00:00,0.9881586769500511,0.9284286069992853,0.9860217351506453
2026-05-07 14:10:00+00:00,0.9881586769500511,0.9284286069992853,0.9860217351506453
2026-05-07 14:15:00+00:00,0.9881586769500511,0.9284286069992853,0.9860217351506453
2026-05-07 14:20:00+00:00,0.9881586769500511,0.9284286069992853,0.9860217351506453
2026-05-07 14:25:00+00:00,0.9881586769500511,0.9284286069992853,0.9860217351506453
2026-05-07 14:30:00+00:00,0.9881586769500511,0.9284286069992853,0.9860217351506453
2026-05-07 14:35:00+00:00,0.9881586769500511,0.9284286069992853,0.9860217351506453
2026-05-07 14:40:00+00:00,0.9881586769500511,0.9284286069992853,0.9860217351506453
2026-05-07 14:45:00+00:00,0.9881586769500511,0.9284286069992853,0.9860217351506453
2026-05-07 14:50:00+00:00,0.9881586769500511,0.9284286069992853,0.9860217351506453
2026-05-07 14:55:00+00:00,0.9881586769500511,0.9284286069992853,0.9860217351506453
2026-05-07 15:00:00+00:00,0.9881586769500511,0.9284286069992853,0.9860217351506453
2026-05-07 15:05:00+00:00,0.9881586769500511,0.9284286069992853,0.9860217351506453
2026-05-07 15:10:00+00:00,0.9881586769500511,0.9284286069992853,0.9860217351506453
2026-05-07 15:15:00+00:00,0.9881586769500511,0.9284286069992853,0.9860217351506453
2026-05-07 15:20:00+00:00,0.9881586769500511,0.9284286069992853,0.9860217351506453
2026-05-07 15:25:00+00:00,0.9881586769500511,0.9306363477139453,0.9860217351506453
2026-05-07 15:30:00+00:00,0.9881586769500511,0.9330785673789342,0.9860217351506453
2026-05-07 15:35:00+00:00,0.9881586769500511,0.9319027752058803,0.9860217351506453
2026-05-07 15:40:00+00:00,0.9881586769500511,0.9325665146356603,0.9860217351506453
2026-05-07 15:45:00+00:00,0.9881586769500511,0.9314473917080317,0.9860217351506453
2026-05-07 15:50:00+00:00,0.9881586769500511,0.9290289951873334,0.9860217351506453
2026-05-07 15:55:00+00:00,0.9881586769500511,0.9277762269971457,0.9860217351506453
2026-05-07 16:00:00+00:00,0.9881586769500511,0.9276645547849542,0.9860217351506453
2026-05-07 16:05:00+00:00,0.9881586769500511,0.9289097978360091,0.9860217351506453
2026-05-07 16:10:00+00:00,0.9881586769500511,0.9316553412784523,0.9860217351506453
2026-05-07 16:15:00+00:00,0.9881586769500511,0.9307525326361459,0.9860217351506453
2026-05-07 16:20:00+00:00,0.9881586769500511,0.9319730035647621,0.9860217351506453
2026-05-07 16:25:00+00:00,0.9881586769500511,0.9325451245669067,0.9860217351506453
2026-05-07 16:30:00+00:00,0.9881586769500511,0.9299232449795458,0.9860217351506453
2026-05-07 16:35:00+00:00,0.9881586769500511,0.9290561227968691,0.9860217351506453
2026-05-07 16:40:00+00:00,0.9881586769500511,0.9312075769779838,0.9860217351506453
2026-05-07 16:45:00+00:00,0.9881586769500511,0.9289911506744252,0.9860217351506453
2026-05-07 16:50:00+00:00,0.9881586769500511,0.9283408568689531,0.9860217351506453
2026-05-07 16:55:00+00:00,0.9881586769500511,0.9283408568689531,0.9860217351506453
2026-05-07 17:00:00+00:00,0.9881586769500511,0.9283408568689531,0.9860217351506453
2026-05-07 17:05:00+00:00,0.9881586769500511,0.9283408568689531,0.9860217351506453
2026-05-07 17:10:00+00:00,0.9881586769500511,0.9283408568689531,0.9860217351506453
2026-05-07 17:15:00+00:00,0.9881586769500511,0.9283408568689531,0.9860217351506453
2026-05-07 17:20:00+00:00,0.9881586769500511,0.9283408568689531,0.9860217351506453
2026-05-07 17:25:00+00:00,0.9881586769500511,0.9283408568689531,0.9860217351506453
2026-05-07 17:30:00+00:00,0.9881586769500511,0.9283408568689531,0.9860217351506453
2026-05-07 17:35:00+00:00,0.9881586769500511,0.9283408568689531,0.9860217351506453
2026-05-07 17:40:00+00:00,0.9881586769500511,0.9283408568689531,0.9860217351506453
2026-05-07 17:45:00+00:00,0.9881586769500511,0.9283408568689531,0.9860217351506453
2026-05-07 17:50:00+00:00,0.9881586769500511,0.9283408568689531,0.9860217351506453
2026-05-07 17:55:00+00:00,0.9881586769500511,0.9283408568689531,0.9860217351506453
2026-05-07 18:00:00+00:00,0.9881586769500511,0.9283408568689531,0.9860217351506453
2026-05-07 18:05:00+00:00,0.9881586769500511,0.9283408568689531,0.9860217351506453
2026-05-07 18:10:00+00:00,0.9881586769500511,0.9283408568689531,0.9860217351506453
2026-05-07 18:15:00+00:00,0.9881586769500511,0.9283408568689531,0.9860217351506453
2026-05-07 18:20:00+00:00,0.9881586769500511,0.9283408568689531,0.9860217351506453
2026-05-07 18:25:00+00:00,0.9881586769500511,0.9283408568689531,0.9860217351506453
2026-05-07 18:30:00+00:00,0.9881586769500511,0.9283408568689531,0.9860217351506453
2026-05-07 18:35:00+00:00,0.9881586769500511,0.9283408568689531,0.9860217351506453
2026-05-07 18:40:00+00:00,0.9881586769500511,0.9283408568689531,0.9860217351506453
2026-05-07 18:45:00+00:00,0.9881586769500511,0.9283408568689531,0.9860217351506453
2026-05-07 18:50:00+00:00,0.9881586769500511,0.9283408568689531,0.9860217351506453
2026-05-07 18:55:00+00:00,0.9881586769500511,0.9262594972597754,0.9860217351506453
2026-05-07 19:00:00+00:00,0.9881586769500511,0.9260183471723148,0.9860217351506453
2026-05-07 19:05:00+00:00,0.9881586769500511,0.9250929656870497,0.9860217351506453
2026-05-07 19:10:00+00:00,0.9881586769500511,0.9224286845622096,0.9860217351506453
2026-05-07 19:15:00+00:00,0.9881586769500511,0.921782984483016,0.9860217351506453
2026-05-07 19:20:00+00:00,0.9881586769500511,0.921782984483016,0.9860217351506453
2026-05-07 19:25:00+00:00,0.9881586769500511,0.921782984483016,0.9860217351506453
2026-05-07 19:30:00+00:00,0.9881586769500511,0.921782984483016,0.9860217351506453
2026-05-07 19:35:00+00:00,0.9881586769500511,0.921782984483016,0.9860217351506453
2026-05-07 19:40:00+00:00,0.9881586769500511,0.921782984483016,0.9860217351506453
2026-05-07 19:45:00+00:00,0.9881586769500511,0.921782984483016,0.9860217351506453
2026-05-07 19:50:00+00:00,0.9881586769500511,0.921782984483016,0.9860217351506453
2026-05-07 19:55:00+00:00,0.9881586769500511,0.921782984483016,0.9860217351506453
2026-05-08 13:30:00+00:00,0.9881586769500511,0.921782984483016,0.9860217351506453
2026-05-08 13:35:00+00:00,0.9881586769500511,0.921782984483016,0.9860217351506453
2026-05-08 13:40:00+00:00,0.9881586769500511,0.921782984483016,0.9860217351506453
2026-05-08 13:45:00+00:00,0.9881586769500511,0.921782984483016,0.9860217351506453
2026-05-08 13:50:00+00:00,0.9881586769500511,0.921782984483016,0.9860217351506453
2026-05-08 13:55:00+00:00,0.9881586769500511,0.921782984483016,0.9860217351506453
2026-05-08 14:00:00+00:00,0.9881586769500511,0.921782984483016,0.9860217351506453
2026-05-08 14:05:00+00:00,0.9881586769500511,0.921782984483016,0.9860217351506453
2026-05-08 14:10:00+00:00,0.9881586769500511,0.921782984483016,0.9860217351506453
2026-05-08 14:15:00+00:00,0.9881586769500511,0.921782984483016,0.9860217351506453
2026-05-08 14:20:00+00:00,0.9881586769500511,0.921782984483016,0.9860217351506453
2026-05-08 14:25:00+00:00,0.9886367486625938,0.921782984483016,0.9860217351506453
2026-05-08 14:30:00+00:00,0.9875903844937252,0.921782984483016,0.9860217351506453
2026-05-08 14:35:00+00:00,0.9875684204145286,0.921782984483016,0.9860217351506453
2026-05-08 14:40:00+00:00,0.9846543352091109,0.921782984483016,0.9860217351506453
2026-05-08 14:45:00+00:00,0.9839650771744646,0.921782984483016,0.9860217351506453
2026-05-08 14:50:00+00:00,0.9839650771744646,0.9202021803297892,0.9860217351506453
2026-05-08 14:55:00+00:00,0.9839650771744646,0.9206500103213204,0.9860217351506453
2026-05-08 15:00:00+00:00,0.9839650771744646,0.9210371021773913,0.9860217351506453
2026-05-08 15:05:00+00:00,0.9839650771744646,0.9201862443322482,0.9860217351506453
2026-05-08 15:10:00+00:00,0.9839650771744646,0.918653686546673,0.9860217351506453
2026-05-08 15:15:00+00:00,0.9839650771744646,0.9157598425914046,0.9860217351506453
2026-05-08 15:20:00+00:00,0.9839650771744646,0.9151188107015906,0.9860217351506453
2026-05-08 15:25:00+00:00,0.9839650771744646,0.9151188107015906,0.9860217351506453
2026-05-08 15:30:00+00:00,0.9852977704503545,0.9151188107015906,0.9860217351506453
2026-05-08 15:35:00+00:00,0.9848494281804742,0.9151188107015906,0.9860217351506453
2026-05-08 15:40:00+00:00,0.985079117438098,0.9151188107015906,0.9860217351506453
2026-05-08 15:45:00+00:00,0.9852672189696305,0.9151188107015906,0.9860217351506453
2026-05-08 15:50:00+00:00,0.9881287552706011,0.9151188107015906,0.9860217351506453
2026-05-08 15:55:00+00:00,0.9897790868222498,0.9160066209127484,0.9860217351506453
2026-05-08 16:00:00+00:00,0.9930919417633665,0.9190725546151155,0.9860217351506453
2026-05-08 16:05:00+00:00,0.9930090937863144,0.9189958816519066,0.9860217351506453
2026-05-08 16:10:00+00:00,0.9918715174605159,0.9179430937519617,0.9860217351506453
2026-05-08 16:15:00+00:00,0.9904761354283952,0.9166517155069142,0.9860217351506453
2026-05-08 16:20:00+00:00,0.9886764206294597,0.9149861411443841,0.9860217351506453
2026-05-08 16:25:00+00:00,0.9909405722288905,0.9170815358475471,0.9860217351506453
2026-05-08 16:30:00+00:00,0.9912356320018813,0.9173546035544959,0.9860217351506453
2026-05-08 16:35:00+00:00,0.9912123524521902,0.9173330591291461,0.9860217351506453
2026-05-08 16:40:00+00:00,0.9886485289881757,0.914960328386341,0.9860217351506453
2026-05-08 16:45:00+00:00,0.9899575813985971,0.9161718115253894,0.9860217351506453
2026-05-08 16:50:00+00:00,0.9916158076530821,0.917706443089445,0.9860217351506453
2026-05-08 16:55:00+00:00,0.9916951945815314,0.9177799129707971,0.9860217351506453
2026-05-08 17:00:00+00:00,0.9901268518943684,0.9163284655676056,0.9860217351506453
2026-05-08 17:05:00+00:00,0.9895625003862022,0.9158061775895255,0.9860217351506453
2026-05-08 17:10:00+00:00,0.9906633312046311,0.9168249587818249,0.9860217351506453
2026-05-08 17:15:00+00:00,0.992430023579433,0.9184599720226383,0.9860217351506453
2026-05-08 17:20:00+00:00,0.9925247275809289,0.9185476173301136,0.9860217351506453
2026-05-08 17:25:00+00:00,0.9952017642100441,0.9210251229769225,0.9860217351506453
2026-05-08 17:30:00+00:00,0.9979332292863681,0.9235530002861286,0.9860217351506453
2026-05-08 17:35:00+00:00,1.0005645768856217,0.9259882223017583,0.9860217351506453
2026-05-08 17:40:00+00:00,0.9996652861197584,0.9251559595204731,0.9860217351506453
2026-05-08 17:45:00+00:00,0.9989546932044951,0.9244983301324401,0.9860217351506453
2026-05-08 17:50:00+00:00,0.9976208517007897,0.9232639055371852,0.9860217351506453
2026-05-08 17:55:00+00:00,0.9990455709394885,0.9245824343614099,0.9860217351506453
2026-05-08 18:00:00+00:00,1.0008467941710133,0.926249404726601,0.9860217351506453
2026-05-08 18:05:00+00:00,1.0022771166187314,0.9275731191287271,0.9860217351506453
2026-05-08 18:10:00+00:00,1.0078352156081594,0.9327169492437383,0.9860217351506453
2026-05-08 18:15:00+00:00,1.0063409520332478,0.9313340595199291,0.9860217351506453
2026-05-08 18:20:00+00:00,1.0058783788614583,0.930905963903789,0.9860217351506453
2026-05-08 18:25:00+00:00,1.0045033082793144,0.9296333832095353,0.9860217351506453
2026-05-08 18:30:00+00:00,1.0026855220516242,0.9279510843590774,0.9860217351506453
2026-05-08 18:35:00+00:00,1.0005818216260425,0.9260041817179672,0.9860217351506453
2026-05-08 18:40:00+00:00,1.0000707390371302,0.9255311922989039,0.9860217351506453
2026-05-08 18:45:00+00:00,1.0004435774745248,0.9258762414939529,0.9860217351506453
2026-05-08 18:50:00+00:00,0.9968687250552309,0.9225678381053013,0.9860217351506453
2026-05-08 18:55:00+00:00,0.9944551636545536,0.9219220406186276,0.9860217351506453
2026-05-08 19:00:00+00:00,0.990717404697037,0.9219220406186276,0.9860217351506453
2026-05-08 19:05:00+00:00,0.9909324674733748,0.9210765663616481,0.9860217351506453
2026-05-08 19:10:00+00:00,0.9916543417283169,0.9204055807174073,0.9860217351506453
2026-05-08 19:15:00+00:00,0.9957095706630095,0.916641713424624,0.9860217351506453
2026-05-08 19:20:00+00:00,0.9968156415222102,0.915623474053005,0.9860217351506453
2026-05-08 19:25:00+00:00,0.9970258773188034,0.9149825376211679,0.9860217351506453
2026-05-08 19:30:00+00:00,0.9972474455012865,0.9149825376211679,0.9860217351506453
2026-05-08 19:35:00+00:00,1.0012047366116317,0.9149825376211679,0.9860217351506453
2026-05-08 19:40:00+00:00,0.9984590794609399,0.9149825376211679,0.9860217351506453
2026-05-08 19:45:00+00:00,0.9944336352418589,0.9149825376211679,0.9860217351506453
2026-05-08 19:50:00+00:00,0.9963133505818953,0.9149825376211679,0.9860217351506453
2026-05-08 19:55:00+00:00,0.9974046230269684,0.9149825376211679,0.9860217351506453
2026-05-11 13:30:00+00:00,0.9931150773393276,0.9149825376211679,0.9860217351506453
2026-05-11 13:35:00+00:00,0.99241989678519,0.9149825376211679,0.9860217351506453
2026-05-11 13:40:00+00:00,0.99241989678519,0.9149825376211679,0.9860217351506453
2026-05-11 13:45:00+00:00,0.99241989678519,0.9149825376211679,0.9860217351506453
2026-05-11 13:50:00+00:00,0.99241989678519,0.9149825376211679,0.9860217351506453
2026-05-11 13:55:00+00:00,0.99241989678519,0.9149825376211679,0.9860217351506453
2026-05-11 14:00:00+00:00,0.99241989678519,0.9149825376211679,0.9860217351506453
2026-05-11 14:05:00+00:00,0.99241989678519,0.9149825376211679,0.9860217351506453
2026-05-11 14:10:00+00:00,0.99241989678519,0.9149825376211679,0.9860217351506453
2026-05-11 14:15:00+00:00,0.99241989678519,0.9149825376211679,0.9860217351506453
2026-05-11 14:20:00+00:00,0.99241989678519,0.9149825376211679,0.9860217351506453
2026-05-11 14:25:00+00:00,0.99241989678519,0.9149825376211679,0.9860217351506453
2026-05-11 14:30:00+00:00,0.99241989678519,0.9149825376211679,0.9860217351506453
2026-05-11 14:35:00+00:00,0.99241989678519,0.9129651551371702,0.9860217351506453
2026-05-11 14:40:00+00:00,0.99241989678519,0.9153289822082736,0.9860217351506453
2026-05-11 14:45:00+00:00,0.99241989678519,0.9141241931220705,0.9860217351506453
2026-05-11 14:50:00+00:00,0.99241989678519,0.9142065257508156,0.9860217351506453
2026-05-11 14:55:00+00:00,0.99241989678519,0.9124527183472962,0.9860217351506453
2026-05-11 15:00:00+00:00,0.99241989678519,0.9134488229334382,0.9860217351506453
2026-05-11 15:05:00+00:00,0.99241989678519,0.9138935105742925,0.9860217351506453
2026-05-11 15:10:00+00:00,0.99241989678519,0.9138387511761118,0.9860217351506453
2026-05-11 15:15:00+00:00,0.99241989678519,0.917234075409474,0.9860217351506453
2026-05-11 15:20:00+00:00,0.99241989678519,0.9169017634652122,0.9860217351506453
2026-05-11 15:25:00+00:00,0.99241989678519,0.9178209707366131,0.9860217351506453
2026-05-11 15:30:00+00:00,0.99241989678519,0.9174754226877032,0.9860217351506453
2026-05-11 15:35:00+00:00,0.99241989678519,0.9156197737164654,0.9860217351506453
2026-05-11 15:40:00+00:00,0.99241989678519,0.9157778025757534,0.9860217351506453
2026-05-11 15:45:00+00:00,0.99241989678519,0.9141317395891673,0.9860217351506453
2026-05-11 15:50:00+00:00,0.99241989678519,0.9140906527558242,0.9860217351506453
2026-05-11 15:55:00+00:00,0.99241989678519,0.9141813624861677,0.9860217351506453
2026-05-11 16:00:00+00:00,0.99241989678519,0.9163699308873092,0.9860217351506453
2026-05-11 16:05:00+00:00,0.99241989678519,0.9166552762890531,0.9860217351506453
2026-05-11 16:10:00+00:00,0.99241989678519,0.9179387210441617,0.9860217351506453
2026-05-11 16:15:00+00:00,0.99241989678519,0.9167639829207709,0.9860217351506453
2026-05-11 16:20:00+00:00,0.99241989678519,0.9160147406068955,0.9860217351506453
2026-05-11 16:25:00+00:00,0.99241989678519,0.9145249559269221,0.9860217351506453
2026-05-11 16:30:00+00:00,0.99241989678519,0.9138847884577732,0.9860217351506453
2026-05-11 16:35:00+00:00,0.99241989678519,0.9138847884577732,0.9860217351506453
2026-05-11 16:40:00+00:00,0.99241989678519,0.9138847884577732,0.9860217351506453
2026-05-11 16:45:00+00:00,0.99241989678519,0.9138847884577732,0.9860217351506453
2026-05-11 16:50:00+00:00,0.99241989678519,0.9138847884577732,0.9860217351506453
2026-05-11 16:55:00+00:00,0.99241989678519,0.9138847884577732,0.9860217351506453
2026-05-11 17:00:00+00:00,0.99241989678519,0.9131832382163012,0.9860217351506453
2026-05-11 17:05:00+00:00,0.99241989678519,0.9121560087038654,0.9860217351506453
2026-05-11 17:10:00+00:00,0.99241989678519,0.9132121773421712,0.9860217351506453
2026-05-11 17:15:00+00:00,0.99241989678519,0.9142687058606102,0.9860217351506453
2026-05-11 17:20:00+00:00,0.99241989678519,0.917294186555869,0.9860217351506453
2026-05-11 17:25:00+00:00,0.99241989678519,0.9170151317121829,0.9860217351506453
2026-05-11 17:30:00+00:00,0.99241989678519,0.9152710948743554,0.9860217351506453
2026-05-11 17:35:00+00:00,0.99241989678519,0.9156226406711017,0.9860217351506453
2026-05-11 17:40:00+00:00,0.99241989678519,0.914543126385946,0.9860217351506453
2026-05-11 17:45:00+00:00,0.99241989678519,0.9168339071019976,0.9860217351506453
2026-05-11 17:50:00+00:00,0.99241989678519,0.9159471500816474,0.9860217351506453
2026-05-11 17:55:00+00:00,0.99241989678519,0.9137229196380648,0.9860217351506453
2026-05-11 18:00:00+00:00,0.99241989678519,0.9135353803967939,0.9860217351506453
2026-05-11 18:05:00+00:00,0.99241989678519,0.9130585156197223,0.9860217351506453
2026-05-11 18:10:00+00:00,0.99241989678519,0.9124193746587884,0.9860217351506453
2026-05-11 18:15:00+00:00,0.99241989678519,0.9124193746587884,0.9860217351506453
2026-05-11 18:20:00+00:00,0.99241989678519,0.9124193746587884,0.9860217351506453
2026-05-11 18:25:00+00:00,0.99241989678519,0.9124193746587884,0.9860217351506453
2026-05-11 18:30:00+00:00,0.99241989678519,0.9126105752141549,0.9860217351506453
2026-05-11 18:35:00+00:00,0.99241989678519,0.9104415511255359,0.9860217351506453
2026-05-11 18:40:00+00:00,0.99241989678519,0.9103260195390899,0.9860217351506453
2026-05-11 18:45:00+00:00,0.99241989678519,0.9102021184488207,0.9860217351506453
2026-05-11 18:50:00+00:00,0.99241989678519,0.9105906453057081,0.9860217351506453
2026-05-11 18:55:00+00:00,0.99241989678519,0.9082615832547809,0.9860217351506453
2026-05-11 19:00:00+00:00,0.99241989678519,0.9033779140788425,0.9860217351506453
2026-05-11 19:05:00+00:00,0.99241989678519,0.9027455495389872,0.9860217351506453
2026-05-11 19:10:00+00:00,0.99241989678519,0.9027455495389872,0.9860217351506453
2026-05-11 19:15:00+00:00,0.99241989678519,0.9027455495389872,0.9860217351506453
2026-05-11 19:20:00+00:00,0.99241989678519,0.9027455495389872,0.9860217351506453
2026-05-11 19:25:00+00:00,0.99241989678519,0.9027455495389872,0.9860217351506453
2026-05-11 19:30:00+00:00,0.99241989678519,0.9027455495389872,0.9860217351506453
2026-05-11 19:35:00+00:00,0.99241989678519,0.9027455495389872,0.9860217351506453
2026-05-11 19:40:00+00:00,0.99241989678519,0.9027455495389872,0.9860217351506453
2026-05-11 19:45:00+00:00,0.99241989678519,0.9027455495389872,0.9860217351506453
2026-05-11 19:50:00+00:00,0.99241989678519,0.9027455495389872,0.9860217351506453
2026-05-11 19:55:00+00:00,0.99241989678519,0.9027455495389872,0.9860217351506453
2026-05-12 13:30:00+00:00,0.99241989678519,0.9027455495389872,0.9860217351506453
2026-05-12 13:35:00+00:00,0.99241989678519,0.9000481087104023,0.9860217351506453
2026-05-12 13:40:00+00:00,0.99241989678519,0.8997954470628164,0.9860217351506453
2026-05-12 13:45:00+00:00,0.99241989678519,0.899308806948858,0.9860217351506453
2026-05-12 13:50:00+00:00,0.99241989678519,0.8984533186482094,0.9860217351506453
2026-05-12 13:55:00+00:00,0.99241989678519,0.8994495851410609,0.9860217351506453
2026-05-12 14:00:00+00:00,0.99241989678519,0.8997870118307065,0.9860217351506453
2026-05-12 14:05:00+00:00,0.99241989678519,0.8996736663997347,0.9860217351506453
2026-05-12 14:10:00+00:00,0.99241989678519,0.8996246765378193,0.9860217351506453
2026-05-12 14:15:00+00:00,0.99241989678519,0.8984068406655769,0.9860217351506453
2026-05-12 14:20:00+00:00,0.99241989678519,0.8966197010934422,0.9860217351506453
2026-05-12 14:25:00+00:00,0.99241989678519,0.8941477463790942,0.9860217351506453
2026-05-12 14:30:00+00:00,0.99241989678519,0.8935218429566288,0.9860217351506453
2026-05-12 14:35:00+00:00,0.99241989678519,0.8935218429566288,0.9860217351506453
2026-05-12 14:40:00+00:00,0.99241989678519,0.8935218429566288,0.9860217351506453
2026-05-12 14:45:00+00:00,0.99241989678519,0.8935218429566288,0.9860217351506453
2026-05-12 14:50:00+00:00,0.99241989678519,0.8935218429566288,0.9860217351506453
2026-05-12 14:55:00+00:00,0.99241989678519,0.8935218429566288,0.9860217351506453
2026-05-12 15:00:00+00:00,0.99241989678519,0.893757199232748,0.9860217351506453
2026-05-12 15:05:00+00:00,0.99241989678519,0.8961136335319798,0.9860217351506453
2026-05-12 15:10:00+00:00,0.99241989678519,0.8981418964976503,0.9860217351506453
2026-05-12 15:15:00+00:00,0.99241989678519,0.8963561676698268,0.9860217351506453
2026-05-12 15:20:00+00:00,0.99241989678519,0.8989419500409479,0.9860217351506453
2026-05-12 15:25:00+00:00,0.99241989678519,0.8978370728275049,0.9860217351506453
2026-05-12 15:30:00+00:00,0.99241989678519,0.8989877721002493,0.9860217351506453
2026-05-12 15:35:00+00:00,0.99241989678519,0.8990910329939182,0.9860217351506453
2026-05-12 15:40:00+00:00,0.99241989678519,0.8989675543934168,0.9860217351506453
2026-05-12 15:45:00+00:00,0.99241989678519,0.8971337341058264,0.9860217351506453
2026-05-12 15:50:00+00:00,0.99241989678519,0.897617255146205,0.9860217351506453
2026-05-12 15:55:00+00:00,0.99241989678519,0.8971347158783273,0.9860217351506453
2026-05-12 16:00:00+00:00,0.99241989678519,0.8989913013110779,0.9860217351506453
2026-05-12 16:05:00+00:00,0.99241989678519,0.9007056885150668,0.9860217351506453
2026-05-12 16:10:00+00:00,0.99241989678519,0.9012264098284598,0.9860217351506453
2026-05-12 16:15:00+00:00,0.99241989678519,0.8997431251844195,0.9860217351506453
2026-05-12 16:20:00+00:00,0.99241989678519,0.8966743773645145,0.9860217351506453
2026-05-12 16:25:00+00:00,0.99241989678519,0.8968699529580232,0.9860217351506453
2026-05-12 16:30:00+00:00,0.99241989678519,0.8969644718875199,0.9860217351506453
2026-05-12 16:35:00+00:00,0.99241989678519,0.8976457877785299,0.9860217351506453
2026-05-12 16:40:00+00:00,0.99241989678519,0.8971479423205097,0.9860217351506453
2026-05-12 16:45:00+00:00,0.99241989678519,0.9001617366876313,0.9860217351506453
2026-05-12 16:50:00+00:00,0.99241989678519,0.8992898104557261,0.9860217351506453
2026-05-12 16:55:00+00:00,0.99241989678519,0.8980734986718841,0.9860217351506453
2026-05-12 17:00:00+00:00,0.99241989678519,0.8984552712629611,0.9860217351506453
2026-05-12 17:05:00+00:00,0.99241989678519,0.8987830173528204,0.9860217351506453
2026-05-12 17:10:00+00:00,0.99241989678519,0.8990621277753869,0.9860217351506453
2026-05-12 17:15:00+00:00,0.99241989678519,0.897705882662394,0.9860217351506453
2026-05-12 17:20:00+00:00,0.99241989678519,0.8966191875817375,0.9860217351506453
2026-05-12 17:25:00+00:00,0.99241989678519,0.8959915541504303,0.9860217351506453
2026-05-12 17:30:00+00:00,0.99241989678519,0.8959915541504303,0.9860217351506453
2026-05-12 17:35:00+00:00,0.99241989678519,0.8959915541504303,0.9860217351506453
2026-05-12 17:40:00+00:00,0.99241989678519,0.8959915541504303,0.9860217351506453
2026-05-12 17:45:00+00:00,0.99241989678519,0.8959915541504303,0.9860217351506453
2026-05-12 17:50:00+00:00,0.99241989678519,0.8959915541504303,0.9860217351506453
2026-05-12 17:55:00+00:00,0.99241989678519,0.8959915541504303,0.9860217351506453
2026-05-12 18:00:00+00:00,0.99241989678519,0.8959915541504303,0.9860217351506453
2026-05-12 18:05:00+00:00,0.99241989678519,0.8959915541504303,0.9860217351506453
2026-05-12 18:10:00+00:00,0.99241989678519,0.8959915541504303,0.9860217351506453
2026-05-12 18:15:00+00:00,0.99241989678519,0.8959915541504303,0.9860217351506453
2026-05-12 18:20:00+00:00,0.99241989678519,0.8959915541504303,0.9860217351506453
2026-05-12 18:25:00+00:00,0.99241989678519,0.8959915541504303,0.9860217351506453
2026-05-12 18:30:00+00:00,0.99241989678519,0.8959915541504303,0.9860217351506453
2026-05-12 18:35:00+00:00,0.99241989678519,0.8955283511853518,0.9860217351506453
2026-05-12 18:40:00+00:00,0.99241989678519,0.8953661583031126,0.9860217351506453
2026-05-12 18:45:00+00:00,0.99241989678519,0.8939547640764887,0.9860217351506453
2026-05-12 18:50:00+00:00,0.99241989678519,0.8953738099656662,0.9860217351506453
2026-05-12 18:55:00+00:00,0.99241989678519,0.8965033209181154,0.9860217351506453
2026-05-12 19:00:00+00:00,0.99241989678519,0.8976439503700161,0.9860217351506453
2026-05-12 19:05:00+00:00,0.99241989678519,0.8964019343389917,0.9860217351506453
2026-05-12 19:10:00+00:00,0.99241989678519,0.8977715557235271,0.9860217351506453
2026-05-12 19:15:00+00:00,0.99241989678519,0.8940418418596705,0.9860217351506453
2026-05-12 19:20:00+00:00,0.99241989678519,0.8920840633958582,0.9860217351506453
2026-05-12 19:25:00+00:00,0.9914249208532543,0.8914596045514811,0.9860217351506453
2026-05-12 19:30:00+00:00,0.9932952714462745,0.8914596045514811,0.9860217351506453
2026-05-12 19:35:00+00:00,0.9932473640113931,0.8914596045514811,0.9860217351506453
2026-05-12 19:40:00+00:00,0.9936449615315075,0.8914596045514811,0.9860217351506453
2026-05-12 19:45:00+00:00,0.9955682193496628,0.8914596045514811,0.9860217351506453
2026-05-12 19:50:00+00:00,0.9933861289139793,0.8914596045514811,0.9860217351506453
2026-05-12 19:55:00+00:00,0.9947294997788967,0.8914596045514811,0.9860217351506453
2026-05-13 13:30:00+00:00,0.988917203261565,0.8914596045514811,0.9860217351506453
2026-05-13 13:35:00+00:00,0.9882249612192818,0.8914596045514811,0.9860217351506453
2026-05-13 13:40:00+00:00,0.9882249612192818,0.8914596045514811,0.9860217351506453
2026-05-13 13:45:00+00:00,0.9882249612192818,0.8914596045514811,0.9860217351506453
2026-05-13 13:50:00+00:00,0.9882249612192818,0.8914596045514811,0.9860217351506453
2026-05-13 13:55:00+00:00,0.9882249612192818,0.8914596045514811,0.9860217351506453
2026-05-13 14:00:00+00:00,0.9882249612192818,0.8914596045514811,0.9860217351506453
2026-05-13 14:05:00+00:00,0.9882249612192818,0.8914596045514811,0.9860217351506453
2026-05-13 14:10:00+00:00,0.9882249612192818,0.8914596045514811,0.9860217351506453
2026-05-13 14:15:00+00:00,0.9882249612192818,0.8908466440357422,0.9860217351506453
2026-05-13 14:20:00+00:00,0.9882249612192818,0.8925738700232538,0.9860217351506453
2026-05-13 14:25:00+00:00,0.9882249612192818,0.8946621108507747,0.9860217351506453
2026-05-13 14:30:00+00:00,0.9882249612192818,0.8918650915301519,0.9860217351506453
2026-05-13 14:35:00+00:00,0.9882249612192818,0.8905430982671039,0.9860217351506453
2026-05-13 14:40:00+00:00,0.9882249612192818,0.893045223421123,0.9860217351506453
2026-05-13 14:45:00+00:00,0.9882249612192818,0.8958430010851292,0.9860217351506453
2026-05-13 14:50:00+00:00,0.9882249612192818,0.8958948353724602,0.9860217351506453
2026-05-13 14:55:00+00:00,0.9882249612192818,0.8954392132168874,0.9860217351506453
2026-05-13 15:00:00+00:00,0.9882249612192818,0.8945899910113592,0.9860217351506453
2026-05-13 15:05:00+00:00,0.9882249612192818,0.8959236685640252,0.9860217351506453
2026-05-13 15:10:00+00:00,0.9882249612192818,0.8949654999650793,0.9860217351506453
2026-05-13 15:15:00+00:00,0.9882249612192818,0.8961349987964927,0.9860217351506453
2026-05-13 15:20:00+00:00,0.9882249612192818,0.8977956342168782,0.9860217351506453
2026-05-13 15:25:00+00:00,0.9882249612192818,0.8975424206173037,0.9860217351506453
2026-05-13 15:30:00+00:00,0.9882249612192818,0.8991450276598033,0.9860217351506453
2026-05-13 15:35:00+00:00,0.9882249612192818,0.8982229463172828,0.9860217351506453
2026-05-13 15:40:00+00:00,0.9882249612192818,0.8983334151578669,0.9860217351506453
2026-05-13 15:45:00+00:00,0.9882249612192818,0.8981205090955553,0.9860217351506453
2026-05-13 15:50:00+00:00,0.9882249612192818,0.9013913259581304,0.9860217351506453
2026-05-13 15:55:00+00:00,0.9882249612192818,0.9021204155238657,0.9860217351506453
2026-05-13 16:00:00+00:00,0.9882249612192818,0.9034056598226258,0.9860217351506453
2026-05-13 16:05:00+00:00,0.9882249612192818,0.9020101625762059,0.9860217351506453
2026-05-13 16:10:00+00:00,0.9882249612192818,0.9006914056018557,0.9860217351506453
2026-05-13 16:15:00+00:00,0.9882249612192818,0.9004305224123161,0.9860217351506453
2026-05-13 16:20:00+00:00,0.9882249612192818,0.9030308612428531,0.9860217351506453
2026-05-13 16:25:00+00:00,0.9882249612192818,0.9018267597936757,0.9860217351506453
2026-05-13 16:30:00+00:00,0.9882249612192818,0.9038151002070701,0.9860217351506453
2026-05-13 16:35:00+00:00,0.9882249612192818,0.9039422620720913,0.9860217351506453
2026-05-13 16:40:00+00:00,0.9882249612192818,0.9040658118295957,0.9860217351506453
2026-05-13 16:45:00+00:00,0.9882249612192818,0.9062745279476399,0.9860217351506453
2026-05-13 16:50:00+00:00,0.9882249612192818,0.9068653329934386,0.9860217351506453
2026-05-13 16:55:00+00:00,0.9882249612192818,0.9088246064529961,0.9860217351506453
2026-05-13 17:00:00+00:00,0.9882249612192818,0.9064922517406484,0.9860217351506453
2026-05-13 17:05:00+00:00,0.9882249612192818,0.9075090140780192,0.9860217351506453
2026-05-13 17:10:00+00:00,0.9882249612192818,0.9075062265752533,0.9860217351506453
2026-05-13 17:15:00+00:00,0.9882249612192818,0.9096182196277047,0.9860217351506453
2026-05-13 17:20:00+00:00,0.9882249612192818,0.9102873505071393,0.9860217351506453
2026-05-13 17:25:00+00:00,0.9882249612192818,0.9071748260024326,0.9860217351506453
2026-05-13 17:30:00+00:00,0.9882249612192818,0.9069177829603713,0.9860217351506453
2026-05-13 17:35:00+00:00,0.9882249612192818,0.9084293171065345,0.9860217351506453
2026-05-13 17:40:00+00:00,0.9882249612192818,0.906620448851599,0.9860217351506453
2026-05-13 17:45:00+00:00,0.9882249612192818,0.9068955895832812,0.9860217351506453
2026-05-13 17:50:00+00:00,0.9882249612192818,0.9061981405874425,0.9860217351506453
2026-05-13 17:55:00+00:00,0.9882249612192818,0.90810228241408,0.9860217351506453
2026-05-13 18:00:00+00:00,0.9882249612192818,0.9078608093586611,0.9860217351506453
2026-05-13 18:05:00+00:00,0.9882249612192818,0.9089079064062271,0.9860217351506453
2026-05-13 18:10:00+00:00,0.9882249612192818,0.9093203769985619,0.9860217351506453
2026-05-13 18:15:00+00:00,0.9882249612192818,0.9085635013849176,0.9860217351506453
2026-05-13 18:20:00+00:00,0.9882249612192818,0.907666350586101,0.9860217351506453
2026-05-13 18:25:00+00:00,0.9882249612192818,0.9084813485050282,0.9860217351506453
2026-05-13 18:30:00+00:00,0.9882249612192818,0.9104436279440138,0.9860217351506453
2026-05-13 18:35:00+00:00,0.9882249612192818,0.9098067226374337,0.9860217351506453
2026-05-13 18:40:00+00:00,0.9882249612192818,0.9089513398938159,0.9860217351506453
2026-05-13 18:45:00+00:00,0.9882249612192818,0.9100302445268085,0.9860217351506453
2026-05-13 18:50:00+00:00,0.9882249612192818,0.9103508383408273,0.9860217351506453
2026-05-13 18:55:00+00:00,0.9882249612192818,0.9109319327290711,0.9860217351506453
2026-05-13 19:00:00+00:00,0.9882249612192818,0.9109862887671754,0.9860217351506453
2026-05-13 19:05:00+00:00,0.9882249612192818,0.9083486318309295,0.9860217351506453
2026-05-13 19:10:00+00:00,0.9882249612192818,0.9077127877886478,0.9860217351506453
2026-05-13 19:15:00+00:00,0.9882249612192818,0.9077127877886478,0.9860217351506453
2026-05-13 19:20:00+00:00,0.9882249612192818,0.9077127877886478,0.9860217351506453
2026-05-13 19:25:00+00:00,0.9882249612192818,0.9077127877886478,0.9860217351506453
2026-05-13 19:30:00+00:00,0.9882249612192818,0.9077127877886478,0.9860217351506453
2026-05-13 19:35:00+00:00,0.9882249612192818,0.9077127877886478,0.9860217351506453
2026-05-13 19:40:00+00:00,0.9882249612192818,0.9077127877886478,0.9860217351506453
2026-05-13 19:45:00+00:00,0.9882249612192818,0.9077127877886478,0.9860217351506453
2026-05-13 19:50:00+00:00,0.9882249612192818,0.9067785630504067,0.9860217351506453
2026-05-13 19:55:00+00:00,0.9882249612192818,0.9067933014283015,0.9860217351506453
2026-05-14 13:30:00+00:00,0.9882249612192818,0.9019981036879948,0.9860217351506453
2026-05-14 13:35:00+00:00,0.9882249612192818,0.9013667050154132,0.9860217351506453
2026-05-14 13:40:00+00:00,0.9882249612192818,0.9013667050154132,0.9860217351506453
2026-05-14 13:45:00+00:00,0.9882249612192818,0.9013667050154132,0.9860217351506453
2026-05-14 13:50:00+00:00,0.9882249612192818,0.9013667050154132,0.9860217351506453
2026-05-14 13:55:00+00:00,0.9882249612192818,0.9013667050154132,0.9860217351506453
2026-05-14 14:00:00+00:00,0.9882249612192818,0.9013667050154132,0.9860217351506453
2026-05-14 14:05:00+00:00,0.9882249612192818,0.9013667050154132,0.9860217351506453
2026-05-14 14:10:00+00:00,0.9882249612192818,0.9013667050154132,0.9860217351506453
2026-05-14 14:15:00+00:00,0.9882249612192818,0.9013667050154132,0.9860217351506453
2026-05-14 14:20:00+00:00,0.9882249612192818,0.9013667050154132,0.9860217351506453
2026-05-14 14:25:00+00:00,0.9882249612192818,0.9013667050154132,0.9860217351506453
2026-05-14 14:30:00+00:00,0.9909290247566571,0.9013667050154132,0.9860217351506453
2026-05-14 14:35:00+00:00,0.9885644328532381,0.9013667050154132,0.9860217351506453
2026-05-14 14:40:00+00:00,0.9904367184645346,0.9013667050154132,0.9860217351506453
2026-05-14 14:45:00+00:00,0.98824367241682,0.9013667050154132,0.9860217351506453
2026-05-14 14:50:00+00:00,0.992767307678019,0.9013667050154132,0.9860217351506453
2026-05-14 14:55:00+00:00,0.9949919204416363,0.9027555487939455,0.9860217351506453
2026-05-14 15:00:00+00:00,0.9941475466759379,0.9019894490030025,0.9860217351506453
2026-05-14 15:05:00+00:00,0.9979325657342468,0.9054235944337137,0.9860217351506453
2026-05-14 15:10:00+00:00,1.0002792077676823,0.9075527012869398,0.9860217351506453
2026-05-14 15:15:00+00:00,1.0015939379820349,0.9087455551903635,0.9860217351506453
2026-05-14 15:20:00+00:00,1.0035580303774607,0.9105275749956374,0.9860217351506453
2026-05-14 15:25:00+00:00,1.0030971099626056,0.9101093821907369,0.9860217351506453
2026-05-14 15:30:00+00:00,1.0049648000218339,0.9118039362165096,0.9860217351506453
2026-05-14 15:35:00+00:00,1.0049997084350066,0.9118356085980073,0.9860217351506453
2026-05-14 15:40:00+00:00,1.0043771392764764,0.9112707519887981,0.9860217351506453
2026-05-14 15:45:00+00:00,1.0056407025267895,0.9124171821376641,0.9860217351506453
2026-05-14 15:50:00+00:00,1.008094941913947,0.9146439120028089,0.9860217351506453
2026-05-14 15:55:00+00:00,1.007014802517147,0.9136639022018255,0.9860217351506453
2026-05-14 16:00:00+00:00,1.0066430860616886,0.9133266440936448,0.9860217351506453
2026-05-14 16:05:00+00:00,1.006537390230208,0.9132307463316698,0.9860217351506453
2026-05-14 16:10:00+00:00,1.001884247834878,0.9090089531387683,0.9860217351506453
2026-05-14 16:15:00+00:00,1.0003019785543452,0.9075733612074759,0.9860217351506453
2026-05-14 16:20:00+00:00,0.9994148446783472,0.9069380598546306,0.9860217351506453
2026-05-14 16:25:00+00:00,0.9994188835198817,0.9069380598546306,0.9860217351506453
2026-05-14 16:30:00+00:00,0.9982479644431148,0.9069380598546306,0.9860217351506453
2026-05-14 16:35:00+00:00,0.9991655057473294,0.9069380598546306,0.9860217351506453
2026-05-14 16:40:00+00:00,1.0004945941225856,0.9069380598546306,0.9860217351506453
2026-05-14 16:45:00+00:00,1.0006813161740276,0.9069380598546306,0.9860217351506453
2026-05-14 16:50:00+00:00,1.0021656026312005,0.9069380598546306,0.9860217351506453
2026-05-14 16:55:00+00:00,1.0047651973607061,0.9069380598546306,0.9860217351506453
2026-05-14 17:00:00+00:00,1.0059023299203103,0.9069380598546306,0.9860217351506453
2026-05-14 17:05:00+00:00,0.9990985727747859,0.9069380598546306,0.9860217351506453
2026-05-14 17:10:00+00:00,0.9991927648630304,0.9069380598546306,0.9860217351506453
2026-05-14 17:15:00+00:00,0.9979871276142771,0.9069380598546306,0.9860217351506453
2026-05-14 17:20:00+00:00,0.9961944275066485,0.9069380598546306,0.9860217351506453
2026-05-14 17:25:00+00:00,0.9931777520242551,0.9069380598546306,0.9860217351506453
2026-05-14 17:30:00+00:00,0.9924825275978381,0.9076500955507413,0.9860217351506453
2026-05-14 17:35:00+00:00,0.9924825275978381,0.9070401046978509,0.9860217351506453
2026-05-14 17:40:00+00:00,0.9924825275978381,0.9043344278327273,0.9860217351506453
2026-05-14 17:45:00+00:00,0.9924825275978381,0.9039781344789118,0.9860217351506453
2026-05-14 17:50:00+00:00,0.9924825275978381,0.9045238550367455,0.9860217351506453
2026-05-14 17:55:00+00:00,0.9924825275978381,0.9023642225903505,0.9860217351506453
2026-05-14 18:00:00+00:00,0.9924825275978381,0.9017325676345372,0.9860217351506453
2026-05-14 18:05:00+00:00,0.9924825275978381,0.9017325676345372,0.9860217351506453
2026-05-14 18:10:00+00:00,0.9924825275978381,0.9017325676345372,0.9860217351506453
2026-05-14 18:15:00+00:00,0.9924825275978381,0.9017325676345372,0.9860217351506453
2026-05-14 18:20:00+00:00,0.9924825275978381,0.9017325676345372,0.9860217351506453
2026-05-14 18:25:00+00:00,0.9924825275978381,0.9017325676345372,0.9860217351506453
2026-05-14 18:30:00+00:00,0.9924825275978381,0.9017325676345372,0.9860217351506453
2026-05-14 18:35:00+00:00,0.9924825275978381,0.9017325676345372,0.9860217351506453
2026-05-14 18:40:00+00:00,0.9924825275978381,0.9017325676345372,0.9860217351506453
2026-05-14 18:45:00+00:00,0.9924825275978381,0.9017325676345372,0.9860217351506453
2026-05-14 18:50:00+00:00,0.9924825275978381,0.9017325676345372,0.9860217351506453
2026-05-14 18:55:00+00:00,0.9924825275978381,0.9017325676345372,0.9860217351506453
2026-05-14 19:00:00+00:00,0.9924825275978381,0.9017325676345372,0.9860217351506453
2026-05-14 19:05:00+00:00,0.9924825275978381,0.9017325676345372,0.9860217351506453
2026-05-14 19:10:00+00:00,0.9924825275978381,0.9017325676345372,0.9860217351506453
2026-05-14 19:15:00+00:00,0.9924825275978381,0.9017325676345372,0.9860217351506453
2026-05-14 19:20:00+00:00,0.9924825275978381,0.9017325676345372,0.9860217351506453
2026-05-14 19:25:00+00:00,0.9924766804624501,0.9017325676345372,0.9860217351506453
2026-05-14 19:30:00+00:00,0.993734274737433,0.9022439647714581,0.9860217351506453
2026-05-14 19:35:00+00:00,0.9924553222544162,0.9010827618338456,0.9860217351506453
2026-05-14 19:40:00+00:00,0.9910964527608984,0.8998489996193316,0.9860217351506453
2026-05-14 19:45:00+00:00,0.9886161679140282,0.8975970675979731,0.9860217351506453
2026-05-14 19:50:00+00:00,0.9874442845729459,0.8965330762485884,0.9860217351506453
2026-05-14 19:55:00+00:00,0.9873543600469794,0.8959055030952143,0.9860217351506453
2026-05-15 13:30:00+00:00,0.9986338491556604,0.8959055030952143,0.9860217351506453
2026-05-15 13:35:00+00:00,0.9994120244485041,0.8959764945147084,0.9860217351506453
2026-05-15 13:40:00+00:00,0.9994643453910766,0.8960234004289551,0.9860217351506453
2026-05-15 13:45:00+00:00,0.9988031358312778,0.8954306236671835,0.9860217351506453
2026-05-15 13:50:00+00:00,0.9998480960698631,0.8963674343004072,0.9860217351506453
2026-05-15 13:55:00+00:00,0.9976036173074616,0.8943552509722559,0.9860217351506453
2026-05-15 14:00:00+00:00,0.9969052947753464,0.8966272784112249,0.9860217351506453
2026-05-15 14:05:00+00:00,0.9969052947753464,0.893917520437867,0.9860217351506453
2026-05-15 14:10:00+00:00,0.9969052947753464,0.8929750134797414,0.9860217351506453
2026-05-15 14:15:00+00:00,0.9969052947753464,0.8949099197390007,0.9860217351506453
2026-05-15 14:20:00+00:00,0.9993279914328164,0.8977111823986118,0.9860217351506453
2026-05-15 14:25:00+00:00,0.9980371223538677,0.8965515755256738,0.9860217351506453
2026-05-15 14:30:00+00:00,0.9991430603283199,0.8975450560397956,0.9860217351506453
2026-05-15 14:35:00+00:00,0.9994567022891937,0.8978268052732401,0.9860217351506453
2026-05-15 14:40:00+00:00,1.0012544674004995,0.8994417643833431,0.9860217351506453
2026-05-15 14:45:00+00:00,1.0033708291700105,0.9013429236051186,0.9860217351506453
2026-05-15 14:50:00+00:00,1.0025209048401922,0.9005794239517398,0.9860217351506453
2026-05-15 14:55:00+00:00,0.9988451764852005,0.8972774625576588,0.9860217351506453
2026-05-15 15:00:00+00:00,0.9973543523859015,0.8959382331190726,0.9860217351506453
2026-05-15 15:05:00+00:00,0.9966562043392314,0.8980717630014174,0.9860217351506453
2026-05-15 15:10:00+00:00,0.9966562043392314,0.8967256083455344,0.9860217351506453
2026-05-15 15:15:00+00:00,0.9966562043392314,0.8900046677844613,0.9860217351506453
2026-05-15 15:20:00+00:00,0.9966562043392314,0.8893816645170122,0.9860217351506453
2026-05-15 15:25:00+00:00,0.9966562043392314,0.8893816645170122,0.9860217351506453
2026-05-15 15:30:00+00:00,0.9966562043392314,0.8893816645170122,0.9860217351506453
2026-05-15 15:35:00+00:00,0.9966562043392314,0.8893816645170122,0.9860217351506453
2026-05-15 15:40:00+00:00,0.9966562043392314,0.8893816645170122,0.9860217351506453
2026-05-15 15:45:00+00:00,0.9966562043392314,0.8893816645170122,0.9860217351506453
2026-05-15 15:50:00+00:00,0.9966562043392314,0.8893816645170122,0.9860217351506453
2026-05-15 15:55:00+00:00,0.9966562043392314,0.8893816645170122,0.9860217351506453
2026-05-15 16:00:00+00:00,0.9966562043392314,0.8893816645170122,0.9860217351506453
2026-05-15 16:05:00+00:00,0.9966562043392314,0.8893816645170122,0.9860217351506453
2026-05-15 16:10:00+00:00,0.9966562043392314,0.8893816645170122,0.9860217351506453
2026-05-15 16:15:00+00:00,0.9966562043392314,0.8893816645170122,0.9860217351506453
2026-05-15 16:20:00+00:00,0.9966562043392314,0.8893816645170122,0.9860217351506453
2026-05-15 16:25:00+00:00,0.9966562043392314,0.8893816645170122,0.9860217351506453
2026-05-15 16:30:00+00:00,0.9966562043392314,0.8893816645170122,0.9860217351506453
2026-05-15 16:35:00+00:00,0.9966562043392314,0.8893816645170122,0.9860217351506453
2026-05-15 16:40:00+00:00,0.9966562043392314,0.8893816645170122,0.9860217351506453
2026-05-15 16:45:00+00:00,0.9940618111749407,0.8893816645170122,0.9860217351506453
2026-05-15 16:50:00+00:00,0.9946289775819739,0.8893816645170122,0.9860217351506453
2026-05-15 16:55:00+00:00,0.9924117549516163,0.8893816645170122,0.9860217351506453
2026-05-15 17:00:00+00:00,0.9917170667231501,0.8893816645170122,0.9860217351506453
2026-05-15 17:05:00+00:00,0.9917170667231501,0.8893816645170122,0.9860217351506453
2026-05-15 17:10:00+00:00,0.9917170667231501,0.8893816645170122,0.9860217351506453
2026-05-15 17:15:00+00:00,0.9917170667231501,0.8893816645170122,0.9860217351506453
2026-05-15 17:20:00+00:00,0.9917170667231501,0.8893816645170122,0.9860217351506453
2026-05-15 17:25:00+00:00,0.9917170667231501,0.8893816645170122,0.9860217351506453
2026-05-15 17:30:00+00:00,0.9917170667231501,0.8893816645170122,0.9860217351506453
2026-05-15 17:35:00+00:00,0.9917170667231501,0.8893816645170122,0.9860217351506453
2026-05-15 17:40:00+00:00,0.9917170667231501,0.8893816645170122,0.9860217351506453
2026-05-15 17:45:00+00:00,0.9917170667231501,0.8893816645170122,0.9860217351506453
2026-05-15 17:50:00+00:00,0.9917170667231501,0.8893816645170122,0.9860217351506453
2026-05-15 17:55:00+00:00,0.9917170667231501,0.8893816645170122,0.9860217351506453
2026-05-15 18:00:00+00:00,0.9917170667231501,0.8893816645170122,0.9860217351506453
2026-05-15 18:05:00+00:00,0.9917170667231501,0.8893816645170122,0.9860217351506453
2026-05-15 18:10:00+00:00,0.9917170667231501,0.8893816645170122,0.9860217351506453
2026-05-15 18:15:00+00:00,0.9917170667231501,0.8893816645170122,0.9860217351506453
2026-05-15 18:20:00+00:00,0.9917170667231501,0.8893816645170122,0.9860217351506453
2026-05-15 18:25:00+00:00,0.9917170667231501,0.8893816645170122,0.9860217351506453
2026-05-15 18:30:00+00:00,0.9917170667231501,0.8893816645170122,0.9860217351506453
2026-05-15 18:35:00+00:00,0.9917170667231501,0.8921827527766051,0.9860217351506453
2026-05-15 18:40:00+00:00,0.9917170667231501,0.8915562084807497,0.9860217351506453
2026-05-15 18:45:00+00:00,0.9917170667231501,0.891774448385327,0.9860217351506453
2026-05-15 18:50:00+00:00,0.9917170667231501,0.8902530155035174,0.9860217351506453
2026-05-15 18:55:00+00:00,0.9917170667231501,0.888311160301021,0.9860217351506453
2026-05-15 19:00:00+00:00,0.9917170667231501,0.8861509128652577,0.9860217351506453
2026-05-15 19:05:00+00:00,0.9917170667231501,0.885530607226252,0.9860217351506453
2026-05-15 19:10:00+00:00,0.9917170667231501,0.885530607226252,0.9860217351506453
2026-05-15 19:15:00+00:00,0.9917170667231501,0.885530607226252,0.9860217351506453
2026-05-15 19:20:00+00:00,0.9917170667231501,0.885530607226252,0.9860217351506453
2026-05-15 19:25:00+00:00,0.9917170667231501,0.885530607226252,0.9860217351506453
2026-05-15 19:30:00+00:00,0.9917170667231501,0.885530607226252,0.9860217351506453
2026-05-15 19:35:00+00:00,0.9917170667231501,0.885530607226252,0.9860217351506453
2026-05-15 19:40:00+00:00,0.9917170667231501,0.885530607226252,0.9860217351506453
2026-05-15 19:45:00+00:00,0.9917170667231501,0.885530607226252,0.9860217351506453
2026-05-15 19:50:00+00:00,0.9917170667231501,0.885530607226252,0.9860217351506453
2026-05-15 19:55:00+00:00,0.9917170667231501,0.885530607226252,0.9860217351506453
2026-05-18 13:30:00+00:00,0.9917170667231501,0.885530607226252,0.9860217351506453
2026-05-18 13:35:00+00:00,0.9917170667231501,0.885530607226252,0.9860217351506453
2026-05-18 13:40:00+00:00,0.9917170667231501,0.885530607226252,0.9860217351506453
2026-05-18 13:45:00+00:00,0.9917170667231501,0.885530607226252,0.9860217351506453
2026-05-18 13:50:00+00:00,0.9917170667231501,0.885530607226252,0.9860217351506453
2026-05-18 13:55:00+00:00,0.9917170667231501,0.885530607226252,0.9860217351506453
2026-05-18 14:00:00+00:00,0.9917170667231501,0.885530607226252,0.9860217351506453
2026-05-18 14:05:00+00:00,0.9917170667231501,0.885530607226252,0.9860217351506453
2026-05-18 14:10:00+00:00,0.9917170667231501,0.885530607226252,0.9860217351506453
2026-05-18 14:15:00+00:00,0.9917170667231501,0.8868755556189523,0.9860217351506453
2026-05-18 14:20:00+00:00,0.9917170667231501,0.8877476799032864,0.9860217351506453
2026-05-18 14:25:00+00:00,0.9917170667231501,0.8880401124387082,0.9860217351506453
2026-05-18 14:30:00+00:00,0.9917170667231501,0.8866924737788412,0.9860217351506453
2026-05-18 14:35:00+00:00,0.9917170667231501,0.886562196937587,0.9860217351506453
2026-05-18 14:40:00+00:00,0.9917170667231501,0.8836614836829665,0.9860217351506453
2026-05-18 14:45:00+00:00,0.9917170667231501,0.8820147522533056,0.9860217351506453
2026-05-18 14:50:00+00:00,0.9917170667231501,0.8813973419267283,0.9860217351506453
2026-05-18 14:55:00+00:00,0.9917170667231501,0.8813973419267283,0.9860217351506453
2026-05-18 15:00:00+00:00,0.9917170667231501,0.8813973419267283,0.9860217351506453
2026-05-18 15:05:00+00:00,0.9917170667231501,0.8813973419267283,0.9860217351506453
2026-05-18 15:10:00+00:00,0.9917170667231501,0.8813973419267283,0.9860217351506453
2026-05-18 15:15:00+00:00,0.9917170667231501,0.8813973419267283,0.9860217351506453
2026-05-18 15:20:00+00:00,0.9917170667231501,0.8813973419267283,0.9860217351506453
2026-05-18 15:25:00+00:00,0.9917170667231501,0.8813973419267283,0.9860217351506453
2026-05-18 15:30:00+00:00,0.9917170667231501,0.8813973419267283,0.9860217351506453
2026-05-18 15:35:00+00:00,0.9897292358782863,0.8813973419267283,0.9860217351506453
2026-05-18 15:40:00+00:00,0.9890364254131715,0.8813973419267283,0.9860217351506453
2026-05-18 15:45:00+00:00,0.9890364254131715,0.8813973419267283,0.9860217351506453
2026-05-18 15:50:00+00:00,0.9890364254131715,0.8813973419267283,0.9860217351506453
2026-05-18 15:55:00+00:00,0.9890364254131715,0.8813973419267283,0.9860217351506453
2026-05-18 16:00:00+00:00,0.9890364254131715,0.8813973419267283,0.9860217351506453
2026-05-18 16:05:00+00:00,0.9890364254131715,0.8813973419267283,0.9860217351506453
2026-05-18 16:10:00+00:00,0.9890364254131715,0.8813973419267283,0.9860217351506453
2026-05-18 16:15:00+00:00,0.9890364254131715,0.8813973419267283,0.9860217351506453
2026-05-18 16:20:00+00:00,0.9890364254131715,0.8813973419267283,0.9860217351506453
2026-05-18 16:25:00+00:00,0.9890364254131715,0.8788881541526727,0.9860217351506453
2026-05-18 16:30:00+00:00,0.9890364254131715,0.8777594676052705,0.9860217351506453
2026-05-18 16:35:00+00:00,0.9890364254131715,0.8777383046477039,0.9860217351506453
2026-05-18 16:40:00+00:00,0.9890364254131715,0.8793317854711019,0.9860217351506453
2026-05-18 16:45:00+00:00,0.9890364254131715,0.8796305991198033,0.9860217351506453
2026-05-18 16:50:00+00:00,0.9890364254131715,0.8794271011056731,0.9860217351506453
2026-05-18 16:55:00+00:00,0.9890364254131715,0.8817546618527607,0.9860217351506453
2026-05-18 17:00:00+00:00,0.9890364254131715,0.8852419295200756,0.9860217351506453
2026-05-18 17:05:00+00:00,0.9890364254131715,0.8854158992525737,0.9860217351506453
2026-05-18 17:10:00+00:00,0.9890364254131715,0.8855718360214386,0.9860217351506453
2026-05-18 17:15:00+00:00,0.9890364254131715,0.8873146701180722,0.9860217351506453
2026-05-18 17:20:00+00:00,0.9890364254131715,0.8881962160171394,0.9860217351506453
2026-05-18 17:25:00+00:00,0.9890364254131715,0.8891740999455466,0.9860217351506453
2026-05-18 17:30:00+00:00,0.9890364254131715,0.890192043463605,0.9860217351506453
2026-05-18 17:35:00+00:00,0.9890364254131715,0.8880146978691414,0.9860217351506453
2026-05-18 17:40:00+00:00,0.9890364254131715,0.887145669166686,0.9860217351506453
2026-05-18 17:45:00+00:00,0.9890364254131715,0.8878308663386956,0.9860217351506453
2026-05-18 17:50:00+00:00,0.9890364254131715,0.8875413382798015,0.9860217351506453
2026-05-18 17:55:00+00:00,0.9890364254131715,0.8877257074555627,0.9860217351506453
2026-05-18 18:00:00+00:00,0.9890364254131715,0.8866493999668544,0.9860217351506453
2026-05-18 18:05:00+00:00,0.9890364254131715,0.8864207419105249,0.9860217351506453
2026-05-18 18:10:00+00:00,0.9890364254131715,0.8844358258209702,0.9860217351506453
2026-05-18 18:15:00+00:00,0.9890364254131715,0.8838167207428955,0.9860217351506453
2026-05-18 18:20:00+00:00,0.9890364254131715,0.8838167207428955,0.9860217351506453
2026-05-18 18:25:00+00:00,0.9890364254131715,0.8838167207428955,0.9860217351506453
2026-05-18 18:30:00+00:00,0.9890364254131715,0.8838167207428955,0.9860217351506453
2026-05-18 18:35:00+00:00,0.9890364254131715,0.8838167207428955,0.9860217351506453
2026-05-18 18:40:00+00:00,0.9890364254131715,0.882463806054009,0.9860217351506453
2026-05-18 18:45:00+00:00,0.9890364254131715,0.8811543690056204,0.9860217351506453
2026-05-18 18:50:00+00:00,0.9890364254131715,0.8794060246316064,0.9860217351506453
2026-05-18 18:55:00+00:00,0.9890364254131715,0.8798795497881148,0.9860217351506453
2026-05-18 19:00:00+00:00,0.9890364254131715,0.8797495559728451,0.9860217351506453
2026-05-18 19:05:00+00:00,0.9890364254131715,0.8801080714768488,0.9860217351506453
2026-05-18 19:10:00+00:00,0.9890364254131715,0.8812980278670717,0.9860217351506453
2026-05-18 19:15:00+00:00,0.9890364254131715,0.879542357537921,0.9860217351506453
2026-05-18 19:20:00+00:00,0.9890364254131715,0.8807019916564229,0.9860217351506453
2026-05-18 19:25:00+00:00,0.9890364254131715,0.8809062067481724,0.9860217351506453
2026-05-18 19:30:00+00:00,0.9890364254131715,0.8826059479503137,0.9860217351506453
2026-05-18 19:35:00+00:00,0.9890364254131715,0.883627501969503,0.9860217351506453
2026-05-18 19:40:00+00:00,0.9890364254131715,0.8838325047091319,0.9860217351506453
2026-05-18 19:45:00+00:00,0.9890364254131715,0.883856422393044,0.9860217351506453
2026-05-18 19:50:00+00:00,0.9890364254131715,0.8867107138431541,0.9860217351506453
2026-05-18 19:55:00+00:00,0.9890364254131715,0.8868774972330319,0.9860217351506453
2026-05-19 13:30:00+00:00,0.9890364254131715,0.8799461095185807,0.9860217351506453
2026-05-19 13:35:00+00:00,0.9890364254131715,0.8793301472419176,0.9860217351506453
2026-05-19 13:40:00+00:00,0.9890364254131715,0.8793301472419176,0.9860217351506453
2026-05-19 13:45:00+00:00,0.9890364254131715,0.8793301472419176,0.9860217351506453
2026-05-19 13:50:00+00:00,0.9890364254131715,0.8793301472419176,0.9860217351506453
2026-05-19 13:55:00+00:00,0.9890364254131715,0.877252805445572,0.9860217351506453
2026-05-19 14:00:00+00:00,0.9890364254131715,0.8759730628190282,0.9860217351506453
2026-05-19 14:05:00+00:00,0.9890364254131715,0.8746268014981748,0.9860217351506453
2026-05-19 14:10:00+00:00,0.9890364254131715,0.8730644872069842,0.9860217351506453
2026-05-19 14:15:00+00:00,0.9890364254131715,0.8724533420659393,0.9860217351506453
2026-05-19 14:20:00+00:00,0.9890364254131715,0.8724533420659393,0.9860217351506453
2026-05-19 14:25:00+00:00,0.987177125176601,0.8724533420659393,0.9860217351506453
2026-05-19 14:30:00+00:00,0.9857129162691408,0.8724533420659393,0.9860217351506453
2026-05-19 14:35:00+00:00,0.9850229172277524,0.8724533420659393,0.9860217351506453
2026-05-19 14:40:00+00:00,0.9850229172277524,0.8724533420659393,0.9860217351506453
2026-05-19 14:45:00+00:00,0.9850229172277524,0.8724533420659393,0.9860217351506453
2026-05-19 14:50:00+00:00,0.9850229172277524,0.8724533420659393,0.9860217351506453
2026-05-19 14:55:00+00:00,0.9850229172277524,0.8724533420659393,0.9860217351506453
2026-05-19 15:00:00+00:00,0.9850229172277524,0.8724533420659393,0.9860217351506453
2026-05-19 15:05:00+00:00,0.9850229172277524,0.8724533420659393,0.9860217351506453
2026-05-19 15:10:00+00:00,0.9850229172277524,0.8724533420659393,0.9860217351506453
2026-05-19 15:15:00+00:00,0.9850229172277524,0.8724533420659393,0.9860217351506453
2026-05-19 15:20:00+00:00,0.9850229172277524,0.8724533420659393,0.9860217351506453
2026-05-19 15:25:00+00:00,0.9850229172277524,0.8724533420659393,0.9860217351506453
2026-05-19 15:30:00+00:00,0.9850229172277524,0.8724533420659393,0.9860217351506453
2026-05-19 15:35:00+00:00,0.9850229172277524,0.8724533420659393,0.9860217351506453
2026-05-19 15:40:00+00:00,0.9850229172277524,0.8724533420659393,0.9860217351506453
2026-05-19 15:45:00+00:00,0.9850229172277524,0.8724533420659393,0.9860217351506453
2026-05-19 15:50:00+00:00,0.9850229172277524,0.8724533420659393,0.9860217351506453
2026-05-19 15:55:00+00:00,0.9850229172277524,0.8724533420659393,0.9860217351506453
2026-05-19 16:00:00+00:00,0.9850229172277524,0.8724533420659393,0.9860217351506453
2026-05-19 16:05:00+00:00,0.9850229172277524,0.8724533420659393,0.9860217351506453
2026-05-19 16:10:00+00:00,0.9850229172277524,0.8724533420659393,0.9860217351506453
2026-05-19 16:15:00+00:00,0.9850229172277524,0.8724533420659393,0.9860217351506453
2026-05-19 16:20:00+00:00,0.9850229172277524,0.8724533420659393,0.9860217351506453
2026-05-19 16:25:00+00:00,0.9850229172277524,0.8724533420659393,0.9860217351506453
2026-05-19 16:30:00+00:00,0.9850229172277524,0.8724533420659393,0.9860217351506453
2026-05-19 16:35:00+00:00,0.9850229172277524,0.8724533420659393,0.9860217351506453
2026-05-19 16:40:00+00:00,0.9850229172277524,0.8724533420659393,0.9860217351506453
2026-05-19 16:45:00+00:00,0.9850229172277524,0.8724533420659393,0.9860217351506453
2026-05-19 16:50:00+00:00,0.9850229172277524,0.8682138216567211,0.9860217351506453
2026-05-19 16:55:00+00:00,0.9850229172277524,0.8675467697670073,0.9860217351506453
2026-05-19 17:00:00+00:00,0.9850229172277524,0.8662795167803325,0.9860217351506453
2026-05-19 17:05:00+00:00,0.9850229172277524,0.8656731211185863,0.9860217351506453
2026-05-19 17:10:00+00:00,0.9850229172277524,0.8656731211185863,0.9860217351506453
2026-05-19 17:15:00+00:00,0.9850229172277524,0.8656731211185863,0.9860217351506453
2026-05-19 17:20:00+00:00,0.9850229172277524,0.8656731211185863,0.9860217351506453
2026-05-19 17:25:00+00:00,0.9850229172277524,0.8656731211185863,0.9860217351506453
2026-05-19 17:30:00+00:00,0.9850229172277524,0.8656731211185863,0.9860217351506453
2026-05-19 17:35:00+00:00,0.9850229172277524,0.8688226409807629,0.9860217351506453
2026-05-19 17:40:00+00:00,0.9850229172277524,0.8733661484509959,0.9860217351506453
2026-05-19 17:45:00+00:00,0.9850229172277524,0.8748159151273134,0.9860217351506453
2026-05-19 17:50:00+00:00,0.9850229172277524,0.8749937285500783,0.9860217351506453
2026-05-19 17:55:00+00:00,0.9850229172277524,0.8773750045884839,0.9860217351506453
2026-05-19 18:00:00+00:00,0.9850229172277524,0.8770305222741638,0.9860217351506453
2026-05-19 18:05:00+00:00,0.9850229172277524,0.8800993059391241,0.9860217351506453
2026-05-19 18:10:00+00:00,0.9850229172277524,0.8827134049845337,0.9860217351506453
2026-05-19 18:15:00+00:00,0.9850229172277524,0.8836114403658013,0.9860217351506453
2026-05-19 18:20:00+00:00,0.9850229172277524,0.8845152741723745,0.9860217351506453
2026-05-19 18:25:00+00:00,0.9850229172277524,0.8818481776389743,0.9860217351506453
2026-05-19 18:30:00+00:00,0.9850229172277524,0.8807285474133267,0.9860217351506453
2026-05-19 18:35:00+00:00,0.9850229172277524,0.8780149325238921,0.9860217351506453
2026-05-19 18:40:00+00:00,0.9850229172277524,0.8758791740687215,0.9860217351506453
2026-05-19 18:45:00+00:00,0.9850229172277524,0.8762575321861923,0.9860217351506453
2026-05-19 18:50:00+00:00,0.9850229172277524,0.8776320200286202,0.9860217351506453
2026-05-19 18:55:00+00:00,0.9850229172277524,0.878449514358429,0.9860217351506453
2026-05-19 19:00:00+00:00,0.9850229172277524,0.8779750710824168,0.9860217351506453
2026-05-19 19:05:00+00:00,0.9850229172277524,0.8774212094796914,0.9860217351506453
2026-05-19 19:10:00+00:00,0.9850229172277524,0.8781459438929168,0.9860217351506453
2026-05-19 19:15:00+00:00,0.9850229172277524,0.8782724830906784,0.9860217351506453
2026-05-19 19:20:00+00:00,0.9850229172277524,0.8800818918770588,0.9860217351506453
2026-05-19 19:25:00+00:00,0.9850229172277524,0.8806484652930358,0.9860217351506453
2026-05-19 19:30:00+00:00,0.9850229172277524,0.8839615166153751,0.9860217351506453
2026-05-19 19:35:00+00:00,0.9850229172277524,0.884560747883124,0.9860217351506453
2026-05-19 19:40:00+00:00,0.9850229172277524,0.8830865920767008,0.9860217351506453
2026-05-19 19:45:00+00:00,0.9850229172277524,0.8811153846363976,0.9860217351506453
2026-05-19 19:50:00+00:00,0.9850229172277524,0.8835691955024592,0.9860217351506453
2026-05-19 19:55:00+00:00,0.9850229172277524,0.8825043591587948,0.9860217351506453
2026-05-20 13:30:00+00:00,0.9850229172277524,0.8675663454364907,0.9860217351506453
2026-05-20 13:35:00+00:00,0.9850229172277524,0.8669590489946851,0.9860217351506453
2026-05-20 13:40:00+00:00,0.9850229172277524,0.8669590489946851,0.9860217351506453
2026-05-20 13:45:00+00:00,0.9850229172277524,0.8669590489946851,0.9860217351506453
2026-05-20 13:50:00+00:00,0.9850229172277524,0.8669590489946851,0.9860217351506453
2026-05-20 13:55:00+00:00,0.9850229172277524,0.8669590489946851,0.9860217351506453
2026-05-20 14:00:00+00:00,0.9850229172277524,0.8669590489946851,0.9860217351506453
2026-05-20 14:05:00+00:00,0.9850229172277524,0.8669590489946851,0.9860217351506453
2026-05-20 14:10:00+00:00,0.9850229172277524,0.8669590489946851,0.9860217351506453
2026-05-20 14:15:00+00:00,0.9850229172277524,0.8669590489946851,0.9860217351506453
2026-05-20 14:20:00+00:00,0.9850229172277524,0.8669590489946851,0.9860217351506453
2026-05-20 14:25:00+00:00,0.9850229172277524,0.8669590489946851,0.9860217351506453
2026-05-20 14:30:00+00:00,0.9850229172277524,0.8669590489946851,0.9860217351506453
2026-05-20 14:35:00+00:00,0.9850229172277524,0.8669590489946851,0.9860217351506453
2026-05-20 14:40:00+00:00,0.9850229172277524,0.8669590489946851,0.9860217351506453
2026-05-20 14:45:00+00:00,0.9850229172277524,0.8669590489946851,0.9860217351506453
2026-05-20 14:50:00+00:00,0.9850229172277524,0.8672378827167336,0.9860217351506453
2026-05-20 14:55:00+00:00,0.9850229172277524,0.8664626273660608,0.9860217351506453
2026-05-20 15:00:00+00:00,0.9850229172277524,0.8644515149018,0.9860217351506453
2026-05-20 15:05:00+00:00,0.9850229172277524,0.8651388184821717,0.9860217351506453
2026-05-20 15:10:00+00:00,0.9850229172277524,0.8632192675229104,0.9860217351506453
2026-05-20 15:15:00+00:00,0.9850229172277524,0.8606392082184671,0.9860217351506453
2026-05-20 15:20:00+00:00,0.9850229172277524,0.8600367607727141,0.9860217351506453
2026-05-20 15:25:00+00:00,0.9850229172277524,0.8600367607727141,0.9860217351506453
2026-05-20 15:30:00+00:00,0.9850229172277524,0.8600367607727141,0.9860217351506453
2026-05-20 15:35:00+00:00,0.9850229172277524,0.8600367607727141,0.9860217351506453
2026-05-20 15:40:00+00:00,0.9850229172277524,0.8600367607727141,0.9860217351506453
2026-05-20 15:45:00+00:00,0.9850229172277524,0.8600367607727141,0.9860217351506453
2026-05-20 15:50:00+00:00,0.9850229172277524,0.8600367607727141,0.9860217351506453
2026-05-20 15:55:00+00:00,0.9850229172277524,0.8600367607727141,0.9860217351506453
2026-05-20 16:00:00+00:00,0.9850229172277524,0.8600367607727141,0.9860217351506453
2026-05-20 16:05:00+00:00,0.9850229172277524,0.8600367607727141,0.9860217351506453
2026-05-20 16:10:00+00:00,0.9850229172277524,0.8600367607727141,0.9860217351506453
2026-05-20 16:15:00+00:00,0.9850229172277524,0.8600367607727141,0.9860217351506453
2026-05-20 16:20:00+00:00,0.9850229172277524,0.8600367607727141,0.9860217351506453
2026-05-20 16:25:00+00:00,0.9850229172277524,0.8600367607727141,0.9860217351506453
2026-05-20 16:30:00+00:00,0.9850229172277524,0.8600367607727141,0.9860217351506453
2026-05-20 16:35:00+00:00,0.9850229172277524,0.8600367607727141,0.9860217351506453
2026-05-20 16:40:00+00:00,0.9850229172277524,0.8600367607727141,0.9860217351506453
2026-05-20 16:45:00+00:00,0.9850229172277524,0.8600367607727141,0.9860217351506453
2026-05-20 16:50:00+00:00,0.9850229172277524,0.8600367607727141,0.9860217351506453
2026-05-20 16:55:00+00:00,0.9850229172277524,0.8600367607727141,0.9860217351506453
2026-05-20 17:00:00+00:00,0.9850229172277524,0.8600367607727141,0.9860217351506453
2026-05-20 17:05:00+00:00,0.9829670528301491,0.8600367607727141,0.9860217351506453
2026-05-20 17:10:00+00:00,0.9822789758931679,0.8600367607727141,0.9860217351506453
2026-05-20 17:15:00+00:00,0.9822789758931679,0.8600367607727141,0.9860217351506453
2026-05-20 17:20:00+00:00,0.9822789758931679,0.8600367607727141,0.9860217351506453
2026-05-20 17:25:00+00:00,0.9822789758931679,0.8600367607727141,0.9860217351506453
2026-05-20 17:30:00+00:00,0.9822789758931679,0.8600367607727141,0.9860217351506453
2026-05-20 17:35:00+00:00,0.9822789758931679,0.8600367607727141,0.9860217351506453
2026-05-20 17:40:00+00:00,0.9822789758931679,0.8582001330541498,0.9860217351506453
2026-05-20 17:45:00+00:00,0.9822789758931679,0.8584581049257561,0.9860217351506453
2026-05-20 17:50:00+00:00,0.9822789758931679,0.8570144830900873,0.9860217351506453
2026-05-20 17:55:00+00:00,0.9822789758931679,0.8563074742665769,0.9860217351506453
2026-05-20 18:00:00+00:00,0.9822789758931679,0.8561515271762572,0.9860217351506453
2026-05-20 18:05:00+00:00,0.9822789758931679,0.8581232442118183,0.9860217351506453
2026-05-20 18:10:00+00:00,0.9822789758931679,0.8585059461826373,0.9860217351506453
2026-05-20 18:15:00+00:00,0.9822789758931679,0.8605037936136426,0.9860217351506453
2026-05-20 18:20:00+00:00,0.9822789758931679,0.8582073868738693,0.9860217351506453
2026-05-20 18:25:00+00:00,0.9822789758931679,0.8594975386065626,0.9860217351506453
2026-05-20 18:30:00+00:00,0.9822789758931679,0.859926656933819,0.9860217351506453
2026-05-20 18:35:00+00:00,0.9822789758931679,0.8580421739324033,0.9860217351506453
2026-05-20 18:40:00+00:00,0.9822789758931679,0.8585974020016781,0.9860217351506453
2026-05-20 18:45:00+00:00,0.9822789758931679,0.8604905818582201,0.9860217351506453
2026-05-20 18:50:00+00:00,0.9822789758931679,0.8605440598097674,0.9860217351506453
2026-05-20 18:55:00+00:00,0.9822789758931679,0.8640385484400305,0.9860217351506453
2026-05-20 19:00:00+00:00,0.9822789758931679,0.8640328707226075,0.9860217351506453
2026-05-20 19:05:00+00:00,0.9822789758931679,0.8663474831408082,0.9860217351506453
2026-05-20 19:10:00+00:00,0.9822789758931679,0.8640705343490797,0.9860217351506453
2026-05-20 19:15:00+00:00,0.9822789758931679,0.8638345434731003,0.9860217351506453
2026-05-20 19:20:00+00:00,0.9822789758931679,0.8665275120417855,0.9860217351506453
2026-05-20 19:25:00+00:00,0.9822789758931679,0.8661568917713722,0.9860217351506453
2026-05-20 19:30:00+00:00,0.9822789758931679,0.8664899126050075,0.9860217351506453
2026-05-20 19:35:00+00:00,0.9822789758931679,0.8670032018607827,0.9860217351506453
2026-05-20 19:40:00+00:00,0.9822789758931679,0.8669361987171642,0.9860217351506453
2026-05-20 19:45:00+00:00,0.9822789758931679,0.8668724764431369,0.9860217351506453
2026-05-20 19:50:00+00:00,0.9822789758931679,0.8656607745489102,0.9860217351506453
2026-05-20 19:55:00+00:00,0.9822789758931679,0.8658126031738803,0.9860217351506453
2026-05-21 13:30:00+00:00,0.9822789758931679,0.8665362050844945,0.9860217351506453
2026-05-21 13:35:00+00:00,0.9822789758931679,0.864936742577833,0.9860217351506453
2026-05-21 13:40:00+00:00,0.9822789758931679,0.8657571518393113,0.9860217351506453
2026-05-21 13:45:00+00:00,0.9828222278667761,0.8668419911176536,0.9860217351506453
2026-05-21 13:50:00+00:00,0.9788157426570293,0.863308300570037,0.9860217351506453
2026-05-21 13:55:00+00:00,0.9781305716371693,0.8627039847596379,0.9860217351506453
2026-05-21 14:00:00+00:00,0.9781305716371693,0.8627039847596379,0.9860217351506453
2026-05-21 14:05:00+00:00,0.9781305716371693,0.8627039847596379,0.9860217351506453
2026-05-21 14:10:00+00:00,0.9781305716371693,0.8629351259046592,0.9860217351506453
2026-05-21 14:15:00+00:00,0.9781305716371693,0.8631250725600929,0.9860217351506453
2026-05-21 14:20:00+00:00,0.9781305716371693,0.8624460549799638,0.9860217351506453
2026-05-21 14:25:00+00:00,0.9781305716371693,0.8603967256810986,0.9860217351506453
2026-05-21 14:30:00+00:00,0.9781305716371693,0.8582087852544554,0.9860217351506453
2026-05-21 14:35:00+00:00,0.9781305716371693,0.8576080391047772,0.9860217351506453
2026-05-21 14:40:00+00:00,0.9781305716371693,0.8576080391047772,0.9860217351506453
2026-05-21 14:45:00+00:00,0.9781305716371693,0.8576080391047772,0.9860217351506453
2026-05-21 14:50:00+00:00,0.9781305716371693,0.8576080391047772,0.9860217351506453
2026-05-21 14:55:00+00:00,0.9781305716371693,0.857097365037056,0.9860217351506453
2026-05-21 15:00:00+00:00,0.9781305716371693,0.8588004031518734,0.9860217351506453
2026-05-21 15:05:00+00:00,0.9781305716371693,0.8587442965786932,0.9860217351506453
2026-05-21 15:10:00+00:00,0.9781305716371693,0.860569260563385,0.9860217351506453
2026-05-21 15:15:00+00:00,0.9781305716371693,0.8612319409994582,0.9860217351506453
2026-05-21 15:20:00+00:00,0.9781305716371693,0.861505838884409,0.9860217351506453
2026-05-21 15:25:00+00:00,0.9781305716371693,0.8615045602894603,0.9860217351506453
2026-05-21 15:30:00+00:00,0.9781305716371693,0.8637624995290788,0.9860217351506453
2026-05-21 15:35:00+00:00,0.9781305716371693,0.8636697495321072,0.9860217351506453
2026-05-21 15:40:00+00:00,0.9781305716371693,0.8616568065202718,0.9860217351506453
2026-05-21 15:45:00+00:00,0.9781305716371693,0.8627580943640475,0.9860217351506453
2026-05-21 15:50:00+00:00,0.9781305716371693,0.8624445148161016,0.9860217351506453
2026-05-21 15:55:00+00:00,0.9781305716371693,0.8640194288412001,0.9860217351506453
2026-05-21 16:00:00+00:00,0.9781305716371693,0.8624998248827501,0.9860217351506453
2026-05-21 16:05:00+00:00,0.9781305716371693,0.8640990644218375,0.9860217351506453
2026-05-21 16:10:00+00:00,0.9781305716371693,0.8636941897063287,0.9860217351506453
2026-05-21 16:15:00+00:00,0.9781305716371693,0.8618703890462176,0.9860217351506453
2026-05-21 16:20:00+00:00,0.9781305716371693,0.8610029468388656,0.9860217351506453
2026-05-21 16:25:00+00:00,0.9781305716371693,0.8632027281252889,0.9860217351506453
2026-05-21 16:30:00+00:00,0.9781305716371693,0.865903567699806,0.9860217351506453
2026-05-21 16:35:00+00:00,0.9781305716371693,0.8664616735223853,0.9860217351506453
2026-05-21 16:40:00+00:00,0.9781305716371693,0.8634808445040636,0.9860217351506453
2026-05-21 16:45:00+00:00,0.9781305716371693,0.8610394714982246,0.9860217351506453
2026-05-21 16:50:00+00:00,0.9781305716371693,0.8604367438681758,0.9860217351506453
2026-05-21 16:55:00+00:00,0.9781305716371693,0.8604367438681758,0.9860217351506453
2026-05-21 17:00:00+00:00,0.9781305716371693,0.8604367438681758,0.9860217351506453
2026-05-21 17:05:00+00:00,0.9781305716371693,0.8604367438681758,0.9860217351506453
2026-05-21 17:10:00+00:00,0.9781305716371693,0.8604367438681758,0.9860217351506453
2026-05-21 17:15:00+00:00,0.9781305716371693,0.8604367438681758,0.9860217351506453
2026-05-21 17:20:00+00:00,0.9781305716371693,0.8604367438681758,0.9860217351506453
2026-05-21 17:25:00+00:00,0.9781305716371693,0.8604367438681758,0.9860217351506453
2026-05-21 17:30:00+00:00,0.9781305716371693,0.8604367438681758,0.9860217351506453
2026-05-21 17:35:00+00:00,0.9781305716371693,0.861928379888783,0.9860217351506453
2026-05-21 17:40:00+00:00,0.9781305716371693,0.863531077822595,0.9860217351506453
2026-05-21 17:45:00+00:00,0.9781305716371693,0.8662239886846423,0.9860217351506453
2026-05-21 17:50:00+00:00,0.9781305716371693,0.8651289873937154,0.9860217351506453
2026-05-21 17:55:00+00:00,0.9781305716371693,0.8644033371502304,0.9860217351506453
2026-05-21 18:00:00+00:00,0.9781305716371693,0.8630014301409601,0.9860217351506453
2026-05-21 18:05:00+00:00,0.9781305716371693,0.8648459195716103,0.9860217351506453
2026-05-21 18:10:00+00:00,0.9781305716371693,0.8651367674498104,0.9860217351506453
2026-05-21 18:15:00+00:00,0.9781305716371693,0.8656011264283883,0.9860217351506453
2026-05-21 18:20:00+00:00,0.9781305716371693,0.8648397402097462,0.9860217351506453
2026-05-21 18:25:00+00:00,0.9781305716371693,0.8630888058469395,0.9860217351506453
2026-05-21 18:30:00+00:00,0.9781305716371693,0.8610071839777201,0.9860217351506453
2026-05-21 18:35:00+00:00,0.9781305716371693,0.8604044789489357,0.9860217351506453
2026-05-21 18:40:00+00:00,0.9781305716371693,0.8604044789489357,0.9860217351506453
2026-05-21 18:45:00+00:00,0.9781305716371693,0.8604044789489357,0.9860217351506453
2026-05-21 18:50:00+00:00,0.9781305716371693,0.8604044789489357,0.9860217351506453
2026-05-21 18:55:00+00:00,0.9781305716371693,0.8604044789489357,0.9860217351506453
2026-05-21 19:00:00+00:00,0.9781305716371693,0.8604044789489357,0.9860217351506453
2026-05-21 19:05:00+00:00,0.9781305716371693,0.8604044789489357,0.9860217351506453
2026-05-21 19:10:00+00:00,0.9781305716371693,0.8604044789489357,0.9860217351506453
2026-05-21 19:15:00+00:00,0.9781305716371693,0.8604044789489357,0.9860217351506453
2026-05-21 19:20:00+00:00,0.9781305716371693,0.8604044789489357,0.9860217351506453
2026-05-21 19:25:00+00:00,0.9781305716371693,0.8604044789489357,0.9860217351506453
2026-05-21 19:30:00+00:00,0.9781305716371693,0.8604044789489357,0.9860217351506453
2026-05-21 19:35:00+00:00,0.9781305716371693,0.8604044789489357,0.9860217351506453
2026-05-21 19:40:00+00:00,0.9781305716371693,0.8604044789489357,0.9860217351506453
2026-05-21 19:45:00+00:00,0.9781305716371693,0.8604044789489357,0.9860217351506453
2026-05-21 19:50:00+00:00,0.9781305716371693,0.8604044789489357,0.9860217351506453
2026-05-21 19:55:00+00:00,0.9781305716371693,0.8604044789489357,0.9860217351506453
2026-05-22 13:30:00+00:00,0.9781305716371693,0.8604044789489357,0.9860217351506453
2026-05-22 13:35:00+00:00,0.9781305716371693,0.8604044789489357,0.9860217351506453
2026-05-22 13:40:00+00:00,0.9781305716371693,0.8604044789489357,0.9860217351506453
2026-05-22 13:45:00+00:00,0.9781305716371693,0.8604044789489357,0.9860217351506453
2026-05-22 13:50:00+00:00,0.9781305716371693,0.8604044789489357,0.9860217351506453
2026-05-22 13:55:00+00:00,0.9798166050957855,0.8604044789489357,0.9860217351506453
2026-05-22 14:00:00+00:00,0.9821048848624314,0.8618115985427851,0.9860217351506453
2026-05-22 14:05:00+00:00,0.9813718381960498,0.8611683392238486,0.9860217351506453
2026-05-22 14:10:00+00:00,0.9791058535701699,0.8591799041159461,0.9860217351506453
2026-05-22 14:15:00+00:00,0.9794750367213069,0.8595038678051004,0.9860217351506453
2026-05-22 14:20:00+00:00,0.9802771053390982,0.8602076949098159,0.9860217351506453
2026-05-22 14:25:00+00:00,0.9799742738732476,0.8599419558083244,0.9860217351506453
2026-05-22 14:30:00+00:00,0.9777551121051974,0.8579946084524295,0.9860217351506453
2026-05-22 14:35:00+00:00,0.9770706835267238,0.8584938089868713,0.9860217351506453
2026-05-22 14:40:00+00:00,0.9770706835267238,0.8584226551577604,0.9860217351506453
2026-05-22 14:45:00+00:00,0.9770706835267238,0.8581986830965179,0.9860217351506453
2026-05-22 14:50:00+00:00,0.9770706835267238,0.8586815975578262,0.9860217351506453
2026-05-22 14:55:00+00:00,0.9763536051968542,0.8586524828422527,0.9860217351506453
2026-05-22 15:00:00+00:00,0.9749441653859505,0.8574129534477715,0.9860217351506453
2026-05-22 15:05:00+00:00,0.9742617044701803,0.856812764380358,0.9860217351506453
2026-05-22 15:10:00+00:00,0.9742617044701803,0.856812764380358,0.9860217351506453
2026-05-22 15:15:00+00:00,0.9742617044701803,0.856812764380358,0.9860217351506453
2026-05-22 15:20:00+00:00,0.9742617044701803,0.856812764380358,0.9860217351506453
2026-05-22 15:25:00+00:00,0.9742617044701803,0.856812764380358,0.9860217351506453
2026-05-22 15:30:00+00:00,0.9742617044701803,0.856812764380358,0.9860217351506453
2026-05-22 15:35:00+00:00,0.9742617044701803,0.856812764380358,0.9860217351506453
2026-05-22 15:40:00+00:00,0.9742617044701803,0.856812764380358,0.9860217351506453
2026-05-22 15:45:00+00:00,0.9742617044701803,0.856812764380358,0.9860217351506453
2026-05-22 15:50:00+00:00,0.9742617044701803,0.856812764380358,0.9860217351506453
2026-05-22 15:55:00+00:00,0.9742617044701803,0.856812764380358,0.9860217351506453
2026-05-22 16:00:00+00:00,0.9742617044701803,0.856812764380358,0.9860217351506453
2026-05-22 16:05:00+00:00,0.9742617044701803,0.856812764380358,0.9860217351506453
2026-05-22 16:10:00+00:00,0.9742617044701803,0.856812764380358,0.9860217351506453
2026-05-22 16:15:00+00:00,0.9742617044701803,0.8570005523555237,0.9860217351506453
2026-05-22 16:20:00+00:00,0.9742617044701803,0.8589600722255801,0.9860217351506453
2026-05-22 16:25:00+00:00,0.9742617044701803,0.8587988481823898,0.9860217351506453
2026-05-22 16:30:00+00:00,0.9742617044701803,0.8563476550198049,0.9860217351506453
2026-05-22 16:35:00+00:00,0.9742617044701803,0.8564627527160256,0.9860217351506453
2026-05-22 16:40:00+00:00,0.9742617044701803,0.8561459961023966,0.9860217351506453
2026-05-22 16:45:00+00:00,0.9742617044701803,0.8542272030445764,0.9860217351506453
2026-05-22 16:50:00+00:00,0.9742617044701803,0.8536292440024452,0.9860217351506453
2026-05-22 16:55:00+00:00,0.9732628108910175,0.8536292440024452,0.9860217351506453
2026-05-22 17:00:00+00:00,0.9721379435369808,0.8536292440024452,0.9860217351506453
2026-05-22 17:05:00+00:00,0.9714574469765048,0.8536292440024452,0.9860217351506453
2026-05-22 17:10:00+00:00,0.9714574469765048,0.8536292440024452,0.9860217351506453
2026-05-22 17:15:00+00:00,0.9714574469765048,0.8536292440024452,0.9860217351506453
2026-05-22 17:20:00+00:00,0.9714574469765048,0.8536292440024452,0.9860217351506453
2026-05-22 17:25:00+00:00,0.9714574469765048,0.8536292440024452,0.9860217351506453
2026-05-22 17:30:00+00:00,0.9714574469765048,0.8536292440024452,0.9860217351506453
2026-05-22 17:35:00+00:00,0.9714574469765048,0.8536292440024452,0.9860217351506453
2026-05-22 17:40:00+00:00,0.9714574469765048,0.8536292440024452,0.9860217351506453
2026-05-22 17:45:00+00:00,0.9714574469765048,0.8506592366279884,0.9860217351506453
2026-05-22 17:50:00+00:00,0.9714574469765048,0.8516394087347537,0.9860217351506453
2026-05-22 17:55:00+00:00,0.9714574469765048,0.8510865829503536,0.9860217351506453
2026-05-22 18:00:00+00:00,0.9714574469765048,0.8502249765284087,0.9860217351506453
2026-05-22 18:05:00+00:00,0.9714574469765048,0.8496298190448388,0.9860217351506453
2026-05-22 18:10:00+00:00,0.9714574469765048,0.8496298190448388,0.9860217351506453
2026-05-22 18:15:00+00:00,0.9714574469765048,0.8496298190448388,0.9860217351506453
2026-05-22 18:20:00+00:00,0.9714574469765048,0.8496298190448388,0.9860217351506453
2026-05-22 18:25:00+00:00,0.9714574469765048,0.8496298190448388,0.9860217351506453
2026-05-22 18:30:00+00:00,0.9714574469765048,0.8496298190448388,0.9860217351506453
2026-05-22 18:35:00+00:00,0.9720670778766223,0.8496298190448388,0.9860217351506453
2026-05-22 18:40:00+00:00,0.9740270012786046,0.8496298190448388,0.9860217351506453
2026-05-22 18:45:00+00:00,0.9758225458286727,0.8496298190448388,0.9860217351506453
2026-05-22 18:50:00+00:00,0.97470663182843,0.8480634734323581,0.9860217351506453
2026-05-22 18:55:00+00:00,0.976062284671272,0.8492429869609697,0.9860217351506453
2026-05-22 19:00:00+00:00,0.9795502128366823,0.8522777303170209,0.9860217351506453
2026-05-22 19:05:00+00:00,0.98027997361873,0.8529126736357476,0.9860217351506453
2026-05-22 19:10:00+00:00,0.9780264171667107,0.850951920676993,0.9860217351506453
2026-05-22 19:15:00+00:00,0.9788177006089703,0.8516403930466263,0.9860217351506453
2026-05-22 19:20:00+00:00,0.9768575829145147,0.8499349524904479,0.9860217351506453
2026-05-22 19:25:00+00:00,0.9756303558170504,0.8488671784126072,0.9860217351506453
2026-05-22 19:30:00+00:00,0.9758172218172949,0.8490297650043661,0.9860217351506453
2026-05-22 19:35:00+00:00,0.9784305941236795,0.8513035831186093,0.9860217351506453
2026-05-22 19:40:00+00:00,0.9775983360140806,0.8505794599002265,0.9860217351506453
2026-05-22 19:45:00+00:00,0.9771226244136074,0.8501655572765288,0.9860217351506453
2026-05-22 19:50:00+00:00,0.9791598619788457,0.8519380975562044,0.9860217351506453
2026-05-22 19:55:00+00:00,0.9791598619788457,0.8519380975562044,0.9860217351506453
