,vwap_pullback,ema_breakout,rsi_mean_reversion
2026-03-31 17:00:00+00:00,1.0,1.0,1.0
2026-03-31 17:05:00+00:00,1.0,1.0,1.0
2026-03-31 17:10:00+00:00,1.0,1.0,1.0
2026-03-31 17:15:00+00:00,1.0,1.0,1.0
2026-03-31 17:20:00+00:00,1.0,1.0,1.0
2026-03-31 17:25:00+00:00,1.0,1.0,1.0
2026-03-31 17:30:00+00:00,1.0,1.0,1.0
2026-03-31 17:35:00+00:00,1.0,1.0,1.0
2026-03-31 17:40:00+00:00,1.0,1.0,1.0
2026-03-31 17:45:00+00:00,1.0,1.0,1.0
2026-03-31 17:50:00+00:00,1.0,1.0,1.0
2026-03-31 17:55:00+00:00,1.0,1.0,1.0
2026-03-31 18:00:00+00:00,1.0,1.0,1.0
2026-03-31 18:05:00+00:00,1.0,1.0,1.0
2026-03-31 18:10:00+00:00,1.0,1.0,1.0
2026-03-31 18:15:00+00:00,1.0,1.0,1.0
2026-03-31 18:20:00+00:00,1.0,1.0,1.0
2026-03-31 18:25:00+00:00,1.0,1.0,1.0
2026-03-31 18:30:00+00:00,1.0,1.0,1.0
2026-03-31 18:35:00+00:00,1.0,1.0,1.0
2026-03-31 18:40:00+00:00,1.0,1.0,1.0
2026-03-31 18:45:00+00:00,1.0,1.0,1.0
2026-03-31 18:50:00+00:00,1.0,1.0,1.0
2026-03-31 18:55:00+00:00,1.0,1.0,1.0
2026-03-31 19:00:00+00:00,1.0,1.0,1.0
2026-03-31 19:05:00+00:00,1.0,1.0,1.0
2026-03-31 19:10:00+00:00,1.0,1.0,1.0
2026-03-31 19:15:00+00:00,1.0,1.0,1.0
2026-03-31 19:20:00+00:00,1.0,1.0,1.0
2026-03-31 19:25:00+00:00,1.0,1.0,1.0
2026-03-31 19:30:00+00:00,1.0,1.0,1.0
2026-03-31 19:35:00+00:00,1.0,1.0,1.0
2026-03-31 19:40:00+00:00,1.0,1.0,1.0
2026-03-31 19:45:00+00:00,1.0,1.0,1.0
2026-03-31 19:50:00+00:00,1.0,1.0,1.0
2026-03-31 19:55:00+00:00,1.0,1.000112552926956,1.0
2026-04-01 13:30:00+00:00,1.0,1.0015178019237554,1.0
2026-04-01 13:35:00+00:00,1.0,1.0001890729189402,1.0
2026-04-01 13:40:00+00:00,1.0,1.00580527273312,1.0
2026-04-01 13:45:00+00:00,1.0,1.0045482650064559,1.0
2026-04-01 13:50:00+00:00,1.0,1.0053256449445231,1.0
2026-04-01 13:55:00+00:00,1.0,1.0074775484035432,1.0
2026-04-01 14:00:00+00:00,1.0,1.0067844228333218,1.0
2026-04-01 14:05:00+00:00,1.0,1.004907836572783,1.0
2026-04-01 14:10:00+00:00,1.0,1.0039352672990418,1.0
2026-04-01 14:15:00+00:00,1.0,1.0030508965727518,1.0
2026-04-01 14:20:00+00:00,1.0,1.0044194114425835,1.0
2026-04-01 14:25:00+00:00,1.0,1.0016681458302543,1.0
2026-04-01 14:30:00+00:00,1.0,1.001853819374884,1.0
2026-04-01 14:35:00+00:00,1.0,1.0004751675458874,1.0
2026-04-01 14:40:00+00:00,1.0,0.9997748349286052,1.0
2026-04-01 14:45:00+00:00,1.0,0.9997748349286052,1.0
2026-04-01 14:50:00+00:00,1.0,0.9997748349286052,1.0
2026-04-01 14:55:00+00:00,1.0004210053868838,0.9997748349286052,1.0
2026-04-01 15:00:00+00:00,1.0006415667850004,0.9997748349286052,1.0
2026-04-01 15:05:00+00:00,1.0038678548302382,0.9997748349286052,1.0
2026-04-01 15:10:00+00:00,1.0055626268356388,0.9997748349286052,1.0
2026-04-01 15:15:00+00:00,1.0027727787785312,0.9997748349286052,1.0
2026-04-01 15:20:00+00:00,1.002824568615717,0.9997748349286052,1.0
2026-04-01 15:25:00+00:00,1.0023184495047905,0.9997748349286052,1.0
2026-04-01 15:30:00+00:00,1.003657866823296,0.9997748349286052,1.0
2026-04-01 15:35:00+00:00,1.0028831772233484,0.9997748349286052,1.0
2026-04-01 15:40:00+00:00,1.0004115513705498,0.9997748349286052,1.0
2026-04-01 15:45:00+00:00,1.0008167902389002,0.9997748349286052,1.0
2026-04-01 15:50:00+00:00,1.0011831231635722,0.9997748349286052,1.0
2026-04-01 15:55:00+00:00,1.001893536588459,0.9997748349286052,1.0
2026-04-01 16:00:00+00:00,1.004298609165538,0.9997748349286052,1.0
2026-04-01 16:05:00+00:00,1.0037297038617847,0.9997748349286052,1.0
2026-04-01 16:10:00+00:00,1.0064453117203156,0.9997748349286052,1.0
2026-04-01 16:15:00+00:00,1.0068369676150692,0.9997748349286052,1.0
2026-04-01 16:20:00+00:00,1.0080464179020434,0.9997748349286052,1.0
2026-04-01 16:25:00+00:00,1.0051101545996646,0.9961628229195139,1.0
2026-04-01 16:30:00+00:00,1.0018841301633126,0.9929655160426335,1.0
2026-04-01 16:35:00+00:00,1.0008289751300108,0.9922704401814036,1.0
2026-04-01 16:40:00+00:00,1.0013308535055587,0.9922704401814036,1.0
2026-04-01 16:45:00+00:00,1.0021460029989786,0.9922704401814036,1.0
2026-04-01 16:50:00+00:00,0.9994908055201834,0.9922704401814036,1.0
2026-04-01 16:55:00+00:00,0.9987911619563192,0.9922704401814036,1.0
2026-04-01 17:00:00+00:00,0.9987911619563192,0.9922704401814036,1.0
2026-04-01 17:05:00+00:00,0.9987911619563192,0.9922704401814036,1.0
2026-04-01 17:10:00+00:00,0.9987911619563192,0.9936381146520855,1.0
2026-04-01 17:15:00+00:00,0.9987911619563192,0.9911453146744111,1.0
2026-04-01 17:20:00+00:00,0.9987911619563192,0.993399124903389,1.0
2026-04-01 17:25:00+00:00,0.9987911619563192,0.9927505113432604,1.0
2026-04-01 17:30:00+00:00,0.9987911619563192,0.9886224995582181,1.0
2026-04-01 17:35:00+00:00,0.9987911619563192,0.9885503657844212,1.0
2026-04-01 17:40:00+00:00,0.9987911619563192,0.9893567508384935,1.0
2026-04-01 17:45:00+00:00,0.9987911619563192,0.9873587316805342,1.0
2026-04-01 17:50:00+00:00,0.9987911619563192,0.9866675805683578,1.0
2026-04-01 17:55:00+00:00,0.9987911619563192,0.9866675805683578,1.0
2026-04-01 18:00:00+00:00,1.0026637245245562,0.9866675805683578,1.0
2026-04-01 18:05:00+00:00,1.003071579934737,0.9866675805683578,1.0
2026-04-01 18:10:00+00:00,1.0023901001990516,0.9866675805683578,1.0
2026-04-01 18:15:00+00:00,1.0046055475106739,0.9866675805683578,1.0
2026-04-01 18:20:00+00:00,1.0034540537637753,0.9866675805683578,1.0
2026-04-01 18:25:00+00:00,1.0005356047278178,0.9866675805683578,1.0
2026-04-01 18:30:00+00:00,0.9972529242140753,0.9866675805683578,1.0
2026-04-01 18:35:00+00:00,0.9965548471671254,0.9866675805683578,1.0
2026-04-01 18:40:00+00:00,0.996856373166731,0.9866675805683578,1.0
2026-04-01 18:45:00+00:00,0.9988238126512545,0.9866675805683578,1.0
2026-04-01 18:50:00+00:00,1.001379894043657,0.9866675805683578,1.0
2026-04-01 18:55:00+00:00,1.001553140010639,0.9861476138922625,1.0
2026-04-01 19:00:00+00:00,1.0031153896162506,0.9876858335426563,1.0
2026-04-01 19:05:00+00:00,1.0024526470527335,0.9870332850442008,1.0
2026-04-01 19:10:00+00:00,1.0043598063365724,0.9889111090976008,1.0
2026-04-01 19:15:00+00:00,1.0072817777717398,0.9917881358309212,1.0
2026-04-01 19:20:00+00:00,1.006875111074996,0.9913877243333954,1.0
2026-04-01 19:25:00+00:00,1.0053435660461374,0.9898797369731226,1.0
2026-04-01 19:30:00+00:00,1.0058239613370397,0.9903527429983878,1.0
2026-04-01 19:35:00+00:00,1.0013369039547129,0.9859347039006999,1.0
2026-04-01 19:40:00+00:00,1.0030060901013025,0.987578215233093,1.0
2026-04-01 19:45:00+00:00,1.0068385416984564,0.9913517174537049,1.0
2026-04-01 19:50:00+00:00,1.0046154237701308,0.9891627947167684,1.0
2026-04-01 19:55:00+00:00,1.0043078085856736,0.9888599111571938,1.0
2026-04-02 13:30:00+00:00,1.0085344185690581,0.993021508963101,1.0
2026-04-02 13:35:00+00:00,1.0088994515939127,0.9933809271827357,1.0
2026-04-02 13:40:00+00:00,1.011332256090276,0.9957763111651868,1.0
2026-04-02 13:45:00+00:00,1.0149057244725195,0.9992948137565036,1.0
2026-04-02 13:50:00+00:00,1.0139561120193619,0.9983598078967109,1.0
2026-04-02 13:55:00+00:00,1.0148327911792743,0.9992230022966481,1.0
2026-04-02 14:00:00+00:00,1.0121875550440593,0.9966184542215493,1.0
2026-04-02 14:05:00+00:00,1.0116759759697422,0.9961147440704836,1.0
2026-04-02 14:10:00+00:00,1.0109678027865634,0.9968554861146948,1.0
2026-04-02 14:15:00+00:00,1.0072250107984015,0.9938627394039682,1.0
2026-04-02 14:20:00+00:00,1.0065199532908427,0.9929377642261387,1.0
2026-04-02 14:25:00+00:00,1.0065199532908427,0.9919200375218394,1.0
2026-04-02 14:30:00+00:00,1.0065199532908427,0.9912256934955741,1.0
2026-04-02 14:35:00+00:00,1.0065199532908427,0.9912256934955741,1.0
2026-04-02 14:40:00+00:00,1.0065199532908427,0.9912256934955741,1.0
2026-04-02 14:45:00+00:00,1.0065199532908427,0.9912256934955741,1.0
2026-04-02 14:50:00+00:00,1.0065199532908427,0.9912256934955741,1.0
2026-04-02 14:55:00+00:00,1.0065199532908427,0.9912256934955741,1.0
2026-04-02 15:00:00+00:00,1.0065199532908427,0.9912256934955741,1.0
2026-04-02 15:05:00+00:00,1.0065199532908427,0.9912256934955741,1.0
2026-04-02 15:10:00+00:00,1.0065199532908427,0.9912256934955741,1.0
2026-04-02 15:15:00+00:00,1.0065199532908427,0.9912256934955741,1.0
2026-04-02 15:20:00+00:00,1.0065199532908427,0.9918284065401707,1.0
2026-04-02 15:25:00+00:00,1.0065199532908427,0.9913314843425446,1.0
2026-04-02 15:30:00+00:00,1.0065199532908427,0.9920966468692594,1.0
2026-04-02 15:35:00+00:00,1.0065199532908427,0.9948996233836215,1.0
2026-04-02 15:40:00+00:00,1.0065199532908427,0.9966166653359979,1.0
2026-04-02 15:45:00+00:00,1.0065199532908427,0.9978488520978491,1.0
2026-04-02 15:50:00+00:00,1.0065199532908427,0.9989245909215748,1.0
2026-04-02 15:55:00+00:00,1.0065199532908427,0.9982148240629045,1.0
2026-04-02 16:00:00+00:00,1.0065199532908427,1.0002038443377674,1.0
2026-04-02 16:05:00+00:00,1.0065199532908427,0.9997908249921454,1.0
2026-04-02 16:10:00+00:00,1.0065199532908427,0.9995813633211696,1.0
2026-04-02 16:15:00+00:00,1.0065199532908427,0.9994291206748079,1.0
2026-04-02 16:20:00+00:00,1.0065199532908427,0.997256605254089,1.0
2026-04-02 16:25:00+00:00,1.0065199532908427,0.9958678512085778,1.0
2026-04-02 16:30:00+00:00,1.0065199532908427,0.9958228639018635,1.0
2026-04-02 16:35:00+00:00,1.0065199532908427,0.99908833191753,1.0
2026-04-02 16:40:00+00:00,1.0065199532908427,1.0005302749975789,1.0
2026-04-02 16:45:00+00:00,1.0065199532908427,1.001414742877577,1.0
2026-04-02 16:50:00+00:00,1.0065199532908427,1.0039553060470794,1.0
2026-04-02 16:55:00+00:00,1.0065199532908427,1.0036774682870033,1.0
2026-04-02 17:00:00+00:00,1.0065199532908427,1.0050654138379567,1.0
2026-04-02 17:05:00+00:00,1.0065199532908427,1.0059217664479365,1.0
2026-04-02 17:10:00+00:00,1.0065199532908427,1.006826720667004,1.0
2026-04-02 17:15:00+00:00,1.0065199532908427,1.005491745522372,1.0
2026-04-02 17:20:00+00:00,1.0065199532908427,1.005010658573808,1.0
2026-04-02 17:25:00+00:00,1.0065199532908427,0.9995690916262636,1.0
2026-04-02 17:30:00+00:00,1.0065199532908427,0.9988693932621252,1.0
2026-04-02 17:35:00+00:00,1.0065199532908427,0.9988693932621252,1.0
2026-04-02 17:40:00+00:00,1.0065199532908427,0.9988693932621252,1.0
2026-04-02 17:45:00+00:00,1.0065199532908427,0.9988693932621252,1.0
2026-04-02 17:50:00+00:00,1.0065199532908427,0.9988693932621252,1.0
2026-04-02 17:55:00+00:00,1.0065199532908427,0.9988693932621252,1.0
2026-04-02 18:00:00+00:00,1.0065199532908427,0.9988693932621252,1.0
2026-04-02 18:05:00+00:00,1.0065199532908427,0.9988693932621252,1.0
2026-04-02 18:10:00+00:00,1.0065199532908427,0.9988693932621252,1.0
2026-04-02 18:15:00+00:00,1.0065199532908427,0.9988693932621252,1.0
2026-04-02 18:20:00+00:00,1.0065199532908427,0.9988693932621252,1.0
2026-04-02 18:25:00+00:00,1.0065199532908427,0.9988693932621252,1.0
2026-04-02 18:30:00+00:00,1.0065199532908427,0.9988693932621252,1.0
2026-04-02 18:35:00+00:00,1.0065199532908427,0.9988693932621252,1.0
2026-04-02 18:40:00+00:00,1.0065199532908427,0.9988693932621252,1.0
2026-04-02 18:45:00+00:00,1.0065199532908427,0.9988693932621252,1.0
2026-04-02 18:50:00+00:00,1.0065199532908427,0.9988693932621252,1.0
2026-04-02 18:55:00+00:00,1.0065199532908427,0.9988693932621252,1.0
2026-04-02 19:00:00+00:00,1.0065199532908427,0.9988693932621252,1.0
2026-04-02 19:05:00+00:00,1.0065199532908427,0.9988693932621252,1.0
2026-04-02 19:10:00+00:00,1.0065199532908427,0.9988693932621252,1.0
2026-04-02 19:15:00+00:00,1.0065199532908427,0.9988693932621252,1.0
2026-04-02 19:20:00+00:00,1.0065199532908427,0.9988693932621252,1.0
2026-04-02 19:25:00+00:00,1.0065199532908427,0.9988693932621252,1.0
2026-04-02 19:30:00+00:00,1.0065199532908427,0.9988693932621252,1.0
2026-04-02 19:35:00+00:00,1.0065199532908427,0.9988693932621252,1.0
2026-04-02 19:40:00+00:00,1.0065199532908427,0.9988693932621252,1.0
2026-04-02 19:45:00+00:00,1.0065199532908427,0.9988693932621252,1.0
2026-04-02 19:50:00+00:00,1.0065199532908427,0.9988693932621252,1.0
2026-04-02 19:55:00+00:00,1.0065199532908427,0.9988693932621252,1.0
2026-04-03 13:30:00+00:00,1.0065199532908427,0.9988693932621252,1.0
2026-04-03 13:35:00+00:00,1.0065199532908427,1.0008927870693538,1.0
2026-04-03 13:40:00+00:00,1.0065199532908427,1.0001777456102283,1.0
2026-04-03 13:45:00+00:00,1.0065199532908427,0.9975768049842841,1.0
2026-04-03 13:50:00+00:00,1.0065199532908427,0.9966744340459184,1.0
2026-04-03 13:55:00+00:00,1.0065199532908427,0.9942021911186808,1.0
2026-04-03 14:00:00+00:00,1.0065199532908427,0.9951467744472774,1.0
2026-04-03 14:05:00+00:00,1.0065199532908427,0.9918239118738265,1.0
2026-04-03 14:10:00+00:00,1.0065199532908427,0.9938081969978264,1.0
2026-04-03 14:15:00+00:00,1.0065199532908427,0.989940953951015,1.0
2026-04-03 14:20:00+00:00,1.0065199532908427,0.9892479952832492,1.0
2026-04-03 14:25:00+00:00,1.0065199532908427,0.9892479952832492,1.0
2026-04-03 14:30:00+00:00,1.0065199532908427,0.9892479952832492,1.0
2026-04-03 14:35:00+00:00,1.0065199532908427,0.9892479952832492,1.0
2026-04-03 14:40:00+00:00,1.0065199532908427,0.9892479952832492,1.0
2026-04-03 14:45:00+00:00,1.0065199532908427,0.9892479952832492,1.0
2026-04-03 14:50:00+00:00,1.0065199532908427,0.9892479952832492,1.0
2026-04-03 14:55:00+00:00,1.0065199532908427,0.9892479952832492,1.0
2026-04-03 15:00:00+00:00,1.0065199532908427,0.9892479952832492,1.0
2026-04-03 15:05:00+00:00,1.0065199532908427,0.9892479952832492,1.0
2026-04-03 15:10:00+00:00,1.0065199532908427,0.9892479952832492,1.0
2026-04-03 15:15:00+00:00,1.0065199532908427,0.9892479952832492,1.0
2026-04-03 15:20:00+00:00,1.0065199532908427,0.9892479952832492,1.0
2026-04-03 15:25:00+00:00,1.0065199532908427,0.9892479952832492,1.0
2026-04-03 15:30:00+00:00,1.0065199532908427,0.9892479952832492,1.0
2026-04-03 15:35:00+00:00,1.0065199532908427,0.9892479952832492,1.0
2026-04-03 15:40:00+00:00,1.0065199532908427,0.9892479952832492,1.0
2026-04-03 15:45:00+00:00,1.0065199532908427,0.9892479952832492,1.0
2026-04-03 15:50:00+00:00,1.0065199532908427,0.9892479952832492,1.0
2026-04-03 15:55:00+00:00,1.0065199532908427,0.9892479952832492,1.0
2026-04-03 16:00:00+00:00,1.0065199532908427,0.9892479952832492,1.0
2026-04-03 16:05:00+00:00,1.0065199532908427,0.9874734010329951,1.0
2026-04-03 16:10:00+00:00,1.0065199532908427,0.9896411133485266,1.0
2026-04-03 16:15:00+00:00,1.0065199532908427,0.9909750265845645,1.0
2026-04-03 16:20:00+00:00,1.0065199532908427,0.9894829300505749,1.0
2026-04-03 16:25:00+00:00,1.0065199532908427,0.9921921838673962,1.0
2026-04-03 16:30:00+00:00,1.0065199532908427,0.9933237330520335,1.0
2026-04-03 16:35:00+00:00,1.0065199532908427,0.9938845372175847,1.0
2026-04-03 16:40:00+00:00,1.0065199532908427,0.9939875262255555,1.0
2026-04-03 16:45:00+00:00,1.0065199532908427,0.9955785218705364,1.0
2026-04-03 16:50:00+00:00,1.0065199532908427,0.9944133540418234,1.0
2026-04-03 16:55:00+00:00,1.0065199532908427,0.9935734396118417,1.0
2026-04-03 17:00:00+00:00,1.0065199532908427,0.9923957403340957,1.0
2026-04-03 17:05:00+00:00,1.0065199532908427,0.9921812291607099,1.0
2026-04-03 17:10:00+00:00,1.0065199532908427,0.9873486603341938,1.0
2026-04-03 17:15:00+00:00,1.0065199532908427,0.9866575162719599,1.0
2026-04-03 17:20:00+00:00,1.0065199532908427,0.9866575162719599,1.0
2026-04-03 17:25:00+00:00,1.0065199532908427,0.9866575162719599,1.0
2026-04-03 17:30:00+00:00,1.0065199532908427,0.9866575162719599,1.0
2026-04-03 17:35:00+00:00,1.0065199532908427,0.9866575162719599,1.0
2026-04-03 17:40:00+00:00,1.0065199532908427,0.9866575162719599,1.0
2026-04-03 17:45:00+00:00,1.0065199532908427,0.9866575162719599,1.0
2026-04-03 17:50:00+00:00,1.0065199532908427,0.9866575162719599,1.0
2026-04-03 17:55:00+00:00,1.0065199532908427,0.9866575162719599,1.0
2026-04-03 18:00:00+00:00,1.0065199532908427,0.9866575162719599,1.0
2026-04-03 18:05:00+00:00,1.0065199532908427,0.9866575162719599,1.0
2026-04-03 18:10:00+00:00,1.0065199532908427,0.9866575162719599,1.0
2026-04-03 18:15:00+00:00,1.0065199532908427,0.9866575162719599,1.0
2026-04-03 18:20:00+00:00,1.0065199532908427,0.9866575162719599,1.0
2026-04-03 18:25:00+00:00,1.0065199532908427,0.9866575162719599,1.0
2026-04-03 18:30:00+00:00,1.0065199532908427,0.9866575162719599,1.0
2026-04-03 18:35:00+00:00,1.0065199532908427,0.9866575162719599,1.0
2026-04-03 18:40:00+00:00,1.0065199532908427,0.9866575162719599,1.0
2026-04-03 18:45:00+00:00,1.0065199532908427,0.9866575162719599,1.0
2026-04-03 18:50:00+00:00,1.0065199532908427,0.9866575162719599,1.0
2026-04-03 18:55:00+00:00,1.0065199532908427,0.9866575162719599,1.0
2026-04-03 19:00:00+00:00,1.0065199532908427,0.9866575162719599,1.0
2026-04-03 19:05:00+00:00,1.0065199532908427,0.9866575162719599,1.0
2026-04-03 19:10:00+00:00,1.0065199532908427,0.9866575162719599,1.0
2026-04-03 19:15:00+00:00,1.0065199532908427,0.9866575162719599,1.0
2026-04-03 19:20:00+00:00,1.0065199532908427,0.9866575162719599,1.0
2026-04-03 19:25:00+00:00,1.0065199532908427,0.9866575162719599,1.0
2026-04-03 19:30:00+00:00,1.0065199532908427,0.9866575162719599,1.0
2026-04-03 19:35:00+00:00,1.0065199532908427,0.9866575162719599,1.0
2026-04-03 19:40:00+00:00,1.0065199532908427,0.9866575162719599,1.0
2026-04-03 19:45:00+00:00,1.0065199532908427,0.9866575162719599,1.0
2026-04-03 19:50:00+00:00,1.0065199532908427,0.9866575162719599,1.0
2026-04-03 19:55:00+00:00,1.0065199532908427,0.9857843957297912,1.0
2026-04-06 13:30:00+00:00,1.0065199532908427,0.9868372815391112,1.0
2026-04-06 13:35:00+00:00,1.0065199532908427,0.9876077261490482,1.0
2026-04-06 13:40:00+00:00,1.0065199532908427,0.9870242641883711,1.0
2026-04-06 13:45:00+00:00,1.0065199532908427,0.9898023885084404,1.0
2026-04-06 13:50:00+00:00,1.0065199532908427,0.9862904657150894,1.0
2026-04-06 13:55:00+00:00,1.0065199532908427,0.9875847449074479,1.0
2026-04-06 14:00:00+00:00,1.007318021504302,0.9890591087430345,1.0
2026-04-06 14:05:00+00:00,1.0037317618991126,0.985537854627544,1.0
2026-04-06 14:10:00+00:00,1.0030291496657833,0.9827472077209318,1.0
2026-04-06 14:15:00+00:00,1.0030291496657833,0.9820592846755272,1.0
2026-04-06 14:20:00+00:00,1.0030291496657833,0.9820592846755272,1.0
2026-04-06 14:25:00+00:00,1.0030291496657833,0.9820592846755272,1.0
2026-04-06 14:30:00+00:00,1.0030291496657833,0.980578716582764,1.0
2026-04-06 14:35:00+00:00,1.0030291496657833,0.9780291389242469,1.0
2026-04-06 14:40:00+00:00,1.0030291496657833,0.9759042389053589,1.0
2026-04-06 14:45:00+00:00,1.0030291496657833,0.9752211059381252,1.0
2026-04-06 14:50:00+00:00,1.0030291496657833,0.9752211059381252,1.0
2026-04-06 14:55:00+00:00,1.0030291496657833,0.9752211059381252,1.0
2026-04-06 15:00:00+00:00,1.0030291496657833,0.9752211059381252,1.0
2026-04-06 15:05:00+00:00,1.0030291496657833,0.9752211059381252,1.0
2026-04-06 15:10:00+00:00,1.0030291496657833,0.9752211059381252,1.0
2026-04-06 15:15:00+00:00,1.0030291496657833,0.9752211059381252,1.0
2026-04-06 15:20:00+00:00,1.0030291496657833,0.9752211059381252,1.0
2026-04-06 15:25:00+00:00,1.0030291496657833,0.9752211059381252,1.0
2026-04-06 15:30:00+00:00,1.0030291496657833,0.9752211059381252,1.0
2026-04-06 15:35:00+00:00,1.0030291496657833,0.9752211059381252,1.0
2026-04-06 15:40:00+00:00,1.0030291496657833,0.9752211059381252,1.0
2026-04-06 15:45:00+00:00,1.0030291496657833,0.9752211059381252,1.0
2026-04-06 15:50:00+00:00,1.0030291496657833,0.9766984220753995,1.0
2026-04-06 15:55:00+00:00,1.0030291496657833,0.9782773815611862,1.0
2026-04-06 16:00:00+00:00,1.0030291496657833,0.9794805271953442,1.0
2026-04-06 16:05:00+00:00,1.0030291496657833,0.9773797242690074,1.0
2026-04-06 16:10:00+00:00,1.0030291496657833,0.9804077573606853,1.0
2026-04-06 16:15:00+00:00,1.0030291496657833,0.9783942678667583,1.0
2026-04-06 16:20:00+00:00,1.0030291496657833,0.9781870546192435,1.0
2026-04-06 16:25:00+00:00,1.0030291496657833,0.9760624596290194,1.0
2026-04-06 16:30:00+00:00,1.0030291496657833,0.9754504978403803,1.0
2026-04-06 16:35:00+00:00,1.0030291496657833,0.9785990074047755,1.0
2026-04-06 16:40:00+00:00,1.0030291496657833,0.9802335396290868,1.0
2026-04-06 16:45:00+00:00,1.0030291496657833,0.9795265302131545,1.0
2026-04-06 16:50:00+00:00,1.0030291496657833,0.9810443989888565,1.0
2026-04-06 16:55:00+00:00,1.0030291496657833,0.9811491095004454,1.0
2026-04-06 17:00:00+00:00,1.0030291496657833,0.9802697380403179,1.0
2026-04-06 17:05:00+00:00,1.0030291496657833,0.9775811931069778,1.0
2026-04-06 17:10:00+00:00,1.0030291496657833,0.9767742516680568,1.0
2026-04-06 17:15:00+00:00,1.0030291496657833,0.976090509691889,1.0
2026-04-06 17:20:00+00:00,1.0030291496657833,0.976090509691889,1.0
2026-04-06 17:25:00+00:00,1.0030291496657833,0.976090509691889,1.0
2026-04-06 17:30:00+00:00,1.0030291496657833,0.976090509691889,1.0
2026-04-06 17:35:00+00:00,1.0030291496657833,0.976090509691889,1.0
2026-04-06 17:40:00+00:00,1.0030291496657833,0.976090509691889,1.0
2026-04-06 17:45:00+00:00,1.0030291496657833,0.976090509691889,1.0
2026-04-06 17:50:00+00:00,1.0030291496657833,0.976090509691889,1.0
2026-04-06 17:55:00+00:00,1.0030291496657833,0.976090509691889,1.0
2026-04-06 18:00:00+00:00,1.0030291496657833,0.9735675855834878,1.0
2026-04-06 18:05:00+00:00,1.0030291496657833,0.9727422346643709,1.0
2026-04-06 18:10:00+00:00,1.0030291496657833,0.9737324809890296,1.0
2026-04-06 18:15:00+00:00,1.0030291496657833,0.9748096727337092,1.0
2026-04-06 18:20:00+00:00,1.0030291496657833,0.9775050470118466,1.0
2026-04-06 18:25:00+00:00,1.0030291496657833,0.9789346490301856,1.0
2026-04-06 18:30:00+00:00,1.0030291496657833,0.9769760457083388,1.0
2026-04-06 18:35:00+00:00,1.0030291496657833,0.9764145346353547,1.0
2026-04-06 18:40:00+00:00,1.0030291496657833,0.9760612142081929,1.0
2026-04-06 18:45:00+00:00,1.0030291496657833,0.97722862545528,1.0
2026-04-06 18:50:00+00:00,1.0030291496657833,0.9759836704099559,1.0
2026-04-06 18:55:00+00:00,1.0030291496657833,0.9748806642538425,1.0
2026-04-06 19:00:00+00:00,1.0030291496657833,0.9731784692746895,1.0
2026-04-06 19:05:00+00:00,1.0030291496657833,0.9724972443461972,1.0
2026-04-06 19:10:00+00:00,1.0030291496657833,0.9724972443461972,1.0
2026-04-06 19:15:00+00:00,1.0030291496657833,0.9724972443461972,1.0
2026-04-06 19:20:00+00:00,1.0030291496657833,0.9724972443461972,1.0
2026-04-06 19:25:00+00:00,1.0030291496657833,0.9724972443461972,1.0
2026-04-06 19:30:00+00:00,1.0030291496657833,0.9724972443461972,1.0
2026-04-06 19:35:00+00:00,1.0030291496657833,0.9724972443461972,1.0
2026-04-06 19:40:00+00:00,1.0030291496657833,0.9724972443461972,1.0
2026-04-06 19:45:00+00:00,1.0030291496657833,0.9724972443461972,1.0
2026-04-06 19:50:00+00:00,1.0030291496657833,0.9677428819535505,1.0
2026-04-06 19:55:00+00:00,1.0030291496657833,0.967065461936183,1.0
2026-04-07 13:30:00+00:00,1.0030291496657833,0.967065461936183,1.0
2026-04-07 13:35:00+00:00,1.0030291496657833,0.967065461936183,1.0
2026-04-07 13:40:00+00:00,1.0030291496657833,0.967065461936183,1.0
2026-04-07 13:45:00+00:00,1.0030291496657833,0.967065461936183,1.0
2026-04-07 13:50:00+00:00,1.0030291496657833,0.967065461936183,1.0
2026-04-07 13:55:00+00:00,1.0030291496657833,0.967065461936183,1.0
2026-04-07 14:00:00+00:00,1.0030291496657833,0.967065461936183,1.0
2026-04-07 14:05:00+00:00,1.0030291496657833,0.967065461936183,1.0
2026-04-07 14:10:00+00:00,1.0030291496657833,0.967065461936183,1.0
2026-04-07 14:15:00+00:00,1.0030291496657833,0.967065461936183,1.0
2026-04-07 14:20:00+00:00,1.0030291496657833,0.967065461936183,1.0
2026-04-07 14:25:00+00:00,1.0030291496657833,0.967065461936183,1.0
2026-04-07 14:30:00+00:00,1.0030291496657833,0.967065461936183,1.0
2026-04-07 14:35:00+00:00,1.0030291496657833,0.9671155962113204,1.0
2026-04-07 14:40:00+00:00,1.0030291496657833,0.9681890394062199,1.0
2026-04-07 14:45:00+00:00,1.0030291496657833,0.9698888373972865,1.0
2026-04-07 14:50:00+00:00,1.0030291496657833,0.9679173288059736,1.0
2026-04-07 14:55:00+00:00,1.0030291496657833,0.9670511769756344,1.0
2026-04-07 15:00:00+00:00,1.0030291496657833,0.9675609254107871,1.0
2026-04-07 15:05:00+00:00,1.0030291496657833,0.9657621440121381,1.0
2026-04-07 15:10:00+00:00,1.0030291496657833,0.9677965592426179,1.0
2026-04-07 15:15:00+00:00,1.0030291496657833,0.9630958715669173,1.0
2026-04-07 15:20:00+00:00,1.0030291496657833,0.9624217044568205,1.0
2026-04-07 15:25:00+00:00,1.0030291496657833,0.9624217044568205,1.0
2026-04-07 15:30:00+00:00,1.0030291496657833,0.9624217044568205,1.0
2026-04-07 15:35:00+00:00,1.0030291496657833,0.9624217044568205,1.0
2026-04-07 15:40:00+00:00,1.0030291496657833,0.9624217044568205,1.0
2026-04-07 15:45:00+00:00,1.0030291496657833,0.9624217044568205,1.0
2026-04-07 15:50:00+00:00,1.0030291496657833,0.9624217044568205,1.0
2026-04-07 15:55:00+00:00,1.0030291496657833,0.9624217044568205,1.0
2026-04-07 16:00:00+00:00,1.0030291496657833,0.9624217044568205,1.0
2026-04-07 16:05:00+00:00,1.0030291496657833,0.9624217044568205,1.0
2026-04-07 16:10:00+00:00,1.0030291496657833,0.9624217044568205,1.0
2026-04-07 16:15:00+00:00,1.0030291496657833,0.9624217044568205,1.0
2026-04-07 16:20:00+00:00,1.0030291496657833,0.9624217044568205,1.0
2026-04-07 16:25:00+00:00,1.0030291496657833,0.9624217044568205,1.0
2026-04-07 16:30:00+00:00,1.0030291496657833,0.9624217044568205,1.0
2026-04-07 16:35:00+00:00,1.0030291496657833,0.9624217044568205,1.0
2026-04-07 16:40:00+00:00,1.0030291496657833,0.9624217044568205,1.0
2026-04-07 16:45:00+00:00,1.0030291496657833,0.9624217044568205,1.0
2026-04-07 16:50:00+00:00,1.0030291496657833,0.9624217044568205,1.0
2026-04-07 16:55:00+00:00,1.0030291496657833,0.9624217044568205,1.0
2026-04-07 17:00:00+00:00,1.0030291496657833,0.9624217044568205,1.0
2026-04-07 17:05:00+00:00,1.0030291496657833,0.9633892824465018,1.0
2026-04-07 17:10:00+00:00,1.0030291496657833,0.9656858877062987,1.0
2026-04-07 17:15:00+00:00,1.0030291496657833,0.9643515880694403,1.0
2026-04-07 17:20:00+00:00,1.0030291496657833,0.9643785187583623,1.0
2026-04-07 17:25:00+00:00,1.0030291496657833,0.9615348399640473,1.0
2026-04-07 17:30:00+00:00,1.0030291496657833,0.9613083015781828,1.0
2026-04-07 17:35:00+00:00,1.0030291496657833,0.9630518235351322,1.0
2026-04-07 17:40:00+00:00,1.0030291496657833,0.9603267896987846,1.0
2026-04-07 17:45:00+00:00,1.0030291496657833,0.958513090450182,1.0
2026-04-07 17:50:00+00:00,1.0030291496657833,0.9578421312868668,1.0
2026-04-07 17:55:00+00:00,1.0030291496657833,0.9578421312868668,1.0
2026-04-07 18:00:00+00:00,1.0030291496657833,0.9578421312868668,1.0
2026-04-07 18:05:00+00:00,1.0030291496657833,0.9578421312868668,1.0
2026-04-07 18:10:00+00:00,1.0030291496657833,0.9578421312868668,1.0
2026-04-07 18:15:00+00:00,1.0030291496657833,0.9578421312868668,1.0
2026-04-07 18:20:00+00:00,1.0030291496657833,0.9578421312868668,1.0
2026-04-07 18:25:00+00:00,1.0030291496657833,0.9578421312868668,1.0
2026-04-07 18:30:00+00:00,1.0030291496657833,0.9615138012990136,1.0
2026-04-07 18:35:00+00:00,1.0030291496657833,0.9633668225255827,1.0
2026-04-07 18:40:00+00:00,1.0030291496657833,0.9620667197178302,1.0
2026-04-07 18:45:00+00:00,1.0030291496657833,0.9608365669131548,1.0
2026-04-07 18:50:00+00:00,1.0030291496657833,0.9584498856333774,1.0
2026-04-07 18:55:00+00:00,1.0030291496657833,0.9568186545574109,1.0
2026-04-07 19:00:00+00:00,1.0030291496657833,0.9569121942003758,1.0
2026-04-07 19:05:00+00:00,1.0030291496657833,0.9563705329612341,1.0
2026-04-07 19:10:00+00:00,1.0030291496657833,0.9544912190548449,1.0
2026-04-07 19:15:00+00:00,1.0030291496657833,0.9538230752015064,1.0
2026-04-07 19:20:00+00:00,1.0030291496657833,0.9538230752015064,1.0
2026-04-07 19:25:00+00:00,1.0030291496657833,0.9538230752015064,1.0
2026-04-07 19:30:00+00:00,1.0030291496657833,0.9538230752015064,1.0
2026-04-07 19:35:00+00:00,1.0030291496657833,0.9538230752015064,1.0
2026-04-07 19:40:00+00:00,1.0030291496657833,0.9538230752015064,1.0
2026-04-07 19:45:00+00:00,1.0030291496657833,0.9538230752015064,1.0
2026-04-07 19:50:00+00:00,1.0030291496657833,0.9538230752015064,1.0
2026-04-07 19:55:00+00:00,1.0030291496657833,0.9538230752015064,1.0
2026-04-08 13:30:00+00:00,1.0030291496657833,0.9538230752015064,1.0
2026-04-08 13:35:00+00:00,1.0030291496657833,0.9538230752015064,1.0
2026-04-08 13:40:00+00:00,1.0030291496657833,0.9538230752015064,1.0
2026-04-08 13:45:00+00:00,1.0030291496657833,0.9538230752015064,1.0
2026-04-08 13:50:00+00:00,0.9991260381951426,0.9538230752015064,1.0
2026-04-08 13:55:00+00:00,0.9984266499684059,0.9538230752015064,1.0
2026-04-08 14:00:00+00:00,0.9984266499684059,0.9538230752015064,1.0
2026-04-08 14:05:00+00:00,0.9984266499684059,0.9538230752015064,1.0
2026-04-08 14:10:00+00:00,0.9984266499684059,0.9538230752015064,1.0
2026-04-08 14:15:00+00:00,0.9984266499684059,0.9538230752015064,1.0
2026-04-08 14:20:00+00:00,0.9984266499684059,0.9538230752015064,1.0
2026-04-08 14:25:00+00:00,0.9984266499684059,0.9538230752015064,1.0
2026-04-08 14:30:00+00:00,0.9984266499684059,0.9538230752015064,1.0
2026-04-08 14:35:00+00:00,0.9984266499684059,0.9538230752015064,1.0
2026-04-08 14:40:00+00:00,0.9984266499684059,0.9538230752015064,1.0
2026-04-08 14:45:00+00:00,0.9984266499684059,0.9538230752015064,1.0
2026-04-08 14:50:00+00:00,0.9984266499684059,0.9538230752015064,1.0
2026-04-08 14:55:00+00:00,0.9984266499684059,0.9538230752015064,1.0
2026-04-08 15:00:00+00:00,0.9984266499684059,0.9538230752015064,1.0
2026-04-08 15:05:00+00:00,0.9984266499684059,0.9538230752015064,1.0
2026-04-08 15:10:00+00:00,0.9984266499684059,0.9538230752015064,1.0
2026-04-08 15:15:00+00:00,0.9984266499684059,0.9520773395395046,1.0
2026-04-08 15:20:00+00:00,0.9984266499684059,0.9510880232516682,1.0
2026-04-08 15:25:00+00:00,0.9984266499684059,0.9459326257328589,1.0
2026-04-08 15:30:00+00:00,0.9984266499684059,0.9452704728948458,1.0
2026-04-08 15:35:00+00:00,0.9984266499684059,0.9452704728948458,1.0
2026-04-08 15:40:00+00:00,0.9984266499684059,0.9452704728948458,1.0
2026-04-08 15:45:00+00:00,0.9984266499684059,0.9452704728948458,1.0
2026-04-08 15:50:00+00:00,0.9984266499684059,0.9452704728948458,1.0
2026-04-08 15:55:00+00:00,0.9984266499684059,0.9452704728948458,1.0
2026-04-08 16:00:00+00:00,0.9984266499684059,0.9452704728948458,1.0
2026-04-08 16:05:00+00:00,0.9984266499684059,0.9452704728948458,1.0
2026-04-08 16:10:00+00:00,0.9984266499684059,0.9452704728948458,1.0
2026-04-08 16:15:00+00:00,0.9984266499684059,0.9452704728948458,1.0
2026-04-08 16:20:00+00:00,0.9984266499684059,0.9431572752448752,1.0
2026-04-08 16:25:00+00:00,0.9984266499684059,0.9453333418668474,1.0
2026-04-08 16:30:00+00:00,0.9984266499684059,0.9454381518158472,1.0
2026-04-08 16:35:00+00:00,0.9984266499684059,0.9477843608042382,1.0
2026-04-08 16:40:00+00:00,0.9984266499684059,0.9481277590241368,1.0
2026-04-08 16:45:00+00:00,0.9984266499684059,0.9479013847241401,1.0
2026-04-08 16:50:00+00:00,0.9984266499684059,0.945800788073049,1.0
2026-04-08 16:55:00+00:00,0.9984266499684059,0.9498903818074831,1.0
2026-04-08 17:00:00+00:00,0.9984266499684059,0.9514563730710225,1.0
2026-04-08 17:05:00+00:00,0.9984266499684059,0.9514919809150895,1.0
2026-04-08 17:10:00+00:00,0.9984266499684059,0.9537363436614433,1.0
2026-04-08 17:15:00+00:00,0.9984266499684059,0.9567624593650962,1.0
2026-04-08 17:20:00+00:00,0.9984266499684059,0.955347244376747,1.0
2026-04-08 17:25:00+00:00,0.9984266499684059,0.9536426648684014,1.0
2026-04-08 17:30:00+00:00,0.9984266499684059,0.950973099453746,1.0
2026-04-08 17:35:00+00:00,0.9984266499684059,0.9570455807221804,1.0
2026-04-08 17:40:00+00:00,0.9984266499684059,0.9569400787017242,1.0
2026-04-08 17:45:00+00:00,0.9984266499684059,0.9560514658308094,1.0
2026-04-08 17:50:00+00:00,0.9984266499684059,0.9556656501369466,1.0
2026-04-08 17:55:00+00:00,0.9984266499684059,0.9609296984231109,1.0
2026-04-08 18:00:00+00:00,0.9984266499684059,0.9622861071553734,1.0
2026-04-08 18:05:00+00:00,0.9984266499684059,0.9611299202749801,1.0
2026-04-08 18:10:00+00:00,0.9984266499684059,0.9595331815427214,1.0
2026-04-08 18:15:00+00:00,0.9984266499684059,0.9577817776259754,1.0
2026-04-08 18:20:00+00:00,0.9984266499684059,0.95881993654844,1.0
2026-04-08 18:25:00+00:00,0.9984266499684059,0.9583476268956354,1.0
2026-04-08 18:30:00+00:00,0.9984266499684059,0.9565841058370975,1.0
2026-04-08 18:35:00+00:00,0.9984266499684059,0.9571094234101013,1.0
2026-04-08 18:40:00+00:00,0.9984266499684059,0.9584632911627485,1.0
2026-04-08 18:45:00+00:00,0.9984266499684059,0.9586809118375791,1.0
2026-04-08 18:50:00+00:00,0.9984266499684059,0.954928358485976,1.0
2026-04-08 18:55:00+00:00,0.9984266499684059,0.9542599086350358,1.0
2026-04-08 19:00:00+00:00,0.9984266499684059,0.9542599086350358,1.0
2026-04-08 19:05:00+00:00,0.9984266499684059,0.9542599086350358,1.0
2026-04-08 19:10:00+00:00,0.9984266499684059,0.9542599086350358,1.0
2026-04-08 19:15:00+00:00,0.9984266499684059,0.9542599086350358,1.0
2026-04-08 19:20:00+00:00,0.9984266499684059,0.9542599086350358,1.0
2026-04-08 19:25:00+00:00,0.9984266499684059,0.9542599086350358,1.0
2026-04-08 19:30:00+00:00,0.9984266499684059,0.9542599086350358,1.0
2026-04-08 19:35:00+00:00,0.9984266499684059,0.9537741969809495,1.0
2026-04-08 19:40:00+00:00,0.9984266499684059,0.955183279796128,1.0
2026-04-08 19:45:00+00:00,0.9984266499684059,0.9537916825381306,1.0
2026-04-08 19:50:00+00:00,0.9984266499684059,0.9558198601138675,1.0
2026-04-08 19:55:00+00:00,0.9984266499684059,0.95624597400693,1.0
2026-04-09 13:30:00+00:00,0.9984266499684059,0.9578846126195063,1.0
2026-04-09 13:35:00+00:00,0.9984266499684059,0.95911851586065,1.0
2026-04-09 13:40:00+00:00,0.9984266499684059,0.9568570642168662,1.0
2026-04-09 13:45:00+00:00,0.9984266499684059,0.9541632050584505,1.0
2026-04-09 13:50:00+00:00,0.9984266499684059,0.9546302866509506,1.0
2026-04-09 13:55:00+00:00,0.9984266499684059,0.9551558852176038,1.0
2026-04-09 14:00:00+00:00,0.9984266499684059,0.9550883030147164,1.0
2026-04-09 14:05:00+00:00,0.9984266499684059,0.9552720365994783,1.0
2026-04-09 14:10:00+00:00,0.9984266499684059,0.9552570211896433,1.0
2026-04-09 14:15:00+00:00,0.9984266499684059,0.9540560499510605,1.0
2026-04-09 14:20:00+00:00,0.9984266499684059,0.9536001987692804,1.0
2026-04-09 14:25:00+00:00,0.9984266499684059,0.953733594538343,1.0
2026-04-09 14:30:00+00:00,0.9984266499684059,0.9529183081619181,1.0
2026-04-09 14:35:00+00:00,0.9984266499684059,0.9522512653462047,1.0
2026-04-09 14:40:00+00:00,0.9984266499684059,0.9522512653462047,1.0
2026-04-09 14:45:00+00:00,0.9984266499684059,0.9522512653462047,1.0
2026-04-09 14:50:00+00:00,0.9979006829431675,0.9522512653462047,1.0
2026-04-09 14:55:00+00:00,0.9957126352701714,0.9522512653462047,1.0
2026-04-09 15:00:00+00:00,0.9939147510800045,0.9522512653462047,1.0
2026-04-09 15:05:00+00:00,0.9967255279929594,0.9522512653462047,1.0
2026-04-09 15:10:00+00:00,0.9962444172442134,0.9522512653462047,1.0
2026-04-09 15:15:00+00:00,0.9959234838077649,0.9522512653462047,1.0
2026-04-09 15:20:00+00:00,0.9962040285439893,0.9522512653462047,1.0
2026-04-09 15:25:00+00:00,0.9979331742919215,0.9522512653462047,1.0
2026-04-09 15:30:00+00:00,0.9973680720065303,0.9522512653462047,1.0
2026-04-09 15:35:00+00:00,0.99818353186282,0.9522512653462047,1.0
2026-04-09 15:40:00+00:00,0.9988692953912603,0.9522512653462047,1.0
2026-04-09 15:45:00+00:00,1.0040133587630535,0.9522512653462047,1.0
2026-04-09 15:50:00+00:00,1.0043458687229907,0.951900056808244,1.0
2026-04-09 15:55:00+00:00,1.0079762062062545,0.9553408221503126,1.0
2026-04-09 16:00:00+00:00,1.0086471640660473,0.9559767433451344,1.0
2026-04-09 16:05:00+00:00,1.0100042347030553,0.9572629492794539,1.0
2026-04-09 16:10:00+00:00,1.0108037708398123,0.9580207345381985,1.0
2026-04-09 16:15:00+00:00,1.0114623545705446,0.958644927767065,1.0
2026-04-09 16:20:00+00:00,1.009242417505389,0.9565409133192143,1.0
2026-04-09 16:25:00+00:00,1.0138915882035104,0.9609473095513013,1.0
2026-04-09 16:30:00+00:00,1.019008430430361,0.9657969560307664,1.0
2026-04-09 16:35:00+00:00,1.0148008888291042,0.9618091275207015,1.0
2026-04-09 16:40:00+00:00,1.0124895676804195,0.9596185009634054,1.0
2026-04-09 16:45:00+00:00,1.0134985493390014,0.9605747947343389,1.0
2026-04-09 16:50:00+00:00,1.013644102196004,0.9607127469848178,1.0
2026-04-09 16:55:00+00:00,1.0160658556209174,0.9630080391690546,1.0
2026-04-09 17:00:00+00:00,1.016967841464873,0.9638629243264888,1.0
2026-04-09 17:05:00+00:00,1.018868818488404,0.9656646344674297,1.0
2026-04-09 17:10:00+00:00,1.0193201838195358,0.9660924300085135,1.0
2026-04-09 17:15:00+00:00,1.0195070465454987,0.9662695349730469,1.0
2026-04-09 17:20:00+00:00,1.01516626570212,0.9621554248242612,1.0
2026-04-09 17:25:00+00:00,1.017867735818991,0.9647158272093327,1.0
2026-04-09 17:30:00+00:00,1.0172929820266075,0.964171086413698,1.0
2026-04-09 17:35:00+00:00,1.0198196429256434,0.9665658079217234,1.0
2026-04-09 17:40:00+00:00,1.018206644800401,0.9650370387448242,1.0
2026-04-09 17:45:00+00:00,1.02051529202849,0.9672251310106511,1.0
2026-04-09 17:50:00+00:00,1.0201127181532623,0.9668435790905084,1.0
2026-04-09 17:55:00+00:00,1.0212428135292961,0.9679146621567565,1.0
2026-04-09 18:00:00+00:00,1.019865976012982,0.9666097215473413,1.0
2026-04-09 18:05:00+00:00,1.0209525214725352,0.9676395288247769,1.0
2026-04-09 18:10:00+00:00,1.0199795467339883,0.9667173617330025,1.0
2026-04-09 18:15:00+00:00,1.0212549526293044,0.9679261673666123,1.0
2026-04-09 18:20:00+00:00,1.019926350962549,0.966666943784931,1.0
2026-04-09 18:25:00+00:00,1.021583669954235,0.9682377194424656,1.0
2026-04-09 18:30:00+00:00,1.0185979494966555,0.965407909949848,1.0
2026-04-09 18:35:00+00:00,1.0174493818887662,0.9643193192509206,1.0
2026-04-09 18:40:00+00:00,1.017595301780966,0.9636442957274449,1.0
2026-04-09 18:45:00+00:00,1.0156615634204105,0.9636442957274449,1.0
2026-04-09 18:50:00+00:00,1.0172299668083273,0.9636442957274449,1.0
2026-04-09 18:55:00+00:00,1.0134585671635192,0.9636442957274449,1.0
2026-04-09 19:00:00+00:00,1.0145504238457985,0.9619315557922242,1.0
2026-04-09 19:05:00+00:00,1.0099608961851567,0.9662830511730233,1.0
2026-04-09 19:10:00+00:00,1.0086165288591018,0.9675692785572955,1.0
2026-04-09 19:15:00+00:00,1.011136988299203,0.9651513932140419,1.0
2026-04-09 19:20:00+00:00,1.0101000786709917,0.9661411451308305,1.0
2026-04-09 19:25:00+00:00,1.0085690299062098,0.9676055635959826,1.0
2026-04-09 19:30:00+00:00,1.007643552202849,0.9684934526231114,1.0
2026-04-09 19:35:00+00:00,1.006938201716307,0.9665708651098601,1.0
2026-04-09 19:40:00+00:00,1.006938201716307,0.9674311143189959,1.0
2026-04-09 19:45:00+00:00,1.006938201716307,0.9674276337223329,1.0
2026-04-09 19:50:00+00:00,1.006938201716307,0.9695795771027513,1.0
2026-04-09 19:55:00+00:00,1.006938201716307,0.9702143576150515,1.0
2026-04-10 13:30:00+00:00,1.006938201716307,0.9737594154369112,1.0
2026-04-10 13:35:00+00:00,1.006938201716307,0.9763014843302349,1.0
2026-04-10 13:40:00+00:00,1.006938201716307,0.9759952657364422,1.0
2026-04-10 13:45:00+00:00,1.006938201716307,0.9770437919019359,1.0
2026-04-10 13:50:00+00:00,1.006938201716307,0.9774179176644732,1.0
2026-04-10 13:55:00+00:00,1.006938201716307,0.9796672240351177,1.0
2026-04-10 14:00:00+00:00,1.006938201716307,0.9799420589871015,1.0
2026-04-10 14:05:00+00:00,1.006938201716307,0.9796494529589714,1.0
2026-04-10 14:10:00+00:00,1.006938201716307,0.9806763417617543,1.0
2026-04-10 14:15:00+00:00,1.006938201716307,0.979906215312493,1.0
2026-04-10 14:20:00+00:00,1.006938201716307,0.9800602593515839,1.0
2026-04-10 14:25:00+00:00,1.006938201716307,0.9809638812521285,1.0
2026-04-10 14:30:00+00:00,1.006938201716307,0.9837807054671253,1.0
2026-04-10 14:35:00+00:00,1.006938201716307,0.9821349781692099,1.0
2026-04-10 14:40:00+00:00,1.006938201716307,0.9823631641408431,1.0
2026-04-10 14:45:00+00:00,1.006938201716307,0.9810392398952467,1.0
2026-04-10 14:50:00+00:00,1.006938201716307,0.9800681178142505,1.0
2026-04-10 14:55:00+00:00,1.006938201716307,0.9802032710679128,1.0
2026-04-10 15:00:00+00:00,1.006938201716307,0.9803917168789479,1.0
2026-04-10 15:05:00+00:00,1.006938201716307,0.9810756454644921,1.0
2026-04-10 15:10:00+00:00,1.006938201716307,0.9792662340797921,1.0
2026-04-10 15:15:00+00:00,1.006938201716307,0.9822411263043557,1.0
2026-04-10 15:20:00+00:00,1.006938201716307,0.9809084846903807,1.0
2026-04-10 15:25:00+00:00,1.006938201716307,0.9776846583846501,1.0
2026-04-10 15:30:00+00:00,1.006938201716307,0.9770002791237808,1.0
2026-04-10 15:35:00+00:00,1.006938201716307,0.9770002791237808,1.0
2026-04-10 15:40:00+00:00,1.006938201716307,0.9770002791237808,1.0
2026-04-10 15:45:00+00:00,1.006938201716307,0.9770002791237808,1.0
2026-04-10 15:50:00+00:00,1.006938201716307,0.9770002791237808,1.0
2026-04-10 15:55:00+00:00,1.006938201716307,0.9770002791237808,1.0
2026-04-10 16:00:00+00:00,1.006938201716307,0.9770002791237808,1.0
2026-04-10 16:05:00+00:00,1.006938201716307,0.9770002791237808,1.0
2026-04-10 16:10:00+00:00,1.006938201716307,0.9770002791237808,1.0
2026-04-10 16:15:00+00:00,1.006938201716307,0.9770002791237808,1.0
2026-04-10 16:20:00+00:00,1.006938201716307,0.9770002791237808,1.0
2026-04-10 16:25:00+00:00,1.006938201716307,0.9770002791237808,1.0
2026-04-10 16:30:00+00:00,1.006938201716307,0.9770002791237808,1.0
2026-04-10 16:35:00+00:00,1.006938201716307,0.9770002791237808,1.0
2026-04-10 16:40:00+00:00,1.006938201716307,0.9770002791237808,1.0
2026-04-10 16:45:00+00:00,1.006938201716307,0.9770002791237808,1.0
2026-04-10 16:50:00+00:00,1.006938201716307,0.9770002791237808,1.0
2026-04-10 16:55:00+00:00,1.0051801357168748,0.9770002791237808,1.0
2026-04-10 17:00:00+00:00,1.004476509621873,0.9770002791237808,1.0
2026-04-10 17:05:00+00:00,1.004476509621873,0.9770002791237808,1.0
2026-04-10 17:10:00+00:00,1.004476509621873,0.9770002791237808,1.0
2026-04-10 17:15:00+00:00,1.004476509621873,0.9749362799530845,1.0
2026-04-10 17:20:00+00:00,1.004476509621873,0.9784072423255448,1.0
2026-04-10 17:25:00+00:00,1.004476509621873,0.9755360442720772,1.0
2026-04-10 17:30:00+00:00,1.004476509621873,0.9774596239823499,1.0
2026-04-10 17:35:00+00:00,1.004476509621873,0.9767923845099098,1.0
2026-04-10 17:40:00+00:00,1.004476509621873,0.9776688582152768,1.0
2026-04-10 17:45:00+00:00,1.004476509621873,0.9739329750467509,1.0
2026-04-10 17:50:00+00:00,1.004476509621873,0.9734704202990834,1.0
2026-04-10 17:55:00+00:00,1.004476509621873,0.9748081897986262,1.0
2026-04-10 18:00:00+00:00,1.004476509621873,0.9732817987543491,1.0
2026-04-10 18:05:00+00:00,1.004476509621873,0.975917357015823,1.0
2026-04-10 18:10:00+00:00,1.004476509621873,0.9776051969479053,1.0
2026-04-10 18:15:00+00:00,1.004476509621873,0.9771996202028062,1.0
2026-04-10 18:20:00+00:00,1.004476509621873,0.9771121479826952,1.0
2026-04-10 18:25:00+00:00,1.004476509621873,0.9766048300613798,1.0
2026-04-10 18:30:00+00:00,1.004476509621873,0.9771876020732648,1.0
2026-04-10 18:35:00+00:00,1.004476509621873,0.9748658886033662,1.0
2026-04-10 18:40:00+00:00,1.004476509621873,0.9750992743606158,1.0
2026-04-10 18:45:00+00:00,1.004476509621873,0.9758119787421028,1.0
2026-04-10 18:50:00+00:00,1.004476509621873,0.972252187081199,1.0
2026-04-10 18:55:00+00:00,1.004476509621873,0.9715716105502421,1.0
2026-04-10 19:00:00+00:00,1.004476509621873,0.9715716105502421,1.0
2026-04-10 19:05:00+00:00,1.004476509621873,0.9715716105502421,1.0
2026-04-10 19:10:00+00:00,1.004476509621873,0.9715716105502421,1.0
2026-04-10 19:15:00+00:00,1.004476509621873,0.9715716105502421,1.0
2026-04-10 19:20:00+00:00,1.004476509621873,0.9715716105502421,1.0
2026-04-10 19:25:00+00:00,1.004476509621873,0.9715716105502421,1.0
2026-04-10 19:30:00+00:00,1.004476509621873,0.9715716105502421,1.0
2026-04-10 19:35:00+00:00,1.004476509621873,0.9715716105502421,1.0
2026-04-10 19:40:00+00:00,1.004476509621873,0.9715716105502421,1.0
2026-04-10 19:45:00+00:00,1.004476509621873,0.9715716105502421,1.0
2026-04-10 19:50:00+00:00,1.004476509621873,0.9715716105502421,1.0
2026-04-10 19:55:00+00:00,1.004476509621873,0.9715716105502421,1.0
2026-04-13 13:30:00+00:00,1.004476509621873,0.9715716105502421,1.0
2026-04-13 13:35:00+00:00,1.004476509621873,0.9715716105502421,1.0
2026-04-13 13:40:00+00:00,1.004476509621873,0.9715716105502421,1.0
2026-04-13 13:45:00+00:00,1.004476509621873,0.9715716105502421,1.0
2026-04-13 13:50:00+00:00,1.004476509621873,0.9715716105502421,1.0
2026-04-13 13:55:00+00:00,1.004476509621873,0.9715716105502421,1.0
2026-04-13 14:00:00+00:00,1.004476509621873,0.9715716105502421,1.0
2026-04-13 14:05:00+00:00,1.004879301026375,0.9715716105502421,1.0
2026-04-13 14:10:00+00:00,1.005865269816351,0.9715716105502421,1.0
2026-04-13 14:15:00+00:00,1.0046855489430562,0.9715716105502421,1.0
2026-04-13 14:20:00+00:00,1.007320612495604,0.9715716105502421,1.0
2026-04-13 14:25:00+00:00,1.0072468928834346,0.970820407060694,1.0
2026-04-13 14:30:00+00:00,1.007109281245564,0.9706877720659992,1.0
2026-04-13 14:35:00+00:00,1.0103321073259148,0.9737940465547249,1.0
2026-04-13 14:40:00+00:00,1.0095749946991956,0.9730643144566112,1.0
2026-04-13 14:45:00+00:00,1.0059592341052626,0.96957931569768,1.0
2026-04-13 14:50:00+00:00,1.0079018658320982,0.9714516933015628,1.0
2026-04-13 14:55:00+00:00,1.0075192246353857,0.971082890096534,1.0
2026-04-13 15:00:00+00:00,1.0064916771141235,0.9700925032212662,1.0
2026-04-13 15:05:00+00:00,1.0073212741556723,0.9708920983783852,1.0
2026-04-13 15:10:00+00:00,1.011833039395648,0.9752406983073426,1.0
2026-04-13 15:15:00+00:00,1.0131308203600327,0.9764915457937148,1.0
2026-04-13 15:20:00+00:00,1.0131302064446528,0.9764909540802201,1.0
2026-04-13 15:25:00+00:00,1.0121198994586706,0.9755171842465106,1.0
2026-04-13 15:30:00+00:00,1.0132662935675196,0.976622119693091,1.0
2026-04-13 15:35:00+00:00,1.0124732125270457,0.9758577199575497,1.0
2026-04-13 15:40:00+00:00,1.0160040898879827,0.9792609052352063,1.0
2026-04-13 15:45:00+00:00,1.0172501213824259,0.980461874740491,1.0
2026-04-13 15:50:00+00:00,1.0203855843680352,0.983483945568924,1.0
2026-04-13 15:55:00+00:00,1.019178896565976,0.9823208969147488,1.0
2026-04-13 16:00:00+00:00,1.0167122245753089,0.979943430652024,1.0
2026-04-13 16:05:00+00:00,1.015243974475086,0.9785282789448942,1.0
2026-04-13 16:10:00+00:00,1.0114664495610062,0.9748873659764057,1.0
2026-04-13 16:15:00+00:00,1.0155453842024602,0.9742049448202221,1.0
2026-04-13 16:20:00+00:00,1.0129264088155754,0.9742049448202221,1.0
2026-04-13 16:25:00+00:00,1.0121971094729492,0.9742049448202221,1.0
2026-04-13 16:30:00+00:00,1.0098287721005654,0.9742049448202221,1.0
2026-04-13 16:35:00+00:00,1.0081737234894086,0.9742049448202221,1.0
2026-04-13 16:40:00+00:00,1.007468001882966,0.9742049448202221,1.0
2026-04-13 16:45:00+00:00,1.007468001882966,0.9742049448202221,1.0
2026-04-13 16:50:00+00:00,1.007468001882966,0.9742049448202221,1.0
2026-04-13 16:55:00+00:00,1.007468001882966,0.9742049448202221,1.0
2026-04-13 17:00:00+00:00,1.007468001882966,0.9742049448202221,1.0
2026-04-13 17:05:00+00:00,1.007468001882966,0.9736246341278649,1.0
2026-04-13 17:10:00+00:00,1.007468001882966,0.9754186247621658,1.0
2026-04-13 17:15:00+00:00,1.007468001882966,0.9766814126744219,1.0
2026-04-13 17:20:00+00:00,1.007468001882966,0.9742236048453711,1.0
2026-04-13 17:25:00+00:00,1.007468001882966,0.9755292536814597,1.0
2026-04-13 17:30:00+00:00,1.007468001882966,0.9728830923685772,1.0
2026-04-13 17:35:00+00:00,1.007468001882966,0.9735277608248966,1.0
2026-04-13 17:40:00+00:00,1.007468001882966,0.9738840766476049,1.0
2026-04-13 17:45:00+00:00,1.007468001882966,0.9723227345397953,1.0
2026-04-13 17:50:00+00:00,1.007468001882966,0.9711958308357943,1.0
2026-04-13 17:55:00+00:00,1.007468001882966,0.9705159937542092,1.0
2026-04-13 18:00:00+00:00,1.007468001882966,0.9705159937542092,1.0
2026-04-13 18:05:00+00:00,1.007468001882966,0.9705159937542092,1.0
2026-04-13 18:10:00+00:00,1.007468001882966,0.9705159937542092,1.0
2026-04-13 18:15:00+00:00,1.007468001882966,0.9705159937542092,1.0
2026-04-13 18:20:00+00:00,1.007468001882966,0.9705159937542092,1.0
2026-04-13 18:25:00+00:00,1.007468001882966,0.9705159937542092,1.0
2026-04-13 18:30:00+00:00,1.007468001882966,0.9705159937542092,1.0
2026-04-13 18:35:00+00:00,1.007468001882966,0.9705159937542092,1.0
2026-04-13 18:40:00+00:00,1.007468001882966,0.9705159937542092,1.0
2026-04-13 18:45:00+00:00,1.007468001882966,0.9705159937542092,1.0
2026-04-13 18:50:00+00:00,1.007468001882966,0.9707322639996778,1.0
2026-04-13 18:55:00+00:00,1.007468001882966,0.9719976093709919,1.0
2026-04-13 19:00:00+00:00,1.007468001882966,0.9735430221273895,1.0
2026-04-13 19:05:00+00:00,1.007468001882966,0.971424775008798,1.0
2026-04-13 19:10:00+00:00,1.007468001882966,0.9667060540589094,1.0
2026-04-13 19:15:00+00:00,1.007468001882966,0.9660293598210682,1.0
2026-04-13 19:20:00+00:00,1.007468001882966,0.9660293598210682,1.0
2026-04-13 19:25:00+00:00,1.011056052154409,0.9660293598210682,1.0
2026-04-13 19:30:00+00:00,1.0133030058748516,0.9675000264368055,1.0
2026-04-13 19:35:00+00:00,1.011891880598763,0.9661526863677382,1.0
2026-04-13 19:40:00+00:00,1.0133729146432962,0.9675667752127649,1.0
2026-04-13 19:45:00+00:00,1.0130105981391282,0.9672208360165633,1.0
2026-04-13 19:50:00+00:00,1.0131312625304933,0.9673360461769585,1.0
2026-04-13 19:55:00+00:00,1.0107775985888614,0.9650887717560301,1.0
2026-04-14 13:30:00+00:00,1.014138123972113,0.9682973958085467,1.0
2026-04-14 13:35:00+00:00,1.0133094496503174,0.9675061789429138,1.0
2026-04-14 13:40:00+00:00,1.0126001330355623,0.9678452628471146,1.0
2026-04-14 13:45:00+00:00,1.0126001330355623,0.9681172273928053,1.0
2026-04-14 13:50:00+00:00,1.0126001330355623,0.9681684400886394,1.0
2026-04-14 13:55:00+00:00,1.0126001330355623,0.9698998047354456,1.0
2026-04-14 14:00:00+00:00,1.0126001330355623,0.9705003958446773,1.0
2026-04-14 14:05:00+00:00,1.0126001330355623,0.9668217797191804,1.0
2026-04-14 14:10:00+00:00,1.0126001330355623,0.9682016303955484,1.0
2026-04-14 14:15:00+00:00,1.0126001330355623,0.9686604904816999,1.0
2026-04-14 14:20:00+00:00,1.0126001330355623,0.9678901515841847,1.0
2026-04-14 14:25:00+00:00,1.0126001330355623,0.9699965149141552,1.0
2026-04-14 14:30:00+00:00,1.00931770553694,0.9675311881453288,1.0
2026-04-14 14:35:00+00:00,1.0086111831430642,0.9678182380376374,1.0
2026-04-14 14:40:00+00:00,1.0086111831430642,0.9680523392107503,1.0
2026-04-14 14:45:00+00:00,1.0086111831430642,0.9690245903910617,1.0
2026-04-14 14:50:00+00:00,1.0086111831430642,0.9710227371031581,1.0
2026-04-14 14:55:00+00:00,1.0086111831430642,0.9684234739025845,1.0
2026-04-14 15:00:00+00:00,1.0086111831430642,0.9672538301636519,1.0
2026-04-14 15:05:00+00:00,1.0086111831430642,0.9665767524825373,1.0
2026-04-14 15:10:00+00:00,1.0086111831430642,0.9665767524825373,1.0
2026-04-14 15:15:00+00:00,1.0086111831430642,0.9642559035674213,1.0
2026-04-14 15:20:00+00:00,1.0086111831430642,0.9670685797067298,1.0
2026-04-14 15:25:00+00:00,1.0086111831430642,0.9670390980365041,1.0
2026-04-14 15:30:00+00:00,1.0086111831430642,0.9674445135425722,1.0
2026-04-14 15:35:00+00:00,1.0086111831430642,0.9659781339895892,1.0
2026-04-14 15:40:00+00:00,1.0086111831430642,0.9678611112802369,1.0
2026-04-14 15:45:00+00:00,1.0086111831430642,0.966716729094965,1.0
2026-04-14 15:50:00+00:00,1.0086111831430642,0.9694703328484707,1.0
2026-04-14 15:55:00+00:00,1.0086111831430642,0.9698361125451919,1.0
2026-04-14 16:00:00+00:00,1.0086111831430642,0.9716463630571436,1.0
2026-04-14 16:05:00+00:00,1.0086111831430642,0.972154028883217,1.0
2026-04-14 16:10:00+00:00,1.0086111831430642,0.9696886011167323,1.0
2026-04-14 16:15:00+00:00,1.0086111831430642,0.9710482146708646,1.0
2026-04-14 16:20:00+00:00,1.0086111831430642,0.9709638370998355,1.0
2026-04-14 16:25:00+00:00,1.0086111831430642,0.9706436077041276,1.0
2026-04-14 16:30:00+00:00,1.0086111831430642,0.9708426079703449,1.0
2026-04-14 16:35:00+00:00,1.0086111831430642,0.9728037991310686,1.0
2026-04-14 16:40:00+00:00,1.0086111831430642,0.9700719002214795,1.0
2026-04-14 16:45:00+00:00,1.0086111831430642,0.9700810137520809,1.0
2026-04-14 16:50:00+00:00,1.0086111831430642,0.9704963126134587,1.0
2026-04-14 16:55:00+00:00,1.0086111831430642,0.9679943488863467,1.0
2026-04-14 17:00:00+00:00,1.0086111831430642,0.9673167528421263,1.0
2026-04-14 17:05:00+00:00,1.0086111831430642,0.9673167528421263,1.0
2026-04-14 17:10:00+00:00,1.0086111831430642,0.9673167528421263,1.0
2026-04-14 17:15:00+00:00,1.0086111831430642,0.9673167528421263,1.0
2026-04-14 17:20:00+00:00,1.0086111831430642,0.9673167528421263,1.0
2026-04-14 17:25:00+00:00,1.0086111831430642,0.9673167528421263,1.0
2026-04-14 17:30:00+00:00,1.0086111831430642,0.9673167528421263,1.0
2026-04-14 17:35:00+00:00,1.0086111831430642,0.9673167528421263,1.0
2026-04-14 17:40:00+00:00,1.0086111831430642,0.9673167528421263,1.0
2026-04-14 17:45:00+00:00,1.0086111831430642,0.9673167528421263,1.0
2026-04-14 17:50:00+00:00,1.0086111831430642,0.9673167528421263,1.0
2026-04-14 17:55:00+00:00,1.0086111831430642,0.9673167528421263,1.0
2026-04-14 18:00:00+00:00,1.0086111831430642,0.9673167528421263,1.0
2026-04-14 18:05:00+00:00,1.0086111831430642,0.9836396857977558,1.0
2026-04-14 18:10:00+00:00,1.0086111831430642,0.9844115561777391,1.0
2026-04-14 18:15:00+00:00,1.0086111831430642,0.9819538168067005,1.0
2026-04-14 18:20:00+00:00,1.0086111831430642,0.9860434845891856,1.0
2026-04-14 18:25:00+00:00,1.0086111831430642,0.9880739755393542,1.0
2026-04-14 18:30:00+00:00,1.0086111831430642,0.9866116267559146,1.0
2026-04-14 18:35:00+00:00,1.0086111831430642,0.9846007313281736,1.0
2026-04-14 18:40:00+00:00,1.0086111831430642,0.9852016219598764,1.0
2026-04-14 18:45:00+00:00,1.0086111831430642,0.9820769965619656,1.0
2026-04-14 18:50:00+00:00,1.0086111831430642,0.9831966308332883,1.0
2026-04-14 18:55:00+00:00,1.0086111831430642,0.9819486263165913,1.0
2026-04-14 19:00:00+00:00,1.0086111831430642,0.9790182080957601,1.0
2026-04-14 19:05:00+00:00,1.0086111831430642,0.9769780274845067,1.0
2026-04-14 19:10:00+00:00,1.0086111831430642,0.9762893361542573,1.0
2026-04-14 19:15:00+00:00,1.0086111831430642,0.9728676920966763,1.0
2026-04-14 19:20:00+00:00,1.0086111831430642,0.9721866847122086,1.0
2026-04-14 19:25:00+00:00,1.0086111831430642,0.9721866847122086,1.0
2026-04-14 19:30:00+00:00,1.0086111831430642,0.9721866847122086,1.0
2026-04-14 19:35:00+00:00,1.0086111831430642,0.9721866847122086,1.0
2026-04-14 19:40:00+00:00,1.0086111831430642,0.9721866847122086,1.0
2026-04-14 19:45:00+00:00,1.0086111831430642,0.9721866847122086,1.0
2026-04-14 19:50:00+00:00,1.0086111831430642,0.9721866847122086,1.0
2026-04-14 19:55:00+00:00,1.0086111831430642,0.9721866847122086,1.0
2026-04-15 13:30:00+00:00,1.0086111831430642,0.9721866847122086,1.0
2026-04-15 13:35:00+00:00,1.0086111831430642,0.9721866847122086,1.0
2026-04-15 13:40:00+00:00,1.0086111831430642,0.9721866847122086,1.0
2026-04-15 13:45:00+00:00,1.0086111831430642,0.9713790731338062,1.0
2026-04-15 13:50:00+00:00,1.0086111831430642,0.9691069238511918,1.0
2026-04-15 13:55:00+00:00,1.0086111831430642,0.9698384417481161,1.0
2026-04-15 14:00:00+00:00,1.0086111831430642,0.969293912217538,1.0
2026-04-15 14:05:00+00:00,1.0086111831430642,0.9717902518250238,1.0
2026-04-15 14:10:00+00:00,1.0086111831430642,0.9729791278350354,1.0
2026-04-15 14:15:00+00:00,1.0086111831430642,0.9732500941390801,1.0
2026-04-15 14:20:00+00:00,1.0086111831430642,0.9729498986942635,1.0
2026-04-15 14:25:00+00:00,1.0086111831430642,0.9700140725999633,1.0
2026-04-15 14:30:00+00:00,1.0086111831430642,0.9674465254066578,1.0
2026-04-15 14:35:00+00:00,1.0086111831430642,0.966769312838873,1.0
2026-04-15 14:40:00+00:00,1.0086111831430642,0.966769312838873,1.0
2026-04-15 14:45:00+00:00,1.0086111831430642,0.966769312838873,1.0
2026-04-15 14:50:00+00:00,1.0086111831430642,0.966769312838873,1.0
2026-04-15 14:55:00+00:00,1.0086111831430642,0.966769312838873,1.0
2026-04-15 15:00:00+00:00,1.0086111831430642,0.9697692473435485,1.0
2026-04-15 15:05:00+00:00,1.0086111831430642,0.9693757624713155,1.0
2026-04-15 15:10:00+00:00,1.0086111831430642,0.9713954026084447,1.0
2026-04-15 15:15:00+00:00,1.0086111831430642,0.9702164212813988,1.0
2026-04-15 15:20:00+00:00,1.0086111831430642,0.9693086615547059,1.0
2026-04-15 15:25:00+00:00,1.0086111831430642,0.9675575486490114,1.0
2026-04-15 15:30:00+00:00,1.0086111831430642,0.968232161070324,1.0
2026-04-15 15:35:00+00:00,1.0086111831430642,0.9684630166036294,1.0
2026-04-15 15:40:00+00:00,1.0086111831430642,0.9689546301605599,1.0
2026-04-15 15:45:00+00:00,1.0086111831430642,0.9721541566595686,1.0
2026-04-15 15:50:00+00:00,1.0086111831430642,0.9735593374958288,1.0
2026-04-15 15:55:00+00:00,1.0086111831430642,0.9739097182538224,1.0
2026-04-15 16:00:00+00:00,1.0086111831430642,0.97483449532063,1.0
2026-04-15 16:05:00+00:00,1.0086111831430642,0.9740835269240617,1.0
2026-04-15 16:10:00+00:00,1.0086111831430642,0.9745656720419215,1.0
2026-04-15 16:15:00+00:00,1.0086111831430642,0.9754334082624803,1.0
2026-04-15 16:20:00+00:00,1.0086111831430642,0.9763055010402346,1.0
2026-04-15 16:25:00+00:00,1.0086111831430642,0.9762382861036216,1.0
2026-04-15 16:30:00+00:00,1.0086111831430642,0.9750052208268821,1.0
2026-04-15 16:35:00+00:00,1.0086111831430642,0.9742174443569157,1.0
2026-04-15 16:40:00+00:00,1.0086111831430642,0.9780603037804134,1.0
2026-04-15 16:45:00+00:00,1.0086111831430642,0.9766789055171933,1.0
2026-04-15 16:50:00+00:00,1.0086111831430642,0.9785695815381733,1.0
2026-04-15 16:55:00+00:00,1.0086111831430642,0.9795209366097338,1.0
2026-04-15 17:00:00+00:00,1.0086111831430642,0.979199945994087,1.0
2026-04-15 17:05:00+00:00,1.0086111831430642,0.981018432045394,1.0
2026-04-15 17:10:00+00:00,1.0086111831430642,0.9788850328449552,1.0
2026-04-15 17:15:00+00:00,1.0086111831430642,0.982189321389896,1.0
2026-04-15 17:20:00+00:00,1.0086111831430642,0.9805231230117324,1.0
2026-04-15 17:25:00+00:00,1.0086111831430642,0.9796407647877586,1.0
2026-04-15 17:30:00+00:00,1.0086111831430642,0.9819880426199156,1.0
2026-04-15 17:35:00+00:00,1.0086111831430642,0.9828166249358873,1.0
2026-04-15 17:40:00+00:00,1.0086111831430642,0.9816536593388011,1.0
2026-04-15 17:45:00+00:00,1.0086111831430642,0.980327605842627,1.0
2026-04-15 17:50:00+00:00,1.0086111831430642,0.9777145790791091,1.0
2026-04-15 17:55:00+00:00,1.0086111831430642,0.9770301788737537,1.0
2026-04-15 18:00:00+00:00,1.0086111831430642,0.9770301788737537,1.0
2026-04-15 18:05:00+00:00,1.0086111831430642,0.9770301788737537,1.0
2026-04-15 18:10:00+00:00,1.0086111831430642,0.9770301788737537,1.0
2026-04-15 18:15:00+00:00,1.0086111831430642,0.9776732618742678,1.0
2026-04-15 18:20:00+00:00,1.0086111831430642,0.9773895539267475,1.0
2026-04-15 18:25:00+00:00,1.0086111831430642,0.979598826101949,1.0
2026-04-15 18:30:00+00:00,1.0086111831430642,0.9805689134131782,1.0
2026-04-15 18:35:00+00:00,1.0086111831430642,0.9803030963068763,1.0
2026-04-15 18:40:00+00:00,1.0086111831430642,0.9806564525451764,1.0
2026-04-15 18:45:00+00:00,1.0086111831430642,0.9807643312585501,1.0
2026-04-15 18:50:00+00:00,1.0086111831430642,0.9798473399372343,1.0
2026-04-15 18:55:00+00:00,1.0086111831430642,0.9800953347442419,1.0
2026-04-15 19:00:00+00:00,1.0086111831430642,0.9827492107412445,1.0
2026-04-15 19:05:00+00:00,1.0086111831430642,0.9851918535462015,1.0
2026-04-15 19:10:00+00:00,1.0086111831430642,0.9837004209615301,1.0
2026-04-15 19:15:00+00:00,1.0086111831430642,0.9839597859523811,1.0
2026-04-15 19:20:00+00:00,1.0086111831430642,0.9819360366216623,1.0
2026-04-15 19:25:00+00:00,1.0086111831430642,0.9819023839425598,1.0
2026-04-15 19:30:00+00:00,1.0086111831430642,0.9826268031151779,1.0
2026-04-15 19:35:00+00:00,1.0086111831430642,0.9852690742720044,1.0
2026-04-15 19:40:00+00:00,1.0086111831430642,0.9869224101967629,1.0
2026-04-15 19:45:00+00:00,1.0086111831430642,0.9866395592158085,1.0
2026-04-15 19:50:00+00:00,1.0086111831430642,0.9849129140853694,1.0
2026-04-15 19:55:00+00:00,1.0086111831430642,0.9831955219982426,1.0
2026-04-16 13:30:00+00:00,1.0086111831430642,0.9763154943504941,1.0
2026-04-16 13:35:00+00:00,1.0086111831430642,0.9756320735044488,1.0
2026-04-16 13:40:00+00:00,1.0086111831430642,0.9756320735044488,1.0
2026-04-16 13:45:00+00:00,1.0086111831430642,0.9756320735044488,1.0
2026-04-16 13:50:00+00:00,1.0086111831430642,0.9756320735044488,1.0
2026-04-16 13:55:00+00:00,1.0086111831430642,0.9756320735044488,1.0
2026-04-16 14:00:00+00:00,1.0086111831430642,0.9756320735044488,1.0
2026-04-16 14:05:00+00:00,1.0086111831430642,0.9756320735044488,1.0
2026-04-16 14:10:00+00:00,1.0086111831430642,0.9756320735044488,1.0
2026-04-16 14:15:00+00:00,1.0086111831430642,0.9756320735044488,1.0
2026-04-16 14:20:00+00:00,1.0086111831430642,0.9756320735044488,1.0
2026-04-16 14:25:00+00:00,1.0086111831430642,0.9756320735044488,1.0
2026-04-16 14:30:00+00:00,1.0086111831430642,0.9734224375196193,1.0
2026-04-16 14:35:00+00:00,1.0086111831430642,0.970673970104976,1.0
2026-04-16 14:40:00+00:00,1.0086111831430642,0.970965970868781,1.0
2026-04-16 14:45:00+00:00,1.0086111831430642,0.9719344098182897,1.0
2026-04-16 14:50:00+00:00,1.0086111831430642,0.9718041577234854,1.0
2026-04-16 14:55:00+00:00,1.0086111831430642,0.9717649647328659,1.0
2026-04-16 15:00:00+00:00,1.0086111831430642,0.9727913734609372,1.0
2026-04-16 15:05:00+00:00,1.0086111831430642,0.9735839962205609,1.0
2026-04-16 15:10:00+00:00,1.0086111831430642,0.9734626877030287,1.0
2026-04-16 15:15:00+00:00,1.0086111831430642,0.9718695092216725,1.0
2026-04-16 15:20:00+00:00,1.0086111831430642,0.9718985199393464,1.0
2026-04-16 15:25:00+00:00,1.0086111831430642,0.972730407215185,1.0
2026-04-16 15:30:00+00:00,1.0086111831430642,0.9766045282336566,1.0
2026-04-16 15:35:00+00:00,1.0086111831430642,0.9741112048908411,1.0
2026-04-16 15:40:00+00:00,1.0086111831430642,0.9744278219273068,1.0
2026-04-16 15:45:00+00:00,1.0086111831430642,0.9737111091103885,1.0
2026-04-16 15:50:00+00:00,1.0086111831430642,0.9747885940082591,1.0
2026-04-16 15:55:00+00:00,1.0086111831430642,0.9740780155637713,1.0
2026-04-16 16:00:00+00:00,1.0086111831430642,0.9748142906181572,1.0
2026-04-16 16:05:00+00:00,1.0086111831430642,0.9723418762728268,1.0
2026-04-16 16:10:00+00:00,1.0086111831430642,0.9716612369594357,1.0
2026-04-16 16:15:00+00:00,1.0086111831430642,0.9716612369594357,1.0
2026-04-16 16:20:00+00:00,1.0086111831430642,0.9716612369594357,1.0
2026-04-16 16:25:00+00:00,1.0086111831430642,0.9716612369594357,1.0
2026-04-16 16:30:00+00:00,1.0086111831430642,0.9716612369594357,1.0
2026-04-16 16:35:00+00:00,1.0086111831430642,0.9716612369594357,1.0
2026-04-16 16:40:00+00:00,1.0086111831430642,0.9716612369594357,1.0
2026-04-16 16:45:00+00:00,1.0086111831430642,0.9716612369594357,1.0
2026-04-16 16:50:00+00:00,1.0086111831430642,0.9674830262228373,1.0
2026-04-16 16:55:00+00:00,1.0086111831430642,0.9684671929087537,1.0
2026-04-16 17:00:00+00:00,1.0086111831430642,0.9699868274710233,1.0
2026-04-16 17:05:00+00:00,1.0086111831430642,0.9725125003657664,1.0
2026-04-16 17:10:00+00:00,1.0086111831430642,0.9701213600440703,1.0
2026-04-16 17:15:00+00:00,1.0086111831430642,0.970422077425803,1.0
2026-04-16 17:20:00+00:00,1.0086111831430642,0.9731115380409787,1.0
2026-04-16 17:25:00+00:00,1.0086111831430642,0.9722921504674988,1.0
2026-04-16 17:30:00+00:00,1.0086111831430642,0.9732194793331256,1.0
2026-04-16 17:35:00+00:00,1.0086111831430642,0.9721985848078699,1.0
2026-04-16 17:40:00+00:00,1.0086111831430642,0.9728262503648333,1.0
2026-04-16 17:45:00+00:00,1.0086111831430642,0.9719717188544962,1.0
2026-04-16 17:50:00+00:00,1.0086111831430642,0.9699355920584776,1.0
2026-04-16 17:55:00+00:00,1.0086111831430642,0.9685369426734671,1.0
2026-04-16 18:00:00+00:00,1.0086111831430642,0.9678589668135956,1.0
2026-04-16 18:05:00+00:00,1.0086111831430642,0.9678589668135956,1.0
2026-04-16 18:10:00+00:00,1.0086111831430642,0.9678589668135956,1.0
2026-04-16 18:15:00+00:00,1.0086111831430642,0.9678589668135956,1.0
2026-04-16 18:20:00+00:00,1.0086111831430642,0.9678589668135956,1.0
2026-04-16 18:25:00+00:00,1.0086111831430642,0.9684693296362701,1.0
2026-04-16 18:30:00+00:00,1.0086111831430642,0.967936819135091,1.0
2026-04-16 18:35:00+00:00,1.0086111831430642,0.9653082264638332,1.0
2026-04-16 18:40:00+00:00,1.0086111831430642,0.9636983485609392,1.0
2026-04-16 18:45:00+00:00,1.0086111831430642,0.9647000028317217,1.0
2026-04-16 18:50:00+00:00,1.0086111831430642,0.9658431175869318,1.0
2026-04-16 18:55:00+00:00,1.0086111831430642,0.9636428926678874,1.0
2026-04-16 19:00:00+00:00,1.0086111831430642,0.965315341457762,1.0
2026-04-16 19:05:00+00:00,1.0086111831430642,0.9650506793512995,1.0
2026-04-16 19:10:00+00:00,1.0086111831430642,0.9638781431445188,1.0
2026-04-16 19:15:00+00:00,1.0086111831430642,0.9606228736838947,1.0
2026-04-16 19:20:00+00:00,1.0086111831430642,0.9599504376723159,1.0
2026-04-16 19:25:00+00:00,1.0086111831430642,0.9599504376723159,1.0
2026-04-16 19:30:00+00:00,1.0086111831430642,0.9599504376723159,1.0
2026-04-16 19:35:00+00:00,1.0086111831430642,0.9599504376723159,1.0
2026-04-16 19:40:00+00:00,1.0086111831430642,0.9606473773273907,1.0
2026-04-16 19:45:00+00:00,1.0086111831430642,0.9607052380632678,1.0
2026-04-16 19:50:00+00:00,1.0086111831430642,0.9629235958321405,1.0
2026-04-16 19:55:00+00:00,1.0086111831430642,0.9601759062193731,1.0
2026-04-17 13:30:00+00:00,1.0086111831430642,0.9543533028214811,1.0
2026-04-17 13:35:00+00:00,1.0086111831430642,0.953685255509506,1.0
2026-04-17 13:40:00+00:00,1.0086111831430642,0.953685255509506,1.0
2026-04-17 13:45:00+00:00,1.0086111831430642,0.953685255509506,1.0
2026-04-17 13:50:00+00:00,1.0086111831430642,0.953685255509506,1.0
2026-04-17 13:55:00+00:00,1.0086111831430642,0.953685255509506,1.0
2026-04-17 14:00:00+00:00,1.0086111831430642,0.953685255509506,1.0
2026-04-17 14:05:00+00:00,1.0086111831430642,0.953685255509506,1.0
2026-04-17 14:10:00+00:00,1.0086111831430642,0.953685255509506,1.0
2026-04-17 14:15:00+00:00,1.0086111831430642,0.953685255509506,1.0
2026-04-17 14:20:00+00:00,1.0086111831430642,0.953685255509506,1.0
2026-04-17 14:25:00+00:00,1.0086111831430642,0.953685255509506,1.0
2026-04-17 14:30:00+00:00,1.0086111831430642,0.953685255509506,1.0
2026-04-17 14:35:00+00:00,1.0086111831430642,0.953685255509506,1.0
2026-04-17 14:40:00+00:00,1.0086111831430642,0.953685255509506,1.0
2026-04-17 14:45:00+00:00,1.0086111831430642,0.953685255509506,1.0
2026-04-17 14:50:00+00:00,1.0086111831430642,0.953685255509506,1.0
2026-04-17 14:55:00+00:00,1.0086111831430642,0.953685255509506,1.0
2026-04-17 15:00:00+00:00,1.0086111831430642,0.953685255509506,1.0
2026-04-17 15:05:00+00:00,1.0086111831430642,0.953685255509506,1.0
2026-04-17 15:10:00+00:00,1.0086111831430642,0.953685255509506,1.0
2026-04-17 15:15:00+00:00,1.0086111831430642,0.953685255509506,1.0
2026-04-17 15:20:00+00:00,1.0086111831430642,0.953685255509506,1.0
2026-04-17 15:25:00+00:00,1.0086111831430642,0.953685255509506,1.0
2026-04-17 15:30:00+00:00,1.0086111831430642,0.953685255509506,1.0
2026-04-17 15:35:00+00:00,1.0086111831430642,0.953685255509506,1.0
2026-04-17 15:40:00+00:00,1.0086111831430642,0.9516808539895559,1.0
2026-04-17 15:45:00+00:00,1.0086111831430642,0.952035046628368,1.0
2026-04-17 15:50:00+00:00,1.0086111831430642,0.9514821878424603,1.0
2026-04-17 15:55:00+00:00,1.0086111831430642,0.9510774691452373,1.0
2026-04-17 16:00:00+00:00,1.0086111831430642,0.9486029335806807,1.0
2026-04-17 16:05:00+00:00,1.0086111831430642,0.9469235195640607,1.0
2026-04-17 16:10:00+00:00,1.0086111831430642,0.9462606731003659,1.0
2026-04-17 16:15:00+00:00,1.0086111831430642,0.9462606731003659,1.0
2026-04-17 16:20:00+00:00,1.0086111831430642,0.9462606731003659,1.0
2026-04-17 16:25:00+00:00,1.0086111831430642,0.9462606731003659,1.0
2026-04-17 16:30:00+00:00,1.0086111831430642,0.9462606731003659,1.0
2026-04-17 16:35:00+00:00,1.0086111831430642,0.9462606731003659,1.0
2026-04-17 16:40:00+00:00,1.0086111831430642,0.9462606731003659,1.0
2026-04-17 16:45:00+00:00,1.0086111831430642,0.9462606731003659,1.0
2026-04-17 16:50:00+00:00,1.0086111831430642,0.9462606731003659,1.0
2026-04-17 16:55:00+00:00,1.0086111831430642,0.9462606731003659,1.0
2026-04-17 17:00:00+00:00,1.0086111831430642,0.9462606731003659,1.0
2026-04-17 17:05:00+00:00,1.0086111831430642,0.9462606731003659,1.0
2026-04-17 17:10:00+00:00,1.0086111831430642,0.9462606731003659,1.0
2026-04-17 17:15:00+00:00,1.0086111831430642,0.9462606731003659,1.0
2026-04-17 17:20:00+00:00,1.0086111831430642,0.9462606731003659,1.0
2026-04-17 17:25:00+00:00,1.0086111831430642,0.9462606731003659,1.0
2026-04-17 17:30:00+00:00,1.0086111831430642,0.9462606731003659,1.0
2026-04-17 17:35:00+00:00,1.0086111831430642,0.9462606731003659,1.0
2026-04-17 17:40:00+00:00,1.0086111831430642,0.9462606731003659,1.0
2026-04-17 17:45:00+00:00,1.0086111831430642,0.9462606731003659,1.0
2026-04-17 17:50:00+00:00,1.0086111831430642,0.9462606731003659,1.0
2026-04-17 17:55:00+00:00,1.0086111831430642,0.9469755058046649,1.0
2026-04-17 18:00:00+00:00,1.0086111831430642,0.9463899813069063,1.0
2026-04-17 18:05:00+00:00,1.0086111831430642,0.9479063087063339,1.0
2026-04-17 18:10:00+00:00,1.0086111831430642,0.9474764284211814,1.0
2026-04-17 18:15:00+00:00,1.0086111831430642,0.9464307451962818,1.0
2026-04-17 18:20:00+00:00,1.0086111831430642,0.948183996407892,1.0
2026-04-17 18:25:00+00:00,1.0086111831430642,0.9469760903873709,1.0
2026-04-17 18:30:00+00:00,1.0086111831430642,0.9476481215764994,1.0
2026-04-17 18:35:00+00:00,1.0086111831430642,0.9490766574427975,1.0
2026-04-17 18:40:00+00:00,1.0086111831430642,0.9517742075348741,1.0
2026-04-17 18:45:00+00:00,1.0086111831430642,0.9497518521965667,1.0
2026-04-17 18:50:00+00:00,1.0086111831430642,0.9502068584228861,1.0
2026-04-17 18:55:00+00:00,1.0086111831430642,0.9520173856750825,1.0
2026-04-17 19:00:00+00:00,1.0086111831430642,0.9488353516498728,1.0
2026-04-17 19:05:00+00:00,1.0086111831430642,0.9488958404334218,1.0
2026-04-17 19:10:00+00:00,1.0086111831430642,0.9483808103173554,1.0
2026-04-17 19:15:00+00:00,1.0086111831430642,0.951806388585718,1.0
2026-04-17 19:20:00+00:00,1.0086111831430642,0.9496960349356712,1.0
2026-04-17 19:25:00+00:00,1.0086111831430642,0.9531025330938367,1.0
2026-04-17 19:30:00+00:00,1.0086111831430642,0.9513951416040347,1.0
2026-04-17 19:35:00+00:00,1.0086111831430642,0.9508144990421785,1.0
2026-04-17 19:40:00+00:00,1.0086111831430642,0.9533174640004215,1.0
2026-04-17 19:45:00+00:00,1.0086111831430642,0.9540007004691267,1.0
2026-04-17 19:50:00+00:00,1.0086111831430642,0.9548702467255128,1.0
2026-04-17 19:55:00+00:00,1.0086111831430642,0.9540788684722297,1.0
2026-04-20 13:30:00+00:00,1.0086111831430642,0.9444881951548934,1.0
2026-04-20 13:35:00+00:00,1.0086111831430642,0.9438270534182849,1.0
2026-04-20 13:40:00+00:00,1.0086111831430642,0.9438270534182849,1.0
2026-04-20 13:45:00+00:00,1.0086111831430642,0.9438270534182849,1.0
2026-04-20 13:50:00+00:00,1.0086111831430642,0.9438270534182849,1.0
2026-04-20 13:55:00+00:00,1.0086111831430642,0.9438270534182849,1.0
2026-04-20 14:00:00+00:00,1.0086111831430642,0.942176785381658,1.0
2026-04-20 14:05:00+00:00,1.0086111831430642,0.9420564710724527,1.0
2026-04-20 14:10:00+00:00,1.0086111831430642,0.9397359934238497,1.0
2026-04-20 14:15:00+00:00,1.0086111831430642,0.9405583386227387,1.0
2026-04-20 14:20:00+00:00,1.0086111831430642,0.9419038400260114,1.0
2026-04-20 14:25:00+00:00,1.0086111831430642,0.9418806789550015,1.0
2026-04-20 14:30:00+00:00,1.0086111831430642,0.9429350082952487,1.0
2026-04-20 14:35:00+00:00,1.0086111831430642,0.9443619488433473,1.0
2026-04-20 14:40:00+00:00,1.0086111831430642,0.9492755819485865,1.0
2026-04-20 14:45:00+00:00,1.0086111831430642,0.9471827291286317,1.0
2026-04-20 14:50:00+00:00,1.0086111831430642,0.945327598797514,1.0
2026-04-20 14:55:00+00:00,1.0086111831430642,0.9455705203937615,1.0
2026-04-20 15:00:00+00:00,1.0086111831430642,0.9427772299686771,1.0
2026-04-20 15:05:00+00:00,1.0086111831430642,0.9449954822224287,1.0
2026-04-20 15:10:00+00:00,1.0086111831430642,0.943650107931215,1.0
2026-04-20 15:15:00+00:00,1.0086111831430642,0.9458208132857938,1.0
2026-04-20 15:20:00+00:00,1.0086111831430642,0.9487453054203403,1.0
2026-04-20 15:25:00+00:00,1.0086111831430642,0.9467809534370386,1.0
2026-04-20 15:30:00+00:00,1.0086111831430642,0.9509643509320718,1.0
2026-04-20 15:35:00+00:00,1.0086111831430642,0.9491056659729454,1.0
2026-04-20 15:40:00+00:00,1.0086111831430642,0.9500089979655786,1.0
2026-04-20 15:45:00+00:00,1.0086111831430642,0.9509773402239005,1.0
2026-04-20 15:50:00+00:00,1.0086111831430642,0.9511785049498697,1.0
2026-04-20 15:55:00+00:00,1.0086111831430642,0.9501060237289269,1.0
2026-04-20 16:00:00+00:00,1.0086111831430642,0.9532537644076281,1.0
2026-04-20 16:05:00+00:00,1.0086111831430642,0.951984603716663,1.0
2026-04-20 16:10:00+00:00,1.0086111831430642,0.9528193331858389,1.0
2026-04-20 16:15:00+00:00,1.0086111831430642,0.9506407251545275,1.0
2026-04-20 16:20:00+00:00,1.0086111831430642,0.9474340867446184,1.0
2026-04-20 16:25:00+00:00,1.0086111831430642,0.9467708828838971,1.0
2026-04-20 16:30:00+00:00,1.0086111831430642,0.9467708828838971,1.0
2026-04-20 16:35:00+00:00,1.0086111831430642,0.9467708828838971,1.0
2026-04-20 16:40:00+00:00,1.0086111831430642,0.9467708828838971,1.0
2026-04-20 16:45:00+00:00,1.0086111831430642,0.9467708828838971,1.0
2026-04-20 16:50:00+00:00,1.0086111831430642,0.9467708828838971,1.0
2026-04-20 16:55:00+00:00,1.0086111831430642,0.9467708828838971,1.0
2026-04-20 17:00:00+00:00,1.0086111831430642,0.9467708828838971,1.0
2026-04-20 17:05:00+00:00,1.0086111831430642,0.9467708828838971,1.0
2026-04-20 17:10:00+00:00,1.0086111831430642,0.9467708828838971,1.0
2026-04-20 17:15:00+00:00,1.0086111831430642,0.9467708828838971,1.0
2026-04-20 17:20:00+00:00,1.0086111831430642,0.9467708828838971,1.0
2026-04-20 17:25:00+00:00,1.0086111831430642,0.9467708828838971,1.0
2026-04-20 17:30:00+00:00,1.0086111831430642,0.9467708828838971,1.0
2026-04-20 17:35:00+00:00,1.0086111831430642,0.9467708828838971,1.0
2026-04-20 17:40:00+00:00,1.0086111831430642,0.9467708828838971,1.0
2026-04-20 17:45:00+00:00,1.0086111831430642,0.9467708828838971,1.0
2026-04-20 17:50:00+00:00,1.0086111831430642,0.9467708828838971,1.0
2026-04-20 17:55:00+00:00,1.0086111831430642,0.9467708828838971,1.0
2026-04-20 18:00:00+00:00,1.0086111831430642,0.9467708828838971,1.0
2026-04-20 18:05:00+00:00,1.0086111831430642,0.9494609869859697,1.0
2026-04-20 18:10:00+00:00,1.0086111831430642,0.9466295175720987,1.0
2026-04-20 18:15:00+00:00,1.0086111831430642,0.9456237690522341,1.0
2026-04-20 18:20:00+00:00,1.0086111831430642,0.9468390078359854,1.0
2026-04-20 18:25:00+00:00,1.0086111831430642,0.944575444670503,1.0
2026-04-20 18:30:00+00:00,1.0086111831430642,0.9441380076614315,1.0
2026-04-20 18:35:00+00:00,1.0086111831430642,0.9460936279013171,1.0
2026-04-20 18:40:00+00:00,1.0086111831430642,0.9495793301773403,1.0
2026-04-20 18:45:00+00:00,1.0086111831430642,0.9518461930533808,1.0
2026-04-20 18:50:00+00:00,1.0086111831430642,0.954891450480426,1.0
2026-04-20 18:55:00+00:00,1.0086111831430642,0.9533281381131783,1.0
2026-04-20 19:00:00+00:00,1.0086111831430642,0.9534160482643731,1.0
2026-04-20 19:05:00+00:00,1.0086111831430642,0.9521888835725878,1.0
2026-04-20 19:10:00+00:00,1.0086111831430642,0.9523545736208091,1.0
2026-04-20 19:15:00+00:00,1.0086111831430642,0.9505664818038063,1.0
2026-04-20 19:20:00+00:00,1.0086111831430642,0.9528785311902748,1.0
2026-04-20 19:25:00+00:00,1.0086111831430642,0.9549665148153634,1.0
2026-04-20 19:30:00+00:00,1.0086111831430642,0.9535756656561545,1.0
2026-04-20 19:35:00+00:00,1.0086111831430642,0.9502518615663386,1.0
2026-04-20 19:40:00+00:00,1.0086111831430642,0.9498918603311998,1.0
2026-04-20 19:45:00+00:00,1.0086111831430642,0.9480527638833925,1.0
2026-04-20 19:50:00+00:00,1.0086111831430642,0.9473891269486742,1.0
2026-04-20 19:55:00+00:00,1.0086111831430642,0.9473891269486742,1.0
2026-04-21 13:30:00+00:00,1.0086111831430642,0.9473891269486742,1.0
2026-04-21 13:35:00+00:00,1.0086111831430642,0.9466778673322527,1.0
2026-04-21 13:40:00+00:00,1.0086111831430642,0.9452903093684851,1.0
2026-04-21 13:45:00+00:00,1.0086111831430642,0.9454374917625159,1.0
2026-04-21 13:50:00+00:00,1.0086111831430642,0.9450802421287453,1.0
2026-04-21 13:55:00+00:00,1.0086111831430642,0.9452045471210455,1.0
2026-04-21 14:00:00+00:00,1.0086111831430642,0.9482216652185951,1.0
2026-04-21 14:05:00+00:00,1.0086111831430642,0.947294942284466,1.0
2026-04-21 14:10:00+00:00,1.0086111831430642,0.9487003695090268,1.0
2026-04-21 14:15:00+00:00,1.0086111831430642,0.9496083432497849,1.0
2026-04-21 14:20:00+00:00,1.0086111831430642,0.9543767800324812,1.0
2026-04-21 14:25:00+00:00,1.0086111831430642,0.9548617374061533,1.0
2026-04-21 14:30:00+00:00,1.0086111831430642,0.9565111711634469,1.0
2026-04-21 14:35:00+00:00,1.0086111831430642,0.9553773458001072,1.0
2026-04-21 14:40:00+00:00,1.0086111831430642,0.9543605467374607,1.0
2026-04-21 14:45:00+00:00,1.0086111831430642,0.9561083355731385,1.0
2026-04-21 14:50:00+00:00,1.0086111831430642,0.9578568382866106,1.0
2026-04-21 14:55:00+00:00,1.0086111831430642,0.9587926290219982,1.0
2026-04-21 15:00:00+00:00,1.0086111831430642,0.9595329267557691,1.0
2026-04-21 15:05:00+00:00,1.0086111831430642,0.9592228671335274,1.0
2026-04-21 15:10:00+00:00,1.0086111831430642,0.9585189024874123,1.0
2026-04-21 15:15:00+00:00,1.0086111831430642,0.9555281639666726,1.0
2026-04-21 15:20:00+00:00,1.0086111831430642,0.9559480041109394,1.0
2026-04-21 15:25:00+00:00,1.0086111831430642,0.954950547177884,1.0
2026-04-21 15:30:00+00:00,1.0086111831430642,0.9531537261770024,1.0
2026-04-21 15:35:00+00:00,1.0086111831430642,0.9534630031784859,1.0
2026-04-21 15:40:00+00:00,1.0086111831430642,0.9538240332458066,1.0
2026-04-21 15:45:00+00:00,1.0086111831430642,0.952679862887749,1.0
2026-04-21 15:50:00+00:00,1.0086111831430642,0.9520129869837275,1.0
2026-04-21 15:55:00+00:00,1.0086111831430642,0.9520129869837275,1.0
2026-04-21 16:00:00+00:00,1.0086111831430642,0.9520129869837275,1.0
2026-04-21 16:05:00+00:00,1.0086111831430642,0.9520129869837275,1.0
2026-04-21 16:10:00+00:00,1.0086111831430642,0.9520129869837275,1.0
2026-04-21 16:15:00+00:00,1.0086111831430642,0.9520129869837275,1.0
2026-04-21 16:20:00+00:00,1.0086111831430642,0.9520129869837275,1.0
2026-04-21 16:25:00+00:00,1.0086111831430642,0.9520129869837275,1.0
2026-04-21 16:30:00+00:00,1.0086111831430642,0.9520129869837275,1.0
2026-04-21 16:35:00+00:00,1.0086111831430642,0.9520129869837275,1.0
2026-04-21 16:40:00+00:00,1.0086111831430642,0.9520129869837275,1.0
2026-04-21 16:45:00+00:00,1.0086111831430642,0.9520129869837275,1.0
2026-04-21 16:50:00+00:00,1.0086111831430642,0.9520129869837275,1.0
2026-04-21 16:55:00+00:00,1.0086111831430642,0.9520129869837275,1.0
2026-04-21 17:00:00+00:00,1.0086111831430642,0.9520129869837275,1.0
2026-04-21 17:05:00+00:00,1.0086111831430642,0.9520129869837275,1.0
2026-04-21 17:10:00+00:00,1.0086111831430642,0.9520129869837275,1.0
2026-04-21 17:15:00+00:00,1.0086111831430642,0.9520129869837275,1.0
2026-04-21 17:20:00+00:00,1.0080359004061439,0.9520129869837275,1.0
2026-04-21 17:25:00+00:00,1.0103651486747771,0.9520129869837275,1.0
2026-04-21 17:30:00+00:00,1.0074893977142907,0.9486369117238257,1.0
2026-04-21 17:35:00+00:00,1.0061834691553886,0.9474072689723889,1.0
2026-04-21 17:40:00+00:00,1.0054791407269799,0.9467440838841082,1.0
2026-04-21 17:45:00+00:00,1.0054791407269799,0.9467440838841082,1.0
2026-04-21 17:50:00+00:00,1.0054791407269799,0.9467440838841082,1.0
2026-04-21 17:55:00+00:00,1.0054791407269799,0.9467440838841082,1.0
2026-04-21 18:00:00+00:00,1.0054791407269799,0.9467440838841082,1.0
2026-04-21 18:05:00+00:00,1.0054791407269799,0.9467440838841082,1.0
2026-04-21 18:10:00+00:00,1.0054791407269799,0.9467440838841082,1.0
2026-04-21 18:15:00+00:00,1.0054791407269799,0.9467440838841082,1.0
2026-04-21 18:20:00+00:00,1.0054791407269799,0.9474124797607779,1.0
2026-04-21 18:25:00+00:00,1.0054791407269799,0.9482215112077829,1.0
2026-04-21 18:30:00+00:00,1.0054791407269799,0.9507157183987989,1.0
2026-04-21 18:35:00+00:00,1.0054791407269799,0.954845093375578,1.0
2026-04-21 18:40:00+00:00,1.0054791407269799,0.9560588399582317,1.0
2026-04-21 18:45:00+00:00,1.0054791407269799,0.956022846310154,1.0
2026-04-21 18:50:00+00:00,1.0054791407269799,0.9572070453813145,1.0
2026-04-21 18:55:00+00:00,1.0054791407269799,0.9608194489506128,1.0
2026-04-21 19:00:00+00:00,1.0054791407269799,0.9601926121396016,1.0
2026-04-21 19:05:00+00:00,1.0054791407269799,0.9571836160575137,1.0
2026-04-21 19:10:00+00:00,1.0054791407269799,0.9568262775383598,1.0
2026-04-21 19:15:00+00:00,1.0054791407269799,0.953436546802674,1.0
2026-04-21 19:20:00+00:00,1.0054791407269799,0.9525938784321465,1.0
2026-04-21 19:25:00+00:00,1.0054791407269799,0.9515241073340596,1.0
2026-04-21 19:30:00+00:00,1.0054791407269799,0.9493738223959187,1.0
2026-04-21 19:35:00+00:00,1.0054791407269799,0.9487092607202415,1.0
2026-04-21 19:40:00+00:00,1.0054791407269799,0.9487092607202415,1.0
2026-04-21 19:45:00+00:00,1.0054791407269799,0.9487092607202415,1.0
2026-04-21 19:50:00+00:00,1.0054791407269799,0.9487092607202415,1.0
2026-04-21 19:55:00+00:00,1.0054791407269799,0.9487092607202415,1.0
2026-04-22 13:30:00+00:00,1.0054791407269799,0.9487092607202415,1.0
2026-04-22 13:35:00+00:00,1.0054791407269799,0.9487092607202415,1.0
2026-04-22 13:40:00+00:00,1.0054791407269799,0.9487092607202415,1.0
2026-04-22 13:45:00+00:00,1.0054791407269799,0.9487092607202415,1.0
2026-04-22 13:50:00+00:00,1.0054791407269799,0.9487092607202415,1.0
2026-04-22 13:55:00+00:00,1.0054791407269799,0.9487092607202415,1.0
2026-04-22 14:00:00+00:00,1.0054791407269799,0.9487092607202415,1.0
2026-04-22 14:05:00+00:00,1.0054791407269799,0.9487092607202415,1.0
2026-04-22 14:10:00+00:00,1.0054791407269799,0.9487092607202415,1.0
2026-04-22 14:15:00+00:00,1.0054791407269799,0.9516889129360672,1.0
2026-04-22 14:20:00+00:00,1.0054791407269799,0.9495372814594084,1.0
2026-04-22 14:25:00+00:00,1.0054791407269799,0.9482062786143016,1.0
2026-04-22 14:30:00+00:00,1.0054791407269799,0.9482870340512712,1.0
2026-04-22 14:35:00+00:00,1.0054791407269799,0.9468459729527261,1.0
2026-04-22 14:40:00+00:00,1.0054791407269799,0.9463129891475209,1.0
2026-04-22 14:45:00+00:00,1.0054791407269799,0.9451519941512372,1.0
2026-04-22 14:50:00+00:00,1.0054791407269799,0.9444903877553313,1.0
2026-04-22 14:55:00+00:00,1.0054791407269799,0.9444903877553313,1.0
2026-04-22 15:00:00+00:00,1.0054791407269799,0.9444903877553313,1.0
2026-04-22 15:05:00+00:00,1.0054791407269799,0.9444903877553313,1.0
2026-04-22 15:10:00+00:00,1.0054791407269799,0.9444903877553313,1.0
2026-04-22 15:15:00+00:00,1.0054791407269799,0.9444903877553313,1.0
2026-04-22 15:20:00+00:00,1.0054791407269799,0.9444903877553313,1.0
2026-04-22 15:25:00+00:00,1.0054791407269799,0.9444903877553313,1.0
2026-04-22 15:30:00+00:00,1.0054791407269799,0.9444903877553313,1.0
2026-04-22 15:35:00+00:00,1.0054791407269799,0.9444903877553313,1.0
2026-04-22 15:40:00+00:00,1.0054791407269799,0.9444903877553313,1.0
2026-04-22 15:45:00+00:00,1.0054791407269799,0.9444903877553313,1.0
2026-04-22 15:50:00+00:00,1.0054791407269799,0.9444903877553313,1.0
2026-04-22 15:55:00+00:00,1.0054791407269799,0.9444903877553313,1.0
2026-04-22 16:00:00+00:00,1.0054791407269799,0.9444903877553313,1.0
2026-04-22 16:05:00+00:00,1.0054791407269799,0.9444903877553313,1.0
2026-04-22 16:10:00+00:00,1.0054791407269799,0.9444903877553313,1.0
2026-04-22 16:15:00+00:00,1.0054791407269799,0.9444903877553313,1.0
2026-04-22 16:20:00+00:00,1.0054791407269799,0.9463218774517641,1.0
2026-04-22 16:25:00+00:00,1.0054791407269799,0.9445899959163778,1.0
2026-04-22 16:30:00+00:00,1.0054791407269799,0.9428837094863176,1.0
2026-04-22 16:35:00+00:00,1.0054791407269799,0.9421894556273026,1.0
2026-04-22 16:40:00+00:00,1.0054791407269799,0.9439374395019444,1.0
2026-04-22 16:45:00+00:00,1.0054791407269799,0.9450502822950277,1.0
2026-04-22 16:50:00+00:00,1.0054791407269799,0.9450178622285359,1.0
2026-04-22 16:55:00+00:00,1.0054791407269799,0.9456214338488538,1.0
2026-04-22 17:00:00+00:00,1.0054791407269799,0.9445196709586907,1.0
2026-04-22 17:05:00+00:00,1.0054791407269799,0.9427623619507868,1.0
2026-04-22 17:10:00+00:00,1.0054791407269799,0.9416642733976218,1.0
2026-04-22 17:15:00+00:00,1.0054791407269799,0.9410051084062434,1.0
2026-04-22 17:20:00+00:00,1.0054791407269799,0.9410051084062434,1.0
2026-04-22 17:25:00+00:00,1.0054791407269799,0.9410051084062434,1.0
2026-04-22 17:30:00+00:00,1.0054791407269799,0.9410051084062434,1.0
2026-04-22 17:35:00+00:00,1.0054791407269799,0.9410051084062434,1.0
2026-04-22 17:40:00+00:00,1.0054791407269799,0.9410051084062434,1.0
2026-04-22 17:45:00+00:00,1.0054791407269799,0.9410051084062434,1.0
2026-04-22 17:50:00+00:00,1.0054791407269799,0.9410051084062434,1.0
2026-04-22 17:55:00+00:00,1.0054791407269799,0.9410051084062434,1.0
2026-04-22 18:00:00+00:00,1.0054791407269799,0.9410051084062434,1.0
2026-04-22 18:05:00+00:00,1.0054791407269799,0.9410051084062434,1.0
2026-04-22 18:10:00+00:00,1.0054791407269799,0.9399831142400968,1.0
2026-04-22 18:15:00+00:00,1.0054791407269799,0.936495253611362,1.0
2026-04-22 18:20:00+00:00,1.0054791407269799,0.9346054334464357,1.0
2026-04-22 18:25:00+00:00,1.0054791407269799,0.9339512096430231,1.0
2026-04-22 18:30:00+00:00,1.0054791407269799,0.9339512096430231,1.0
2026-04-22 18:35:00+00:00,1.005119267838799,0.9339512096430231,1.0
2026-04-22 18:40:00+00:00,1.0040799373016158,0.9339512096430231,1.0
2026-04-22 18:45:00+00:00,1.0033770813455047,0.9339512096430231,1.0
2026-04-22 18:50:00+00:00,1.0033770813455047,0.9339512096430231,1.0
2026-04-22 18:55:00+00:00,1.0033770813455047,0.9339512096430231,1.0
2026-04-22 19:00:00+00:00,1.0033770813455047,0.9339512096430231,1.0
2026-04-22 19:05:00+00:00,1.0033770813455047,0.9339512096430231,1.0
2026-04-22 19:10:00+00:00,1.0033770813455047,0.9339512096430231,1.0
2026-04-22 19:15:00+00:00,1.0033770813455047,0.9339512096430231,1.0
2026-04-22 19:20:00+00:00,1.0033770813455047,0.9339512096430231,1.0
2026-04-22 19:25:00+00:00,1.0033770813455047,0.9339512096430231,1.0
2026-04-22 19:30:00+00:00,1.0033770813455047,0.9339512096430231,1.0
2026-04-22 19:35:00+00:00,1.0033770813455047,0.9339512096430231,1.0
2026-04-22 19:40:00+00:00,1.0033770813455047,0.9339512096430231,1.0
2026-04-22 19:45:00+00:00,1.0033770813455047,0.9339512096430231,1.0
2026-04-22 19:50:00+00:00,1.0033770813455047,0.9339507711295818,1.0
2026-04-22 19:55:00+00:00,1.0033770813455047,0.9315422714013448,1.0
2026-04-23 13:30:00+00:00,1.0033770813455047,0.9273304047636081,1.0
2026-04-23 13:35:00+00:00,1.0033770813455047,0.9248659493556493,1.0
2026-04-23 13:40:00+00:00,1.0033770813455047,0.9242185431911003,1.0
2026-04-23 13:45:00+00:00,1.0033770813455047,0.9242185431911003,1.0
2026-04-23 13:50:00+00:00,1.0033770813455047,0.9242185431911003,1.0
2026-04-23 13:55:00+00:00,1.0033770813455047,0.9242185431911003,1.0
2026-04-23 14:00:00+00:00,1.0033770813455047,0.9242185431911003,1.0
2026-04-23 14:05:00+00:00,1.0033770813455047,0.9242185431911003,1.0
2026-04-23 14:10:00+00:00,1.0033770813455047,0.9242185431911003,1.0
2026-04-23 14:15:00+00:00,1.0033770813455047,0.9242185431911003,1.0
2026-04-23 14:20:00+00:00,1.0033770813455047,0.9242185431911003,1.0
2026-04-23 14:25:00+00:00,1.0033770813455047,0.9242185431911003,1.0
2026-04-23 14:30:00+00:00,1.0033770813455047,0.9242185431911003,1.0
2026-04-23 14:35:00+00:00,1.0033770813455047,0.9242185431911003,1.0
2026-04-23 14:40:00+00:00,1.0033770813455047,0.9242185431911003,1.0
2026-04-23 14:45:00+00:00,1.0033770813455047,0.9242185431911003,1.0
2026-04-23 14:50:00+00:00,1.0033770813455047,0.9242185431911003,1.0
2026-04-23 14:55:00+00:00,1.0033770813455047,0.9242185431911003,1.0
2026-04-23 15:00:00+00:00,1.0033770813455047,0.9242185431911003,1.0
2026-04-23 15:05:00+00:00,1.0033770813455047,0.9242185431911003,1.0
2026-04-23 15:10:00+00:00,1.0033770813455047,0.9242185431911003,1.0
2026-04-23 15:15:00+00:00,1.0033770813455047,0.9242185431911003,1.0
2026-04-23 15:20:00+00:00,1.0033770813455047,0.9242185431911003,1.0
2026-04-23 15:25:00+00:00,1.0033770813455047,0.9242185431911003,1.0
2026-04-23 15:30:00+00:00,1.0033770813455047,0.9242185431911003,1.0
2026-04-23 15:35:00+00:00,1.0033770813455047,0.9242185431911003,1.0
2026-04-23 15:40:00+00:00,1.0033770813455047,0.9242185431911003,1.0
2026-04-23 15:45:00+00:00,1.0033770813455047,0.9242185431911003,1.0
2026-04-23 15:50:00+00:00,1.0033770813455047,0.9242185431911003,1.0
2026-04-23 15:55:00+00:00,1.0033770813455047,0.9242185431911003,1.0
2026-04-23 16:00:00+00:00,1.0033770813455047,0.9242185431911003,1.0
2026-04-23 16:05:00+00:00,1.0033770813455047,0.9242185431911003,1.0
2026-04-23 16:10:00+00:00,1.0033770813455047,0.9242185431911003,1.0
2026-04-23 16:15:00+00:00,1.0033770813455047,0.9242185431911003,1.0
2026-04-23 16:20:00+00:00,1.0033770813455047,0.9242185431911003,1.0
2026-04-23 16:25:00+00:00,1.0033770813455047,0.9242185431911003,1.0
2026-04-23 16:30:00+00:00,0.9984351123965837,0.9242185431911003,1.0
2026-04-23 16:35:00+00:00,0.9977362078179061,0.9242185431911003,1.0
2026-04-23 16:40:00+00:00,0.9977362078179061,0.9241775436726336,1.0
2026-04-23 16:45:00+00:00,0.9977362078179061,0.9238244278311983,1.0
2026-04-23 16:50:00+00:00,0.9977362078179061,0.9234216496430987,1.0
2026-04-23 16:55:00+00:00,0.9977362078179061,0.9220771243931054,1.0
2026-04-23 17:00:00+00:00,0.9977362078179061,0.9221572015509151,1.0
2026-04-23 17:05:00+00:00,0.9977362078179061,0.9206244426630461,1.0
2026-04-23 17:10:00+00:00,0.9977362078179061,0.9199800055531819,1.0
2026-04-23 17:15:00+00:00,0.997112618742618,0.9199800055531819,1.0
2026-04-23 17:20:00+00:00,0.9938607519066234,0.9199800055531819,1.0
2026-04-23 17:25:00+00:00,0.9931650493802887,0.9199800055531819,1.0
2026-04-23 17:30:00+00:00,0.9931650493802887,0.9199800055531819,1.0
2026-04-23 17:35:00+00:00,0.9931650493802887,0.9199800055531819,1.0
2026-04-23 17:40:00+00:00,0.9931650493802887,0.9199800055531819,1.0
2026-04-23 17:45:00+00:00,0.9931650493802887,0.9199800055531819,1.0
2026-04-23 17:50:00+00:00,0.9931650493802887,0.9199800055531819,1.0
2026-04-23 17:55:00+00:00,0.9931650493802887,0.9199800055531819,1.0
2026-04-23 18:00:00+00:00,0.9931650493802887,0.9199800055531819,1.0
2026-04-23 18:05:00+00:00,0.9931650493802887,0.9199800055531819,1.0
2026-04-23 18:10:00+00:00,0.9931650493802887,0.9199800055531819,1.0
2026-04-23 18:15:00+00:00,0.9931650493802887,0.91929772053881,1.0
2026-04-23 18:20:00+00:00,0.9931650493802887,0.919509897223354,1.0
2026-04-23 18:25:00+00:00,0.9931650493802887,0.9198010979026053,1.0
2026-04-23 18:30:00+00:00,0.9931650493802887,0.921967063789612,1.0
2026-04-23 18:35:00+00:00,0.9931650493802887,0.9246641998867704,1.0
2026-04-23 18:40:00+00:00,0.9931650493802887,0.919779078895592,1.0
2026-04-23 18:45:00+00:00,0.9931650493802887,0.9188217205125936,1.0
2026-04-23 18:50:00+00:00,0.9931650493802887,0.9156205414775418,1.0
2026-04-23 18:55:00+00:00,0.9931650493802887,0.9149796070985075,1.0
2026-04-23 19:00:00+00:00,0.9931650493802887,0.9149796070985075,1.0
2026-04-23 19:05:00+00:00,0.9931650493802887,0.9149796070985075,1.0
2026-04-23 19:10:00+00:00,0.9931650493802887,0.9149796070985075,1.0
2026-04-23 19:15:00+00:00,0.9931650493802887,0.9149796070985075,1.0
2026-04-23 19:20:00+00:00,0.9931650493802887,0.9149796070985075,1.0
2026-04-23 19:25:00+00:00,0.9931650493802887,0.9149796070985075,1.0
2026-04-23 19:30:00+00:00,0.9931650493802887,0.9149796070985075,1.0
2026-04-23 19:35:00+00:00,0.9931650493802887,0.9149796070985075,1.0
2026-04-23 19:40:00+00:00,0.9931650493802887,0.9149796070985075,1.0
2026-04-23 19:45:00+00:00,0.9931650493802887,0.9149796070985075,1.0
2026-04-23 19:50:00+00:00,0.9931650493802887,0.9149796070985075,1.0
2026-04-23 19:55:00+00:00,0.9931650493802887,0.9149796070985075,1.0
2026-04-24 13:30:00+00:00,0.9931650493802887,0.9149796070985075,1.0
2026-04-24 13:35:00+00:00,0.9931650493802887,0.9149796070985075,1.0
2026-04-24 13:40:00+00:00,0.9931650493802887,0.9149796070985075,1.0
2026-04-24 13:45:00+00:00,0.9921949834306463,0.9149796070985075,1.0
2026-04-24 13:50:00+00:00,0.9897077726543348,0.9149796070985075,1.0
2026-04-24 13:55:00+00:00,0.9890149772134768,0.9149796070985075,1.0
2026-04-24 14:00:00+00:00,0.9890149772134768,0.9149796070985075,1.0
2026-04-24 14:05:00+00:00,0.9890149772134768,0.9149796070985075,1.0
2026-04-24 14:10:00+00:00,0.9890149772134768,0.9149796070985075,1.0
2026-04-24 14:15:00+00:00,0.9890149772134768,0.9149796070985075,1.0
2026-04-24 14:20:00+00:00,0.9912146424603235,0.9149796070985075,1.0
2026-04-24 14:25:00+00:00,0.9934667113940574,0.9149796070985075,1.0
2026-04-24 14:30:00+00:00,0.9913520616970554,0.9123915358865534,1.0
2026-04-24 14:35:00+00:00,0.9938658027669033,0.9147050591686995,1.0
2026-04-24 14:40:00+00:00,0.9923126548969817,0.9132756184833482,1.0
2026-04-24 14:45:00+00:00,0.9921577707405359,0.9131330707459255,1.0
2026-04-24 14:50:00+00:00,0.9948516737277332,0.9156124061697212,1.0
2026-04-24 14:55:00+00:00,0.993239182067583,0.914128348387171,1.0
2026-04-24 15:00:00+00:00,0.9923609784643493,0.9133200931110346,1.0
2026-04-24 15:05:00+00:00,0.9924529161661675,0.9134047080366586,1.0
2026-04-24 15:10:00+00:00,0.9924631616320984,0.9134141374581101,1.0
2026-04-24 15:15:00+00:00,0.9917583120966276,0.9127654287146832,1.0
2026-04-24 15:20:00+00:00,0.9945725126203255,0.9153554800570026,1.0
2026-04-24 15:25:00+00:00,0.9929137189259641,0.9138288081661644,1.0
2026-04-24 15:30:00+00:00,0.9888395937335925,0.910079184308724,1.0
2026-04-24 15:35:00+00:00,0.988147406017979,0.9094421288797079,1.0
2026-04-24 15:40:00+00:00,0.988147406017979,0.9094421288797079,1.0
2026-04-24 15:45:00+00:00,0.988147406017979,0.9094421288797079,1.0
2026-04-24 15:50:00+00:00,0.988147406017979,0.9094421288797079,1.0
2026-04-24 15:55:00+00:00,0.988147406017979,0.9102052401625835,1.0
2026-04-24 16:00:00+00:00,0.988147406017979,0.9115213688267588,1.0
2026-04-24 16:05:00+00:00,0.988147406017979,0.9118384202272,1.0
2026-04-24 16:10:00+00:00,0.988147406017979,0.9122551512049721,1.0
2026-04-24 16:15:00+00:00,0.988147406017979,0.9097920305834493,1.0
2026-04-24 16:20:00+00:00,0.988147406017979,0.9060873500305792,1.0
2026-04-24 16:25:00+00:00,0.988147406017979,0.9085937579277297,1.0
2026-04-24 16:30:00+00:00,0.988147406017979,0.9088417286429292,1.0
2026-04-24 16:35:00+00:00,0.988147406017979,0.9055698239264725,1.0
2026-04-24 16:40:00+00:00,0.988147406017979,0.9049359250497239,1.0
2026-04-24 16:45:00+00:00,0.988147406017979,0.9049359250497239,1.0
2026-04-24 16:50:00+00:00,0.988147406017979,0.9049359250497239,1.0
2026-04-24 16:55:00+00:00,0.988147406017979,0.9049359250497239,1.0
2026-04-24 17:00:00+00:00,0.988147406017979,0.9049359250497239,1.0
2026-04-24 17:05:00+00:00,0.988147406017979,0.9049359250497239,1.0
2026-04-24 17:10:00+00:00,0.988147406017979,0.9049359250497239,1.0
2026-04-24 17:15:00+00:00,0.988147406017979,0.9049359250497239,1.0
2026-04-24 17:20:00+00:00,0.988147406017979,0.9049359250497239,1.0
2026-04-24 17:25:00+00:00,0.988147406017979,0.9049359250497239,1.0
2026-04-24 17:30:00+00:00,0.988147406017979,0.9049359250497239,1.0
2026-04-24 17:35:00+00:00,0.988147406017979,0.9049359250497239,1.0
2026-04-24 17:40:00+00:00,0.988147406017979,0.9049359250497239,1.0
2026-04-24 17:45:00+00:00,0.988147406017979,0.9049359250497239,1.0
2026-04-24 17:50:00+00:00,0.988147406017979,0.9049359250497239,1.0
2026-04-24 17:55:00+00:00,0.988147406017979,0.9049359250497239,1.0
2026-04-24 18:00:00+00:00,0.988147406017979,0.9049359250497239,1.0
2026-04-24 18:05:00+00:00,0.988147406017979,0.9049359250497239,1.0
2026-04-24 18:10:00+00:00,0.988147406017979,0.9049359250497239,1.0
2026-04-24 18:15:00+00:00,0.988147406017979,0.9049359250497239,1.0
2026-04-24 18:20:00+00:00,0.988147406017979,0.9049359250497239,1.0
2026-04-24 18:25:00+00:00,0.988147406017979,0.9049359250497239,1.0
2026-04-24 18:30:00+00:00,0.988147406017979,0.9049359250497239,1.0
2026-04-24 18:35:00+00:00,0.988147406017979,0.9049359250497239,1.0
2026-04-24 18:40:00+00:00,0.988147406017979,0.9049359250497239,1.0
2026-04-24 18:45:00+00:00,0.988147406017979,0.9049359250497239,1.0
2026-04-24 18:50:00+00:00,0.988147406017979,0.9049359250497239,1.0
2026-04-24 18:55:00+00:00,0.988147406017979,0.9049359250497239,1.0
2026-04-24 19:00:00+00:00,0.988147406017979,0.9049359250497239,1.0
2026-04-24 19:05:00+00:00,0.988147406017979,0.9049359250497239,1.0
2026-04-24 19:10:00+00:00,0.988147406017979,0.9049359250497239,1.0
2026-04-24 19:15:00+00:00,0.988147406017979,0.9049359250497239,1.0
2026-04-24 19:20:00+00:00,0.988147406017979,0.9049359250497239,1.0
2026-04-24 19:25:00+00:00,0.988147406017979,0.9054799411575315,1.0
2026-04-24 19:30:00+00:00,0.988147406017979,0.9062224363632089,1.0
2026-04-24 19:35:00+00:00,0.988147406017979,0.9071566254218311,1.0
2026-04-24 19:40:00+00:00,0.988147406017979,0.9110617082344631,1.0
2026-04-24 19:45:00+00:00,0.988147406017979,0.9146277031113217,1.0
2026-04-24 19:50:00+00:00,0.988147406017979,0.9166345845826123,1.0
2026-04-24 19:55:00+00:00,0.988147406017979,0.9203270308360485,1.0
2026-04-27 13:30:00+00:00,0.988147406017979,0.9213837342942378,1.0
2026-04-27 13:35:00+00:00,0.988147406017979,0.9234982194956614,1.0
2026-04-27 13:40:00+00:00,0.988147406017979,0.9235455615632082,1.0
2026-04-27 13:45:00+00:00,0.988147406017979,0.9230691964621521,1.0
2026-04-27 13:50:00+00:00,0.988147406017979,0.925490467807201,1.0
2026-04-27 13:55:00+00:00,0.988147406017979,0.926704621775623,1.0
2026-04-27 14:00:00+00:00,0.988147406017979,0.9286883078236496,1.0
2026-04-27 14:05:00+00:00,0.988147406017979,0.9331156206806925,1.0
2026-04-27 14:10:00+00:00,0.988147406017979,0.9328211710517602,1.0
2026-04-27 14:15:00+00:00,0.988147406017979,0.9328272168925134,1.0
2026-04-27 14:20:00+00:00,0.988147406017979,0.9323699346694763,1.0
2026-04-27 14:25:00+00:00,0.988147406017979,0.9336488116679041,1.0
2026-04-27 14:30:00+00:00,0.988147406017979,0.9358487723281759,1.0
2026-04-27 14:35:00+00:00,0.988147406017979,0.9356449710636979,1.0
2026-04-27 14:40:00+00:00,0.988147406017979,0.9370029378650871,1.0
2026-04-27 14:45:00+00:00,0.988147406017979,0.9388791913146293,1.0
2026-04-27 14:50:00+00:00,0.988147406017979,0.9363477280326357,1.0
2026-04-27 14:55:00+00:00,0.988147406017979,0.9368604913770012,1.0
2026-04-27 15:00:00+00:00,0.988147406017979,0.9379117159213526,1.0
2026-04-27 15:05:00+00:00,0.988147406017979,0.9388927150690813,1.0
2026-04-27 15:10:00+00:00,0.988147406017979,0.9391938484702136,1.0
2026-04-27 15:15:00+00:00,0.988147406017979,0.9390188753203123,1.0
2026-04-27 15:20:00+00:00,0.988147406017979,0.9381463890186678,1.0
2026-04-27 15:25:00+00:00,0.988147406017979,0.9366497420847811,1.0
2026-04-27 15:30:00+00:00,0.988147406017979,0.9340644298637168,1.0
2026-04-27 15:35:00+00:00,0.988147406017979,0.9336779091428118,1.0
2026-04-27 15:40:00+00:00,0.988147406017979,0.9326968302257044,1.0
2026-04-27 15:45:00+00:00,0.988147406017979,0.9320439424445464,1.0
2026-04-27 15:50:00+00:00,0.988147406017979,0.9320439424445464,1.0
2026-04-27 15:55:00+00:00,0.988147406017979,0.9320439424445464,1.0
2026-04-27 16:00:00+00:00,0.988147406017979,0.9320439424445464,1.0
2026-04-27 16:05:00+00:00,0.988147406017979,0.9320439424445464,1.0
2026-04-27 16:10:00+00:00,0.988147406017979,0.9320439424445464,1.0
2026-04-27 16:15:00+00:00,0.988147406017979,0.9320439424445464,1.0
2026-04-27 16:20:00+00:00,0.988147406017979,0.9320439424445464,1.0
2026-04-27 16:25:00+00:00,0.988147406017979,0.9320439424445464,1.0
2026-04-27 16:30:00+00:00,0.988147406017979,0.9320439424445464,1.0
2026-04-27 16:35:00+00:00,0.988147406017979,0.9320439424445464,1.0
2026-04-27 16:40:00+00:00,0.988147406017979,0.9320439424445464,1.0
2026-04-27 16:45:00+00:00,0.988147406017979,0.9320439424445464,1.0
2026-04-27 16:50:00+00:00,0.988147406017979,0.9320439424445464,1.0
2026-04-27 16:55:00+00:00,0.988147406017979,0.9320439424445464,1.0
2026-04-27 17:00:00+00:00,0.988147406017979,0.9320439424445464,1.0
2026-04-27 17:05:00+00:00,0.988147406017979,0.9320439424445464,1.0
2026-04-27 17:10:00+00:00,0.988147406017979,0.9320439424445464,1.0
2026-04-27 17:15:00+00:00,0.988147406017979,0.9320439424445464,1.0
2026-04-27 17:20:00+00:00,0.988147406017979,0.9320439424445464,1.0
2026-04-27 17:25:00+00:00,0.988147406017979,0.9320439424445464,1.0
2026-04-27 17:30:00+00:00,0.988147406017979,0.9320439424445464,1.0
2026-04-27 17:35:00+00:00,0.988147406017979,0.9303855144195664,1.0
2026-04-27 17:40:00+00:00,0.988147406017979,0.9309994143639968,1.0
2026-04-27 17:45:00+00:00,0.988147406017979,0.9325160168346247,1.0
2026-04-27 17:50:00+00:00,0.988147406017979,0.9345297486673251,1.0
2026-04-27 17:55:00+00:00,0.988147406017979,0.9317304339919126,1.0
2026-04-27 18:00:00+00:00,0.988147406017979,0.9337673645779712,1.0
2026-04-27 18:05:00+00:00,0.988147406017979,0.9341879362428642,1.0
2026-04-27 18:10:00+00:00,0.988147406017979,0.9352053743790885,1.0
2026-04-27 18:15:00+00:00,0.988147406017979,0.9359652488954647,1.0
2026-04-27 18:20:00+00:00,0.988147406017979,0.9341060930152119,1.0
2026-04-27 18:25:00+00:00,0.988147406017979,0.934885141666782,1.0
2026-04-27 18:30:00+00:00,0.988147406017979,0.9363769667930534,1.0
2026-04-27 18:35:00+00:00,0.988147406017979,0.9360643262026277,1.0
2026-04-27 18:40:00+00:00,0.988147406017979,0.9372978915543431,1.0
2026-04-27 18:45:00+00:00,0.988147406017979,0.9361884727824425,1.0
2026-04-27 18:50:00+00:00,0.988147406017979,0.9360263046889118,1.0
2026-04-27 18:55:00+00:00,0.988147406017979,0.9362258893699323,1.0
2026-04-27 19:00:00+00:00,0.988147406017979,0.9383947116100381,1.0
2026-04-27 19:05:00+00:00,0.988147406017979,0.936574563916863,1.0
2026-04-27 19:10:00+00:00,0.988147406017979,0.9367972263342451,1.0
2026-04-27 19:15:00+00:00,0.988147406017979,0.9360856181744482,1.0
2026-04-27 19:20:00+00:00,0.988147406017979,0.9355606361079087,1.0
2026-04-27 19:25:00+00:00,0.988147406017979,0.9336616441128689,1.0
2026-04-27 19:30:00+00:00,0.988147406017979,0.9330080809619898,1.0
2026-04-27 19:35:00+00:00,0.988147406017979,0.9330080809619898,1.0
2026-04-27 19:40:00+00:00,0.988147406017979,0.9330080809619898,1.0
2026-04-27 19:45:00+00:00,0.988147406017979,0.9330080809619898,1.0
2026-04-27 19:50:00+00:00,0.988147406017979,0.9318644725173871,1.0
2026-04-27 19:55:00+00:00,0.988147406017979,0.9271576206109652,1.0
2026-04-28 13:30:00+00:00,0.988147406017979,0.9236814247954391,1.0
2026-04-28 13:35:00+00:00,0.988147406017979,0.9230348477980823,1.0
2026-04-28 13:40:00+00:00,0.988147406017979,0.9230348477980823,1.0
2026-04-28 13:45:00+00:00,0.988147406017979,0.9230348477980823,1.0
2026-04-28 13:50:00+00:00,0.988147406017979,0.9205164323737671,1.0
2026-04-28 13:55:00+00:00,0.988147406017979,0.9218966589510849,1.0
2026-04-28 14:00:00+00:00,0.988147406017979,0.9225224642579488,1.0
2026-04-28 14:05:00+00:00,0.988147406017979,0.9246712515328419,1.0
2026-04-28 14:10:00+00:00,0.988147406017979,0.921838595696364,1.0
2026-04-28 14:15:00+00:00,0.988147406017979,0.9226025019385469,1.0
2026-04-28 14:20:00+00:00,0.988147406017979,0.921513743334273,1.0
2026-04-28 14:25:00+00:00,0.988147406017979,0.9218901307500806,1.0
2026-04-28 14:30:00+00:00,0.988147406017979,0.921415029929829,1.0
2026-04-28 14:35:00+00:00,0.988147406017979,0.9221148038764929,1.0
2026-04-28 14:40:00+00:00,0.988147406017979,0.9172840627329762,1.0
2026-04-28 14:45:00+00:00,0.9893958457253653,0.9166419638890632,1.0
2026-04-28 14:50:00+00:00,0.9880040571425078,0.9166419638890632,1.0
2026-04-28 14:55:00+00:00,0.987367883199396,0.9166419638890632,1.0
2026-04-28 15:00:00+00:00,0.9874195939315199,0.9166419638890632,1.0
2026-04-28 15:05:00+00:00,0.9862845754455125,0.9166419638890632,1.0
2026-04-28 15:10:00+00:00,0.9885838319223389,0.9166419638890632,1.0
2026-04-28 15:15:00+00:00,0.9869238806106463,0.9166419638890632,1.0
2026-04-28 15:20:00+00:00,0.9908946160737904,0.9166419638890632,1.0
2026-04-28 15:25:00+00:00,0.9906957194185946,0.9166419638890632,1.0
2026-04-28 15:30:00+00:00,0.9923589015258557,0.9166419638890632,1.0
2026-04-28 15:35:00+00:00,0.9894110090915935,0.9132773461345328,1.0
2026-04-28 15:40:00+00:00,0.9924150164863457,0.9160501997575854,1.0
2026-04-28 15:45:00+00:00,0.9949196395654524,0.9183620959238248,1.0
2026-04-28 15:50:00+00:00,0.9947033574747068,0.9181624564089644,1.0
2026-04-28 15:55:00+00:00,0.9923459430702187,0.9159864414351196,1.0
2026-04-28 16:00:00+00:00,0.9917101216040561,0.9153995454577184,1.0
2026-04-28 16:05:00+00:00,0.99125154232811,0.9149762531552476,1.0
2026-04-28 16:10:00+00:00,0.9916168996917001,0.9153134968288515,1.0
2026-04-28 16:15:00+00:00,0.99363233708974,0.9171738494035334,1.0
2026-04-28 16:20:00+00:00,0.9911472994901591,0.914880031644144,1.0
2026-04-28 16:25:00+00:00,0.9888938139263445,0.9127999483457353,1.0
2026-04-28 16:30:00+00:00,0.9902539665034015,0.9121609883818933,1.0
2026-04-28 16:35:00+00:00,0.9905035021275886,0.9121609883818933,1.0
2026-04-28 16:40:00+00:00,0.9896401747425729,0.9121609883818933,1.0
2026-04-28 16:45:00+00:00,0.99009004170435,0.9121609883818933,1.0
2026-04-28 16:50:00+00:00,0.9873405890893326,0.9121609883818933,1.0
2026-04-28 16:55:00+00:00,0.9866494506769701,0.9121609883818933,1.0
2026-04-28 17:00:00+00:00,0.9866494506769701,0.9121609883818933,1.0
2026-04-28 17:05:00+00:00,0.9866494506769701,0.9121609883818933,1.0
2026-04-28 17:10:00+00:00,0.9866494506769701,0.9121609883818933,1.0
2026-04-28 17:15:00+00:00,0.9866494506769701,0.9121609883818933,1.0
2026-04-28 17:20:00+00:00,0.9866494506769701,0.9121609883818933,1.0
2026-04-28 17:25:00+00:00,0.9866494506769701,0.9121609883818933,1.0
2026-04-28 17:30:00+00:00,0.9866494506769701,0.9121609883818933,1.0
2026-04-28 17:35:00+00:00,0.9866494506769701,0.9121609883818933,1.0
2026-04-28 17:40:00+00:00,0.9866494506769701,0.9121609883818933,1.0
2026-04-28 17:45:00+00:00,0.9866494506769701,0.9121609883818933,1.0
2026-04-28 17:50:00+00:00,0.9866494506769701,0.9121609883818933,1.0
2026-04-28 17:55:00+00:00,0.9866494506769701,0.9121609883818933,1.0
2026-04-28 18:00:00+00:00,0.9866494506769701,0.9121609883818933,1.0
2026-04-28 18:05:00+00:00,0.9866494506769701,0.9121609883818933,1.0
2026-04-28 18:10:00+00:00,0.9866494506769701,0.9121609883818933,1.0
2026-04-28 18:15:00+00:00,0.9866494506769701,0.9121609883818933,1.0
2026-04-28 18:20:00+00:00,0.9866494506769701,0.9121609883818933,1.0
2026-04-28 18:25:00+00:00,0.9866494506769701,0.9121609883818933,1.0
2026-04-28 18:30:00+00:00,0.9866494506769701,0.9121609883818933,1.0
2026-04-28 18:35:00+00:00,0.9866494506769701,0.9121609883818933,1.0
2026-04-28 18:40:00+00:00,0.9866494506769701,0.9121609883818933,1.0
2026-04-28 18:45:00+00:00,0.9866494506769701,0.9121609883818933,1.0
2026-04-28 18:50:00+00:00,0.9866494506769701,0.9121609883818933,1.0
2026-04-28 18:55:00+00:00,0.9866494506769701,0.9121609883818933,1.0
2026-04-28 19:00:00+00:00,0.9866494506769701,0.9095996450880475,1.0
2026-04-28 19:05:00+00:00,0.9866494506769701,0.9073454022974635,1.0
2026-04-28 19:10:00+00:00,0.9866494506769701,0.9067102605158552,1.0
2026-04-28 19:15:00+00:00,0.9866494506769701,0.9067102605158552,1.0
2026-04-28 19:20:00+00:00,0.9866494506769701,0.9067102605158552,1.0
2026-04-28 19:25:00+00:00,0.9866494506769701,0.9067102605158552,1.0
2026-04-28 19:30:00+00:00,0.9866494506769701,0.9067102605158552,1.0
2026-04-28 19:35:00+00:00,0.9866494506769701,0.9067102605158552,1.0
2026-04-28 19:40:00+00:00,0.9866494506769701,0.9067102605158552,1.0
2026-04-28 19:45:00+00:00,0.9866494506769701,0.9067102605158552,1.0
2026-04-28 19:50:00+00:00,0.9866494506769701,0.9067102605158552,1.0
2026-04-28 19:55:00+00:00,0.9866494506769701,0.9067102605158552,1.0
2026-04-29 13:30:00+00:00,0.9866494506769701,0.9067102605158552,1.0
2026-04-29 13:35:00+00:00,0.9866494506769701,0.9062688183316353,1.0
2026-04-29 13:40:00+00:00,0.9866494506769701,0.9075052402882352,1.0
2026-04-29 13:45:00+00:00,0.9866494506769701,0.9079627955595105,1.0
2026-04-29 13:50:00+00:00,0.9866494506769701,0.9086242773123153,1.0
2026-04-29 13:55:00+00:00,0.9866494506769701,0.911570295809952,1.0
2026-04-29 14:00:00+00:00,0.9866494506769701,0.9127500520630174,1.0
2026-04-29 14:05:00+00:00,0.9866494506769701,0.9138212163183288,1.0
2026-04-29 14:10:00+00:00,0.9866494506769701,0.9127849993503645,1.0
2026-04-29 14:15:00+00:00,0.9866494506769701,0.9110085365878505,1.0
2026-04-29 14:20:00+00:00,0.9866494506769701,0.9121959858509575,1.0
2026-04-29 14:25:00+00:00,0.9866494506769701,0.9117998990836473,1.0
2026-04-29 14:30:00+00:00,0.9866494506769701,0.9137930445128855,1.0
2026-04-29 14:35:00+00:00,0.9866494506769701,0.9163399784476906,1.0
2026-04-29 14:40:00+00:00,0.9866494506769701,0.9145953760295082,1.0
2026-04-29 14:45:00+00:00,0.9866494506769701,0.9153788530709371,1.0
2026-04-29 14:50:00+00:00,0.9866494506769701,0.9169169323931998,1.0
2026-04-29 14:55:00+00:00,0.9866494506769701,0.9157768041080051,1.0
2026-04-29 15:00:00+00:00,0.9866494506769701,0.9150510704862393,1.0
2026-04-29 15:05:00+00:00,0.9866494506769701,0.9120307482805665,1.0
2026-04-29 15:10:00+00:00,0.9866494506769701,0.9079531554642146,1.0
2026-04-29 15:15:00+00:00,0.9866494506769701,0.9073175882553897,1.0
2026-04-29 15:20:00+00:00,0.9866494506769701,0.9073175882553897,1.0
2026-04-29 15:25:00+00:00,0.9866494506769701,0.9059192357507778,1.0
2026-04-29 15:30:00+00:00,0.9866494506769701,0.9077849570807338,1.0
2026-04-29 15:35:00+00:00,0.9866494506769701,0.9088817861947988,1.0
2026-04-29 15:40:00+00:00,0.9866494506769701,0.9084899570648999,1.0
2026-04-29 15:45:00+00:00,0.9866494506769701,0.9071773698725791,1.0
2026-04-29 15:50:00+00:00,0.9866494506769701,0.9103355027277267,1.0
2026-04-29 15:55:00+00:00,0.9866494506769701,0.9109555207036094,1.0
2026-04-29 16:00:00+00:00,0.9866494506769701,0.9108300686497646,1.0
2026-04-29 16:05:00+00:00,0.9866494506769701,0.9107610828344321,1.0
2026-04-29 16:10:00+00:00,0.9866494506769701,0.9109526699066988,1.0
2026-04-29 16:15:00+00:00,0.9866494506769701,0.912256121212853,1.0
2026-04-29 16:20:00+00:00,0.9866494506769701,0.9105747950883964,1.0
2026-04-29 16:25:00+00:00,0.9866494506769701,0.9119204129451302,1.0
2026-04-29 16:30:00+00:00,0.9866494506769701,0.9109256346854289,1.0
2026-04-29 16:35:00+00:00,0.9866494506769701,0.9113046843115102,1.0
2026-04-29 16:40:00+00:00,0.9866494506769701,0.9118021002422112,1.0
2026-04-29 16:45:00+00:00,0.9866494506769701,0.9096742447334321,1.0
2026-04-29 16:50:00+00:00,0.9866494506769701,0.9089254780165977,1.0
2026-04-29 16:55:00+00:00,0.9866494506769701,0.9075356403782262,1.0
2026-04-29 17:00:00+00:00,0.9866494506769701,0.9069003654299614,1.0
2026-04-29 17:05:00+00:00,0.9866494506769701,0.9069003654299614,1.0
2026-04-29 17:10:00+00:00,0.9866494506769701,0.9069003654299614,1.0
2026-04-29 17:15:00+00:00,0.9866494506769701,0.9069003654299614,1.0
2026-04-29 17:20:00+00:00,0.9866494506769701,0.9069003654299614,1.0
2026-04-29 17:25:00+00:00,0.9866494506769701,0.9069003654299614,1.0
2026-04-29 17:30:00+00:00,0.9866494506769701,0.9069003654299614,1.0
2026-04-29 17:35:00+00:00,0.9866494506769701,0.9069003654299614,1.0
2026-04-29 17:40:00+00:00,0.9866494506769701,0.9069003654299614,1.0
2026-04-29 17:45:00+00:00,0.9866494506769701,0.9038435973679472,1.0
2026-04-29 17:50:00+00:00,0.9866494506769701,0.9032508993479902,1.0
2026-04-29 17:55:00+00:00,0.9866494506769701,0.90108963851163,1.0
2026-04-29 18:00:00+00:00,0.9866494506769701,0.9004588757646719,1.0
2026-04-29 18:05:00+00:00,0.9866494506769701,0.9004588757646719,1.0
2026-04-29 18:10:00+00:00,0.9866494506769701,0.9004588757646719,1.0
2026-04-29 18:15:00+00:00,0.9866494506769701,0.9004588757646719,1.0
2026-04-29 18:20:00+00:00,0.9866494506769701,0.9004588757646719,1.0
2026-04-29 18:25:00+00:00,0.9866494506769701,0.9004588757646719,1.0
2026-04-29 18:30:00+00:00,0.9866494506769701,0.9004588757646719,1.0
2026-04-29 18:35:00+00:00,0.9866494506769701,0.8997123758958508,1.0
2026-04-29 18:40:00+00:00,0.9866494506769701,0.8994389186430628,1.0
2026-04-29 18:45:00+00:00,0.9866494506769701,0.8976410473564295,1.0
2026-04-29 18:50:00+00:00,0.9866494506769701,0.9008295408066888,1.0
2026-04-29 18:55:00+00:00,0.9866494506769701,0.902665132139447,1.0
2026-04-29 19:00:00+00:00,0.9866494506769701,0.9057174957741778,1.0
2026-04-29 19:05:00+00:00,0.9866494506769701,0.9061122097273051,1.0
2026-04-29 19:10:00+00:00,0.9866494506769701,0.9059566671842121,1.0
2026-04-29 19:15:00+00:00,0.9866494506769701,0.9079699985343409,1.0
2026-04-29 19:20:00+00:00,0.9866494506769701,0.9067025916012595,1.0
2026-04-29 19:25:00+00:00,0.9866494506769701,0.9078847381890923,1.0
2026-04-29 19:30:00+00:00,0.9866494506769701,0.9090097092673275,1.0
2026-04-29 19:35:00+00:00,0.9866494506769701,0.907051491161475,1.0
2026-04-29 19:40:00+00:00,0.9866494506769701,0.9074540047700643,1.0
2026-04-29 19:45:00+00:00,0.9866494506769701,0.904644488181724,1.0
2026-04-29 19:50:00+00:00,0.9866494506769701,0.9045745155092472,1.0
2026-04-29 19:55:00+00:00,0.9866494506769701,0.9029538082002321,1.0
2026-04-30 13:30:00+00:00,0.9866494506769701,0.9023217405344919,1.0
2026-04-30 13:35:00+00:00,0.9866494506769701,0.9023217405344919,1.0
2026-04-30 13:40:00+00:00,0.9866494506769701,0.9023217405344919,1.0
2026-04-30 13:45:00+00:00,0.9866494506769701,0.9023217405344919,1.0
2026-04-30 13:50:00+00:00,0.9866494506769701,0.9023217405344919,1.0
2026-04-30 13:55:00+00:00,0.981566904572979,0.9023217405344919,1.0
2026-04-30 14:00:00+00:00,0.9808798077397779,0.9023217405344919,1.0
2026-04-30 14:05:00+00:00,0.9808798077397779,0.9023217405344919,1.0
2026-04-30 14:10:00+00:00,0.9808798077397779,0.9023217405344919,1.0
2026-04-30 14:15:00+00:00,0.9808798077397779,0.9023217405344919,1.0
2026-04-30 14:20:00+00:00,0.9808798077397779,0.9035344141569264,1.0
2026-04-30 14:25:00+00:00,0.9808798077397779,0.9032572565675433,1.0
2026-04-30 14:30:00+00:00,0.9808798077397779,0.9064931627114433,1.0
2026-04-30 14:35:00+00:00,0.9808798077397779,0.9064834313313884,1.0
2026-04-30 14:40:00+00:00,0.9808798077397779,0.9065085115652672,1.0
2026-04-30 14:45:00+00:00,0.9808798077397779,0.9047991871021879,1.0
2026-04-30 14:50:00+00:00,0.9808798077397779,0.904201969503464,1.0
2026-04-30 14:55:00+00:00,0.9808798077397779,0.899597166391285,1.0
2026-04-30 15:00:00+00:00,0.9808798077397779,0.898967448374811,1.0
2026-04-30 15:05:00+00:00,0.9808798077397779,0.898967448374811,1.0
2026-04-30 15:10:00+00:00,0.9808798077397779,0.898967448374811,1.0
2026-04-30 15:15:00+00:00,0.9808798077397779,0.898967448374811,1.0
2026-04-30 15:20:00+00:00,0.9808798077397779,0.8964914358251823,1.0
2026-04-30 15:25:00+00:00,0.9808798077397779,0.8960149711776079,1.0
2026-04-30 15:30:00+00:00,0.9808798077397779,0.8986338852678114,1.0
2026-04-30 15:35:00+00:00,0.9808798077397779,0.896467234978325,1.0
2026-04-30 15:40:00+00:00,0.9808798077397779,0.8951795728836145,1.0
2026-04-30 15:45:00+00:00,0.9808798077397779,0.8971452252834764,1.0
2026-04-30 15:50:00+00:00,0.9808798077397779,0.8965005831450195,1.0
2026-04-30 15:55:00+00:00,0.9808798077397779,0.8955183530117605,1.0
2026-04-30 16:00:00+00:00,0.9808798077397779,0.8958576314722572,1.0
2026-04-30 16:05:00+00:00,0.9808798077397779,0.8939200148535641,1.0
2026-04-30 16:10:00+00:00,0.9808798077397779,0.8932942708431666,1.0
2026-04-30 16:15:00+00:00,0.9808798077397779,0.8932942708431666,1.0
2026-04-30 16:20:00+00:00,0.9808798077397779,0.8932942708431666,1.0
2026-04-30 16:25:00+00:00,0.9808798077397779,0.8932942708431666,1.0
2026-04-30 16:30:00+00:00,0.9808798077397779,0.8932942708431666,1.0
2026-04-30 16:35:00+00:00,0.9808798077397779,0.8932942708431666,1.0
2026-04-30 16:40:00+00:00,0.9808798077397779,0.8932942708431666,1.0
2026-04-30 16:45:00+00:00,0.9808798077397779,0.8932942708431666,1.0
2026-04-30 16:50:00+00:00,0.9808798077397779,0.8932942708431666,1.0
2026-04-30 16:55:00+00:00,0.9808798077397779,0.8932942708431666,1.0
2026-04-30 17:00:00+00:00,0.9808798077397779,0.8952204306902793,1.0
2026-04-30 17:05:00+00:00,0.9808798077397779,0.8966665000786929,1.0
2026-04-30 17:10:00+00:00,0.9808798077397779,0.8982390690637948,1.0
2026-04-30 17:15:00+00:00,0.9808798077397779,0.8971595854490558,1.0
2026-04-30 17:20:00+00:00,0.9808798077397779,0.8976513004953846,1.0
2026-04-30 17:25:00+00:00,0.9808798077397779,0.8983078080893568,1.0
2026-04-30 17:30:00+00:00,0.9808798077397779,0.8966687328727714,1.0
2026-04-30 17:35:00+00:00,0.9808798077397779,0.8947186287409652,1.0
2026-04-30 17:40:00+00:00,0.9808798077397779,0.8980333370787297,1.0
2026-04-30 17:45:00+00:00,0.9808798077397779,0.8973321455663531,1.0
2026-04-30 17:50:00+00:00,0.9808798077397779,0.8969946704173773,1.0
2026-04-30 17:55:00+00:00,0.9808798077397779,0.9000495337076492,1.0
2026-04-30 18:00:00+00:00,0.9808798077397779,0.898940582796953,1.0
2026-04-30 18:05:00+00:00,0.9808798077397779,0.8995480221143554,1.0
2026-04-30 18:10:00+00:00,0.9808798077397779,0.897525450975168,1.0
2026-04-30 18:15:00+00:00,0.9808798077397779,0.9002978134824954,1.0
2026-04-30 18:20:00+00:00,0.9808798077397779,0.8979087426500665,1.0
2026-04-30 18:25:00+00:00,0.9808798077397779,0.901431375541523,1.0
2026-04-30 18:30:00+00:00,0.9808798077397779,0.9034439614116234,1.0
2026-04-30 18:35:00+00:00,0.9808798077397779,0.903265160000513,1.0
2026-04-30 18:40:00+00:00,0.9808798077397779,0.9050258728755474,1.0
2026-04-30 18:45:00+00:00,0.9808798077397779,0.9044366331634517,1.0
2026-04-30 18:50:00+00:00,0.9808798077397779,0.9023077278119066,1.0
2026-04-30 18:55:00+00:00,0.9808798077397779,0.9068516615247706,1.0
2026-04-30 19:00:00+00:00,0.9808798077397779,0.9048073360861957,1.0
2026-04-30 19:05:00+00:00,0.9808798077397779,0.9042429479619662,1.0
2026-04-30 19:10:00+00:00,0.9808798077397779,0.9058356858622953,1.0
2026-04-30 19:15:00+00:00,0.9808798077397779,0.9073396425529827,1.0
2026-04-30 19:20:00+00:00,0.9808798077397779,0.9071705403516422,1.0
2026-04-30 19:25:00+00:00,0.9808798077397779,0.908734672741428,1.0
2026-04-30 19:30:00+00:00,0.9808798077397779,0.9060508618172888,1.0
2026-04-30 19:35:00+00:00,0.9808798077397779,0.9036548456844716,1.0
2026-04-30 19:40:00+00:00,0.9808798077397779,0.9041269365496705,1.0
2026-04-30 19:45:00+00:00,0.9808798077397779,0.9062538984945413,1.0
2026-04-30 19:50:00+00:00,0.9808798077397779,0.9074282481050304,1.0
2026-04-30 19:55:00+00:00,0.9808798077397779,0.9090141468433363,1.0
2026-05-01 13:30:00+00:00,0.9808798077397779,0.9001214856781836,1.0
2026-05-01 13:35:00+00:00,0.9808798077397779,0.8994914006382089,1.0
2026-05-01 13:40:00+00:00,0.9808916050603167,0.8994914006382089,1.0
2026-05-01 13:45:00+00:00,0.9821441898611155,0.8994914006382089,1.0
2026-05-01 13:50:00+00:00,0.9803104440014743,0.8994914006382089,1.0
2026-05-01 13:55:00+00:00,0.9796242266906732,0.8994914006382089,1.0
2026-05-01 14:00:00+00:00,0.9796242266906732,0.8994914006382089,1.0
2026-05-01 14:05:00+00:00,0.9796242266906732,0.8994914006382089,1.0
2026-05-01 14:10:00+00:00,0.9796242266906732,0.9001190774227995,1.0
2026-05-01 14:15:00+00:00,0.9796242266906732,0.8987610204802482,1.0
2026-05-01 14:20:00+00:00,0.9796242266906732,0.8987702720963372,1.0
2026-05-01 14:25:00+00:00,0.9796242266906732,0.8997670451677865,1.0
2026-05-01 14:30:00+00:00,0.9796242266906732,0.8981670663356355,1.0
2026-05-01 14:35:00+00:00,0.9796242266906732,0.8999840509183568,1.0
2026-05-01 14:40:00+00:00,0.9796242266906732,0.9001584941994107,1.0
2026-05-01 14:45:00+00:00,0.9796242266906732,0.9015624730908803,1.0
2026-05-01 14:50:00+00:00,0.9796242266906732,0.9046919371741554,1.0
2026-05-01 14:55:00+00:00,0.9796242266906732,0.9056146388567304,1.0
2026-05-01 15:00:00+00:00,0.9796242266906732,0.9079851203239557,1.0
2026-05-01 15:05:00+00:00,0.9796242266906732,0.9043671751733228,1.0
2026-05-01 15:10:00+00:00,0.9796242266906732,0.9080946764821725,1.0
2026-05-01 15:15:00+00:00,0.9796242266906732,0.9054952555526103,1.0
2026-05-01 15:20:00+00:00,0.9796242266906732,0.9023103521975677,1.0
2026-05-01 15:25:00+00:00,0.9796242266906732,0.9041596711358134,1.0
2026-05-01 15:30:00+00:00,0.9796242266906732,0.9059682652518389,1.0
2026-05-01 15:35:00+00:00,0.9796242266906732,0.9073755310946897,1.0
2026-05-01 15:40:00+00:00,0.9796242266906732,0.9065672679385717,1.0
2026-05-01 15:45:00+00:00,0.9796242266906732,0.9065671374783543,1.0
2026-05-01 15:50:00+00:00,0.9796242266906732,0.9083619016892869,1.0
2026-05-01 15:55:00+00:00,0.9796242266906732,0.9057076930610973,1.0
2026-05-01 16:00:00+00:00,0.9796242266906732,0.9051254697261286,1.0
2026-05-01 16:05:00+00:00,0.9796242266906732,0.9041563391038381,1.0
2026-05-01 16:10:00+00:00,0.9796242266906732,0.9015170311322788,1.0
2026-05-01 16:15:00+00:00,0.9796242266906732,0.9008859692104861,1.0
2026-05-01 16:20:00+00:00,0.9766100074650872,0.9008859692104861,1.0
2026-05-01 16:25:00+00:00,0.9759263804598616,0.9008859692104861,1.0
2026-05-01 16:30:00+00:00,0.9759263804598616,0.9008859692104861,1.0
2026-05-01 16:35:00+00:00,0.9759263804598616,0.9008859692104861,1.0
2026-05-01 16:40:00+00:00,0.9759263804598616,0.9008859692104861,1.0
2026-05-01 16:45:00+00:00,0.9759263804598616,0.9008859692104861,1.0
2026-05-01 16:50:00+00:00,0.9759263804598616,0.9008859692104861,1.0
2026-05-01 16:55:00+00:00,0.9759263804598616,0.9008859692104861,1.0
2026-05-01 17:00:00+00:00,0.9759263804598616,0.9008859692104861,1.0
2026-05-01 17:05:00+00:00,0.9759263804598616,0.9008859692104861,1.0
2026-05-01 17:10:00+00:00,0.9759263804598616,0.9008859692104861,1.0
2026-05-01 17:15:00+00:00,0.9759263804598616,0.9008859692104861,1.0
2026-05-01 17:20:00+00:00,0.9759263804598616,0.9008859692104861,1.0
2026-05-01 17:25:00+00:00,0.9759263804598616,0.9008859692104861,1.0
2026-05-01 17:30:00+00:00,0.9759263804598616,0.9008859692104861,1.0
2026-05-01 17:35:00+00:00,0.9759263804598616,0.9008859692104861,1.0
2026-05-01 17:40:00+00:00,0.9759263804598616,0.9008859692104861,1.0
2026-05-01 17:45:00+00:00,0.9759263804598616,0.8990928641656903,1.0
2026-05-01 17:50:00+00:00,0.9759263804598616,0.8987068399496064,1.0
2026-05-01 17:55:00+00:00,0.9759263804598616,0.9008575708665212,1.0
2026-05-01 18:00:00+00:00,0.9759263804598616,0.8996153372517702,1.0
2026-05-01 18:05:00+00:00,0.9759263804598616,0.898930081853691,1.0
2026-05-01 18:10:00+00:00,0.9759263804598616,0.9017740262484577,1.0
2026-05-01 18:15:00+00:00,0.9759263804598616,0.9020101351019659,1.0
2026-05-01 18:20:00+00:00,0.9759263804598616,0.9047651751914924,1.0
2026-05-01 18:25:00+00:00,0.9759263804598616,0.9061062093127288,1.0
2026-05-01 18:30:00+00:00,0.9759263804598616,0.9055082311603725,1.0
2026-05-01 18:35:00+00:00,0.9759263804598616,0.906094535073311,1.0
2026-05-01 18:40:00+00:00,0.9759263804598616,0.905651700854762,1.0
2026-05-01 18:45:00+00:00,0.9759263804598616,0.903905930342134,1.0
2026-05-01 18:50:00+00:00,0.9759263804598616,0.9049462888073218,1.0
2026-05-01 18:55:00+00:00,0.9759263804598616,0.9045836354547798,1.0
2026-05-01 19:00:00+00:00,0.9759263804598616,0.9048641021849438,1.0
2026-05-01 19:05:00+00:00,0.9759263804598616,0.907441535082912,1.0
2026-05-01 19:10:00+00:00,0.9759263804598616,0.9052380730653095,1.0
2026-05-01 19:15:00+00:00,0.9759263804598616,0.9035357205592265,1.0
2026-05-01 19:20:00+00:00,0.9759263804598616,0.9023674680329845,1.0
2026-05-01 19:25:00+00:00,0.9759263804598616,0.9017358108053614,1.0
2026-05-01 19:30:00+00:00,0.9759263804598616,0.9017358108053614,1.0
2026-05-01 19:35:00+00:00,0.9759263804598616,0.9017358108053614,1.0
2026-05-01 19:40:00+00:00,0.9759263804598616,0.9017358108053614,1.0
2026-05-01 19:45:00+00:00,0.9759263804598616,0.9017358108053614,1.0
2026-05-01 19:50:00+00:00,0.9759263804598616,0.9017358108053614,1.0
2026-05-01 19:55:00+00:00,0.9759263804598616,0.8990394902172929,1.0
2026-05-04 13:30:00+00:00,0.9759263804598616,0.9029920872004868,1.0
2026-05-04 13:35:00+00:00,0.9759263804598616,0.9053193502218115,1.0
2026-05-04 13:40:00+00:00,0.9759263804598616,0.9074210641914795,1.0
2026-05-04 13:45:00+00:00,0.9759263804598616,0.9062011913471127,1.0
2026-05-04 13:50:00+00:00,0.9759263804598616,0.9059034173086006,1.0
2026-05-04 13:55:00+00:00,0.9759263804598616,0.9062647179850767,1.0
2026-05-04 14:00:00+00:00,0.9759263804598616,0.9061083611813469,1.0
2026-05-04 14:05:00+00:00,0.9759263804598616,0.9058290521272888,1.0
2026-05-04 14:10:00+00:00,0.9759263804598616,0.9073739835496701,1.0
2026-05-04 14:15:00+00:00,0.9759263804598616,0.9078751521133994,1.0
2026-05-04 14:20:00+00:00,0.9759263804598616,0.9106483558122626,1.0
2026-05-04 14:25:00+00:00,0.9759263804598616,0.911147462557144,1.0
2026-05-04 14:30:00+00:00,0.9759263804598616,0.9116134458068744,1.0
2026-05-04 14:35:00+00:00,0.9759263804598616,0.9106920760591561,1.0
2026-05-04 14:40:00+00:00,0.9759263804598616,0.9068116687312214,1.0
2026-05-04 14:45:00+00:00,0.9759263804598616,0.9081672585240935,1.0
2026-05-04 14:50:00+00:00,0.9759263804598616,0.9082056301759512,1.0
2026-05-04 14:55:00+00:00,0.9759263804598616,0.9080817999495774,1.0
2026-05-04 15:00:00+00:00,0.9759263804598616,0.9079201471173826,1.0
2026-05-04 15:05:00+00:00,0.9759263804598616,0.9079415590938925,1.0
2026-05-04 15:10:00+00:00,0.9759263804598616,0.9085521430145584,1.0
2026-05-04 15:15:00+00:00,0.9759263804598616,0.908644502978072,1.0
2026-05-04 15:20:00+00:00,0.9759263804598616,0.9103898373817282,1.0
2026-05-04 15:25:00+00:00,0.9759263804598616,0.907996863674916,1.0
2026-05-04 15:30:00+00:00,0.9759263804598616,0.9095120983344771,1.0
2026-05-04 15:35:00+00:00,0.9759263804598616,0.9088343809775313,1.0
2026-05-04 15:40:00+00:00,0.9759263804598616,0.9103725830767739,1.0
2026-05-04 15:45:00+00:00,0.9759263804598616,0.9097125495332771,1.0
2026-05-04 15:50:00+00:00,0.9759263804598616,0.9113682547900862,1.0
2026-05-04 15:55:00+00:00,0.9759263804598616,0.9117412860723763,1.0
2026-05-04 16:00:00+00:00,0.9759263804598616,0.9128507574299727,1.0
2026-05-04 16:05:00+00:00,0.9759263804598616,0.912927639159904,1.0
2026-05-04 16:10:00+00:00,0.9759263804598616,0.912956355261877,1.0
2026-05-04 16:15:00+00:00,0.9759263804598616,0.9152342200776635,1.0
2026-05-04 16:20:00+00:00,0.9759263804598616,0.9162282713810618,1.0
2026-05-04 16:25:00+00:00,0.9759263804598616,0.9149233102848443,1.0
2026-05-04 16:30:00+00:00,0.9759263804598616,0.9147849221262898,1.0
2026-05-04 16:35:00+00:00,0.9759263804598616,0.9146539626698026,1.0
2026-05-04 16:40:00+00:00,0.9759263804598616,0.9159148372701953,1.0
2026-05-04 16:45:00+00:00,0.9759263804598616,0.9121332386143806,1.0
2026-05-04 16:50:00+00:00,0.9759263804598616,0.9122494530105661,1.0
2026-05-04 16:55:00+00:00,0.9759263804598616,0.9105251701594328,1.0
2026-05-04 17:00:00+00:00,0.9759263804598616,0.9098878025403212,1.0
2026-05-04 17:05:00+00:00,0.9759263804598616,0.9098878025403212,1.0
2026-05-04 17:10:00+00:00,0.9759263804598616,0.9098878025403212,1.0
2026-05-04 17:15:00+00:00,0.9759263804598616,0.9098878025403212,1.0
2026-05-04 17:20:00+00:00,0.9759263804598616,0.9098878025403212,1.0
2026-05-04 17:25:00+00:00,0.9759263804598616,0.9098878025403212,1.0
2026-05-04 17:30:00+00:00,0.9759263804598616,0.9098878025403212,1.0
2026-05-04 17:35:00+00:00,0.9759263804598616,0.9098878025403212,1.0
2026-05-04 17:40:00+00:00,0.9759263804598616,0.9098878025403212,1.0
2026-05-04 17:45:00+00:00,0.9750862533649476,0.9098878025403212,1.0
2026-05-04 17:50:00+00:00,0.9755860370742133,0.9098878025403212,1.0
2026-05-04 17:55:00+00:00,0.97507076394505,0.9098878025403212,1.0
2026-05-04 18:00:00+00:00,0.9691067263181125,0.9098878025403212,1.0
2026-05-04 18:05:00+00:00,0.9684283516096898,0.9098878025403212,1.0
2026-05-04 18:10:00+00:00,0.9684283516096898,0.9098878025403212,1.0
2026-05-04 18:15:00+00:00,0.9684283516096898,0.910888031969701,1.0
2026-05-04 18:20:00+00:00,0.9684283516096898,0.9103757288302355,1.0
2026-05-04 18:25:00+00:00,0.9684283516096898,0.9107959943333466,1.0
2026-05-04 18:30:00+00:00,0.9684283516096898,0.9135782076744773,1.0
2026-05-04 18:35:00+00:00,0.9684283516096898,0.9133555753738063,1.0
2026-05-04 18:40:00+00:00,0.9684283516096898,0.9114647935948942,1.0
2026-05-04 18:45:00+00:00,0.9684283516096898,0.9112985643609016,1.0
2026-05-04 18:50:00+00:00,0.9684283516096898,0.9118289748503142,1.0
2026-05-04 18:55:00+00:00,0.9684283516096898,0.9153034750634181,1.0
2026-05-04 19:00:00+00:00,0.9684283516096898,0.9140316605150693,1.0
2026-05-04 19:05:00+00:00,0.9684283516096898,0.9113802089848533,1.0
2026-05-04 19:10:00+00:00,0.9684283516096898,0.9092977852888785,1.0
2026-05-04 19:15:00+00:00,0.9684283516096898,0.9086612768391763,1.0
2026-05-04 19:20:00+00:00,0.9684283516096898,0.9086612768391763,1.0
2026-05-04 19:25:00+00:00,0.9684283516096898,0.9086612768391763,1.0
2026-05-04 19:30:00+00:00,0.9684283516096898,0.9086612768391763,1.0
2026-05-04 19:35:00+00:00,0.9684283516096898,0.9086612768391763,1.0
2026-05-04 19:40:00+00:00,0.9684283516096898,0.9086612768391763,1.0
2026-05-04 19:45:00+00:00,0.9684283516096898,0.9086612768391763,1.0
2026-05-04 19:50:00+00:00,0.9684283516096898,0.9086612768391763,1.0
2026-05-04 19:55:00+00:00,0.9684283516096898,0.9086612768391763,1.0
2026-05-05 13:30:00+00:00,0.9684283516096898,0.9086612768391763,1.0
2026-05-05 13:35:00+00:00,0.9684283516096898,0.9086612768391763,1.0
2026-05-05 13:40:00+00:00,0.9684283516096898,0.9086612768391763,1.0
2026-05-05 13:45:00+00:00,0.9684283516096898,0.9091619672385718,1.0
2026-05-05 13:50:00+00:00,0.9684283516096898,0.9069612629281474,1.0
2026-05-05 13:55:00+00:00,0.9684283516096898,0.9063471078062255,1.0
2026-05-05 14:00:00+00:00,0.9684283516096898,0.9054104113699292,1.0
2026-05-05 14:05:00+00:00,0.9684283516096898,0.9073506291527629,1.0
2026-05-05 14:10:00+00:00,0.9684283516096898,0.9080707840764044,1.0
2026-05-05 14:15:00+00:00,0.9684283516096898,0.911350176074679,1.0
2026-05-05 14:20:00+00:00,0.9684283516096898,0.9111410868739285,1.0
2026-05-05 14:25:00+00:00,0.9684283516096898,0.9086058815260329,1.0
2026-05-05 14:30:00+00:00,0.9684283516096898,0.9071211245898222,1.0
2026-05-05 14:35:00+00:00,0.9684283516096898,0.907882003569906,1.0
2026-05-05 14:40:00+00:00,0.9684283516096898,0.907011520340178,1.0
2026-05-05 14:45:00+00:00,0.9684283516096898,0.9063323397919897,1.0
2026-05-05 14:50:00+00:00,0.9684283516096898,0.9063390471267317,1.0
2026-05-05 14:55:00+00:00,0.9684283516096898,0.9068620283771289,1.0
2026-05-05 15:00:00+00:00,0.9664369380107697,0.9056320192141594,1.0
2026-05-05 15:05:00+00:00,0.9657604321541621,0.9049980768007094,1.0
2026-05-05 15:10:00+00:00,0.9657604321541621,0.9049980768007094,1.0
2026-05-05 15:15:00+00:00,0.9657604321541621,0.9049980768007094,1.0
2026-05-05 15:20:00+00:00,0.9657604321541621,0.9049980768007094,1.0
2026-05-05 15:25:00+00:00,0.9657604321541621,0.9049980768007094,1.0
2026-05-05 15:30:00+00:00,0.9657604321541621,0.9049980768007094,1.0
2026-05-05 15:35:00+00:00,0.9657604321541621,0.9049980768007094,1.0
2026-05-05 15:40:00+00:00,0.9657604321541621,0.9037945925139655,1.0
2026-05-05 15:45:00+00:00,0.9657604321541621,0.9043952554412,1.0
2026-05-05 15:50:00+00:00,0.9657604321541621,0.9071158240375614,1.0
2026-05-05 15:55:00+00:00,0.9657604321541621,0.9088876228467634,1.0
2026-05-05 16:00:00+00:00,0.9657604321541621,0.9059525237204676,1.0
2026-05-05 16:05:00+00:00,0.9657604321541621,0.905727112187131,1.0
2026-05-05 16:10:00+00:00,0.9657604321541621,0.907947094785412,1.0
2026-05-05 16:15:00+00:00,0.9657604321541621,0.9048783130682582,1.0
2026-05-05 16:20:00+00:00,0.9657604321541621,0.9049173619353487,1.0
2026-05-05 16:25:00+00:00,0.9657604321541621,0.9055141458626221,1.0
2026-05-05 16:30:00+00:00,0.9657604321541621,0.9057478289863129,1.0
2026-05-05 16:35:00+00:00,0.9657604321541621,0.9073773154336876,1.0
2026-05-05 16:40:00+00:00,0.9657604321541621,0.9084915426434849,1.0
2026-05-05 16:45:00+00:00,0.9657604321541621,0.910005038307499,1.0
2026-05-05 16:50:00+00:00,0.9657604321541621,0.9094080739960431,1.0
2026-05-05 16:55:00+00:00,0.9657604321541621,0.9112090842820985,1.0
2026-05-05 17:00:00+00:00,0.9657604321541621,0.9120493309522241,1.0
2026-05-05 17:05:00+00:00,0.9657604321541621,0.9096127574178758,1.0
2026-05-05 17:10:00+00:00,0.9657604321541621,0.9125482302386524,1.0
2026-05-05 17:15:00+00:00,0.9657604321541621,0.9131835041511903,1.0
2026-05-05 17:20:00+00:00,0.9657604321541621,0.9105450867630727,1.0
2026-05-05 17:25:00+00:00,0.9657604321541621,0.9096523211542146,1.0
2026-05-05 17:30:00+00:00,0.9657604321541621,0.9091827073145103,1.0
2026-05-05 17:35:00+00:00,0.9657604321541621,0.908094355466576,1.0
2026-05-05 17:40:00+00:00,0.9657604321541621,0.9074586894177494,1.0
2026-05-05 17:45:00+00:00,0.9657604321541621,0.9074586894177494,1.0
2026-05-05 17:50:00+00:00,0.9657604321541621,0.9074586894177494,1.0
2026-05-05 17:55:00+00:00,0.9657604321541621,0.9074586894177494,1.0
2026-05-05 18:00:00+00:00,0.9657604321541621,0.9074586894177494,1.0
2026-05-05 18:05:00+00:00,0.9657604321541621,0.9074586894177494,1.0
2026-05-05 18:10:00+00:00,0.9657604321541621,0.9074586894177494,1.0
2026-05-05 18:15:00+00:00,0.9657604321541621,0.9074586894177494,1.0
2026-05-05 18:20:00+00:00,0.9657604321541621,0.9074586894177494,1.0
2026-05-05 18:25:00+00:00,0.9657604321541621,0.9059920139428278,1.0
2026-05-05 18:30:00+00:00,0.9657604321541621,0.9072636340437554,1.0
2026-05-05 18:35:00+00:00,0.9657604321541621,0.9058898986839158,1.0
2026-05-05 18:40:00+00:00,0.9657604321541621,0.9069819794342093,1.0
2026-05-05 18:45:00+00:00,0.9657604321541621,0.9066517769990248,1.0
2026-05-05 18:50:00+00:00,0.9657604321541621,0.9069986038955067,1.0
2026-05-05 18:55:00+00:00,0.9657604321541621,0.903879661358659,1.0
2026-05-05 19:00:00+00:00,0.9657604321541621,0.903246945595708,1.0
2026-05-05 19:05:00+00:00,0.9657604321541621,0.903246945595708,1.0
2026-05-05 19:10:00+00:00,0.9657604321541621,0.903246945595708,1.0
2026-05-05 19:15:00+00:00,0.9657604321541621,0.903246945595708,1.0
2026-05-05 19:20:00+00:00,0.9657604321541621,0.903246945595708,1.0
2026-05-05 19:25:00+00:00,0.9657604321541621,0.903246945595708,1.0
2026-05-05 19:30:00+00:00,0.9638580245434959,0.903246945595708,1.0
2026-05-05 19:35:00+00:00,0.9631833239263154,0.903246945595708,1.0
2026-05-05 19:40:00+00:00,0.9631833239263154,0.903246945595708,1.0
2026-05-05 19:45:00+00:00,0.9631833239263154,0.903246945595708,1.0
2026-05-05 19:50:00+00:00,0.9631833239263154,0.903246945595708,1.0
2026-05-05 19:55:00+00:00,0.9631833239263154,0.9005751886327031,1.0
2026-05-06 13:30:00+00:00,0.9631833239263154,0.8992137729520338,1.0
2026-05-06 13:35:00+00:00,0.9631833239263154,0.9002942457040125,1.0
2026-05-06 13:40:00+00:00,0.9631833239263154,0.899768283669015,1.0
2026-05-06 13:45:00+00:00,0.9631833239263154,0.8996707370581436,1.0
2026-05-06 13:50:00+00:00,0.9631833239263154,0.9013858823879441,1.0
2026-05-06 13:55:00+00:00,0.9614453375317475,0.9003903745954088,1.0
2026-05-06 14:00:00+00:00,0.9601683202975533,0.8991944521846634,1.0
2026-05-06 14:05:00+00:00,0.959496202473345,0.8985650160681341,1.0
2026-05-06 14:10:00+00:00,0.959496202473345,0.8985650160681341,1.0
2026-05-06 14:15:00+00:00,0.959496202473345,0.8985650160681341,1.0
2026-05-06 14:20:00+00:00,0.959496202473345,0.8985650160681341,1.0
2026-05-06 14:25:00+00:00,0.959496202473345,0.8985650160681341,1.0
2026-05-06 14:30:00+00:00,0.959496202473345,0.8985650160681341,1.0
2026-05-06 14:35:00+00:00,0.959496202473345,0.8985650160681341,1.0
2026-05-06 14:40:00+00:00,0.959496202473345,0.8985650160681341,1.0
2026-05-06 14:45:00+00:00,0.959496202473345,0.8980346441030188,1.0
2026-05-06 14:50:00+00:00,0.959496202473345,0.8983168674345069,1.0
2026-05-06 14:55:00+00:00,0.959496202473345,0.8999212640777042,1.0
2026-05-06 15:00:00+00:00,0.959496202473345,0.9002785424871992,1.0
2026-05-06 15:05:00+00:00,0.959496202473345,0.9032806507136739,1.0
2026-05-06 15:10:00+00:00,0.959496202473345,0.9041450565905086,1.0
2026-05-06 15:15:00+00:00,0.959496202473345,0.9061278929025633,1.0
2026-05-06 15:20:00+00:00,0.959496202473345,0.9041942193646046,1.0
2026-05-06 15:25:00+00:00,0.959496202473345,0.9047730191092274,1.0
2026-05-06 15:30:00+00:00,0.959496202473345,0.9063978264547735,1.0
2026-05-06 15:35:00+00:00,0.959496202473345,0.9046669678660291,1.0
2026-05-06 15:40:00+00:00,0.959496202473345,0.908650035386603,1.0
2026-05-06 15:45:00+00:00,0.959496202473345,0.9091369210158383,1.0
2026-05-06 15:50:00+00:00,0.959496202473345,0.9092204109763331,1.0
2026-05-06 15:55:00+00:00,0.959496202473345,0.9085385081151259,1.0
2026-05-06 16:00:00+00:00,0.959496202473345,0.9122997783534444,1.0
2026-05-06 16:05:00+00:00,0.959496202473345,0.9131409300942901,1.0
2026-05-06 16:10:00+00:00,0.959496202473345,0.914966836311547,1.0
2026-05-06 16:15:00+00:00,0.959496202473345,0.9156762571046605,1.0
2026-05-06 16:20:00+00:00,0.959496202473345,0.9160992488366316,1.0
2026-05-06 16:25:00+00:00,0.959496202473345,0.9143212412820302,1.0
2026-05-06 16:30:00+00:00,0.959496202473345,0.9116472002088871,1.0
2026-05-06 16:35:00+00:00,0.959496202473345,0.9101094176077206,1.0
2026-05-06 16:40:00+00:00,0.959496202473345,0.9086423976688692,1.0
2026-05-06 16:45:00+00:00,0.959496202473345,0.9102956572167495,1.0
2026-05-06 16:50:00+00:00,0.959496202473345,0.9080540650136794,1.0
2026-05-06 16:55:00+00:00,0.959496202473345,0.9074184271681698,1.0
2026-05-06 17:00:00+00:00,0.959496202473345,0.9074184271681698,1.0
2026-05-06 17:05:00+00:00,0.959496202473345,0.9074184271681698,1.0
2026-05-06 17:10:00+00:00,0.959496202473345,0.9074184271681698,1.0
2026-05-06 17:15:00+00:00,0.959496202473345,0.9074184271681698,1.0
2026-05-06 17:20:00+00:00,0.959496202473345,0.9074184271681698,1.0
2026-05-06 17:25:00+00:00,0.959496202473345,0.9074184271681698,1.0
2026-05-06 17:30:00+00:00,0.959496202473345,0.9074184271681698,1.0
2026-05-06 17:35:00+00:00,0.959496202473345,0.9074184271681698,1.0
2026-05-06 17:40:00+00:00,0.959496202473345,0.9074184271681698,1.0
2026-05-06 17:45:00+00:00,0.959496202473345,0.9074184271681698,1.0
2026-05-06 17:50:00+00:00,0.959496202473345,0.9074184271681698,1.0
2026-05-06 17:55:00+00:00,0.959496202473345,0.9074184271681698,1.0
2026-05-06 18:00:00+00:00,0.959496202473345,0.9074184271681698,1.0
2026-05-06 18:05:00+00:00,0.959496202473345,0.9074184271681698,1.0
2026-05-06 18:10:00+00:00,0.959496202473345,0.9074184271681698,1.0
2026-05-06 18:15:00+00:00,0.959496202473345,0.9074184271681698,1.0
2026-05-06 18:20:00+00:00,0.959496202473345,0.9074184271681698,1.0
2026-05-06 18:25:00+00:00,0.959496202473345,0.9074184271681698,1.0
2026-05-06 18:30:00+00:00,0.959496202473345,0.9074184271681698,1.0
2026-05-06 18:35:00+00:00,0.959496202473345,0.9074184271681698,1.0
2026-05-06 18:40:00+00:00,0.959496202473345,0.9074184271681698,1.0
2026-05-06 18:45:00+00:00,0.959496202473345,0.9074184271681698,1.0
2026-05-06 18:50:00+00:00,0.959496202473345,0.9074184271681698,1.0
2026-05-06 18:55:00+00:00,0.959496202473345,0.9074184271681698,1.0
2026-05-06 19:00:00+00:00,0.959496202473345,0.9054121717072329,1.0
2026-05-06 19:05:00+00:00,0.959496202473345,0.9107742623027187,1.0
2026-05-06 19:10:00+00:00,0.959496202473345,0.9112457706136754,1.0
2026-05-06 19:15:00+00:00,0.959496202473345,0.9120774364801949,1.0
2026-05-06 19:20:00+00:00,0.959496202473345,0.912627390142502,1.0
2026-05-06 19:25:00+00:00,0.959496202473345,0.9136665690944065,1.0
2026-05-06 19:30:00+00:00,0.959496202473345,0.9151381718663717,1.0
2026-05-06 19:35:00+00:00,0.959496202473345,0.9162018194426764,1.0
2026-05-06 19:40:00+00:00,0.959496202473345,0.9162857877926993,1.0
2026-05-06 19:45:00+00:00,0.959496202473345,0.915693996712919,1.0
2026-05-06 19:50:00+00:00,0.959496202473345,0.9145045031006023,1.0
2026-05-06 19:55:00+00:00,0.959496202473345,0.9158986867993604,1.0
2026-05-07 13:30:00+00:00,0.959496202473345,0.906810531593386,1.0
2026-05-07 13:35:00+00:00,0.959496202473345,0.9061757642212706,1.0
2026-05-07 13:40:00+00:00,0.959496202473345,0.9061757642212706,1.0
2026-05-07 13:45:00+00:00,0.959496202473345,0.9061757642212706,1.0
2026-05-07 13:50:00+00:00,0.959496202473345,0.9061757642212706,1.0
2026-05-07 13:55:00+00:00,0.959496202473345,0.9061757642212706,1.0
2026-05-07 14:00:00+00:00,0.959496202473345,0.9061757642212706,1.0
2026-05-07 14:05:00+00:00,0.959496202473345,0.9061757642212706,1.0
2026-05-07 14:10:00+00:00,0.959496202473345,0.9061757642212706,1.0
2026-05-07 14:15:00+00:00,0.959496202473345,0.903608774808594,1.0
2026-05-07 14:20:00+00:00,0.959496202473345,0.9045733117375955,1.0
2026-05-07 14:25:00+00:00,0.959496202473345,0.9038653575186616,1.0
2026-05-07 14:30:00+00:00,0.959496202473345,0.9066979647174435,1.0
2026-05-07 14:35:00+00:00,0.959496202473345,0.9077324745475688,1.0
2026-05-07 14:40:00+00:00,0.959496202473345,0.9072442037648755,1.0
2026-05-07 14:45:00+00:00,0.959496202473345,0.9121846512336149,1.0
2026-05-07 14:50:00+00:00,0.959496202473345,0.9089734863077222,1.0
2026-05-07 14:55:00+00:00,0.959496202473345,0.9100656885124583,1.0
2026-05-07 15:00:00+00:00,0.959496202473345,0.909917490441689,1.0
2026-05-07 15:05:00+00:00,0.959496202473345,0.9077854556213213,1.0
2026-05-07 15:10:00+00:00,0.959496202473345,0.9039584909970579,1.0
2026-05-07 15:15:00+00:00,0.959496202473345,0.90332572005336,1.0
2026-05-07 15:20:00+00:00,0.959496202473345,0.90332572005336,1.0
2026-05-07 15:25:00+00:00,0.959496202473345,0.90332572005336,1.0
2026-05-07 15:30:00+00:00,0.959496202473345,0.90332572005336,1.0
2026-05-07 15:35:00+00:00,0.959496202473345,0.90332572005336,1.0
2026-05-07 15:40:00+00:00,0.959496202473345,0.90332572005336,1.0
2026-05-07 15:45:00+00:00,0.959496202473345,0.9058500073154351,1.0
2026-05-07 15:50:00+00:00,0.959496202473345,0.9058759848105771,1.0
2026-05-07 15:55:00+00:00,0.959496202473345,0.9069350529470921,1.0
2026-05-07 16:00:00+00:00,0.959496202473345,0.9063515757096058,1.0
2026-05-07 16:05:00+00:00,0.959496202473345,0.9039305145360336,1.0
2026-05-07 16:10:00+00:00,0.959496202473345,0.903888028615729,1.0
2026-05-07 16:15:00+00:00,0.959496202473345,0.9026488507121738,1.0
2026-05-07 16:20:00+00:00,0.959496202473345,0.900841391010395,1.0
2026-05-07 16:25:00+00:00,0.959496202473345,0.9002108020366877,1.0
2026-05-07 16:30:00+00:00,0.959496202473345,0.9002108020366877,1.0
2026-05-07 16:35:00+00:00,0.959496202473345,0.9002108020366877,1.0
2026-05-07 16:40:00+00:00,0.959496202473345,0.9002108020366877,1.0
2026-05-07 16:45:00+00:00,0.959496202473345,0.9002108020366877,1.0
2026-05-07 16:50:00+00:00,0.959496202473345,0.9002108020366877,1.0
2026-05-07 16:55:00+00:00,0.959496202473345,0.9002108020366877,1.0
2026-05-07 17:00:00+00:00,0.959496202473345,0.9002108020366877,1.0
2026-05-07 17:05:00+00:00,0.959496202473345,0.9002108020366877,1.0
2026-05-07 17:10:00+00:00,0.959496202473345,0.9002108020366877,1.0
2026-05-07 17:15:00+00:00,0.959496202473345,0.9026978418780914,1.0
2026-05-07 17:20:00+00:00,0.959496202473345,0.9034900868364671,1.0
2026-05-07 17:25:00+00:00,0.959496202473345,0.9051654909853812,1.0
2026-05-07 17:30:00+00:00,0.959496202473345,0.9058057676672713,1.0
2026-05-07 17:35:00+00:00,0.959496202473345,0.9066653258874755,1.0
2026-05-07 17:40:00+00:00,0.959496202473345,0.908382822321662,1.0
2026-05-07 17:45:00+00:00,0.959496202473345,0.9077917920845219,1.0
2026-05-07 17:50:00+00:00,0.959496202473345,0.912079841379653,1.0
2026-05-07 17:55:00+00:00,0.959496202473345,0.9090872496506458,1.0
2026-05-07 18:00:00+00:00,0.959496202473345,0.9112107062449457,1.0
2026-05-07 18:05:00+00:00,0.959496202473345,0.9081110888355401,1.0
2026-05-07 18:10:00+00:00,0.959496202473345,0.9091725257352969,1.0
2026-05-07 18:15:00+00:00,0.959496202473345,0.9083830986716193,1.0
2026-05-07 18:20:00+00:00,0.959496202473345,0.9077540148469502,1.0
2026-05-07 18:25:00+00:00,0.959496202473345,0.9097459827516492,1.0
2026-05-07 18:30:00+00:00,0.959496202473345,0.9112329727599288,1.0
2026-05-07 18:35:00+00:00,0.959496202473345,0.9111080805753485,1.0
2026-05-07 18:40:00+00:00,0.959496202473345,0.9148639051373622,1.0
2026-05-07 18:45:00+00:00,0.959496202473345,0.9157966091052081,1.0
2026-05-07 18:50:00+00:00,0.959496202473345,0.9159024698902825,1.0
2026-05-07 18:55:00+00:00,0.959496202473345,0.9113626092531584,1.0
2026-05-07 19:00:00+00:00,0.959496202473345,0.9096603341774702,1.0
2026-05-07 19:05:00+00:00,0.959496202473345,0.9098049928136223,1.0
2026-05-07 19:10:00+00:00,0.959496202473345,0.9072104411412623,1.0
2026-05-07 19:15:00+00:00,0.959496202473345,0.9065753938324633,1.0
2026-05-07 19:20:00+00:00,0.959496202473345,0.9065753938324633,1.0
2026-05-07 19:25:00+00:00,0.959496202473345,0.9065753938324633,1.0
2026-05-07 19:30:00+00:00,0.959496202473345,0.9066978671851631,1.0
2026-05-07 19:35:00+00:00,0.959496202473345,0.9062922374190053,1.0
2026-05-07 19:40:00+00:00,0.959496202473345,0.9079355814638838,1.0
2026-05-07 19:45:00+00:00,0.959496202473345,0.9086039748516813,1.0
2026-05-07 19:50:00+00:00,0.959496202473345,0.9094662177520209,1.0
2026-05-07 19:55:00+00:00,0.959496202473345,0.9113098056784869,1.0
2026-05-08 13:30:00+00:00,0.959496202473345,0.9065277900624353,1.0
2026-05-08 13:35:00+00:00,0.959496202473345,0.9057696530145386,1.0
2026-05-08 13:40:00+00:00,0.959496202473345,0.9055577214520744,1.0
2026-05-08 13:45:00+00:00,0.959496202473345,0.9025667060459466,1.0
2026-05-08 13:50:00+00:00,0.959496202473345,0.9019349093517144,1.0
2026-05-08 13:55:00+00:00,0.959496202473345,0.9019349093517144,1.0
2026-05-08 14:00:00+00:00,0.9602144679026804,0.9019349093517144,1.0
2026-05-08 14:05:00+00:00,0.9631891008157418,0.9019349093517144,1.0
2026-05-08 14:10:00+00:00,0.9612196215977703,0.9019349093517144,1.0
2026-05-08 14:15:00+00:00,0.9625683736865498,0.9019349093517144,1.0
2026-05-08 14:20:00+00:00,0.9616048747480381,0.9019349093517144,1.0
2026-05-08 14:25:00+00:00,0.962517677751878,0.9019349093517144,1.0
2026-05-08 14:30:00+00:00,0.9615331748115872,0.9019349093517144,1.0
2026-05-08 14:35:00+00:00,0.9627646456390927,0.9019349093517144,1.0
2026-05-08 14:40:00+00:00,0.9629397957869233,0.9019349093517144,1.0
2026-05-08 14:45:00+00:00,0.963344003768919,0.9019349093517144,1.0
2026-05-08 14:50:00+00:00,0.9605752700914826,0.9019349093517144,1.0
2026-05-08 14:55:00+00:00,0.9594621221371382,0.9019349093517144,1.0
2026-05-08 15:00:00+00:00,0.9587904986516422,0.9019349093517144,1.0
2026-05-08 15:05:00+00:00,0.9587904986516422,0.9019349093517144,1.0
2026-05-08 15:10:00+00:00,0.9587904986516422,0.9019349093517144,1.0
2026-05-08 15:15:00+00:00,0.9587904986516422,0.9019349093517144,1.0
2026-05-08 15:20:00+00:00,0.9587904986516422,0.9019349093517144,1.0
2026-05-08 15:25:00+00:00,0.9587904986516422,0.9019349093517144,1.0
2026-05-08 15:30:00+00:00,0.9587904986516422,0.9019349093517144,1.0
2026-05-08 15:35:00+00:00,0.9587904986516422,0.9019349093517144,1.0
2026-05-08 15:40:00+00:00,0.9587904986516422,0.9019349093517144,1.0
2026-05-08 15:45:00+00:00,0.9587904986516422,0.9019349093517144,1.0
2026-05-08 15:50:00+00:00,0.9587904986516422,0.9019349093517144,1.0
2026-05-08 15:55:00+00:00,0.9587904986516422,0.9019349093517144,1.0
2026-05-08 16:00:00+00:00,0.9587904986516422,0.9019349093517144,1.0
2026-05-08 16:05:00+00:00,0.9587904986516422,0.9019349093517144,1.0
2026-05-08 16:10:00+00:00,0.9587904986516422,0.9019349093517144,1.0
2026-05-08 16:15:00+00:00,0.9587904986516422,0.9019349093517144,1.0
2026-05-08 16:20:00+00:00,0.9587904986516422,0.9019349093517144,1.0
2026-05-08 16:25:00+00:00,0.9587904986516422,0.9019349093517144,1.0
2026-05-08 16:30:00+00:00,0.9587904986516422,0.9019349093517144,1.0
2026-05-08 16:35:00+00:00,0.9587904986516422,0.9019191286891853,1.0
2026-05-08 16:40:00+00:00,0.9587904986516422,0.9018847592340336,1.0
2026-05-08 16:45:00+00:00,0.9587904986516422,0.902865410823802,1.0
2026-05-08 16:50:00+00:00,0.9587904986516422,0.9019407506091505,1.0
2026-05-08 16:55:00+00:00,0.9587904986516422,0.9037557110324604,1.0
2026-05-08 17:00:00+00:00,0.9587904986516422,0.9019208070598481,1.0
2026-05-08 17:05:00+00:00,0.9587904986516422,0.9020208824241819,1.0
2026-05-08 17:10:00+00:00,0.9587904986516422,0.905274615299436,1.0
2026-05-08 17:15:00+00:00,0.9587904986516422,0.9030793364518604,1.0
2026-05-08 17:20:00+00:00,0.9587904986516422,0.9028294914014378,1.0
2026-05-08 17:25:00+00:00,0.9587904986516422,0.9038960069977823,1.0
2026-05-08 17:30:00+00:00,0.9587904986516422,0.9043577061098136,1.0
2026-05-08 17:35:00+00:00,0.9587904986516422,0.9023059036676839,1.0
2026-05-08 17:40:00+00:00,0.9587904986516422,0.9049027108302997,1.0
2026-05-08 17:45:00+00:00,0.9587904986516422,0.9025956141141904,1.0
2026-05-08 17:50:00+00:00,0.9587904986516422,0.9011971863923827,1.0
2026-05-08 17:55:00+00:00,0.9587904986516422,0.900566348361908,1.0
2026-05-08 18:00:00+00:00,0.9587904986516422,0.900566348361908,1.0
2026-05-08 18:05:00+00:00,0.9587904986516422,0.900566348361908,1.0
2026-05-08 18:10:00+00:00,0.9587904986516422,0.900566348361908,1.0
2026-05-08 18:15:00+00:00,0.9587904986516422,0.900566348361908,1.0
2026-05-08 18:20:00+00:00,0.9587904986516422,0.900566348361908,1.0
2026-05-08 18:25:00+00:00,0.9587904986516422,0.900566348361908,1.0
2026-05-08 18:30:00+00:00,0.9587904986516422,0.900566348361908,1.0
2026-05-08 18:35:00+00:00,0.9587904986516422,0.900566348361908,1.0
2026-05-08 18:40:00+00:00,0.9587904986516422,0.900566348361908,1.0
2026-05-08 18:45:00+00:00,0.9587904986516422,0.900566348361908,1.0
2026-05-08 18:50:00+00:00,0.9587904986516422,0.900566348361908,1.0
2026-05-08 18:55:00+00:00,0.9587904986516422,0.900566348361908,1.0
2026-05-08 19:00:00+00:00,0.9587904986516422,0.900566348361908,1.0
2026-05-08 19:05:00+00:00,0.9587904986516422,0.900566348361908,1.0
2026-05-08 19:10:00+00:00,0.9587904986516422,0.900566348361908,1.0
2026-05-08 19:15:00+00:00,0.9587904986516422,0.900566348361908,1.0
2026-05-08 19:20:00+00:00,0.9587904986516422,0.900566348361908,1.0
2026-05-08 19:25:00+00:00,0.9587904986516422,0.9009072083332833,1.0
2026-05-08 19:30:00+00:00,0.9587904986516422,0.9023973301264627,1.0
2026-05-08 19:35:00+00:00,0.9587904986516422,0.9034023105890895,1.0
2026-05-08 19:40:00+00:00,0.9587904986516422,0.9054409559469333,1.0
2026-05-08 19:45:00+00:00,0.9587904986516422,0.9066389491077113,1.0
2026-05-08 19:50:00+00:00,0.9587904986516422,0.9098115590894942,1.0
2026-05-08 19:55:00+00:00,0.9587904986516422,0.9113230264266783,1.0
2026-05-11 13:30:00+00:00,0.9587904986516422,0.8975472487757145,1.0
2026-05-11 13:35:00+00:00,0.9587904986516422,0.8969189657015715,1.0
2026-05-11 13:40:00+00:00,0.9587904986516422,0.8969189657015715,1.0
2026-05-11 13:45:00+00:00,0.9587904986516422,0.8969189657015715,1.0
2026-05-11 13:50:00+00:00,0.9587904986516422,0.8969189657015715,1.0
2026-05-11 13:55:00+00:00,0.9565194392623328,0.8969189657015715,1.0
2026-05-11 14:00:00+00:00,0.9558498756548491,0.8969189657015715,1.0
2026-05-11 14:05:00+00:00,0.9558498756548491,0.8969189657015715,1.0
2026-05-11 14:10:00+00:00,0.9558498756548491,0.8962869715971769,1.0
2026-05-11 14:15:00+00:00,0.9558498756548491,0.8938250984204995,1.0
2026-05-11 14:20:00+00:00,0.9558498756548491,0.8948278678615743,1.0
2026-05-11 14:25:00+00:00,0.9558498756548491,0.8940584175150686,1.0
2026-05-11 14:30:00+00:00,0.9558498756548491,0.8966961635657298,1.0
2026-05-11 14:35:00+00:00,0.9558498756548491,0.896481887359393,1.0
2026-05-11 14:40:00+00:00,0.9558498756548491,0.8975902018101579,1.0
2026-05-11 14:45:00+00:00,0.9558498756548491,0.899855300891468,1.0
2026-05-11 14:50:00+00:00,0.9558498756548491,0.8987229863955348,1.0
2026-05-11 14:55:00+00:00,0.9558498756548491,0.8985732889958772,1.0
2026-05-11 15:00:00+00:00,0.9558498756548491,0.8987134458116935,1.0
2026-05-11 15:05:00+00:00,0.9558498756548491,0.8971861461161322,1.0
2026-05-11 15:10:00+00:00,0.9558498756548491,0.893041553905172,1.0
2026-05-11 15:15:00+00:00,0.9558498756548491,0.8924164248174384,1.0
2026-05-11 15:20:00+00:00,0.9558498756548491,0.8924164248174384,1.0
2026-05-11 15:25:00+00:00,0.9558498756548491,0.8924164248174384,1.0
2026-05-11 15:30:00+00:00,0.9558498756548491,0.8924164248174384,1.0
2026-05-11 15:35:00+00:00,0.9558498756548491,0.8924164248174384,1.0
2026-05-11 15:40:00+00:00,0.9558498756548491,0.8924164248174384,1.0
2026-05-11 15:45:00+00:00,0.9558498756548491,0.8940327494293289,1.0
2026-05-11 15:50:00+00:00,0.9558498756548491,0.8965103211256501,1.0
2026-05-11 15:55:00+00:00,0.9558498756548491,0.8953337497018963,1.0
2026-05-11 16:00:00+00:00,0.9558498756548491,0.8947818942618028,1.0
2026-05-11 16:05:00+00:00,0.9558498756548491,0.8951580171056223,1.0
2026-05-11 16:10:00+00:00,0.9558498756548491,0.8968480094351649,1.0
2026-05-11 16:15:00+00:00,0.9558498756548491,0.8963300107425524,1.0
2026-05-11 16:20:00+00:00,0.9558498756548491,0.8967403173877959,1.0
2026-05-11 16:25:00+00:00,0.9558498756548491,0.8969956183918492,1.0
2026-05-11 16:30:00+00:00,0.9558498756548491,0.8969662176108236,1.0
2026-05-11 16:35:00+00:00,0.9558498756548491,0.8973734619707846,1.0
2026-05-11 16:40:00+00:00,0.9558498756548491,0.8966055549305327,1.0
2026-05-11 16:45:00+00:00,0.9558498756548491,0.8962138482988408,1.0
2026-05-11 16:50:00+00:00,0.9558498756548491,0.8958283163247095,1.0
2026-05-11 16:55:00+00:00,0.9558498756548491,0.8950434140907988,1.0
2026-05-11 17:00:00+00:00,0.9558498756548491,0.8963704442030531,1.0
2026-05-11 17:05:00+00:00,0.9558498756548491,0.8948924540013197,1.0
2026-05-11 17:10:00+00:00,0.9558498756548491,0.8962324265182514,1.0
2026-05-11 17:15:00+00:00,0.9558498756548491,0.8952058546114127,1.0
2026-05-11 17:20:00+00:00,0.9558498756548491,0.896038799562377,1.0
2026-05-11 17:25:00+00:00,0.9558498756548491,0.8951758377995862,1.0
2026-05-11 17:30:00+00:00,0.9558498756548491,0.8953087901659856,1.0
2026-05-11 17:35:00+00:00,0.9558498756548491,0.8924290663929296,1.0
2026-05-11 17:40:00+00:00,0.9558498756548491,0.8918043660464545,1.0
2026-05-11 17:45:00+00:00,0.9558498756548491,0.8918043660464545,1.0
2026-05-11 17:50:00+00:00,0.9558498756548491,0.8918043660464545,1.0
2026-05-11 17:55:00+00:00,0.9558498756548491,0.8918043660464545,1.0
2026-05-11 18:00:00+00:00,0.9558498756548491,0.8918043660464545,1.0
2026-05-11 18:05:00+00:00,0.9558498756548491,0.8918043660464545,1.0
2026-05-11 18:10:00+00:00,0.9558498756548491,0.8918043660464545,1.0
2026-05-11 18:15:00+00:00,0.9558498756548491,0.8918043660464545,1.0
2026-05-11 18:20:00+00:00,0.9558498756548491,0.8918043660464545,1.0
2026-05-11 18:25:00+00:00,0.9558498756548491,0.8918043660464545,1.0
2026-05-11 18:30:00+00:00,0.9558498756548491,0.8918043660464545,1.0
2026-05-11 18:35:00+00:00,0.9558498756548491,0.8918043660464545,1.0
2026-05-11 18:40:00+00:00,0.9558498756548491,0.8914335623824726,1.0
2026-05-11 18:45:00+00:00,0.9558498756548491,0.8939454384261126,1.0
2026-05-11 18:50:00+00:00,0.9558498756548491,0.8926493490876963,1.0
2026-05-11 18:55:00+00:00,0.9558498756548491,0.8933503104247189,1.0
2026-05-11 19:00:00+00:00,0.9558498756548491,0.8912254554307547,1.0
2026-05-11 19:05:00+00:00,0.9558498756548491,0.8910210902412106,1.0
2026-05-11 19:10:00+00:00,0.9558498756548491,0.892145799942911,1.0
2026-05-11 19:15:00+00:00,0.9558498756548491,0.8952248205825822,1.0
2026-05-11 19:20:00+00:00,0.9558498756548491,0.8943256665537018,1.0
2026-05-11 19:25:00+00:00,0.9558498756548491,0.8958918902615736,1.0
2026-05-11 19:30:00+00:00,0.9558498756548491,0.8934825658163709,1.0
2026-05-11 19:35:00+00:00,0.9558498756548491,0.8953791546000276,1.0
2026-05-11 19:40:00+00:00,0.9558498756548491,0.8965941748556185,1.0
2026-05-11 19:45:00+00:00,0.9558498756548491,0.8963968758527565,1.0
2026-05-11 19:50:00+00:00,0.9558498756548491,0.894615028457295,1.0
2026-05-11 19:55:00+00:00,0.9558498756548491,0.894070913235876,1.0
2026-05-12 13:30:00+00:00,0.9558498756548491,0.8861742502633024,1.0
2026-05-12 13:35:00+00:00,0.9561330895820438,0.8855539282881181,1.0
2026-05-12 13:40:00+00:00,0.9572196351731629,0.8855539282881181,1.0
2026-05-12 13:45:00+00:00,0.9579283250685605,0.8855539282881181,1.0
2026-05-12 13:50:00+00:00,0.9587403919178138,0.8856847532686634,1.0
2026-05-12 13:55:00+00:00,0.9594953874122569,0.8863822184050567,1.0
2026-05-12 14:00:00+00:00,0.9570741225047852,0.8841454529258402,1.0
2026-05-12 14:05:00+00:00,0.9586134057600076,0.8855674434058545,1.0
2026-05-12 14:10:00+00:00,0.9603823778683787,0.8872016205392573,1.0
2026-05-12 14:15:00+00:00,0.9596748948722035,0.8865480474675567,1.0
2026-05-12 14:20:00+00:00,0.9603148279059589,0.8871392178572556,1.0
2026-05-12 14:25:00+00:00,0.9609549883559333,0.8877305983341475,1.0
2026-05-12 14:30:00+00:00,0.9612194649887323,0.8879749219521369,1.0
2026-05-12 14:35:00+00:00,0.9592438637793413,0.8861498607734829,1.0
2026-05-12 14:40:00+00:00,0.9602325025554883,0.8870631656659284,1.0
2026-05-12 14:45:00+00:00,0.9592027332375364,0.886111864362695,1.0
2026-05-12 14:50:00+00:00,0.9596161853656356,0.8864938116021678,1.0
2026-05-12 14:55:00+00:00,0.9604776464465583,0.8872896296894618,1.0
2026-05-12 15:00:00+00:00,0.9625359689807724,0.8891911088607066,1.0
2026-05-12 15:05:00+00:00,0.9629885683495761,0.8896092203366261,1.0
2026-05-12 15:10:00+00:00,0.96165860878595,0.8883806031657033,1.0
2026-05-12 15:15:00+00:00,0.9622781459843438,0.8889529318746279,1.0
2026-05-12 15:20:00+00:00,0.963292616235188,0.8898900998936159,1.0
2026-05-12 15:25:00+00:00,0.9606725503919887,0.8874696820313418,1.0
2026-05-12 15:30:00+00:00,0.9616508873247182,0.8883734700767634,1.0
2026-05-12 15:35:00+00:00,0.959207509143913,0.8861162763468949,1.0
2026-05-12 15:40:00+00:00,0.9585360638875122,0.8854959949534521,1.0
2026-05-12 15:45:00+00:00,0.9585360638875122,0.8854959949534521,1.0
2026-05-12 15:50:00+00:00,0.9585360638875122,0.8854959949534521,1.0
2026-05-12 15:55:00+00:00,0.9585360638875122,0.8854959949534521,1.0
2026-05-12 16:00:00+00:00,0.9585360638875122,0.8854959949534521,1.0
2026-05-12 16:05:00+00:00,0.9585360638875122,0.8845570914911463,1.0
2026-05-12 16:10:00+00:00,0.9585360638875122,0.8841964794534181,1.0
2026-05-12 16:15:00+00:00,0.9585360638875122,0.8835116255794356,1.0
2026-05-12 16:20:00+00:00,0.9585360638875122,0.881995486333363,1.0
2026-05-12 16:25:00+00:00,0.9585360638875122,0.8821136602048887,1.0
2026-05-12 16:30:00+00:00,0.9585360638875122,0.8848834555896175,1.0
2026-05-12 16:35:00+00:00,0.9585360638875122,0.8862912374583347,1.0
2026-05-12 16:40:00+00:00,0.9585360638875122,0.883734504119084,1.0
2026-05-12 16:45:00+00:00,0.9585360638875122,0.8831040449391508,1.0
2026-05-12 16:50:00+00:00,0.9585360638875122,0.8807474589616399,1.0
2026-05-12 16:55:00+00:00,0.9585360638875122,0.8801309357403667,1.0
2026-05-12 17:00:00+00:00,0.9585360638875122,0.8801309357403667,1.0
2026-05-12 17:05:00+00:00,0.9585360638875122,0.8801309357403667,1.0
2026-05-12 17:10:00+00:00,0.9563692523910123,0.8801309357403667,1.0
2026-05-12 17:15:00+00:00,0.9556997939143386,0.8801309357403667,1.0
2026-05-12 17:20:00+00:00,0.9556997939143386,0.8801309357403667,1.0
2026-05-12 17:25:00+00:00,0.9556997939143386,0.8801309357403667,1.0
2026-05-12 17:30:00+00:00,0.9556997939143386,0.8801309357403667,1.0
2026-05-12 17:35:00+00:00,0.9556997939143386,0.8801309357403667,1.0
2026-05-12 17:40:00+00:00,0.9556997939143386,0.8801309357403667,1.0
2026-05-12 17:45:00+00:00,0.9556997939143386,0.8801309357403667,1.0
2026-05-12 17:50:00+00:00,0.9556997939143386,0.8801309357403667,1.0
2026-05-12 17:55:00+00:00,0.9556997939143386,0.8801309357403667,1.0
2026-05-12 18:00:00+00:00,0.9556997939143386,0.8801309357403667,1.0
2026-05-12 18:05:00+00:00,0.9556997939143386,0.8801309357403667,1.0
2026-05-12 18:10:00+00:00,0.9556997939143386,0.8764482653345725,1.0
2026-05-12 18:15:00+00:00,0.9556997939143386,0.8752406092431194,1.0
2026-05-12 18:20:00+00:00,0.9556997939143386,0.8763964058727632,1.0
2026-05-12 18:25:00+00:00,0.9556997939143386,0.8739068172940216,1.0
2026-05-12 18:30:00+00:00,0.9556997939143386,0.8740469370056804,1.0
2026-05-12 18:35:00+00:00,0.9556997939143386,0.873669708361623,1.0
2026-05-12 18:40:00+00:00,0.9556997939143386,0.8719008929320146,1.0
2026-05-12 18:45:00+00:00,0.9556997939143386,0.8712905623069621,1.0
2026-05-12 18:50:00+00:00,0.9556997939143386,0.8712905623069621,1.0
2026-05-12 18:55:00+00:00,0.9556997939143386,0.8712905623069621,1.0
2026-05-12 19:00:00+00:00,0.9556997939143386,0.8712905623069621,1.0
2026-05-12 19:05:00+00:00,0.9556997939143386,0.8712905623069621,1.0
2026-05-12 19:10:00+00:00,0.9556997939143386,0.8712905623069621,1.0
2026-05-12 19:15:00+00:00,0.9556997939143386,0.8712905623069621,1.0
2026-05-12 19:20:00+00:00,0.9556997939143386,0.8712905623069621,1.0
2026-05-12 19:25:00+00:00,0.9556997939143386,0.8712905623069621,1.0
2026-05-12 19:30:00+00:00,0.9556997939143386,0.8712905623069621,1.0
2026-05-12 19:35:00+00:00,0.9556997939143386,0.8712905623069621,1.0
2026-05-12 19:40:00+00:00,0.9556997939143386,0.8712905623069621,1.0
2026-05-12 19:45:00+00:00,0.9556997939143386,0.8712905623069621,1.0
2026-05-12 19:50:00+00:00,0.9556997939143386,0.8712905623069621,1.0
2026-05-12 19:55:00+00:00,0.9556997939143386,0.8712905623069621,1.0
2026-05-13 13:30:00+00:00,0.9556997939143386,0.8712905623069621,1.0
2026-05-13 13:35:00+00:00,0.9556997939143386,0.8684305079944995,1.0
2026-05-13 13:40:00+00:00,0.9556997939143386,0.866741102994554,1.0
2026-05-13 13:45:00+00:00,0.9556997939143386,0.8663801113321883,1.0
2026-05-13 13:50:00+00:00,0.9556997939143386,0.8675463923118765,1.0
2026-05-13 13:55:00+00:00,0.957348120851929,0.8696499606465137,1.0
2026-05-13 14:00:00+00:00,0.9601172144785444,0.8721653906253908,1.0
2026-05-13 14:05:00+00:00,0.9612317450461323,0.8731778242878495,1.0
2026-05-13 14:10:00+00:00,0.9623839580504383,0.8742244884761694,1.0
2026-05-13 14:15:00+00:00,0.9628753932623337,0.874670905618875,1.0
2026-05-13 14:20:00+00:00,0.9649620318051597,0.8765663970155022,1.0
2026-05-13 14:25:00+00:00,0.9651760832320709,0.8767608401975957,1.0
2026-05-13 14:30:00+00:00,0.9622597489318266,0.8741116575709221,1.0
2026-05-13 14:35:00+00:00,0.9632792675731864,0.8750377829029987,1.0
2026-05-13 14:40:00+00:00,0.9601285885575795,0.8721757227785228,1.0
2026-05-13 14:45:00+00:00,0.958648608961794,0.8708313171551147,1.0
2026-05-13 14:50:00+00:00,0.9579775549355207,0.873662600656337,1.0
2026-05-13 14:55:00+00:00,0.9564112437359072,0.8728457098026329,1.0
2026-05-13 15:00:00+00:00,0.957447933007198,0.873791819322749,1.0
2026-05-13 15:05:00+00:00,0.9584003635343625,0.874661032127351,1.0
2026-05-13 15:10:00+00:00,0.9605965940479714,0.8766653690630536,1.0
2026-05-13 15:15:00+00:00,0.9580844551146175,0.8743727259090052,1.0
2026-05-13 15:20:00+00:00,0.9571154981244048,0.8734884306255382,1.0
2026-05-13 15:25:00+00:00,0.9548445202642771,0.8714158773224985,1.0
2026-05-13 15:30:00+00:00,0.9541761291000921,0.8708058862083727,1.0
2026-05-13 15:35:00+00:00,0.9541761291000921,0.8708058862083727,1.0
2026-05-13 15:40:00+00:00,0.9541761291000921,0.8708058862083727,1.0
2026-05-13 15:45:00+00:00,0.9541761291000921,0.8708058862083727,1.0
2026-05-13 15:50:00+00:00,0.9541761291000921,0.8708058862083727,1.0
2026-05-13 15:55:00+00:00,0.9541761291000921,0.8700282654434416,1.0
2026-05-13 16:00:00+00:00,0.9541761291000921,0.8704528992462708,1.0
2026-05-13 16:05:00+00:00,0.9541761291000921,0.8702467553106029,1.0
2026-05-13 16:10:00+00:00,0.9541761291000921,0.8705069660818787,1.0
2026-05-13 16:15:00+00:00,0.9541761291000921,0.8707627872422528,1.0
2026-05-13 16:20:00+00:00,0.9541761291000921,0.8713721899335737,1.0
2026-05-13 16:25:00+00:00,0.9541761291000921,0.8709621465256769,1.0
2026-05-13 16:30:00+00:00,0.9541761291000921,0.86824975301644,1.0
2026-05-13 16:35:00+00:00,0.9541761291000921,0.8676419781893285,1.0
2026-05-13 16:40:00+00:00,0.9541761291000921,0.8676419781893285,1.0
2026-05-13 16:45:00+00:00,0.9541761291000921,0.8676419781893285,1.0
2026-05-13 16:50:00+00:00,0.9541761291000921,0.8676419781893285,1.0
2026-05-13 16:55:00+00:00,0.9541761291000921,0.8676419781893285,1.0
2026-05-13 17:00:00+00:00,0.9541761291000921,0.8676419781893285,1.0
2026-05-13 17:05:00+00:00,0.9541761291000921,0.8676419781893285,1.0
2026-05-13 17:10:00+00:00,0.9541761291000921,0.8676419781893285,1.0
2026-05-13 17:15:00+00:00,0.9541761291000921,0.8676419781893285,1.0
2026-05-13 17:20:00+00:00,0.9541761291000921,0.8676419781893285,1.0
2026-05-13 17:25:00+00:00,0.9541761291000921,0.8676419781893285,1.0
2026-05-13 17:30:00+00:00,0.9541761291000921,0.8644677907686812,1.0
2026-05-13 17:35:00+00:00,0.9541761291000921,0.8630420670074739,1.0
2026-05-13 17:40:00+00:00,0.9541761291000921,0.8624379375605686,1.0
2026-05-13 17:45:00+00:00,0.9541761291000921,0.8624379375605686,1.0
2026-05-13 17:50:00+00:00,0.9541761291000921,0.8624379375605686,1.0
2026-05-13 17:55:00+00:00,0.9541761291000921,0.8624379375605686,1.0
2026-05-13 18:00:00+00:00,0.9541761291000921,0.8624379375605686,1.0
2026-05-13 18:05:00+00:00,0.9541761291000921,0.8624379375605686,1.0
2026-05-13 18:10:00+00:00,0.9541761291000921,0.8640731682798751,1.0
2026-05-13 18:15:00+00:00,0.9541761291000921,0.8627691267104469,1.0
2026-05-13 18:20:00+00:00,0.9541761291000921,0.86343061895506,1.0
2026-05-13 18:25:00+00:00,0.9541761291000921,0.8629414882089068,1.0
2026-05-13 18:30:00+00:00,0.9541761291000921,0.8624940310062166,1.0
2026-05-13 18:35:00+00:00,0.9541761291000921,0.8596719687530437,1.0
2026-05-13 18:40:00+00:00,0.9541761291000921,0.8616163994681855,1.0
2026-05-13 18:45:00+00:00,0.9541761291000921,0.8592915402243274,1.0
2026-05-13 18:50:00+00:00,0.9541761291000921,0.8610944909925021,1.0
2026-05-13 18:55:00+00:00,0.9541761291000921,0.8607607150316798,1.0
2026-05-13 19:00:00+00:00,0.9541761291000921,0.8602340431928349,1.0
2026-05-13 19:05:00+00:00,0.9541761291000921,0.8612057433640494,1.0
2026-05-13 19:10:00+00:00,0.9541761291000921,0.8605757831053428,1.0
2026-05-13 19:15:00+00:00,0.9541761291000921,0.8600832344411501,1.0
2026-05-13 19:20:00+00:00,0.9541761291000921,0.8605446698252135,1.0
2026-05-13 19:25:00+00:00,0.9541761291000921,0.8584061638702348,1.0
2026-05-13 19:30:00+00:00,0.9541761291000921,0.8578052795555257,1.0
2026-05-13 19:35:00+00:00,0.9541761291000921,0.8578052795555257,1.0
2026-05-13 19:40:00+00:00,0.9541761291000921,0.8578052795555257,1.0
2026-05-13 19:45:00+00:00,0.9541761291000921,0.8578052795555257,1.0
2026-05-13 19:50:00+00:00,0.9541761291000921,0.8578052795555257,1.0
2026-05-13 19:55:00+00:00,0.9541761291000921,0.8578052795555257,1.0
2026-05-14 13:30:00+00:00,0.9541761291000921,0.8578052795555257,1.0
2026-05-14 13:35:00+00:00,0.9541761291000921,0.8560665774482616,1.0
2026-05-14 13:40:00+00:00,0.9541761291000921,0.8559381538554146,1.0
2026-05-14 13:45:00+00:00,0.9541761291000921,0.8580773890294721,1.0
2026-05-14 13:50:00+00:00,0.9541761291000921,0.8602061646552049,1.0
2026-05-14 13:55:00+00:00,0.9541761291000921,0.8605796255125723,1.0
2026-05-14 14:00:00+00:00,0.9541761291000921,0.8611665244315998,1.0
2026-05-14 14:05:00+00:00,0.9541761291000921,0.8613413069174358,1.0
2026-05-14 14:10:00+00:00,0.9541761291000921,0.8603293881680207,1.0
2026-05-14 14:15:00+00:00,0.9541761291000921,0.8612040163633846,1.0
2026-05-14 14:20:00+00:00,0.9541761291000921,0.862112987033078,1.0
2026-05-14 14:25:00+00:00,0.9541761291000921,0.8610968719079481,1.0
2026-05-14 14:30:00+00:00,0.9541761291000921,0.8625853549620012,1.0
2026-05-14 14:35:00+00:00,0.9541761291000921,0.8616212595499093,1.0
2026-05-14 14:40:00+00:00,0.9541761291000921,0.8605557582788144,1.0
2026-05-14 14:45:00+00:00,0.9541761291000921,0.8589527962457977,1.0
2026-05-14 14:50:00+00:00,0.9541761291000921,0.8575372030198078,1.0
2026-05-14 14:55:00+00:00,0.9541761291000921,0.856936926977694,1.0
2026-05-14 15:00:00+00:00,0.9541761291000921,0.856936926977694,1.0
2026-05-14 15:05:00+00:00,0.9541761291000921,0.856936926977694,1.0
2026-05-14 15:10:00+00:00,0.9541761291000921,0.856936926977694,1.0
2026-05-14 15:15:00+00:00,0.9541761291000921,0.856936926977694,1.0
2026-05-14 15:20:00+00:00,0.9541761291000921,0.856936926977694,1.0
2026-05-14 15:25:00+00:00,0.9541761291000921,0.856936926977694,1.0
2026-05-14 15:30:00+00:00,0.9541761291000921,0.856936926977694,1.0
2026-05-14 15:35:00+00:00,0.9541761291000921,0.856936926977694,1.0
2026-05-14 15:40:00+00:00,0.9541761291000921,0.856936926977694,1.0
2026-05-14 15:45:00+00:00,0.9541761291000921,0.8568370040659138,1.0
2026-05-14 15:50:00+00:00,0.9541761291000921,0.8563001555716147,1.0
2026-05-14 15:55:00+00:00,0.9541761291000921,0.8530867825368191,1.0
2026-05-14 16:00:00+00:00,0.9541761291000921,0.8524896217890433,1.0
2026-05-14 16:05:00+00:00,0.9541761291000921,0.8524896217890433,1.0
2026-05-14 16:10:00+00:00,0.9541761291000921,0.8524896217890433,1.0
2026-05-14 16:15:00+00:00,0.9541761291000921,0.8524896217890433,1.0
2026-05-14 16:20:00+00:00,0.9541761291000921,0.8524896217890433,1.0
2026-05-14 16:25:00+00:00,0.9541761291000921,0.8524896217890433,1.0
2026-05-14 16:30:00+00:00,0.9541761291000921,0.8524896217890433,1.0
2026-05-14 16:35:00+00:00,0.9541761291000921,0.8524896217890433,1.0
2026-05-14 16:40:00+00:00,0.9541761291000921,0.8524896217890433,1.0
2026-05-14 16:45:00+00:00,0.9541761291000921,0.8524896217890433,1.0
2026-05-14 16:50:00+00:00,0.9541761291000921,0.8524896217890433,1.0
2026-05-14 16:55:00+00:00,0.9541761291000921,0.8524896217890433,1.0
2026-05-14 17:00:00+00:00,0.9541761291000921,0.8524896217890433,1.0
2026-05-14 17:05:00+00:00,0.9541761291000921,0.8524896217890433,1.0
2026-05-14 17:10:00+00:00,0.9541761291000921,0.8524896217890433,1.0
2026-05-14 17:15:00+00:00,0.9541761291000921,0.8524896217890433,1.0
2026-05-14 17:20:00+00:00,0.9541761291000921,0.8524896217890433,1.0
2026-05-14 17:25:00+00:00,0.9541761291000921,0.8524896217890433,1.0
2026-05-14 17:30:00+00:00,0.9541761291000921,0.8507729493246257,1.0
2026-05-14 17:35:00+00:00,0.9541761291000921,0.8487651684716264,1.0
2026-05-14 17:40:00+00:00,0.9541761291000921,0.8498999663116583,1.0
2026-05-14 17:45:00+00:00,0.9541761291000921,0.8487403806773081,1.0
2026-05-14 17:50:00+00:00,0.9541761291000921,0.8474871264467568,1.0
2026-05-14 17:55:00+00:00,0.9541761291000921,0.8468938854582441,1.0
2026-05-14 18:00:00+00:00,0.9541761291000921,0.8468938854582441,1.0
2026-05-14 18:05:00+00:00,0.9541761291000921,0.8468938854582441,1.0
2026-05-14 18:10:00+00:00,0.9541761291000921,0.8484840220692791,1.0
2026-05-14 18:15:00+00:00,0.9541761291000921,0.8495566783620621,1.0
2026-05-14 18:20:00+00:00,0.9541761291000921,0.848354859158285,1.0
2026-05-14 18:25:00+00:00,0.9541761291000921,0.8452642204212846,1.0
2026-05-14 18:30:00+00:00,0.9541761291000921,0.8481010105825341,1.0
2026-05-14 18:35:00+00:00,0.9541761291000921,0.8506101219915527,1.0
2026-05-14 18:40:00+00:00,0.9541761291000921,0.8513968947732913,1.0
2026-05-14 18:45:00+00:00,0.9541761291000921,0.8523856803377062,1.0
2026-05-14 18:50:00+00:00,0.9541761291000921,0.8527227074352061,1.0
2026-05-14 18:55:00+00:00,0.9541761291000921,0.8519876755892344,1.0
2026-05-14 19:00:00+00:00,0.9541761291000921,0.852336577719229,1.0
2026-05-14 19:05:00+00:00,0.9541761291000921,0.8532123155527663,1.0
2026-05-14 19:10:00+00:00,0.9541761291000921,0.8553265674170082,1.0
2026-05-14 19:15:00+00:00,0.9541761291000921,0.8539867694655197,1.0
2026-05-14 19:20:00+00:00,0.9541761291000921,0.8564448531638696,1.0
2026-05-14 19:25:00+00:00,0.9541761291000921,0.8558407391036602,1.0
2026-05-14 19:30:00+00:00,0.9541761291000921,0.8565003114434298,1.0
2026-05-14 19:35:00+00:00,0.9541761291000921,0.8580882798624737,1.0
2026-05-14 19:40:00+00:00,0.9541761291000921,0.8567286346527473,1.0
2026-05-14 19:45:00+00:00,0.9541761291000921,0.8559763730760674,1.0
2026-05-14 19:50:00+00:00,0.9541761291000921,0.8581402369026896,1.0
2026-05-14 19:55:00+00:00,0.9541761291000921,0.858878607728925,1.0
2026-05-15 13:30:00+00:00,0.9541761291000921,0.8615892665542069,1.0
2026-05-15 13:35:00+00:00,0.9541761291000921,0.8607689391403867,1.0
2026-05-15 13:40:00+00:00,0.9541761291000921,0.8590947335565867,1.0
2026-05-15 13:45:00+00:00,0.9541761291000921,0.8607199602003895,1.0
2026-05-15 13:50:00+00:00,0.9541761291000921,0.8579991135498358,1.0
2026-05-15 13:55:00+00:00,0.9541761291000921,0.857286480256898,1.0
2026-05-15 14:00:00+00:00,0.9541761291000921,0.8587069296335331,1.0
2026-05-15 14:05:00+00:00,0.9541761291000921,0.8605525349524319,1.0
2026-05-15 14:10:00+00:00,0.9539295923759873,0.8609325751428488,1.0
2026-05-15 14:15:00+00:00,0.9547345221390325,0.8616590336354317,1.0
2026-05-15 14:20:00+00:00,0.9523628117836569,0.8595185373974854,1.0
2026-05-15 14:25:00+00:00,0.9516961578154083,0.8616230647210267,1.0
2026-05-15 14:30:00+00:00,0.9516961578154083,0.8634426259107676,1.0
2026-05-15 14:35:00+00:00,0.9516961578154083,0.8641557459182616,1.0
2026-05-15 14:40:00+00:00,0.9516961578154083,0.8679590236487574,1.0
2026-05-15 14:45:00+00:00,0.9516961578154083,0.8695928657094486,1.0
2026-05-15 14:50:00+00:00,0.9516961578154083,0.8694609143528867,1.0
2026-05-15 14:55:00+00:00,0.9516961578154083,0.867992101561794,1.0
2026-05-15 15:00:00+00:00,0.9516961578154083,0.8702453465777731,1.0
2026-05-15 15:05:00+00:00,0.9516961578154083,0.869749501437,1.0
2026-05-15 15:10:00+00:00,0.9516961578154083,0.8684023986541,1.0
2026-05-15 15:15:00+00:00,0.9516961578154083,0.8719638868664039,1.0
2026-05-15 15:20:00+00:00,0.9516961578154083,0.8698132988769148,1.0
2026-05-15 15:25:00+00:00,0.9516961578154083,0.8679506256679385,1.0
2026-05-15 15:30:00+00:00,0.9516961578154083,0.8673801668972939,1.0
2026-05-15 15:35:00+00:00,0.9516961578154083,0.8659173414408403,1.0
2026-05-15 15:40:00+00:00,0.9516961578154083,0.8653975961066586,1.0
2026-05-15 15:45:00+00:00,0.9516961578154083,0.8647918177893839,1.0
2026-05-15 15:50:00+00:00,0.9516961578154083,0.8647918177893839,1.0
2026-05-15 15:55:00+00:00,0.9516961578154083,0.8647918177893839,1.0
2026-05-15 16:00:00+00:00,0.9516961578154083,0.8647918177893839,1.0
2026-05-15 16:05:00+00:00,0.9516961578154083,0.8647918177893839,1.0
2026-05-15 16:10:00+00:00,0.9516961578154083,0.8647918177893839,1.0
2026-05-15 16:15:00+00:00,0.9516961578154083,0.8647918177893839,1.0
2026-05-15 16:20:00+00:00,0.9516961578154083,0.8647918177893839,1.0
2026-05-15 16:25:00+00:00,0.9516961578154083,0.8647918177893839,1.0
2026-05-15 16:30:00+00:00,0.9516961578154083,0.8647918177893839,1.0
2026-05-15 16:35:00+00:00,0.9516961578154083,0.8647918177893839,1.0
2026-05-15 16:40:00+00:00,0.9516961578154083,0.8654027858552675,1.0
2026-05-15 16:45:00+00:00,0.9516961578154083,0.8656821696293134,1.0
2026-05-15 16:50:00+00:00,0.9516961578154083,0.865332537630688,1.0
2026-05-15 16:55:00+00:00,0.9516961578154083,0.863996469647114,1.0
2026-05-15 17:00:00+00:00,0.9516961578154083,0.8645844884808862,1.0
2026-05-15 17:05:00+00:00,0.9516961578154083,0.8640127362639253,1.0
2026-05-15 17:10:00+00:00,0.9516961578154083,0.8613822517186857,1.0
2026-05-15 17:15:00+00:00,0.9516961578154083,0.8620360870455251,1.0
2026-05-15 17:20:00+00:00,0.9516961578154083,0.860761376529262,1.0
2026-05-15 17:25:00+00:00,0.9516961578154083,0.8614080749290343,1.0
2026-05-15 17:30:00+00:00,0.9516961578154083,0.857902834043097,1.0
2026-05-15 17:35:00+00:00,0.9516961578154083,0.8573023020592668,1.0
2026-05-15 17:40:00+00:00,0.9516961578154083,0.8573023020592668,1.0
2026-05-15 17:45:00+00:00,0.9516961578154083,0.8573023020592668,1.0
2026-05-15 17:50:00+00:00,0.9516961578154083,0.8573023020592668,1.0
2026-05-15 17:55:00+00:00,0.9539747321245623,0.8573023020592668,1.0
2026-05-15 18:00:00+00:00,0.9540590209917865,0.8573023020592668,1.0
2026-05-15 18:05:00+00:00,0.9552461611768815,0.8573023020592668,1.0
2026-05-15 18:10:00+00:00,0.9585526849345908,0.8573023020592668,1.0
2026-05-15 18:15:00+00:00,0.9588844500898284,0.8573023020592668,1.0
2026-05-15 18:20:00+00:00,0.9584233643909678,0.8573023020592668,1.0
2026-05-15 18:25:00+00:00,0.955131574573101,0.8573023020592668,1.0
2026-05-15 18:30:00+00:00,0.9525666416799793,0.8573023020592668,1.0
2026-05-15 18:35:00+00:00,0.9501075140337495,0.8573023020592668,1.0
2026-05-15 18:40:00+00:00,0.9553335664360495,0.8573023020592668,1.0
2026-05-15 18:45:00+00:00,0.9540004321806284,0.8573023020592668,1.0
2026-05-15 18:50:00+00:00,0.9542696871182229,0.8573023020592668,1.0
2026-05-15 18:55:00+00:00,0.9571928525408551,0.8573023020592668,1.0
2026-05-15 19:00:00+00:00,0.9568815230179681,0.8573023020592668,1.0
2026-05-15 19:05:00+00:00,0.9565979317884847,0.8573023020592668,1.0
2026-05-15 19:10:00+00:00,0.9591211422247807,0.8573023020592668,1.0
2026-05-15 19:15:00+00:00,0.9607172850399636,0.8573023020592668,1.0
2026-05-15 19:20:00+00:00,0.9584906784611337,0.8573023020592668,1.0
2026-05-15 19:25:00+00:00,0.9549114452568823,0.8573023020592668,1.0
2026-05-15 19:30:00+00:00,0.9520137311373804,0.8573023020592668,1.0
2026-05-15 19:35:00+00:00,0.9532336432381558,0.8573023020592668,1.0
2026-05-15 19:40:00+00:00,0.9537399656736574,0.8573023020592668,1.0
2026-05-15 19:45:00+00:00,0.9523144596665456,0.8573023020592668,1.0
2026-05-15 19:50:00+00:00,0.9489632465168896,0.8573023020592668,1.0
2026-05-15 19:55:00+00:00,0.9482989722443277,0.8573023020592668,1.0
2026-05-18 13:30:00+00:00,0.9482989722443277,0.8543149427265925,1.0
2026-05-18 13:35:00+00:00,0.9482989722443277,0.8531815369780487,1.0
2026-05-18 13:40:00+00:00,0.9482989722443277,0.8542400856877167,1.0
2026-05-18 13:45:00+00:00,0.9482989722443277,0.8529439818229821,1.0
2026-05-18 13:50:00+00:00,0.9482989722443277,0.8534454693133104,1.0
2026-05-18 13:55:00+00:00,0.9482989722443277,0.853280364158939,1.0
2026-05-18 14:00:00+00:00,0.9482989722443277,0.8541323651537177,1.0
2026-05-18 14:05:00+00:00,0.9482989722443277,0.8543920546122724,1.0
2026-05-18 14:10:00+00:00,0.9482989722443277,0.849201970648649,1.0
2026-05-18 14:15:00+00:00,0.9482989722443277,0.8486075292691949,1.0
2026-05-18 14:20:00+00:00,0.9482989722443277,0.8486075292691949,1.0
2026-05-18 14:25:00+00:00,0.9482989722443277,0.8486075292691949,1.0
2026-05-18 14:30:00+00:00,0.9482989722443277,0.8486075292691949,1.0
2026-05-18 14:35:00+00:00,0.9482989722443277,0.8486075292691949,1.0
2026-05-18 14:40:00+00:00,0.9482989722443277,0.8486075292691949,1.0
2026-05-18 14:45:00+00:00,0.9482989722443277,0.8486075292691949,1.0
2026-05-18 14:50:00+00:00,0.9482989722443277,0.8486075292691949,1.0
2026-05-18 14:55:00+00:00,0.9482989722443277,0.8486075292691949,1.0
2026-05-18 15:00:00+00:00,0.9482989722443277,0.8486075292691949,1.0
2026-05-18 15:05:00+00:00,0.9482989722443277,0.8486075292691949,1.0
2026-05-18 15:10:00+00:00,0.9482989722443277,0.8486075292691949,1.0
2026-05-18 15:15:00+00:00,0.9482989722443277,0.8486075292691949,1.0
2026-05-18 15:20:00+00:00,0.9482989722443277,0.8486075292691949,1.0
2026-05-18 15:25:00+00:00,0.9482989722443277,0.8486075292691949,1.0
2026-05-18 15:30:00+00:00,0.9482989722443277,0.8486075292691949,1.0
2026-05-18 15:35:00+00:00,0.9482989722443277,0.8486075292691949,1.0
2026-05-18 15:40:00+00:00,0.9482989722443277,0.8486075292691949,1.0
2026-05-18 15:45:00+00:00,0.9482989722443277,0.8486075292691949,1.0
2026-05-18 15:50:00+00:00,0.9482989722443277,0.8486075292691949,1.0
2026-05-18 15:55:00+00:00,0.9512259033027285,0.8486075292691949,1.0
2026-05-18 16:00:00+00:00,0.9469352971193779,0.8486075292691949,1.0
2026-05-18 16:05:00+00:00,0.9456460080249353,0.8486075292691949,1.0
2026-05-18 16:10:00+00:00,0.9449840558193178,0.8486075292691949,1.0
2026-05-18 16:15:00+00:00,0.9449840558193178,0.8502780227235242,1.0
2026-05-18 16:20:00+00:00,0.9449840558193178,0.8527792026050812,1.0
2026-05-18 16:25:00+00:00,0.9449840558193178,0.85253918520672,1.0
2026-05-18 16:30:00+00:00,0.9449840558193178,0.8537403365751979,1.0
2026-05-18 16:35:00+00:00,0.9449840558193178,0.8557723475438542,1.0
2026-05-18 16:40:00+00:00,0.9449840558193178,0.8526539071014878,1.0
2026-05-18 16:45:00+00:00,0.9449840558193178,0.8507218196102623,1.0
2026-05-18 16:50:00+00:00,0.9449840558193178,0.8463336834051618,1.0
2026-05-18 16:55:00+00:00,0.9449840558193178,0.8457412498267781,1.0
2026-05-18 17:00:00+00:00,0.9449840558193178,0.8457412498267781,1.0
2026-05-18 17:05:00+00:00,0.9437173366199771,0.8457412498267781,1.0
2026-05-18 17:10:00+00:00,0.9430567344843431,0.8457412498267781,1.0
2026-05-18 17:15:00+00:00,0.9430567344843431,0.8457412498267781,1.0
2026-05-18 17:20:00+00:00,0.9430567344843431,0.8457412498267781,1.0
2026-05-18 17:25:00+00:00,0.9430567344843431,0.8457412498267781,1.0
2026-05-18 17:30:00+00:00,0.9430567344843431,0.8457412498267781,1.0
2026-05-18 17:35:00+00:00,0.9430567344843431,0.8457412498267781,1.0
2026-05-18 17:40:00+00:00,0.9430567344843431,0.8457412498267781,1.0
2026-05-18 17:45:00+00:00,0.9427043076853587,0.8457412498267781,1.0
2026-05-18 17:50:00+00:00,0.9414725607298483,0.8457412498267781,1.0
2026-05-18 17:55:00+00:00,0.9377626299478296,0.8457412498267781,1.0
2026-05-18 18:00:00+00:00,0.9371061961068661,0.8457412498267781,1.0
2026-05-18 18:05:00+00:00,0.9371061961068661,0.8457412498267781,1.0
2026-05-18 18:10:00+00:00,0.9371061961068661,0.8457412498267781,1.0
2026-05-18 18:15:00+00:00,0.9371061961068661,0.8457412498267781,1.0
2026-05-18 18:20:00+00:00,0.9371061961068661,0.8457412498267781,1.0
2026-05-18 18:25:00+00:00,0.9371061961068661,0.8457412498267781,1.0
2026-05-18 18:30:00+00:00,0.9371061961068661,0.8457412498267781,1.0
2026-05-18 18:35:00+00:00,0.9371061961068661,0.8457412498267781,1.0
2026-05-18 18:40:00+00:00,0.9371061961068661,0.8457412498267781,1.0
2026-05-18 18:45:00+00:00,0.9371061961068661,0.8457412498267781,1.0
2026-05-18 18:50:00+00:00,0.9371061961068661,0.8457412498267781,1.0
2026-05-18 18:55:00+00:00,0.9371061961068661,0.8457412498267781,1.0
2026-05-18 19:00:00+00:00,0.9371061961068661,0.8457412498267781,1.0
2026-05-18 19:05:00+00:00,0.9371061961068661,0.8457412498267781,1.0
2026-05-18 19:10:00+00:00,0.9371061961068661,0.8457412498267781,1.0
2026-05-18 19:15:00+00:00,0.9397243435529414,0.8457412498267781,1.0
2026-05-18 19:20:00+00:00,0.9388689046799077,0.8457412498267781,1.0
2026-05-18 19:25:00+00:00,0.9380256318704393,0.8457412498267781,1.0
2026-05-18 19:30:00+00:00,0.9400026631383199,0.8457412498267781,1.0
2026-05-18 19:35:00+00:00,0.9399859967381107,0.8451342358218898,1.0
2026-05-18 19:40:00+00:00,0.9368293542705476,0.84229612267037,1.0
2026-05-18 19:45:00+00:00,0.9348932142954913,0.840555353995154,1.0
2026-05-18 19:50:00+00:00,0.9342387890454844,0.8399669652473574,1.0
2026-05-18 19:55:00+00:00,0.9342387890454844,0.8399669652473574,1.0
2026-05-19 13:30:00+00:00,0.9342387890454844,0.8399669652473574,1.0
2026-05-19 13:35:00+00:00,0.9342387890454844,0.8399669652473574,1.0
2026-05-19 13:40:00+00:00,0.9342387890454844,0.8399669652473574,1.0
2026-05-19 13:45:00+00:00,0.9342387890454844,0.8399669652473574,1.0
2026-05-19 13:50:00+00:00,0.9342387890454844,0.8399669652473574,1.0
2026-05-19 13:55:00+00:00,0.9342387890454844,0.8399669652473574,1.0
2026-05-19 14:00:00+00:00,0.9342387890454844,0.8399669652473574,1.0
2026-05-19 14:05:00+00:00,0.9340938919789501,0.8399669652473574,1.0
2026-05-19 14:10:00+00:00,0.9330591604200148,0.8399669652473574,1.0
2026-05-19 14:15:00+00:00,0.9371897160006031,0.8399669652473574,1.0
2026-05-19 14:20:00+00:00,0.9320681133031191,0.8347886935769796,1.0
2026-05-19 14:25:00+00:00,0.931415665623807,0.8342043414914757,1.0
2026-05-19 14:30:00+00:00,0.931415665623807,0.8342043414914757,1.0
2026-05-19 14:35:00+00:00,0.931415665623807,0.8342043414914757,1.0
2026-05-19 14:40:00+00:00,0.931415665623807,0.8342043414914757,1.0
2026-05-19 14:45:00+00:00,0.931415665623807,0.8342043414914757,1.0
2026-05-19 14:50:00+00:00,0.931415665623807,0.8327678500891645,1.0
2026-05-19 14:55:00+00:00,0.931415665623807,0.8324329494476488,1.0
2026-05-19 15:00:00+00:00,0.931415665623807,0.8329118330381953,1.0
2026-05-19 15:05:00+00:00,0.931415665623807,0.8353622568914305,1.0
2026-05-19 15:10:00+00:00,0.931415665623807,0.8359489357841681,1.0
2026-05-19 15:15:00+00:00,0.931415665623807,0.8350683450023081,1.0
2026-05-19 15:20:00+00:00,0.931415665623807,0.8350277782667309,1.0
2026-05-19 15:25:00+00:00,0.931415665623807,0.8351669297159762,1.0
2026-05-19 15:30:00+00:00,0.931415665623807,0.8333287377853651,1.0
2026-05-19 15:35:00+00:00,0.931415665623807,0.8320469863040167,1.0
2026-05-19 15:40:00+00:00,0.931415665623807,0.8323463339548911,1.0
2026-05-19 15:45:00+00:00,0.931415665623807,0.8337669244138992,1.0
2026-05-19 15:50:00+00:00,0.931415665623807,0.8326800444688034,1.0
2026-05-19 15:55:00+00:00,0.931415665623807,0.8346779482186403,1.0
2026-05-19 16:00:00+00:00,0.931415665623807,0.8336151917372047,1.0
2026-05-19 16:05:00+00:00,0.931415665623807,0.8317267298123483,1.0
2026-05-19 16:10:00+00:00,0.931415665623807,0.8311445211014796,1.0
2026-05-19 16:15:00+00:00,0.931415665623807,0.8311445211014796,1.0
2026-05-19 16:20:00+00:00,0.931415665623807,0.8311445211014796,1.0
2026-05-19 16:25:00+00:00,0.931415665623807,0.8311445211014796,1.0
2026-05-19 16:30:00+00:00,0.931415665623807,0.8311445211014796,1.0
2026-05-19 16:35:00+00:00,0.931415665623807,0.8311445211014796,1.0
2026-05-19 16:40:00+00:00,0.931415665623807,0.8311445211014796,1.0
2026-05-19 16:45:00+00:00,0.931415665623807,0.8311445211014796,1.0
2026-05-19 16:50:00+00:00,0.931415665623807,0.8311445211014796,1.0
2026-05-19 16:55:00+00:00,0.931415665623807,0.8311445211014796,1.0
2026-05-19 17:00:00+00:00,0.931415665623807,0.8311445211014796,1.0
2026-05-19 17:05:00+00:00,0.931415665623807,0.8311445211014796,1.0
2026-05-19 17:10:00+00:00,0.931415665623807,0.8311445211014796,1.0
2026-05-19 17:15:00+00:00,0.931415665623807,0.8311445211014796,1.0
2026-05-19 17:20:00+00:00,0.931415665623807,0.8311445211014796,1.0
2026-05-19 17:25:00+00:00,0.931415665623807,0.8311445211014796,1.0
2026-05-19 17:30:00+00:00,0.931415665623807,0.8311445211014796,1.0
2026-05-19 17:35:00+00:00,0.931415665623807,0.8311445211014796,1.0
2026-05-19 17:40:00+00:00,0.931415665623807,0.8311445211014796,1.0
2026-05-19 17:45:00+00:00,0.931415665623807,0.8311445211014796,1.0
2026-05-19 17:50:00+00:00,0.931415665623807,0.8311445211014796,1.0
2026-05-19 17:55:00+00:00,0.931415665623807,0.8311445211014796,1.0
2026-05-19 18:00:00+00:00,0.931415665623807,0.8311445211014796,1.0
2026-05-19 18:05:00+00:00,0.931415665623807,0.8311445211014796,1.0
2026-05-19 18:10:00+00:00,0.931415665623807,0.8314469047387649,1.0
2026-05-19 18:15:00+00:00,0.931415665623807,0.8324090564987341,1.0
2026-05-19 18:20:00+00:00,0.931415665623807,0.8321807389673941,1.0
2026-05-19 18:25:00+00:00,0.931415665623807,0.8343750161949303,1.0
2026-05-19 18:30:00+00:00,0.931415665623807,0.8321725008644285,1.0
2026-05-19 18:35:00+00:00,0.931415665623807,0.8311762683814934,1.0
2026-05-19 18:40:00+00:00,0.931415665623807,0.8281342661210515,1.0
2026-05-19 18:45:00+00:00,0.931415665623807,0.8275545721347667,1.0
2026-05-19 18:50:00+00:00,0.931415665623807,0.8275545721347667,1.0
2026-05-19 18:55:00+00:00,0.931415665623807,0.8275545721347667,1.0
2026-05-19 19:00:00+00:00,0.931415665623807,0.8275545721347667,1.0
2026-05-19 19:05:00+00:00,0.931415665623807,0.8275545721347667,1.0
2026-05-19 19:10:00+00:00,0.931415665623807,0.8275545721347667,1.0
2026-05-19 19:15:00+00:00,0.931415665623807,0.8275545721347667,1.0
2026-05-19 19:20:00+00:00,0.931415665623807,0.8275545721347667,1.0
2026-05-19 19:25:00+00:00,0.931415665623807,0.8275545721347667,1.0
2026-05-19 19:30:00+00:00,0.931415665623807,0.8275545721347667,1.0
2026-05-19 19:35:00+00:00,0.931415665623807,0.8275545721347667,1.0
2026-05-19 19:40:00+00:00,0.931415665623807,0.8275545721347667,1.0
2026-05-19 19:45:00+00:00,0.931415665623807,0.8275545721347667,1.0
2026-05-19 19:50:00+00:00,0.931415665623807,0.8287196342816514,1.0
2026-05-19 19:55:00+00:00,0.931415665623807,0.8294125509008257,1.0
2026-05-20 13:30:00+00:00,0.931415665623807,0.8380084083330676,1.0
2026-05-20 13:35:00+00:00,0.931415665623807,0.8389603165884953,1.0
2026-05-20 13:40:00+00:00,0.931415665623807,0.8388084085241516,1.0
2026-05-20 13:45:00+00:00,0.931415665623807,0.8385948320323687,1.0
2026-05-20 13:50:00+00:00,0.931415665623807,0.8378035107027098,1.0
2026-05-20 13:55:00+00:00,0.931415665623807,0.833781787767167,1.0
2026-05-20 14:00:00+00:00,0.931415665623807,0.8325385866987949,1.0
2026-05-20 14:05:00+00:00,0.931415665623807,0.8317570083217475,1.0
2026-05-20 14:10:00+00:00,0.931415665623807,0.8337197969029604,1.0
2026-05-20 14:15:00+00:00,0.931415665623807,0.8371840437837246,1.0
2026-05-20 14:20:00+00:00,0.9296164659624602,0.8361528985602393,1.0
2026-05-20 14:25:00+00:00,0.9320770452508486,0.8383660913977748,1.0
2026-05-20 14:30:00+00:00,0.9331058989777664,0.8392915042507693,1.0
2026-05-20 14:35:00+00:00,0.9313680326332708,0.8377283628537892,1.0
2026-05-20 14:40:00+00:00,0.9346401686604308,0.840671518578511,1.0
2026-05-20 14:45:00+00:00,0.9307135965624127,0.8371397237347478,1.0
2026-05-20 14:50:00+00:00,0.930766843940708,0.8371876176257582,1.0
2026-05-20 14:55:00+00:00,0.929709860900209,0.836236903578189,1.0
2026-05-20 15:00:00+00:00,0.9290590639975789,0.837645708396438,1.0
2026-05-20 15:05:00+00:00,0.9272530295242629,0.8366037279381013,1.0
2026-05-20 15:10:00+00:00,0.9266039524035959,0.8343109884947173,1.0
2026-05-20 15:15:00+00:00,0.9266039524035959,0.8337269708027709,1.0
2026-05-20 15:20:00+00:00,0.9266039524035959,0.8337269708027709,1.0
2026-05-20 15:25:00+00:00,0.9266039524035959,0.8337269708027709,1.0
2026-05-20 15:30:00+00:00,0.9266039524035959,0.8337269708027709,1.0
2026-05-20 15:35:00+00:00,0.9266039524035959,0.8337269708027709,1.0
2026-05-20 15:40:00+00:00,0.9266039524035959,0.8337269708027709,1.0
2026-05-20 15:45:00+00:00,0.9266039524035959,0.8337269708027709,1.0
2026-05-20 15:50:00+00:00,0.9266039524035959,0.8337269708027709,1.0
2026-05-20 15:55:00+00:00,0.9266039524035959,0.8337269708027709,1.0
2026-05-20 16:00:00+00:00,0.9266039524035959,0.8337269708027709,1.0
2026-05-20 16:05:00+00:00,0.9266039524035959,0.8337269708027709,1.0
2026-05-20 16:10:00+00:00,0.9266039524035959,0.8337269708027709,1.0
2026-05-20 16:15:00+00:00,0.9266039524035959,0.8337269708027709,1.0
2026-05-20 16:20:00+00:00,0.9266039524035959,0.8337269708027709,1.0
2026-05-20 16:25:00+00:00,0.9266039524035959,0.8337269708027709,1.0
2026-05-20 16:30:00+00:00,0.9266039524035959,0.8314028499168024,1.0
2026-05-20 16:35:00+00:00,0.9266039524035959,0.8323885530283484,1.0
2026-05-20 16:40:00+00:00,0.9266039524035959,0.8338507645496406,1.0
2026-05-20 16:45:00+00:00,0.9266039524035959,0.832475805159672,1.0
2026-05-20 16:50:00+00:00,0.9266039524035959,0.8345058254326034,1.0
2026-05-20 16:55:00+00:00,0.9266039524035959,0.8339978759159248,1.0
2026-05-20 17:00:00+00:00,0.9266039524035959,0.8348026582759579,1.0
2026-05-20 17:05:00+00:00,0.9266039524035959,0.8351736119758496,1.0
2026-05-20 17:10:00+00:00,0.9266039524035959,0.8350673745021325,1.0
2026-05-20 17:15:00+00:00,0.9266039524035959,0.8351339910394492,1.0
2026-05-20 17:20:00+00:00,0.9266039524035959,0.8361687322685163,1.0
2026-05-20 17:25:00+00:00,0.9266039524035959,0.8355564791507074,1.0
2026-05-20 17:30:00+00:00,0.9266039524035959,0.8368664215098931,1.0
2026-05-20 17:35:00+00:00,0.9266039524035959,0.8347495257700028,1.0
2026-05-20 17:40:00+00:00,0.9266039524035959,0.8359506489689154,1.0
2026-05-20 17:45:00+00:00,0.9266039524035959,0.8333845490176464,1.0
2026-05-20 17:50:00+00:00,0.9266039524035959,0.8330418634836274,1.0
2026-05-20 17:55:00+00:00,0.9266039524035959,0.8324587341791888,1.0
2026-05-20 18:00:00+00:00,0.9266039524035959,0.8324587341791888,1.0
2026-05-20 18:05:00+00:00,0.9266039524035959,0.8324587341791888,1.0
2026-05-20 18:10:00+00:00,0.9266039524035959,0.8324587341791888,1.0
2026-05-20 18:15:00+00:00,0.9266039524035959,0.8324587341791888,1.0
2026-05-20 18:20:00+00:00,0.9266039524035959,0.8324587341791888,1.0
2026-05-20 18:25:00+00:00,0.9266039524035959,0.8330131068768418,1.0
2026-05-20 18:30:00+00:00,0.9266039524035959,0.8321756545961957,1.0
2026-05-20 18:35:00+00:00,0.9266039524035959,0.8347945446313786,1.0
2026-05-20 18:40:00+00:00,0.9266039524035959,0.8343760034330072,1.0
2026-05-20 18:45:00+00:00,0.9266039524035959,0.8366630784575788,1.0
2026-05-20 18:50:00+00:00,0.9266039524035959,0.8347829509997039,1.0
2026-05-20 18:55:00+00:00,0.9266039524035959,0.8336395788926334,1.0
2026-05-20 19:00:00+00:00,0.9266039524035959,0.832383943968685,1.0
2026-05-20 19:05:00+00:00,0.9266039524035959,0.8318811637901756,1.0
2026-05-20 19:10:00+00:00,0.9266039524035959,0.8361773661490958,1.0
2026-05-20 19:15:00+00:00,0.9266039524035959,0.8399830678301582,1.0
2026-05-20 19:20:00+00:00,0.9266039524035959,0.83922613931957,1.0
2026-05-20 19:25:00+00:00,0.9266039524035959,0.8408897165229207,1.0
2026-05-20 19:30:00+00:00,0.9266039524035959,0.8417872909575413,1.0
2026-05-20 19:35:00+00:00,0.9266039524035959,0.8423098456154392,1.0
2026-05-20 19:40:00+00:00,0.9266039524035959,0.8404433594797597,1.0
2026-05-20 19:45:00+00:00,0.9266039524035959,0.8453029589334586,1.0
2026-05-20 19:50:00+00:00,0.9266039524035959,0.8471514414872064,1.0
2026-05-20 19:55:00+00:00,0.9266039524035959,0.8457472419812468,1.0
2026-05-21 13:30:00+00:00,0.9266039524035959,0.8461993774413211,1.0
2026-05-21 13:35:00+00:00,0.9266039524035959,0.8461474737035712,1.0
2026-05-21 13:40:00+00:00,0.9266039524035959,0.8466036501348476,1.0
2026-05-21 13:45:00+00:00,0.9266039524035959,0.847102423598652,1.0
2026-05-21 13:50:00+00:00,0.9266039524035959,0.847567824865036,1.0
2026-05-21 13:55:00+00:00,0.9266039524035959,0.8476316270671351,1.0
2026-05-21 14:00:00+00:00,0.9266039524035959,0.8468473304773213,1.0
2026-05-21 14:05:00+00:00,0.9266039524035959,0.8453778392649883,1.0
2026-05-21 14:10:00+00:00,0.9266039524035959,0.8458138359685273,1.0
2026-05-21 14:15:00+00:00,0.9266039524035959,0.8426425275907634,1.0
2026-05-21 14:20:00+00:00,0.9266039524035959,0.8420526778214499,1.0
2026-05-21 14:25:00+00:00,0.9266039524035959,0.8420526778214499,1.0
2026-05-21 14:30:00+00:00,0.9266039524035959,0.8420526778214499,1.0
2026-05-21 14:35:00+00:00,0.9266039524035959,0.8420526778214499,1.0
2026-05-21 14:40:00+00:00,0.9266039524035959,0.8420526778214499,1.0
2026-05-21 14:45:00+00:00,0.9266039524035959,0.8420526778214499,1.0
2026-05-21 14:50:00+00:00,0.9266039524035959,0.8420526778214499,1.0
2026-05-21 14:55:00+00:00,0.9266039524035959,0.8420526778214499,1.0
2026-05-21 15:00:00+00:00,0.9266039524035959,0.8420526778214499,1.0
2026-05-21 15:05:00+00:00,0.9266039524035959,0.8420526778214499,1.0
2026-05-21 15:10:00+00:00,0.9266039524035959,0.8420526778214499,1.0
2026-05-21 15:15:00+00:00,0.9266039524035959,0.8420526778214499,1.0
2026-05-21 15:20:00+00:00,0.9266039524035959,0.8420526778214499,1.0
2026-05-21 15:25:00+00:00,0.9266039524035959,0.8420526778214499,1.0
2026-05-21 15:30:00+00:00,0.9266039524035959,0.8420526778214499,1.0
2026-05-21 15:35:00+00:00,0.9266039524035959,0.8420526778214499,1.0
2026-05-21 15:40:00+00:00,0.9266039524035959,0.8420526778214499,1.0
2026-05-21 15:45:00+00:00,0.9266039524035959,0.8420526778214499,1.0
2026-05-21 15:50:00+00:00,0.9266039524035959,0.8420526778214499,1.0
2026-05-21 15:55:00+00:00,0.9266039524035959,0.8420526778214499,1.0
2026-05-21 16:00:00+00:00,0.9266039524035959,0.8423976934877864,1.0
2026-05-21 16:05:00+00:00,0.9266039524035959,0.8427334479203376,1.0
2026-05-21 16:10:00+00:00,0.9266039524035959,0.845027858653607,1.0
2026-05-21 16:15:00+00:00,0.9266039524035959,0.8439327912949715,1.0
2026-05-21 16:20:00+00:00,0.9266039524035959,0.843675435450544,1.0
2026-05-21 16:25:00+00:00,0.9266039524035959,0.8426626881586415,1.0
2026-05-21 16:30:00+00:00,0.9266039524035959,0.8400725341570879,1.0
2026-05-21 16:35:00+00:00,0.9266039524035959,0.8394844833831779,1.0
2026-05-21 16:40:00+00:00,0.9266039524035959,0.8394844833831779,1.0
2026-05-21 16:45:00+00:00,0.9266039524035959,0.8394844833831779,1.0
2026-05-21 16:50:00+00:00,0.9266039524035959,0.8394844833831779,1.0
2026-05-21 16:55:00+00:00,0.9266039524035959,0.8394844833831779,1.0
2026-05-21 17:00:00+00:00,0.9266039524035959,0.8394844833831779,1.0
2026-05-21 17:05:00+00:00,0.9266039524035959,0.8394844833831779,1.0
2026-05-21 17:10:00+00:00,0.9266039524035959,0.8394844833831779,1.0
2026-05-21 17:15:00+00:00,0.9266039524035959,0.8394844833831779,1.0
2026-05-21 17:20:00+00:00,0.9266039524035959,0.8394844833831779,1.0
2026-05-21 17:25:00+00:00,0.9266039524035959,0.8394844833831779,1.0
2026-05-21 17:30:00+00:00,0.9266039524035959,0.8394844833831779,1.0
2026-05-21 17:35:00+00:00,0.9266039524035959,0.8394844833831779,1.0
2026-05-21 17:40:00+00:00,0.9266039524035959,0.8394844833831779,1.0
2026-05-21 17:45:00+00:00,0.9266039524035959,0.8394844833831779,1.0
2026-05-21 17:50:00+00:00,0.9266039524035959,0.8394844833831779,1.0
2026-05-21 17:55:00+00:00,0.9266039524035959,0.8394844833831779,1.0
2026-05-21 18:00:00+00:00,0.9266039524035959,0.8394844833831779,1.0
2026-05-21 18:05:00+00:00,0.9266039524035959,0.8394844833831779,1.0
2026-05-21 18:10:00+00:00,0.9266039524035959,0.8394844833831779,1.0
2026-05-21 18:15:00+00:00,0.9266039524035959,0.8394844833831779,1.0
2026-05-21 18:20:00+00:00,0.9266039524035959,0.8394844833831779,1.0
2026-05-21 18:25:00+00:00,0.9266039524035959,0.8394844833831779,1.0
2026-05-21 18:30:00+00:00,0.9266039524035959,0.8394844833831779,1.0
2026-05-21 18:35:00+00:00,0.9266039524035959,0.8394844833831779,1.0
2026-05-21 18:40:00+00:00,0.9266039524035959,0.8394844833831779,1.0
2026-05-21 18:45:00+00:00,0.9266039524035959,0.840727146036269,1.0
2026-05-21 18:50:00+00:00,0.9266039524035959,0.8430022182607458,1.0
2026-05-21 18:55:00+00:00,0.9266039524035959,0.8430187369345731,1.0
2026-05-21 19:00:00+00:00,0.9266039524035959,0.8439576355058562,1.0
2026-05-21 19:05:00+00:00,0.9266039524035959,0.8436953704441653,1.0
2026-05-21 19:10:00+00:00,0.9266039524035959,0.8443293823314302,1.0
2026-05-21 19:15:00+00:00,0.9266039524035959,0.8431120788658937,1.0
2026-05-21 19:20:00+00:00,0.9266039524035959,0.8424308796180591,1.0
2026-05-21 19:25:00+00:00,0.9266039524035959,0.8412655941801737,1.0
2026-05-21 19:30:00+00:00,0.9266039524035959,0.8422936029442524,1.0
2026-05-21 19:35:00+00:00,0.9266039524035959,0.8408074743446377,1.0
2026-05-21 19:40:00+00:00,0.9266039524035959,0.844507039272961,1.0
2026-05-21 19:45:00+00:00,0.9266039524035959,0.8464523852292783,1.0
2026-05-21 19:50:00+00:00,0.9266039524035959,0.8463228461522012,1.0
2026-05-21 19:55:00+00:00,0.9266039524035959,0.8461535339869936,1.0
2026-05-22 13:30:00+00:00,0.9266039524035959,0.8456791601845627,1.0
2026-05-22 13:35:00+00:00,0.9266039524035959,0.8452976067314822,1.0
2026-05-22 13:40:00+00:00,0.9266039524035959,0.8436441388526706,1.0
2026-05-22 13:45:00+00:00,0.9266039524035959,0.8466296595548813,1.0
2026-05-22 13:50:00+00:00,0.9243762488963195,0.845186867749007,1.0
2026-05-22 13:55:00+00:00,0.923729185522092,0.8457018317760362,1.0
2026-05-22 14:00:00+00:00,0.922142895591651,0.8448415269514463,1.0
2026-05-22 14:05:00+00:00,0.9214973955647368,0.8451271542748595,1.0
2026-05-22 14:10:00+00:00,0.9214973955647368,0.8457070091176381,1.0
2026-05-22 14:15:00+00:00,0.9214973955647368,0.8483660859455019,1.0
2026-05-22 14:20:00+00:00,0.9214973955647368,0.8490850342220181,1.0
2026-05-22 14:25:00+00:00,0.9214973955647368,0.8485454430127916,1.0
2026-05-22 14:30:00+00:00,0.9214973955647368,0.8519136610915906,1.0
2026-05-22 14:35:00+00:00,0.9214973955647368,0.8540620859038256,1.0
2026-05-22 14:40:00+00:00,0.9214973955647368,0.8562990807880049,1.0
2026-05-22 14:45:00+00:00,0.9214973955647368,0.8586305710341205,1.0
2026-05-22 14:50:00+00:00,0.9214973955647368,0.856685061234369,1.0
2026-05-22 14:55:00+00:00,0.9214973955647368,0.8559098161206188,1.0
2026-05-22 15:00:00+00:00,0.9214973955647368,0.8572444568398792,1.0
2026-05-22 15:05:00+00:00,0.9214973955647368,0.859094520360156,1.0
2026-05-22 15:10:00+00:00,0.9214973955647368,0.8601231055143427,1.0
2026-05-22 15:15:00+00:00,0.9214973955647368,0.857313846086547,1.0
2026-05-22 15:20:00+00:00,0.9214973955647368,0.8587859269368159,1.0
2026-05-22 15:25:00+00:00,0.9214973955647368,0.8592500795816209,1.0
2026-05-22 15:30:00+00:00,0.9214973955647368,0.8607457884389631,1.0
2026-05-22 15:35:00+00:00,0.9214973955647368,0.860153185966961,1.0
2026-05-22 15:40:00+00:00,0.9214973955647368,0.8616078517449949,1.0
2026-05-22 15:45:00+00:00,0.9214973955647368,0.8627719230184235,1.0
2026-05-22 15:50:00+00:00,0.9214973955647368,0.8629632263508145,1.0
2026-05-22 15:55:00+00:00,0.9214973955647368,0.8598083720445994,1.0
2026-05-22 16:00:00+00:00,0.9214973955647368,0.8621271482890692,1.0
2026-05-22 16:05:00+00:00,0.9214973955647368,0.8640469986491883,1.0
2026-05-22 16:10:00+00:00,0.9214973955647368,0.8657449559945122,1.0
2026-05-22 16:15:00+00:00,0.9214973955647368,0.8669154845197832,1.0
2026-05-22 16:20:00+00:00,0.9214973955647368,0.8691694890167846,1.0
2026-05-22 16:25:00+00:00,0.9214973955647368,0.868981282471019,1.0
2026-05-22 16:30:00+00:00,0.9214973955647368,0.8703621352494582,1.0
2026-05-22 16:35:00+00:00,0.9214973955647368,0.8722221167229646,1.0
2026-05-22 16:40:00+00:00,0.9214973955647368,0.8717276992425644,1.0
2026-05-22 16:45:00+00:00,0.9214973955647368,0.8706615964699917,1.0
2026-05-22 16:50:00+00:00,0.9214973955647368,0.8711719422235646,1.0
2026-05-22 16:55:00+00:00,0.9214973955647368,0.8739801005160234,1.0
2026-05-22 17:00:00+00:00,0.9214973955647368,0.87309247782968,1.0
2026-05-22 17:05:00+00:00,0.9214973955647368,0.8716520064474685,1.0
2026-05-22 17:10:00+00:00,0.9214973955647368,0.871618205440685,1.0
2026-05-22 17:15:00+00:00,0.9214973955647368,0.8724960071882553,1.0
2026-05-22 17:20:00+00:00,0.9214973955647368,0.8739143118226557,1.0
2026-05-22 17:25:00+00:00,0.9214973955647368,0.8727205833531407,1.0
2026-05-22 17:30:00+00:00,0.9214973955647368,0.8739699950656056,1.0
2026-05-22 17:35:00+00:00,0.9214973955647368,0.8732929833536882,1.0
2026-05-22 17:40:00+00:00,0.9214973955647368,0.8724030446024634,1.0
2026-05-22 17:45:00+00:00,0.9214973955647368,0.8744522995959763,1.0
2026-05-22 17:50:00+00:00,0.9214973955647368,0.8767487150197412,1.0
2026-05-22 17:55:00+00:00,0.9214973955647368,0.87348161690958,1.0
2026-05-22 18:00:00+00:00,0.9214973955647368,0.8735646885564924,1.0
2026-05-22 18:05:00+00:00,0.9214973955647368,0.8744965097604536,1.0
2026-05-22 18:10:00+00:00,0.9214973955647368,0.87682577122896,1.0
2026-05-22 18:15:00+00:00,0.9214973955647368,0.8738471037080809,1.0
2026-05-22 18:20:00+00:00,0.9214973955647368,0.8740931353807683,1.0
2026-05-22 18:25:00+00:00,0.9214973955647368,0.8751144964772958,1.0
2026-05-22 18:30:00+00:00,0.9214973955647368,0.8751288300257916,1.0
2026-05-22 18:35:00+00:00,0.9214973955647368,0.8756772314353621,1.0
2026-05-22 18:40:00+00:00,0.9214973955647368,0.8745004935847359,1.0
2026-05-22 18:45:00+00:00,0.9214973955647368,0.8769495518294034,1.0
2026-05-22 18:50:00+00:00,0.9214973955647368,0.8750261471943539,1.0
2026-05-22 18:55:00+00:00,0.9214973955647368,0.8776927212931553,1.0
2026-05-22 19:00:00+00:00,0.9214973955647368,0.8771080139014608,1.0
2026-05-22 19:05:00+00:00,0.9214973955647368,0.8767377318872512,1.0
2026-05-22 19:10:00+00:00,0.9214973955647368,0.8776439452427448,1.0
2026-05-22 19:15:00+00:00,0.9214973955647368,0.8786149955422619,1.0
2026-05-22 19:20:00+00:00,0.9214973955647368,0.8788143449062863,1.0
2026-05-22 19:25:00+00:00,0.9214973955647368,0.8791645675910751,1.0
2026-05-22 19:30:00+00:00,0.9214973955647368,0.8815459983372208,1.0
2026-05-22 19:35:00+00:00,0.9214973955647368,0.8796006109411931,1.0
2026-05-22 19:40:00+00:00,0.9214973955647368,0.8770201732720624,1.0
2026-05-22 19:45:00+00:00,0.9214973955647368,0.8751110062949732,1.0
2026-05-22 19:50:00+00:00,0.9214973955647368,0.8744984285905667,1.0
2026-05-22 19:55:00+00:00,0.9214973955647368,0.8744984285905667,1.0
