timestamp,vwap_pullback,ema_breakout,rsi_mean_reversion
2026-05-13 09:35:00+00:00,1.0,1.0,1.0
2026-05-13 09:40:00+00:00,1.0,1.0,1.0
2026-05-13 09:45:00+00:00,1.0,1.0,1.0011538883027655
2026-05-13 09:50:00+00:00,1.0,1.0,1.0004530805809535
2026-05-13 09:55:00+00:00,1.0,1.0,1.0004530805809535
2026-05-13 10:00:00+00:00,1.0,1.0,1.0004530805809535
2026-05-13 10:05:00+00:00,1.0,1.0,1.0004530805809535
2026-05-13 10:10:00+00:00,1.0,1.0,1.0004530805809535
2026-05-13 10:15:00+00:00,1.0,1.0,1.0004530805809535
2026-05-13 10:20:00+00:00,1.0,1.0,1.0004530805809535
2026-05-13 10:25:00+00:00,1.0,1.0,1.0004530805809535
2026-05-13 10:30:00+00:00,1.0,1.0,1.0004530805809535
2026-05-13 10:35:00+00:00,1.0,1.0,1.0004530805809535
2026-05-13 10:40:00+00:00,1.0,1.0,1.0004530805809535
2026-05-13 10:45:00+00:00,1.0,1.0,1.0004530805809535
2026-05-13 10:50:00+00:00,1.0,1.0,1.0004530805809535
2026-05-13 10:55:00+00:00,1.0,1.0,1.0004530805809535
2026-05-13 11:00:00+00:00,1.0,1.0,1.0004530805809535
2026-05-13 11:05:00+00:00,1.0,1.0,1.0004530805809535
2026-05-13 11:10:00+00:00,1.0,1.0,1.0004530805809535
2026-05-13 11:15:00+00:00,1.0,1.0,1.0004530805809535
2026-05-13 11:20:00+00:00,1.0,1.0,1.0004530805809535
2026-05-13 11:25:00+00:00,0.9962784162112704,1.0,1.0004530805809535
2026-05-13 11:30:00+00:00,0.9955810213199225,1.0,1.0004530805809535
2026-05-13 11:35:00+00:00,0.9955810213199225,1.0,1.0004530805809535
2026-05-13 11:40:00+00:00,0.9955810213199225,1.0,1.0004530805809535
2026-05-13 11:45:00+00:00,0.9955810213199225,1.0,1.0004530805809535
2026-05-13 11:50:00+00:00,0.9955810213199225,1.0,1.0004530805809535
2026-05-13 11:55:00+00:00,0.9955810213199225,1.0,1.0004530805809535
2026-05-13 12:00:00+00:00,0.9955810213199225,1.0,1.0004530805809535
2026-05-13 12:05:00+00:00,0.9955810213199225,1.0,1.0004530805809535
2026-05-13 12:10:00+00:00,0.9955810213199225,0.9982981715049606,1.0004530805809535
2026-05-13 12:15:00+00:00,0.9955810213199225,0.9970376635340995,1.0004530805809535
2026-05-13 12:20:00+00:00,0.9955810213199225,0.9950381549397997,1.0004530805809535
2026-05-13 12:25:00+00:00,0.9955810213199225,0.9965521321070265,1.0004530805809535
2026-05-13 12:30:00+00:00,0.9955810213199225,0.999332548952293,1.0004530805809535
2026-05-13 12:35:00+00:00,0.9955810213199225,0.9990520923285651,1.0004530805809535
2026-05-13 12:40:00+00:00,0.9955810213199225,0.9969836377296412,1.0004530805809535
2026-05-13 12:45:00+00:00,0.9955810213199225,0.9949579477646802,1.0004530805809535
2026-05-13 12:50:00+00:00,0.9955810213199225,0.9965569117393867,1.0004530805809535
2026-05-13 12:55:00+00:00,0.9955810213199225,0.9983866871778779,1.0004530805809535
2026-05-13 13:00:00+00:00,0.9955810213199225,0.9997261003104702,1.0004530805809535
2026-05-13 13:05:00+00:00,0.9955810213199225,0.9980862640155131,1.0004530805809535
2026-05-13 13:10:00+00:00,0.9955810213199225,0.9986586516145846,1.0004530805809535
2026-05-13 13:15:00+00:00,0.9955810213199225,0.998946697664806,1.0004530805809535
2026-05-13 13:20:00+00:00,0.9955810213199225,0.999486352034553,1.0004530805809535
2026-05-13 13:25:00+00:00,0.9955810213199225,1.0016382379062605,1.0004530805809535
2026-05-13 13:30:00+00:00,0.9955810213199225,1.002191480398722,1.0004530805809535
2026-05-13 13:35:00+00:00,0.9955810213199225,1.0038722172114039,1.0004530805809535
2026-05-13 13:40:00+00:00,0.9955810213199225,1.0040401019914678,1.0004530805809535
2026-05-13 13:45:00+00:00,0.9955810213199225,1.0047571035368368,1.0004530805809535
2026-05-13 13:50:00+00:00,0.9955810213199225,1.0063238801174768,1.0004530805809535
2026-05-13 13:55:00+00:00,0.9955810213199225,1.0027126661413035,1.0004530805809535
2026-05-13 14:00:00+00:00,0.9955810213199225,1.0019225440365183,1.0004530805809535
2026-05-13 14:05:00+00:00,0.9955810213199225,1.000760845057171,1.0004530805809535
2026-05-13 14:10:00+00:00,0.9955810213199225,0.9991849683919231,1.0004530805809535
2026-05-13 14:15:00+00:00,0.9955810213199225,0.9984855389140487,1.0004530805809535
2026-05-13 14:20:00+00:00,0.9955810213199225,0.9984855389140487,1.0004530805809535
2026-05-13 14:25:00+00:00,0.9955810213199225,0.9984855389140487,1.0004530805809535
2026-05-13 14:30:00+00:00,0.9955810213199225,0.9984855389140487,1.0004530805809535
2026-05-13 14:35:00+00:00,0.9955810213199225,0.9984855389140487,1.0004530805809535
2026-05-13 14:40:00+00:00,0.9955810213199225,0.9984855389140487,1.0004530805809535
2026-05-13 14:45:00+00:00,0.9955810213199225,0.9984855389140487,1.0004530805809535
2026-05-13 14:50:00+00:00,0.9955810213199225,0.9984855389140487,1.0004530805809535
2026-05-13 14:55:00+00:00,0.9955810213199225,0.9984855389140487,1.0004530805809535
2026-05-13 15:00:00+00:00,0.9955810213199225,0.9984855389140487,1.0004530805809535
2026-05-13 15:05:00+00:00,0.9955810213199225,0.9984855389140487,1.0004530805809535
2026-05-13 15:10:00+00:00,0.9955810213199225,0.9984855389140487,1.0004530805809535
2026-05-13 15:15:00+00:00,0.9955810213199225,0.9984855389140487,1.0004530805809535
2026-05-13 15:20:00+00:00,0.9955810213199225,0.9984855389140487,1.0004530805809535
2026-05-13 15:25:00+00:00,0.9955810213199225,0.9984855389140487,1.0004530805809535
2026-05-13 15:30:00+00:00,0.9955810213199225,0.9984855389140487,1.0004530805809535
2026-05-13 15:35:00+00:00,0.9955810213199225,0.9984855389140487,1.0004530805809535
2026-05-13 15:40:00+00:00,0.9955810213199225,0.9984855389140487,1.0004530805809535
2026-05-13 15:45:00+00:00,0.9955810213199225,0.9984855389140487,1.0004530805809535
2026-05-13 15:50:00+00:00,0.9955810213199225,0.9984855389140487,1.0004530805809535
2026-05-13 15:55:00+00:00,0.9955810213199225,0.9984855389140487,1.0004530805809535
2026-05-13 16:00:00+00:00,0.9955810213199225,0.9984855389140487,1.0004530805809535
2026-05-13 16:05:00+00:00,0.9955810213199225,0.9984855389140487,1.0004530805809535
2026-05-13 16:10:00+00:00,0.9955810213199225,0.9984855389140487,1.0004530805809535
2026-05-13 16:15:00+00:00,0.9955810213199225,0.9984855389140487,1.0004530805809535
2026-05-13 16:20:00+00:00,0.9955810213199225,0.9984855389140487,1.0004530805809535
2026-05-13 16:25:00+00:00,0.9955810213199225,0.9984855389140487,1.0004530805809535
2026-05-13 16:30:00+00:00,0.9955810213199225,0.9984855389140487,1.0004530805809535
2026-05-13 16:35:00+00:00,0.9955810213199225,0.9984855389140487,1.0004530805809535
2026-05-13 16:40:00+00:00,0.9955810213199225,0.9965856448492946,1.0004530805809535
2026-05-13 16:45:00+00:00,0.9955810213199225,0.9977387725975435,1.0004530805809535
2026-05-13 16:50:00+00:00,0.9955810213199225,0.9977075387089582,1.0004530805809535
2026-05-13 16:55:00+00:00,0.9955810213199225,0.9965228652484472,1.0004530805809535
2026-05-13 17:00:00+00:00,0.9955810213199225,0.9954238260381705,1.0004530805809535
2026-05-13 17:05:00+00:00,0.9955810213199225,0.993787722115757,1.0004530805809535
2026-05-13 17:10:00+00:00,0.9946426838519288,0.9930920707102759,1.0004530805809535
2026-05-13 17:15:00+00:00,0.993604829433303,0.9930920707102759,1.0004530805809535
2026-05-13 17:20:00+00:00,0.9929093060526997,0.9930920707102759,1.0004530805809535
2026-05-13 17:25:00+00:00,0.9929093060526997,0.9930920707102759,1.0004530805809535
2026-05-13 17:30:00+00:00,0.9929093060526997,0.9930920707102759,1.0004530805809535
2026-05-13 17:35:00+00:00,0.9929093060526997,0.9956322940974276,1.0004530805809535
2026-05-13 17:40:00+00:00,0.9929093060526997,0.9980787133207568,1.0004530805809535
2026-05-13 17:45:00+00:00,0.9929093060526997,0.9970932270473519,1.0004530805809535
2026-05-13 17:50:00+00:00,0.9929093060526997,0.9993179916076098,1.0004530805809535
2026-05-13 17:55:00+00:00,0.9929093060526997,1.0002495403866893,1.0004530805809535
2026-05-13 18:00:00+00:00,0.9929093060526997,0.9970373447417271,1.0004530805809535
2026-05-13 18:05:00+00:00,0.9929093060526997,0.9979129428576953,1.0004530805809535
2026-05-13 18:10:00+00:00,0.9929093060526997,0.9960948335872423,1.0004530805809535
2026-05-13 18:15:00+00:00,0.9929093060526997,0.9983863731184495,1.0004530805809535
2026-05-13 18:20:00+00:00,0.9929093060526997,0.9988918579518253,1.0004530805809535
2026-05-13 18:25:00+00:00,0.9929093060526997,1.0012301702948425,1.0004530805809535
2026-05-13 18:30:00+00:00,0.9929093060526997,1.002066918457727,1.0004530805809535
2026-05-13 18:35:00+00:00,0.9929093060526997,0.999986586507928,1.0004530805809535
2026-05-13 18:40:00+00:00,0.9929093060526997,1.004239052600182,1.0004530805809535
2026-05-13 18:45:00+00:00,0.9929093060526997,1.0031615373451641,1.0004530805809535
2026-05-13 18:50:00+00:00,0.9929093060526997,1.0025724334381425,1.0004530805809535
2026-05-13 18:55:00+00:00,0.9929093060526997,1.0040406834361217,1.0004530805809535
2026-05-13 19:00:00+00:00,0.9929093060526997,1.0076163081453995,1.0004530805809535
2026-05-13 19:05:00+00:00,0.9929093060526997,1.0074364817912993,1.0004530805809535
2026-05-13 19:10:00+00:00,0.9929093060526997,1.0087513531396557,1.0004530805809535
2026-05-13 19:15:00+00:00,0.9929093060526997,1.0081715669588607,1.0004530805809535
2026-05-13 19:20:00+00:00,0.9929093060526997,1.0081167263853186,1.0004530805809535
2026-05-13 19:25:00+00:00,0.9929093060526997,1.0041239813592662,1.0004530805809535
2026-05-13 19:30:00+00:00,0.9929093060526997,1.0047163611702046,1.0004530805809535
2026-05-13 19:35:00+00:00,0.9929093060526997,1.007250016848522,1.0004530805809535
2026-05-13 19:40:00+00:00,0.9929093060526997,1.0068038793196492,1.0004530805809535
2026-05-13 19:45:00+00:00,0.9929093060526997,1.0062567289633708,1.0004530805809535
2026-05-13 19:50:00+00:00,0.9929093060526997,1.0028758809124207,1.0004530805809535
2026-05-13 19:55:00+00:00,0.9929093060526997,1.002173867795782,1.0004530805809535
2026-05-13 20:00:00+00:00,0.9929093060526997,1.002173867795782,1.0004530805809535
2026-05-13 20:05:00+00:00,0.9929093060526997,1.002173867795782,1.0004530805809535
2026-05-13 20:10:00+00:00,0.9929093060526997,1.002173867795782,1.0004530805809535
2026-05-13 20:15:00+00:00,0.9929093060526997,1.002173867795782,1.0004530805809535
2026-05-13 20:20:00+00:00,0.9929093060526997,1.002173867795782,1.0004530805809535
2026-05-13 20:25:00+00:00,0.9929093060526997,1.002173867795782,1.0004530805809535
2026-05-13 20:30:00+00:00,0.9929093060526997,1.002173867795782,1.0004530805809535
2026-05-13 20:35:00+00:00,0.9929093060526997,1.002173867795782,1.0004530805809535
2026-05-13 20:40:00+00:00,0.9929093060526997,1.002173867795782,1.0004530805809535
2026-05-13 20:45:00+00:00,0.9929093060526997,1.002173867795782,1.0004530805809535
2026-05-13 20:50:00+00:00,0.9929093060526997,1.0039800586796586,1.0004530805809535
2026-05-13 20:55:00+00:00,0.9929093060526997,1.0032026235324971,1.0004530805809535
2026-05-13 21:00:00+00:00,0.9929093060526997,1.0011253451490199,1.0004530805809535
2026-05-13 21:05:00+00:00,0.9929093060526997,0.9961803300905899,1.0004530805809535
2026-05-13 21:10:00+00:00,0.9929093060526997,0.9954830038595265,1.0004530805809535
2026-05-13 21:15:00+00:00,0.9929093060526997,0.9954830038595265,1.0004530805809535
2026-05-13 21:20:00+00:00,0.9929093060526997,0.9954830038595265,1.0004530805809535
2026-05-13 21:25:00+00:00,0.9929093060526997,0.9954830038595265,1.0004530805809535
2026-05-13 21:30:00+00:00,0.9929093060526997,0.9954830038595265,1.0004530805809535
2026-05-13 21:35:00+00:00,0.9929093060526997,0.9954830038595265,1.0004530805809535
2026-05-13 21:40:00+00:00,0.9929093060526997,0.9954830038595265,1.0004530805809535
2026-05-13 21:45:00+00:00,0.9929093060526997,0.9954830038595265,1.0004530805809535
2026-05-13 21:50:00+00:00,0.9929093060526997,0.9954830038595265,1.0004530805809535
2026-05-13 21:55:00+00:00,0.9929093060526997,0.9954830038595265,1.0004530805809535
2026-05-13 22:00:00+00:00,0.9929093060526997,0.9954830038595265,1.0004530805809535
2026-05-13 22:05:00+00:00,0.9929093060526997,0.9954830038595265,1.0004530805809535
2026-05-13 22:10:00+00:00,0.9929093060526997,0.9954830038595265,1.0004530805809535
2026-05-13 22:15:00+00:00,0.9929093060526997,0.9954830038595265,1.0004530805809535
2026-05-13 22:20:00+00:00,0.9929093060526997,0.9954830038595265,1.0004530805809535
2026-05-13 22:25:00+00:00,0.9929093060526997,0.9954830038595265,1.0004530805809535
2026-05-13 22:30:00+00:00,0.9929093060526997,0.9954830038595265,1.0004530805809535
2026-05-13 22:35:00+00:00,0.9929093060526997,0.9954830038595265,1.0004530805809535
2026-05-13 22:40:00+00:00,0.9929093060526997,0.9954830038595265,1.0004530805809535
2026-05-13 22:45:00+00:00,0.9929093060526997,0.9954830038595265,1.0004530805809535
2026-05-13 22:50:00+00:00,0.9929093060526997,0.9954830038595265,1.0004530805809535
2026-05-13 22:55:00+00:00,0.9929093060526997,0.9954830038595265,1.0004530805809535
2026-05-13 23:00:00+00:00,0.9929093060526997,0.9954830038595265,1.0004530805809535
2026-05-13 23:05:00+00:00,0.9929093060526997,0.9954830038595265,1.0004530805809535
2026-05-13 23:10:00+00:00,0.9929093060526997,0.9954830038595265,1.0004530805809535
2026-05-13 23:15:00+00:00,0.9929093060526997,0.9954830038595265,1.0004530805809535
2026-05-13 23:20:00+00:00,0.9929093060526997,0.9954830038595265,1.0004530805809535
2026-05-13 23:25:00+00:00,0.9929093060526997,0.9954830038595265,1.0004530805809535
2026-05-13 23:30:00+00:00,0.9929093060526997,0.9954830038595265,1.0004530805809535
2026-05-13 23:35:00+00:00,0.9929093060526997,0.9954830038595265,1.0004530805809535
2026-05-13 23:40:00+00:00,0.9929093060526997,0.9954830038595265,1.0004530805809535
2026-05-13 23:45:00+00:00,0.9929093060526997,0.9954830038595265,1.0004530805809535
2026-05-13 23:50:00+00:00,0.9929093060526997,0.9954830038595265,1.0004530805809535
2026-05-13 23:55:00+00:00,0.9929093060526997,0.9954830038595265,1.0004530805809535
2026-05-14 00:00:00+00:00,0.9929093060526997,0.9954830038595265,1.0004530805809535
2026-05-14 00:05:00+00:00,0.9929093060526997,0.9954830038595265,1.0004530805809535
2026-05-14 00:10:00+00:00,0.9929093060526997,0.9954830038595265,1.0004530805809535
2026-05-14 00:15:00+00:00,0.9929093060526997,0.9954830038595265,1.0004530805809535
2026-05-14 00:20:00+00:00,0.9929093060526997,0.9954830038595265,1.0004530805809535
2026-05-14 00:25:00+00:00,0.9929093060526997,0.9954830038595265,1.0004530805809535
2026-05-14 00:30:00+00:00,0.9929093060526997,0.9954830038595265,1.0004530805809535
2026-05-14 00:35:00+00:00,0.9929093060526997,0.9954830038595265,1.0004530805809535
2026-05-14 00:40:00+00:00,0.9929093060526997,0.9954830038595265,1.0004530805809535
2026-05-14 00:45:00+00:00,0.9929093060526997,0.9954830038595265,1.0004530805809535
2026-05-14 00:50:00+00:00,0.9929093060526997,0.9954830038595265,1.0004530805809535
2026-05-14 00:55:00+00:00,0.9929093060526997,0.9954830038595265,1.0004530805809535
2026-05-14 01:00:00+00:00,0.9929093060526997,0.9954830038595265,1.0004530805809535
2026-05-14 01:05:00+00:00,0.9929093060526997,0.9952368197210926,1.0004530805809535
2026-05-14 01:10:00+00:00,0.9929093060526997,0.9922349117481634,1.0004530805809535
2026-05-14 01:15:00+00:00,0.9929093060526997,0.9888913872778878,1.0004530805809535
2026-05-14 01:20:00+00:00,0.9929093060526997,0.9929283960809622,1.0004530805809535
2026-05-14 01:25:00+00:00,0.9929093060526997,0.9971608362000215,1.0004530805809535
2026-05-14 01:30:00+00:00,0.9929093060526997,0.9967197121035638,1.0004530805809535
2026-05-14 01:35:00+00:00,0.9929093060526997,0.9957782393351188,1.0004530805809535
2026-05-14 01:40:00+00:00,0.9929093060526997,0.9993760049547452,1.0004530805809535
2026-05-14 01:45:00+00:00,0.9929093060526997,0.996650335258703,1.0004530805809535
2026-05-14 01:50:00+00:00,0.9929093060526997,0.9944529414352625,1.0004530805809535
2026-05-14 01:55:00+00:00,0.9929093060526997,0.9960332363573764,1.0004530805809535
2026-05-14 02:00:00+00:00,0.9929093060526997,0.9950643778827614,1.0004530805809535
2026-05-14 02:05:00+00:00,0.9929093060526997,0.9950522757121364,1.0004530805809535
2026-05-14 02:10:00+00:00,0.9929093060526997,0.9946515388656695,1.0004530805809535
2026-05-14 02:15:00+00:00,0.9929093060526997,0.9954808488286466,1.0004530805809535
2026-05-14 02:20:00+00:00,0.9929093060526997,0.9989445223731744,1.0004530805809535
2026-05-14 02:25:00+00:00,0.9929093060526997,0.9991682998538477,1.0004530805809535
2026-05-14 02:30:00+00:00,0.9929093060526997,1.0007575992134223,1.0004530805809535
2026-05-14 02:35:00+00:00,0.9929093060526997,0.9957083387193573,1.0004530805809535
2026-05-14 02:40:00+00:00,0.9929093060526997,0.9955891254321376,1.0004530805809535
2026-05-14 02:45:00+00:00,0.9929093060526997,0.9935203053224024,1.0004530805809535
2026-05-14 02:50:00+00:00,0.9929093060526997,0.9928248411086767,1.0004530805809535
2026-05-14 02:55:00+00:00,0.9929093060526997,0.9928248411086767,1.0004530805809535
2026-05-14 03:00:00+00:00,0.9929093060526997,0.9928248411086767,1.0004530805809535
2026-05-14 03:05:00+00:00,0.9929093060526997,0.9928248411086767,1.0004530805809535
2026-05-14 03:10:00+00:00,0.9929093060526997,0.9928248411086767,1.0004530805809535
2026-05-14 03:15:00+00:00,0.9929093060526997,0.9928248411086767,1.0004530805809535
2026-05-14 03:20:00+00:00,0.9929093060526997,0.9928248411086767,1.0004530805809535
2026-05-14 03:25:00+00:00,0.9929093060526997,0.9928248411086767,1.0004530805809535
2026-05-14 03:30:00+00:00,0.9929093060526997,0.9928248411086767,1.0004530805809535
2026-05-14 03:35:00+00:00,0.9929093060526997,0.9928248411086767,1.0004530805809535
2026-05-14 03:40:00+00:00,0.9929093060526997,0.9928248411086767,1.0004530805809535
2026-05-14 03:45:00+00:00,0.9929093060526997,0.9928248411086767,1.0004530805809535
2026-05-14 03:50:00+00:00,0.9929093060526997,0.9928248411086767,1.0004530805809535
2026-05-14 03:55:00+00:00,0.9929093060526997,0.9928248411086767,1.0004530805809535
2026-05-14 04:00:00+00:00,0.9929093060526997,0.9928248411086767,1.0004530805809535
2026-05-14 04:05:00+00:00,0.9929093060526997,0.9928248411086767,1.0004530805809535
2026-05-14 04:10:00+00:00,0.9929093060526997,0.9928248411086767,1.0004530805809535
2026-05-14 04:15:00+00:00,0.9929093060526997,0.9928248411086767,1.0004530805809535
2026-05-14 04:20:00+00:00,0.9929093060526997,0.9928248411086767,1.0004530805809535
2026-05-14 04:25:00+00:00,0.9929093060526997,0.9928248411086767,1.0004530805809535
2026-05-14 04:30:00+00:00,0.9929093060526997,0.9928248411086767,1.0004530805809535
2026-05-14 04:35:00+00:00,0.9929093060526997,0.9928248411086767,1.0004530805809535
2026-05-14 04:40:00+00:00,0.9929093060526997,0.9928248411086767,1.0004530805809535
2026-05-14 04:45:00+00:00,0.9929093060526997,0.9928248411086767,1.0004530805809535
2026-05-14 04:50:00+00:00,0.9929093060526997,0.9928248411086767,1.0004530805809535
2026-05-14 04:55:00+00:00,0.9886255542148709,0.9928248411086767,1.0004530805809535
2026-05-14 05:00:00+00:00,0.9879335163269204,0.9928248411086767,1.0004530805809535
2026-05-14 05:05:00+00:00,0.9879335163269204,0.9928248411086767,1.0004530805809535
2026-05-14 05:10:00+00:00,0.9879335163269204,0.9928248411086767,1.0004530805809535
2026-05-14 05:15:00+00:00,0.9879335163269204,0.9928248411086767,1.0004530805809535
2026-05-14 05:20:00+00:00,0.9879335163269204,0.9928248411086767,1.0004530805809535
2026-05-14 05:25:00+00:00,0.9879335163269204,0.9928248411086767,1.0004530805809535
2026-05-14 05:30:00+00:00,0.9879335163269204,0.9928248411086767,1.0004530805809535
2026-05-14 05:35:00+00:00,0.9879335163269204,0.9928248411086767,1.0004530805809535
2026-05-14 05:40:00+00:00,0.9879335163269204,0.9928248411086767,1.0004530805809535
2026-05-14 05:45:00+00:00,0.9879335163269204,0.9928248411086767,1.0004530805809535
2026-05-14 05:50:00+00:00,0.9879335163269204,0.9957167754032519,1.0004530805809535
2026-05-14 05:55:00+00:00,0.9879335163269204,0.9904712382312623,1.0004530805809535
2026-05-14 06:00:00+00:00,0.9879335163269204,0.9936121501364742,1.0004530805809535
2026-05-14 06:05:00+00:00,0.9879335163269204,0.9962970134318583,1.0004530805809535
2026-05-14 06:10:00+00:00,0.9879335163269204,0.9917705906481166,1.0004530805809535
2026-05-14 06:15:00+00:00,0.9879335163269204,0.984635473688341,1.0004530805809535
2026-05-14 06:20:00+00:00,0.9879335163269204,0.9839462288567592,1.0004530805809535
2026-05-14 06:25:00+00:00,0.9879335163269204,0.9839462288567592,1.0004530805809535
2026-05-14 06:30:00+00:00,0.9879335163269204,0.9839462288567592,1.0004530805809535
2026-05-14 06:35:00+00:00,0.9879335163269204,0.9839462288567592,1.0004530805809535
2026-05-14 06:40:00+00:00,0.9879335163269204,0.9839462288567592,1.0004530805809535
2026-05-14 06:45:00+00:00,0.9879335163269204,0.9839462288567592,1.0004530805809535
2026-05-14 06:50:00+00:00,0.9879335163269204,0.9839462288567592,1.0004530805809535
2026-05-14 06:55:00+00:00,0.9879335163269204,0.9839462288567592,1.0004530805809535
2026-05-14 07:00:00+00:00,0.9879335163269204,0.9839462288567592,1.0004530805809535
2026-05-14 07:05:00+00:00,0.9879335163269204,0.9839462288567592,1.0004530805809535
2026-05-14 07:10:00+00:00,0.9879335163269204,0.9839462288567592,1.0004530805809535
2026-05-14 07:15:00+00:00,0.9879335163269204,0.9839462288567592,1.0004530805809535
2026-05-14 07:20:00+00:00,0.9879335163269204,0.9839462288567592,1.0004530805809535
2026-05-14 07:25:00+00:00,0.9879335163269204,0.9839462288567592,1.0004530805809535
2026-05-14 07:30:00+00:00,0.9879335163269204,0.9839462288567592,1.0004530805809535
2026-05-14 07:35:00+00:00,0.9879335163269204,0.9839462288567592,1.0004530805809535
2026-05-14 07:40:00+00:00,0.9879335163269204,0.9839462288567592,1.0004530805809535
2026-05-14 07:45:00+00:00,0.9879335163269204,0.9839462288567592,1.0004530805809535
2026-05-14 07:50:00+00:00,0.9879335163269204,0.9839462288567592,1.0004530805809535
2026-05-14 07:55:00+00:00,0.9879335163269204,0.9839462288567592,1.0004530805809535
2026-05-14 08:00:00+00:00,0.9879335163269204,0.9839462288567592,1.0004530805809535
2026-05-14 08:05:00+00:00,0.9879335163269204,0.9839462288567592,1.0004530805809535
2026-05-14 08:10:00+00:00,0.9879335163269204,0.9839462288567592,1.0004530805809535
2026-05-14 08:15:00+00:00,0.9879335163269204,0.9839462288567592,1.0004530805809535
2026-05-14 08:20:00+00:00,0.9879335163269204,0.9839462288567592,1.0004530805809535
2026-05-14 08:25:00+00:00,0.9879335163269204,0.9839462288567592,1.0004530805809535
2026-05-14 08:30:00+00:00,0.9879335163269204,0.9841951517281515,1.0004530805809535
2026-05-14 08:35:00+00:00,0.9879335163269204,0.9823443187626936,1.0004530805809535
2026-05-14 08:40:00+00:00,0.9879335163269204,0.9796521303324406,1.0004530805809535
2026-05-14 08:45:00+00:00,0.9879335163269204,0.9825361076134946,1.0004530805809535
2026-05-14 08:50:00+00:00,0.9879335163269204,0.9831737786247693,1.0004530805809535
2026-05-14 08:55:00+00:00,0.9879335163269204,0.9843397295736752,1.0004530805809535
2026-05-14 09:00:00+00:00,0.9879335163269204,0.9801120466635865,1.0004530805809535
2026-05-14 09:05:00+00:00,0.9879335163269204,0.9823579731014433,1.0004530805809535
2026-05-14 09:10:00+00:00,0.9879335163269204,0.9834605341412219,1.0004530805809535
2026-05-14 09:15:00+00:00,0.9879335163269204,0.980770080123698,1.0004530805809535
2026-05-14 09:20:00+00:00,0.9879335163269204,0.9796301218200512,1.0004530805809535
2026-05-14 09:25:00+00:00,0.9879335163269204,0.9789443807347771,1.0004530805809535
2026-05-14 09:30:00+00:00,0.9879335163269204,0.9789443807347771,1.0004530805809535
2026-05-14 09:35:00+00:00,0.9879335163269204,0.9789443807347771,1.0004530805809535
2026-05-14 09:40:00+00:00,0.9879335163269204,0.9789443807347771,1.0004530805809535
2026-05-14 09:45:00+00:00,0.9879335163269204,0.9789443807347771,1.0004530805809535
2026-05-14 09:50:00+00:00,0.9879335163269204,0.9789443807347771,1.0004530805809535
2026-05-14 09:55:00+00:00,0.9879335163269204,0.9789443807347771,1.0004530805809535
2026-05-14 10:00:00+00:00,0.9879335163269204,0.9789443807347771,1.0004530805809535
2026-05-14 10:05:00+00:00,0.9878186874963789,0.9789443807347771,1.0004530805809535
2026-05-14 10:10:00+00:00,0.9873878945963509,0.9789443807347771,1.0004530805809535
2026-05-14 10:15:00+00:00,0.9866660238298016,0.9789443807347771,1.0004530805809535
2026-05-14 10:20:00+00:00,0.9875705817429815,0.9789443807347771,1.0004530805809535
2026-05-14 10:25:00+00:00,0.9918415857315863,0.9789443807347771,1.0004530805809535
2026-05-14 10:30:00+00:00,0.9910380808664451,0.9789443807347771,1.0004530805809535
2026-05-14 10:35:00+00:00,0.9868046501216159,0.9789443807347771,1.0004530805809535
2026-05-14 10:40:00+00:00,0.9905319004006694,0.9789443807347771,1.0004530805809535
2026-05-14 10:45:00+00:00,0.9884179101020927,0.9789443807347771,1.0004530805809535
2026-05-14 10:50:00+00:00,0.9892183446434901,0.9789443807347771,1.0004530805809535
2026-05-14 10:55:00+00:00,0.9893675458435642,0.9789443807347771,1.0004530805809535
2026-05-14 11:00:00+00:00,0.99193408589807,0.9789443807347771,1.0004530805809535
2026-05-14 11:05:00+00:00,0.9927518722722503,0.9789443807347771,1.0004530805809535
2026-05-14 11:10:00+00:00,0.9895617486042972,0.9789443807347771,1.0004530805809535
2026-05-14 11:15:00+00:00,0.9881375916476294,0.9789443807347771,1.0004530805809535
2026-05-14 11:20:00+00:00,0.9839044024774312,0.9789443807347771,1.0004530805809535
2026-05-14 11:25:00+00:00,0.9832156693956969,0.9789443807347771,1.0004530805809535
2026-05-14 11:30:00+00:00,0.9832156693956969,0.9789443807347771,1.0004530805809535
2026-05-14 11:35:00+00:00,0.9832156693956969,0.9789443807347771,1.0004530805809535
2026-05-14 11:40:00+00:00,0.9832156693956969,0.9793205441035284,1.0004530805809535
2026-05-14 11:45:00+00:00,0.9832156693956969,0.9813238221156732,1.0004530805809535
2026-05-14 11:50:00+00:00,0.9832156693956969,0.9806064456971028,1.0004530805809535
2026-05-14 11:55:00+00:00,0.9832156693956969,0.9807679391080136,1.0004530805809535
2026-05-14 12:00:00+00:00,0.9832156693956969,0.9790820974877444,1.0004530805809535
2026-05-14 12:05:00+00:00,0.9832156693956969,0.981476152231725,1.0004530805809535
2026-05-14 12:10:00+00:00,0.9832156693956969,0.9786272198443412,1.0004530805809535
2026-05-14 12:15:00+00:00,0.9832156693956969,0.980518658357904,1.0004530805809535
2026-05-14 12:20:00+00:00,0.9832156693956969,0.9800579766087893,1.0004530805809535
2026-05-14 12:25:00+00:00,0.9832156693956969,0.9828948952700466,1.0004530805809535
2026-05-14 12:30:00+00:00,0.9832156693956969,0.9847180877455445,1.0004530805809535
2026-05-14 12:35:00+00:00,0.9832156693956969,0.9891522004116564,1.0004530805809535
2026-05-14 12:40:00+00:00,0.9832156693956969,0.9909378662363821,1.0004530805809535
2026-05-14 12:45:00+00:00,0.9832156693956969,0.9871020109136612,1.0004530805809535
2026-05-14 12:50:00+00:00,0.9832156693956969,0.9869394213996442,1.0004530805809535
2026-05-14 12:55:00+00:00,0.9832156693956969,0.9840899195628788,1.0004530805809535
2026-05-14 13:00:00+00:00,0.9832156693956969,0.982832711117709,1.0004530805809535
2026-05-14 13:05:00+00:00,0.9832156693956969,0.9865048787030143,1.0004530805809535
2026-05-14 13:10:00+00:00,0.9832156693956969,0.9880584200077706,1.0004530805809535
2026-05-14 13:15:00+00:00,0.9832156693956969,0.9863563800314309,1.0004530805809535
2026-05-14 13:20:00+00:00,0.9832156693956969,0.9838927667875399,1.0004530805809535
2026-05-14 13:25:00+00:00,0.9832156693956969,0.983972823127797,1.0004530805809535
2026-05-14 13:30:00+00:00,0.9832156693956969,0.9810240346935933,1.0004530805809535
2026-05-14 13:35:00+00:00,0.9832156693956969,0.9803373178693078,1.0004530805809535
2026-05-14 13:40:00+00:00,0.9832156693956969,0.9803373178693078,1.0004530805809535
2026-05-14 13:45:00+00:00,0.9832156693956969,0.9803373178693078,1.0004530805809535
2026-05-14 13:50:00+00:00,0.9832156693956969,0.9803373178693078,1.0004530805809535
2026-05-14 13:55:00+00:00,0.9832156693956969,0.9803373178693078,1.0004530805809535
2026-05-14 14:00:00+00:00,0.9832156693956969,0.9803373178693078,1.0004530805809535
2026-05-14 14:05:00+00:00,0.9832156693956969,0.9803373178693078,1.0004530805809535
2026-05-14 14:10:00+00:00,0.9832156693956969,0.9803373178693078,1.0004530805809535
2026-05-14 14:15:00+00:00,0.9832156693956969,0.9803373178693078,1.0004530805809535
2026-05-14 14:20:00+00:00,0.9832156693956969,0.9803373178693078,1.0004530805809535
2026-05-14 14:25:00+00:00,0.9832156693956969,0.9803373178693078,1.0004530805809535
2026-05-14 14:30:00+00:00,0.9832156693956969,0.9803373178693078,1.0004530805809535
2026-05-14 14:35:00+00:00,0.9832156693956969,0.9803373178693078,1.0004530805809535
2026-05-14 14:40:00+00:00,0.9832156693956969,0.9803373178693078,1.0004530805809535
2026-05-14 14:45:00+00:00,0.9832156693956969,0.9803373178693078,1.0004530805809535
2026-05-14 14:50:00+00:00,0.9832156693956969,0.9803373178693078,1.0004530805809535
2026-05-14 14:55:00+00:00,0.9832156693956969,0.9803373178693078,1.0004530805809535
2026-05-14 15:00:00+00:00,0.9832156693956969,0.9803373178693078,1.0004530805809535
2026-05-14 15:05:00+00:00,0.9832156693956969,0.9803373178693078,1.0004530805809535
2026-05-14 15:10:00+00:00,0.9832156693956969,0.9803373178693078,1.0004530805809535
2026-05-14 15:15:00+00:00,0.9832156693956969,0.9803373178693078,1.0004530805809535
2026-05-14 15:20:00+00:00,0.9832156693956969,0.9803373178693078,1.0004530805809535
2026-05-14 15:25:00+00:00,0.9832156693956969,0.9803373178693078,1.0004530805809535
2026-05-14 15:30:00+00:00,0.9832156693956969,0.9803373178693078,1.0004530805809535
2026-05-14 15:35:00+00:00,0.9832156693956969,0.9803373178693078,1.0004530805809535
2026-05-14 15:40:00+00:00,0.9832156693956969,0.9803373178693078,1.0004530805809535
2026-05-14 15:45:00+00:00,0.9832156693956969,0.9803373178693078,1.0004530805809535
2026-05-14 15:50:00+00:00,0.9832156693956969,0.9803373178693078,1.0004530805809535
2026-05-14 15:55:00+00:00,0.9832156693956969,0.9803373178693078,1.0004530805809535
2026-05-14 16:00:00+00:00,0.9832156693956969,0.9803373178693078,1.0004530805809535
2026-05-14 16:05:00+00:00,0.9832156693956969,0.9803373178693078,1.0004530805809535
2026-05-14 16:10:00+00:00,0.9832156693956969,0.9803373178693078,1.0004530805809535
2026-05-14 16:15:00+00:00,0.9832156693956969,0.9803373178693078,1.0004530805809535
2026-05-14 16:20:00+00:00,0.9832156693956969,0.9803373178693078,1.0004530805809535
2026-05-14 16:25:00+00:00,0.9832156693956969,0.9803373178693078,1.0004530805809535
2026-05-14 16:30:00+00:00,0.9832156693956969,0.9803373178693078,1.0004530805809535
2026-05-14 16:35:00+00:00,0.9832156693956969,0.9803373178693078,1.0004530805809535
2026-05-14 16:40:00+00:00,0.9832156693956969,0.981689967003177,1.0004530805809535
2026-05-14 16:45:00+00:00,0.9832156693956969,0.9830335696084086,1.0004530805809535
2026-05-14 16:50:00+00:00,0.9832156693956969,0.9886961937344435,1.0004530805809535
2026-05-14 16:55:00+00:00,0.9832156693956969,0.9881962877128918,1.0004530805809535
2026-05-14 17:00:00+00:00,0.9832156693956969,0.9833235842649485,1.0004530805809535
2026-05-14 17:05:00+00:00,0.9832156693956969,0.9872241636533521,1.0004530805809535
2026-05-14 17:10:00+00:00,0.9832156693956969,0.9861103426539493,1.0004530805809535
2026-05-14 17:15:00+00:00,0.9832156693956969,0.9863733384438846,1.0004530805809535
2026-05-14 17:20:00+00:00,0.9832156693956969,0.9895661759762533,1.0004530805809535
2026-05-14 17:25:00+00:00,0.9832156693956969,0.9856621323351509,1.0004530805809535
2026-05-14 17:30:00+00:00,0.9832156693956969,0.9826232066981745,1.0004530805809535
2026-05-14 17:35:00+00:00,0.9832156693956969,0.978748925088419,1.0004530805809535
2026-05-14 17:40:00+00:00,0.9832156693956969,0.9780638008408571,1.0004530805809535
2026-05-14 17:45:00+00:00,0.9832156693956969,0.9780638008408571,1.0004530805809535
2026-05-14 17:50:00+00:00,0.9832156693956969,0.9780638008408571,1.0004530805809535
2026-05-14 17:55:00+00:00,0.9832156693956969,0.9780638008408571,1.0004530805809535
2026-05-14 18:00:00+00:00,0.9832156693956969,0.9780638008408571,1.0004530805809535
2026-05-14 18:05:00+00:00,0.9832156693956969,0.9780638008408571,1.0004530805809535
2026-05-14 18:10:00+00:00,0.9832156693956969,0.9780638008408571,1.0004530805809535
2026-05-14 18:15:00+00:00,0.9832156693956969,0.9780638008408571,1.0004530805809535
2026-05-14 18:20:00+00:00,0.9832156693956969,0.9780638008408571,1.0004530805809535
2026-05-14 18:25:00+00:00,0.9832156693956969,0.9780638008408571,1.0004530805809535
2026-05-14 18:30:00+00:00,0.9832156693956969,0.9780638008408571,1.0004530805809535
2026-05-14 18:35:00+00:00,0.9832156693956969,0.9780638008408571,1.0004530805809535
2026-05-14 18:40:00+00:00,0.9832156693956969,0.9780638008408571,1.0004530805809535
2026-05-14 18:45:00+00:00,0.9832156693956969,0.9780638008408571,1.0004530805809535
2026-05-14 18:50:00+00:00,0.9832156693956969,0.9780638008408571,1.0004530805809535
2026-05-14 18:55:00+00:00,0.9832156693956969,0.9780638008408571,1.0004530805809535
2026-05-14 19:00:00+00:00,0.9832156693956969,0.9780638008408571,1.0004530805809535
2026-05-14 19:05:00+00:00,0.9832156693956969,0.9780638008408571,1.0004530805809535
2026-05-14 19:10:00+00:00,0.9832156693956969,0.9780638008408571,1.0004530805809535
2026-05-14 19:15:00+00:00,0.9832156693956969,0.9780638008408571,1.0004530805809535
2026-05-14 19:20:00+00:00,0.9832156693956969,0.9780638008408571,1.0004530805809535
2026-05-14 19:25:00+00:00,0.9832156693956969,0.9780638008408571,1.0004530805809535
2026-05-14 19:30:00+00:00,0.9832156693956969,0.9780638008408571,1.0004530805809535
2026-05-14 19:35:00+00:00,0.9832156693956969,0.9780638008408571,1.0004530805809535
2026-05-14 19:40:00+00:00,0.9832156693956969,0.9780638008408571,1.0004530805809535
2026-05-14 19:45:00+00:00,0.9832156693956969,0.9780638008408571,1.0004530805809535
2026-05-14 19:50:00+00:00,0.9832156693956969,0.9829942677604555,1.0004530805809535
2026-05-14 19:55:00+00:00,0.9832156693956969,0.984637544233513,1.0004530805809535
2026-05-14 20:00:00+00:00,0.9832156693956969,0.9828146123461975,1.0004530805809535
2026-05-14 20:05:00+00:00,0.9832156693956969,0.9835047577164943,1.0004530805809535
2026-05-14 20:10:00+00:00,0.9832156693956969,0.9830241868565557,1.0004530805809535
2026-05-14 20:15:00+00:00,0.9832156693956969,0.9803782052967959,1.0004530805809535
2026-05-14 20:20:00+00:00,0.9832156693956969,0.9771607605369207,1.0004530805809535
2026-05-14 20:25:00+00:00,0.9832156693956969,0.9773269793623162,1.0004530805809535
2026-05-14 20:30:00+00:00,0.9832156693956969,0.9740568840068103,1.0004530805809535
2026-05-14 20:35:00+00:00,0.9832156693956969,0.9733750441880056,1.0004530805809535
2026-05-14 20:40:00+00:00,0.9832156693956969,0.9733750441880056,1.0004530805809535
2026-05-14 20:45:00+00:00,0.9832156693956969,0.9733750441880056,1.0004530805809535
2026-05-14 20:50:00+00:00,0.9832156693956969,0.9733750441880056,1.0004530805809535
2026-05-14 20:55:00+00:00,0.9832156693956969,0.9733750441880056,1.0004530805809535
2026-05-14 21:00:00+00:00,0.9832156693956969,0.9733750441880056,1.0004530805809535
2026-05-14 21:05:00+00:00,0.9832156693956969,0.9733750441880056,1.0004530805809535
2026-05-14 21:10:00+00:00,0.9832156693956969,0.9733750441880056,1.0004530805809535
2026-05-14 21:15:00+00:00,0.9791803826753325,0.9733750441880056,1.0004530805809535
2026-05-14 21:20:00+00:00,0.9784949564074598,0.9733750441880056,1.0004530805809535
2026-05-14 21:25:00+00:00,0.9784949564074598,0.9733750441880056,1.0004530805809535
2026-05-14 21:30:00+00:00,0.9784949564074598,0.9733750441880056,1.0004530805809535
2026-05-14 21:35:00+00:00,0.9784949564074598,0.9733750441880056,1.0004530805809535
2026-05-14 21:40:00+00:00,0.9784949564074598,0.9733750441880056,1.0004530805809535
2026-05-14 21:45:00+00:00,0.9784949564074598,0.970461126406038,1.0004530805809535
2026-05-14 21:50:00+00:00,0.9784949564074598,0.9719082943241728,1.0004530805809535
2026-05-14 21:55:00+00:00,0.9784949564074598,0.9731873514801621,1.0004530805809535
2026-05-14 22:00:00+00:00,0.9784949564074598,0.9757522833355662,1.0004530805809535
2026-05-14 22:05:00+00:00,0.9784949564074598,0.9773258107727308,1.0004530805809535
2026-05-14 22:10:00+00:00,0.9784949564074598,0.9762929441097861,1.0004530805809535
2026-05-14 22:15:00+00:00,0.9784949564074598,0.9767482533503657,1.0004530805809535
2026-05-14 22:20:00+00:00,0.9784949564074598,0.9759553681466173,1.0004530805809535
2026-05-14 22:25:00+00:00,0.9784949564074598,0.9750829647133964,1.0004530805809535
2026-05-14 22:30:00+00:00,0.9784949564074598,0.9718998540346196,1.0004530805809535
2026-05-14 22:35:00+00:00,0.9784949564074598,0.9727210829807148,1.0004530805809535
2026-05-14 22:40:00+00:00,0.9784949564074598,0.9762588292390808,1.0004530805809535
2026-05-14 22:45:00+00:00,0.9784949564074598,0.9736841821519141,1.0004530805809535
2026-05-14 22:50:00+00:00,0.9784949564074598,0.9744797978434335,1.0004530805809535
2026-05-14 22:55:00+00:00,0.9784949564074598,0.9717956354462424,1.0004530805809535
2026-05-14 23:00:00+00:00,0.9784949564074598,0.9711153785014299,1.0004530805809535
2026-05-14 23:05:00+00:00,0.9784949564074598,0.9711153785014299,1.0004530805809535
2026-05-14 23:10:00+00:00,0.9784949564074598,0.9711153785014299,1.0004530805809535
2026-05-14 23:15:00+00:00,0.9784949564074598,0.9711153785014299,1.0004530805809535
2026-05-14 23:20:00+00:00,0.9784949564074598,0.9711153785014299,1.0004530805809535
2026-05-14 23:25:00+00:00,0.9784949564074598,0.9706023231470202,1.0004530805809535
2026-05-14 23:30:00+00:00,0.9784949564074598,0.9709865023820491,1.0004530805809535
2026-05-14 23:35:00+00:00,0.9784949564074598,0.9735689073971412,1.0004530805809535
2026-05-14 23:40:00+00:00,0.9784949564074598,0.9715400178973757,1.0004530805809535
2026-05-14 23:45:00+00:00,0.9784949564074598,0.9723392517360337,1.0004530805809535
2026-05-14 23:50:00+00:00,0.9784949564074598,0.9722776662209403,1.0004530805809535
2026-05-14 23:55:00+00:00,0.9784949564074598,0.9730314993481992,1.0004530805809535
2026-05-15 00:00:00+00:00,0.9784949564074598,0.9710331811517103,1.0004530805809535
2026-05-15 00:05:00+00:00,0.9784949564074598,0.9672325442834444,1.0004530805809535
2026-05-15 00:10:00+00:00,0.9784949564074598,0.9622982672293905,1.0004530805809535
2026-05-15 00:15:00+00:00,0.9784949564074598,0.9616246584423299,1.0004530805809535
2026-05-15 00:20:00+00:00,0.9784949564074598,0.9616246584423299,1.0004530805809535
2026-05-15 00:25:00+00:00,0.9784949564074598,0.9616246584423299,1.0004530805809535
2026-05-15 00:30:00+00:00,0.9784949564074598,0.9616246584423299,1.0004530805809535
2026-05-15 00:35:00+00:00,0.9784949564074598,0.9616246584423299,1.0004530805809535
2026-05-15 00:40:00+00:00,0.9784949564074598,0.9616246584423299,1.0004530805809535
2026-05-15 00:45:00+00:00,0.9784949564074598,0.9616246584423299,1.0004530805809535
2026-05-15 00:50:00+00:00,0.9784949564074598,0.9616246584423299,1.0004530805809535
2026-05-15 00:55:00+00:00,0.9784949564074598,0.9616246584423299,1.0004530805809535
2026-05-15 01:00:00+00:00,0.9784949564074598,0.9616246584423299,1.0004530805809535
2026-05-15 01:05:00+00:00,0.9784949564074598,0.9616246584423299,1.0004530805809535
2026-05-15 01:10:00+00:00,0.9784949564074598,0.9616246584423299,1.0004530805809535
2026-05-15 01:15:00+00:00,0.9769907934890946,0.9616246584423299,1.0004530805809535
2026-05-15 01:20:00+00:00,0.9763068999336522,0.9616246584423299,1.0004530805809535
2026-05-15 01:25:00+00:00,0.9763068999336522,0.9616246584423299,1.0004530805809535
2026-05-15 01:30:00+00:00,0.9763068999336522,0.9616246584423299,1.0004530805809535
2026-05-15 01:35:00+00:00,0.9763068999336522,0.9616246584423299,1.0004530805809535
2026-05-15 01:40:00+00:00,0.9763068999336522,0.9616246584423299,1.0004530805809535
2026-05-15 01:45:00+00:00,0.9763068999336522,0.9616246584423299,1.0004530805809535
2026-05-15 01:50:00+00:00,0.9763068999336522,0.9616246584423299,1.0004530805809535
2026-05-15 01:55:00+00:00,0.9763068999336522,0.9616246584423299,1.0004530805809535
2026-05-15 02:00:00+00:00,0.9763068999336522,0.9616246584423299,1.0004530805809535
2026-05-15 02:05:00+00:00,0.9763068999336522,0.9616246584423299,1.0004530805809535
2026-05-15 02:10:00+00:00,0.9763068999336522,0.9616246584423299,1.0004530805809535
2026-05-15 02:15:00+00:00,0.9763068999336522,0.9616246584423299,1.0004530805809535
2026-05-15 02:20:00+00:00,0.9763068999336522,0.9616246584423299,1.0004530805809535
2026-05-15 02:25:00+00:00,0.9763068999336522,0.9616246584423299,1.0004530805809535
2026-05-15 02:30:00+00:00,0.9763068999336522,0.9616246584423299,1.0004530805809535
2026-05-15 02:35:00+00:00,0.9763068999336522,0.9616246584423299,1.0004530805809535
2026-05-15 02:40:00+00:00,0.9763068999336522,0.9616246584423299,1.0004530805809535
2026-05-15 02:45:00+00:00,0.9763068999336522,0.9616246584423299,1.0004530805809535
2026-05-15 02:50:00+00:00,0.9763068999336522,0.9616246584423299,1.0004530805809535
2026-05-15 02:55:00+00:00,0.9763068999336522,0.9566163021215276,1.0004530805809535
2026-05-15 03:00:00+00:00,0.9763068999336522,0.9558249179718399,1.0004530805809535
2026-05-15 03:05:00+00:00,0.9763068999336522,0.9511416639058071,1.0004530805809535
2026-05-15 03:10:00+00:00,0.9763068999336522,0.950475864741073,1.0004530805809535
2026-05-15 03:15:00+00:00,0.9763068999336522,0.950475864741073,1.0004530805809535
2026-05-15 03:20:00+00:00,0.9763068999336522,0.950475864741073,1.0004530805809535
2026-05-15 03:25:00+00:00,0.9763068999336522,0.950475864741073,1.0004530805809535
2026-05-15 03:30:00+00:00,0.9763068999336522,0.950475864741073,1.0004530805809535
2026-05-15 03:35:00+00:00,0.9763068999336522,0.950475864741073,1.0004530805809535
2026-05-15 03:40:00+00:00,0.9763068999336522,0.9510838565312102,1.0004530805809535
2026-05-15 03:45:00+00:00,0.9763068999336522,0.9453863064670451,1.0004530805809535
2026-05-15 03:50:00+00:00,0.9763068999336522,0.9443708626054866,1.0004530805809535
2026-05-15 03:55:00+00:00,0.9763068999336522,0.9456734197014702,1.0004530805809535
2026-05-15 04:00:00+00:00,0.9763068999336522,0.9445871300538757,1.0004530805809535
2026-05-15 04:05:00+00:00,0.9763068999336522,0.9482178355877477,1.0004530805809535
2026-05-15 04:10:00+00:00,0.9763068999336522,0.9489127696657433,1.0004530805809535
2026-05-15 04:15:00+00:00,0.9763068999336522,0.948679374143738,1.0004530805809535
2026-05-15 04:20:00+00:00,0.9763068999336522,0.9488804471432294,1.0004530805809535
2026-05-15 04:25:00+00:00,0.9763068999336522,0.9470266655398025,1.0004530805809535
2026-05-15 04:30:00+00:00,0.9763068999336522,0.9462205275147364,1.0004530805809535
2026-05-15 04:35:00+00:00,0.9763068999336522,0.9446584177984718,1.0004530805809535
2026-05-15 04:40:00+00:00,0.9763068999336522,0.946261128644703,1.0004530805809535
2026-05-15 04:45:00+00:00,0.9763068999336522,0.9441620928583635,1.0004530805809535
2026-05-15 04:50:00+00:00,0.9763068999336522,0.9435011793933626,1.0004530805809535
2026-05-15 04:55:00+00:00,0.9763068999336522,0.9435011793933626,1.0004530805809535
2026-05-15 05:00:00+00:00,0.9763068999336522,0.9435011793933626,1.0004530805809535
2026-05-15 05:05:00+00:00,0.9763068999336522,0.9435011793933626,1.0004530805809535
2026-05-15 05:10:00+00:00,0.9763068999336522,0.9435011793933626,1.0004530805809535
2026-05-15 05:15:00+00:00,0.9763068999336522,0.9435011793933626,1.0004530805809535
2026-05-15 05:20:00+00:00,0.9763068999336522,0.9435011793933626,1.0004530805809535
2026-05-15 05:25:00+00:00,0.9763068999336522,0.9435011793933626,1.0004530805809535
2026-05-15 05:30:00+00:00,0.9763068999336522,0.9435011793933626,1.0004530805809535
2026-05-15 05:35:00+00:00,0.9763068999336522,0.9435011793933626,1.0004530805809535
2026-05-15 05:40:00+00:00,0.9763068999336522,0.9435011793933626,1.0004530805809535
2026-05-15 05:45:00+00:00,0.9763068999336522,0.9419993379058291,1.0004530805809535
2026-05-15 05:50:00+00:00,0.9763068999336522,0.9398148438760829,1.0004530805809535
2026-05-15 05:55:00+00:00,0.9763068999336522,0.9387756721141503,1.0004530805809535
2026-05-15 06:00:00+00:00,0.9763068999336522,0.9398244797744127,1.0004530805809535
2026-05-15 06:05:00+00:00,0.9763068999336522,0.936200990579108,1.0004530805809535
2026-05-15 06:10:00+00:00,0.9740861552914196,0.9355456498857025,1.0004530805809535
2026-05-15 06:15:00+00:00,0.9734042949827156,0.9355456498857025,1.0004530805809535
2026-05-15 06:20:00+00:00,0.9699616999503542,0.9355456498857025,1.0004530805809535
2026-05-15 06:25:00+00:00,0.969282726760389,0.9355456498857025,1.0004530805809535
2026-05-15 06:30:00+00:00,0.969282726760389,0.9355456498857025,1.0004530805809535
2026-05-15 06:35:00+00:00,0.969282726760389,0.9355456498857025,1.0004530805809535
2026-05-15 06:40:00+00:00,0.969282726760389,0.9355456498857025,1.0004530805809535
2026-05-15 06:45:00+00:00,0.969282726760389,0.934318434362158,1.0004530805809535
2026-05-15 06:50:00+00:00,0.969282726760389,0.9347310840039568,1.0004530805809535
2026-05-15 06:55:00+00:00,0.969282726760389,0.9353148462120962,1.0004530805809535
2026-05-15 07:00:00+00:00,0.969282726760389,0.9356817021101952,1.0004530805809535
2026-05-15 07:05:00+00:00,0.969282726760389,0.9352115679650568,1.0004530805809535
2026-05-15 07:10:00+00:00,0.969282726760389,0.9375355107377861,1.0004530805809535
2026-05-15 07:15:00+00:00,0.969282726760389,0.935898470368525,1.0004530805809535
2026-05-15 07:20:00+00:00,0.969282726760389,0.934366493379007,1.0004530805809535
2026-05-15 07:25:00+00:00,0.969282726760389,0.9334779228870653,1.0004530805809535
2026-05-15 07:30:00+00:00,0.969282726760389,0.9321947317283367,1.0004530805809535
2026-05-15 07:35:00+00:00,0.969282726760389,0.9315122362089643,1.0004530805809535
2026-05-15 07:40:00+00:00,0.969282726760389,0.9268225042963038,1.0004530805809535
2026-05-15 07:45:00+00:00,0.969282726760389,0.9261737285432963,1.0004530805809535
2026-05-15 07:50:00+00:00,0.969282726760389,0.9261737285432963,1.0004530805809535
2026-05-15 07:55:00+00:00,0.969282726760389,0.9261737285432963,1.0004530805809535
2026-05-15 08:00:00+00:00,0.969282726760389,0.9261737285432963,1.0004530805809535
2026-05-15 08:05:00+00:00,0.969282726760389,0.9261737285432963,1.0004530805809535
2026-05-15 08:10:00+00:00,0.969282726760389,0.9261737285432963,1.0004530805809535
2026-05-15 08:15:00+00:00,0.969282726760389,0.9261737285432963,1.0004530805809535
2026-05-15 08:20:00+00:00,0.969282726760389,0.9261737285432963,1.0004530805809535
2026-05-15 08:25:00+00:00,0.969282726760389,0.9261737285432963,1.0004530805809535
2026-05-15 08:30:00+00:00,0.969282726760389,0.9261737285432963,1.0004530805809535
2026-05-15 08:35:00+00:00,0.969282726760389,0.9261737285432963,1.0004530805809535
2026-05-15 08:40:00+00:00,0.969282726760389,0.9261737285432963,1.0004530805809535
2026-05-15 08:45:00+00:00,0.969282726760389,0.9261737285432963,1.0004530805809535
2026-05-15 08:50:00+00:00,0.969282726760389,0.9261737285432963,1.0004530805809535
2026-05-15 08:55:00+00:00,0.969282726760389,0.9261737285432963,1.0004530805809535
2026-05-15 09:00:00+00:00,0.969282726760389,0.9261737285432963,1.0004530805809535
2026-05-15 09:05:00+00:00,0.969282726760389,0.9261737285432963,1.0004530805809535
2026-05-15 09:10:00+00:00,0.969282726760389,0.9261737285432963,1.0004530805809535
2026-05-15 09:15:00+00:00,0.969282726760389,0.9261737285432963,1.0004530805809535
2026-05-15 09:20:00+00:00,0.969282726760389,0.9261737285432963,1.0004530805809535
2026-05-15 09:25:00+00:00,0.969282726760389,0.9261737285432963,1.0004530805809535
2026-05-15 09:30:00+00:00,0.969282726760389,0.9261737285432963,1.0004530805809535
2026-05-15 09:35:00+00:00,0.969282726760389,0.9224663638373444,1.0004530805809535
2026-05-15 09:40:00+00:00,0.969282726760389,0.9196210443724303,1.0004530805809535
2026-05-15 09:45:00+00:00,0.969282726760389,0.9189773096413696,1.0004530805809535
2026-05-15 09:50:00+00:00,0.969282726760389,0.9189773096413696,1.0004530805809535
2026-05-15 09:55:00+00:00,0.969282726760389,0.9189773096413696,1.0004530805809535
2026-05-15 10:00:00+00:00,0.969282726760389,0.9189773096413696,1.0004530805809535
2026-05-15 10:05:00+00:00,0.969282726760389,0.9189773096413696,1.0004530805809535
2026-05-15 10:10:00+00:00,0.969282726760389,0.9189773096413696,1.0004530805809535
2026-05-15 10:15:00+00:00,0.969282726760389,0.9167122471275088,1.0004530805809535
2026-05-15 10:20:00+00:00,0.969282726760389,0.9121829011317665,1.0004530805809535
2026-05-15 10:25:00+00:00,0.969282726760389,0.9148269055979219,1.0004530805809535
2026-05-15 10:30:00+00:00,0.969282726760389,0.9167149124598065,1.0004530805809535
2026-05-15 10:35:00+00:00,0.969282726760389,0.916181750716046,1.0004530805809535
2026-05-15 10:40:00+00:00,0.969282726760389,0.912531931262748,1.0004530805809535
2026-05-15 10:45:00+00:00,0.969282726760389,0.9152796762448469,1.0004530805809535
2026-05-15 10:50:00+00:00,0.969282726760389,0.9147166442706267,1.0004530805809535
2026-05-15 10:55:00+00:00,0.969282726760389,0.9105962631523824,1.0004530805809535
2026-05-15 11:00:00+00:00,0.969282726760389,0.9099588457681757,1.0004530805809535
2026-05-15 11:05:00+00:00,0.969282726760389,0.9099588457681757,1.0004530805809535
2026-05-15 11:10:00+00:00,0.969282726760389,0.9099588457681757,1.0004530805809535
2026-05-15 11:15:00+00:00,0.969282726760389,0.9099588457681757,1.0004530805809535
2026-05-15 11:20:00+00:00,0.969282726760389,0.9099588457681757,1.0004530805809535
2026-05-15 11:25:00+00:00,0.969282726760389,0.9099588457681757,1.0004530805809535
2026-05-15 11:30:00+00:00,0.969282726760389,0.9099588457681757,1.0004530805809535
2026-05-15 11:35:00+00:00,0.969282726760389,0.9081634682214701,1.0004530805809535
2026-05-15 11:40:00+00:00,0.969282726760389,0.9094562888838541,1.0004530805809535
2026-05-15 11:45:00+00:00,0.969282726760389,0.9065914525960153,1.0004530805809535
2026-05-15 11:50:00+00:00,0.969282726760389,0.9079938261376942,1.0004530805809535
2026-05-15 11:55:00+00:00,0.969282726760389,0.9094185634283823,1.0004530805809535
2026-05-15 12:00:00+00:00,0.969282726760389,0.9082030527289053,1.0004530805809535
2026-05-15 12:05:00+00:00,0.969282726760389,0.9064913370827024,1.0004530805809535
2026-05-15 12:10:00+00:00,0.969282726760389,0.9054880798414857,1.0004530805809535
2026-05-15 12:15:00+00:00,0.969282726760389,0.9048542381855966,1.0004530805809535
2026-05-15 12:20:00+00:00,0.969282726760389,0.9048542381855966,1.0004530805809535
2026-05-15 12:25:00+00:00,0.969282726760389,0.9048542381855966,1.0004530805809535
2026-05-15 12:30:00+00:00,0.969282726760389,0.9048542381855966,1.0004530805809535
2026-05-15 12:35:00+00:00,0.969282726760389,0.9048542381855966,1.0004530805809535
2026-05-15 12:40:00+00:00,0.969282726760389,0.9048542381855966,1.0004530805809535
2026-05-15 12:45:00+00:00,0.969282726760389,0.9048542381855966,1.0004530805809535
2026-05-15 12:50:00+00:00,0.969282726760389,0.9048542381855966,1.0004530805809535
2026-05-15 12:55:00+00:00,0.969282726760389,0.9026252747796852,1.0004530805809535
2026-05-15 13:00:00+00:00,0.969282726760389,0.9020864995105596,1.0004530805809535
2026-05-15 13:05:00+00:00,0.969282726760389,0.9034516554314306,1.0004530805809535
2026-05-15 13:10:00+00:00,0.969282726760389,0.9002104337897738,1.0004530805809535
2026-05-15 13:15:00+00:00,0.969282726760389,0.9011882596273604,1.0004530805809535
2026-05-15 13:20:00+00:00,0.969282726760389,0.9011164324794446,1.0004530805809535
2026-05-15 13:25:00+00:00,0.969282726760389,0.9005178883911078,1.0004530805809535
2026-05-15 13:30:00+00:00,0.969282726760389,0.9018932923894307,1.0004530805809535
2026-05-15 13:35:00+00:00,0.969282726760389,0.9008438001069994,1.0004530805809535
2026-05-15 13:40:00+00:00,0.969282726760389,0.9020283402444431,1.0004530805809535
2026-05-15 13:45:00+00:00,0.969282726760389,0.9029436317524154,1.0004530805809535
2026-05-15 13:50:00+00:00,0.969282726760389,0.8999021741344313,1.0004530805809535
2026-05-15 13:55:00+00:00,0.969282726760389,0.8992722426125371,1.0004530805809535
2026-05-15 14:00:00+00:00,0.969282726760389,0.8992722426125371,1.0004530805809535
2026-05-15 14:05:00+00:00,0.969282726760389,0.895060694588561,1.0004530805809535
2026-05-15 14:10:00+00:00,0.969282726760389,0.8894122992102976,1.0004530805809535
2026-05-15 14:15:00+00:00,0.969282726760389,0.8887897106008504,1.0004530805809535
2026-05-15 14:20:00+00:00,0.969282726760389,0.8887897106008504,1.0004530805809535
2026-05-15 14:25:00+00:00,0.969282726760389,0.8887897106008504,1.0004530805809535
2026-05-15 14:30:00+00:00,0.969282726760389,0.8887897106008504,1.0004530805809535
2026-05-15 14:35:00+00:00,0.969282726760389,0.8887897106008504,1.0004530805809535
2026-05-15 14:40:00+00:00,0.969282726760389,0.8887897106008504,1.0004530805809535
2026-05-15 14:45:00+00:00,0.969282726760389,0.8887897106008504,1.0004530805809535
2026-05-15 14:50:00+00:00,0.969282726760389,0.8887897106008504,1.0004530805809535
2026-05-15 14:55:00+00:00,0.969282726760389,0.8887897106008504,1.0004530805809535
2026-05-15 15:00:00+00:00,0.969282726760389,0.8887897106008504,1.0004530805809535
2026-05-15 15:05:00+00:00,0.969282726760389,0.8887897106008504,1.0004530805809535
2026-05-15 15:10:00+00:00,0.969282726760389,0.8887897106008504,1.0004530805809535
2026-05-15 15:15:00+00:00,0.969282726760389,0.8887897106008504,1.0004530805809535
2026-05-15 15:20:00+00:00,0.969282726760389,0.8887897106008504,1.0004530805809535
2026-05-15 15:25:00+00:00,0.969282726760389,0.8887897106008504,1.0004530805809535
2026-05-15 15:30:00+00:00,0.969282726760389,0.8887897106008504,1.0004530805809535
2026-05-15 15:35:00+00:00,0.969282726760389,0.8887897106008504,1.0004530805809535
2026-05-15 15:40:00+00:00,0.969282726760389,0.8887897106008504,1.0004530805809535
2026-05-15 15:45:00+00:00,0.969282726760389,0.8887897106008504,1.0004530805809535
2026-05-15 15:50:00+00:00,0.969282726760389,0.8887897106008504,1.0004530805809535
2026-05-15 15:55:00+00:00,0.969282726760389,0.8887897106008504,1.0004530805809535
2026-05-15 16:00:00+00:00,0.969282726760389,0.8887897106008504,1.0004530805809535
2026-05-15 16:05:00+00:00,0.969282726760389,0.8887897106008504,1.0004530805809535
2026-05-15 16:10:00+00:00,0.969282726760389,0.8887897106008504,1.0004530805809535
2026-05-15 16:15:00+00:00,0.969282726760389,0.8887897106008504,1.0004530805809535
2026-05-15 16:20:00+00:00,0.969282726760389,0.8887897106008504,1.0004530805809535
2026-05-15 16:25:00+00:00,0.969282726760389,0.8887897106008504,1.0004530805809535
2026-05-15 16:30:00+00:00,0.969282726760389,0.8887897106008504,1.0004530805809535
2026-05-15 16:35:00+00:00,0.969282726760389,0.8887897106008504,1.0004530805809535
2026-05-15 16:40:00+00:00,0.969282726760389,0.8887897106008504,1.0004530805809535
2026-05-15 16:45:00+00:00,0.969282726760389,0.8887897106008504,1.0004530805809535
2026-05-15 16:50:00+00:00,0.969282726760389,0.8887897106008504,1.0004530805809535
2026-05-15 16:55:00+00:00,0.969282726760389,0.8887897106008504,1.0004530805809535
2026-05-15 17:00:00+00:00,0.969282726760389,0.8887897106008504,1.0004530805809535
2026-05-15 17:05:00+00:00,0.969282726760389,0.8887897106008504,1.0004530805809535
2026-05-15 17:10:00+00:00,0.969282726760389,0.8871093142428218,1.0004530805809535
2026-05-15 17:15:00+00:00,0.969282726760389,0.888252330364424,1.0004530805809535
2026-05-15 17:20:00+00:00,0.969282726760389,0.8938553448441244,1.0004530805809535
2026-05-15 17:25:00+00:00,0.969282726760389,0.8921222383064935,1.0004530805809535
2026-05-15 17:30:00+00:00,0.969282726760389,0.8915220550634798,1.0004530805809535
2026-05-15 17:35:00+00:00,0.969282726760389,0.8930906176265703,1.0004530805809535
2026-05-15 17:40:00+00:00,0.969282726760389,0.8959873193479087,1.0004530805809535
2026-05-15 17:45:00+00:00,0.969282726760389,0.894137182715127,1.0004530805809535
2026-05-15 17:50:00+00:00,0.969282726760389,0.893365675733462,1.0004530805809535
2026-05-15 17:55:00+00:00,0.969282726760389,0.8880977385621416,1.0004530805809535
2026-05-15 18:00:00+00:00,0.969282726760389,0.8871760657149169,1.0004530805809535
2026-05-15 18:05:00+00:00,0.969282726760389,0.8863265328605212,1.0004530805809535
2026-05-15 18:10:00+00:00,0.969282726760389,0.8857061042875188,1.0004530805809535
2026-05-15 18:15:00+00:00,0.969282726760389,0.8857061042875188,1.0004530805809535
2026-05-15 18:20:00+00:00,0.969282726760389,0.8857061042875188,1.0004530805809535
2026-05-15 18:25:00+00:00,0.969282726760389,0.8857061042875188,1.0004530805809535
2026-05-15 18:30:00+00:00,0.969282726760389,0.8857061042875188,1.0004530805809535
2026-05-15 18:35:00+00:00,0.969282726760389,0.8857061042875188,1.0004530805809535
2026-05-15 18:40:00+00:00,0.969282726760389,0.8857061042875188,1.0004530805809535
2026-05-15 18:45:00+00:00,0.969282726760389,0.8857061042875188,1.0004530805809535
2026-05-15 18:50:00+00:00,0.969282726760389,0.8857061042875188,1.0004530805809535
2026-05-15 18:55:00+00:00,0.969282726760389,0.8857061042875188,1.0004530805809535
2026-05-15 19:00:00+00:00,0.969282726760389,0.8857061042875188,1.0004530805809535
2026-05-15 19:05:00+00:00,0.969282726760389,0.8857061042875188,1.0004530805809535
2026-05-15 19:10:00+00:00,0.969282726760389,0.8857061042875188,1.0004530805809535
2026-05-15 19:15:00+00:00,0.969282726760389,0.8857061042875188,1.0004530805809535
2026-05-15 19:20:00+00:00,0.969282726760389,0.8857061042875188,1.0004530805809535
2026-05-15 19:25:00+00:00,0.969282726760389,0.8857061042875188,1.0004530805809535
2026-05-15 19:30:00+00:00,0.969282726760389,0.8857061042875188,1.0004530805809535
2026-05-15 19:35:00+00:00,0.969282726760389,0.8857061042875188,1.0004530805809535
2026-05-15 19:40:00+00:00,0.969282726760389,0.8857061042875188,1.0004530805809535
2026-05-15 19:45:00+00:00,0.969282726760389,0.8857061042875188,1.0004530805809535
2026-05-15 19:50:00+00:00,0.969282726760389,0.8857061042875188,1.0004530805809535
2026-05-15 19:55:00+00:00,0.969282726760389,0.8857061042875188,1.0004530805809535
2026-05-15 20:00:00+00:00,0.969282726760389,0.8857061042875188,1.0004530805809535
2026-05-15 20:05:00+00:00,0.969282726760389,0.8857061042875188,1.0004530805809535
2026-05-15 20:10:00+00:00,0.969282726760389,0.8857061042875188,1.0004530805809535
2026-05-15 20:15:00+00:00,0.969282726760389,0.8857061042875188,1.0004530805809535
2026-05-15 20:20:00+00:00,0.969282726760389,0.8857061042875188,1.0004530805809535
2026-05-15 20:25:00+00:00,0.969282726760389,0.8857061042875188,1.0004530805809535
2026-05-15 20:30:00+00:00,0.969282726760389,0.8857061042875188,1.0004530805809535
2026-05-15 20:35:00+00:00,0.969282726760389,0.8857061042875188,1.0004530805809535
2026-05-15 20:40:00+00:00,0.969282726760389,0.8857061042875188,1.0004530805809535
2026-05-15 20:45:00+00:00,0.969282726760389,0.8857061042875188,1.0004530805809535
2026-05-15 20:50:00+00:00,0.969282726760389,0.8857061042875188,1.0004530805809535
2026-05-15 20:55:00+00:00,0.969282726760389,0.8857061042875188,1.0004530805809535
2026-05-15 21:00:00+00:00,0.969282726760389,0.8857061042875188,1.0004530805809535
2026-05-15 21:05:00+00:00,0.969282726760389,0.8857061042875188,1.0004530805809535
2026-05-15 21:10:00+00:00,0.969282726760389,0.8857061042875188,1.0004530805809535
2026-05-15 21:15:00+00:00,0.969282726760389,0.8884959800169746,1.0004530805809535
2026-05-15 21:20:00+00:00,0.969282726760389,0.8869909067977905,1.0004530805809535
2026-05-15 21:25:00+00:00,0.969282726760389,0.8877582473281408,1.0004530805809535
2026-05-15 21:30:00+00:00,0.969282726760389,0.8899943028900033,1.0004530805809535
2026-05-15 21:35:00+00:00,0.969282726760389,0.8902050646237872,1.0004530805809535
2026-05-15 21:40:00+00:00,0.969282726760389,0.8877234600719549,1.0004530805809535
2026-05-15 21:45:00+00:00,0.969282726760389,0.892704755837666,1.0004530805809535
2026-05-15 21:50:00+00:00,0.969282726760389,0.895994897814278,1.0004530805809535
2026-05-15 21:55:00+00:00,0.969282726760389,0.8980324845546729,1.0004530805809535
2026-05-15 22:00:00+00:00,0.969282726760389,0.8947884664630571,1.0004530805809535
2026-05-15 22:05:00+00:00,0.969282726760389,0.8941639160218583,1.0004530805809535
2026-05-15 22:10:00+00:00,0.969282726760389,0.8924689546908594,1.0004530805809535
2026-05-15 22:15:00+00:00,0.969282726760389,0.8949757709103505,1.0004530805809535
2026-05-15 22:20:00+00:00,0.969282726760389,0.8974442088528939,1.0004530805809535
2026-05-15 22:25:00+00:00,0.969282726760389,0.896451597735551,1.0004530805809535
2026-05-15 22:30:00+00:00,0.969282726760389,0.8963222624469284,1.0004530805809535
2026-05-15 22:35:00+00:00,0.969282726760389,0.8951074090651425,1.0004530805809535
2026-05-15 22:40:00+00:00,0.969282726760389,0.8955213828517875,1.0004530805809535
2026-05-15 22:45:00+00:00,0.969282726760389,0.8949061456804355,1.0004530805809535
2026-05-15 22:50:00+00:00,0.969282726760389,0.8945565041098716,1.0004530805809535
2026-05-15 22:55:00+00:00,0.969282726760389,0.8928376882940494,1.0004530805809535
2026-05-15 23:00:00+00:00,0.969282726760389,0.8910576304592214,1.0004530805809535
2026-05-15 23:05:00+00:00,0.969282726760389,0.8904338901178999,1.0004530805809535
2026-05-15 23:10:00+00:00,0.969282726760389,0.8904338901178999,1.0004530805809535
2026-05-15 23:15:00+00:00,0.969282726760389,0.8876065089004089,1.0004530805809535
2026-05-15 23:20:00+00:00,0.969282726760389,0.8850010103122484,1.0004530805809535
2026-05-15 23:25:00+00:00,0.969282726760389,0.8872265111988015,1.0004530805809535
2026-05-15 23:30:00+00:00,0.969282726760389,0.8912882809721157,1.0004530805809535
2026-05-15 23:35:00+00:00,0.969282726760389,0.8910700325472146,1.0004530805809535
2026-05-15 23:40:00+00:00,0.969282726760389,0.8890206537943763,1.0004530805809535
2026-05-15 23:45:00+00:00,0.969282726760389,0.8850682521097744,1.0004530805809535
2026-05-15 23:50:00+00:00,0.969282726760389,0.8844487043332975,1.0004530805809535
2026-05-15 23:55:00+00:00,0.969282726760389,0.8844487043332975,1.0004530805809535
2026-05-16 00:00:00+00:00,0.969282726760389,0.8844487043332975,1.0004530805809535
2026-05-16 00:05:00+00:00,0.969282726760389,0.8844487043332975,1.0004530805809535
2026-05-16 00:10:00+00:00,0.969282726760389,0.8844487043332975,1.0004530805809535
2026-05-16 00:15:00+00:00,0.969282726760389,0.8844487043332975,1.0004530805809535
2026-05-16 00:20:00+00:00,0.969282726760389,0.8844487043332975,1.0004530805809535
2026-05-16 00:25:00+00:00,0.969282726760389,0.8844487043332975,1.0004530805809535
2026-05-16 00:30:00+00:00,0.969282726760389,0.8844487043332975,1.0004530805809535
2026-05-16 00:35:00+00:00,0.969282726760389,0.8818226939815216,1.0004530805809535
2026-05-16 00:40:00+00:00,0.969282726760389,0.8836854703416166,1.0004530805809535
2026-05-16 00:45:00+00:00,0.969282726760389,0.885081662319951,1.0004530805809535
2026-05-16 00:50:00+00:00,0.969282726760389,0.8860490823579683,1.0004530805809535
2026-05-16 00:55:00+00:00,0.969282726760389,0.8887858354806053,1.0004530805809535
2026-05-16 01:00:00+00:00,0.969282726760389,0.890180739237074,1.0004530805809535
2026-05-16 01:05:00+00:00,0.969282726760389,0.89180806821271,1.0004530805809535
2026-05-16 01:10:00+00:00,0.969282726760389,0.8932110985724105,1.0004530805809535
2026-05-16 01:15:00+00:00,0.969282726760389,0.8939629263369285,1.0004530805809535
2026-05-16 01:20:00+00:00,0.969282726760389,0.8900376986810989,1.0004530805809535
2026-05-16 01:25:00+00:00,0.969282726760389,0.890221782829759,1.0004530805809535
2026-05-16 01:30:00+00:00,0.969282726760389,0.8890013277007724,1.0004530805809535
2026-05-16 01:35:00+00:00,0.969282726760389,0.8861987681257645,1.0004530805809535
2026-05-16 01:40:00+00:00,0.969282726760389,0.8898843698167255,1.0004530805809535
2026-05-16 01:45:00+00:00,0.969282726760389,0.8936893285972152,1.0004530805809535
2026-05-16 01:50:00+00:00,0.969282726760389,0.8966920427795069,1.0004530805809535
2026-05-16 01:55:00+00:00,0.969282726760389,0.8972573166252519,1.0004530805809535
2026-05-16 02:00:00+00:00,0.969282726760389,0.9002529253755541,1.0004530805809535
2026-05-16 02:05:00+00:00,0.969282726760389,0.9002801280048764,1.0004530805809535
2026-05-16 02:10:00+00:00,0.969282726760389,0.9007311611760068,1.0004530805809535
2026-05-16 02:15:00+00:00,0.969282726760389,0.8983046198016894,1.0004530805809535
2026-05-16 02:20:00+00:00,0.969282726760389,0.8991854163373535,1.0004530805809535
2026-05-16 02:25:00+00:00,0.969282726760389,0.8993198317145559,1.0004530805809535
2026-05-16 02:30:00+00:00,0.969282726760389,0.8964342857986017,1.0004530805809535
2026-05-16 02:35:00+00:00,0.969282726760389,0.896321476318621,1.0004530805809535
2026-05-16 02:40:00+00:00,0.969282726760389,0.8961455881674247,1.0004530805809535
2026-05-16 02:45:00+00:00,0.969282726760389,0.9001295917506081,1.0004530805809535
2026-05-16 02:50:00+00:00,0.969282726760389,0.9021182786431625,1.0004530805809535
2026-05-16 02:55:00+00:00,0.969282726760389,0.9021441848095021,1.0004530805809535
2026-05-16 03:00:00+00:00,0.969282726760389,0.902698582324688,1.0004530805809535
2026-05-16 03:05:00+00:00,0.969282726760389,0.9027974939133891,1.0004530805809535
2026-05-16 03:10:00+00:00,0.969282726760389,0.9023460245915692,1.0004530805809535
2026-05-16 03:15:00+00:00,0.969282726760389,0.899939656638586,1.0004530805809535
2026-05-16 03:20:00+00:00,0.969282726760389,0.8996047286740302,1.0004530805809535
2026-05-16 03:25:00+00:00,0.969282726760389,0.8979505468335535,1.0004530805809535
2026-05-16 03:30:00+00:00,0.969282726760389,0.8973219814507699,1.0004530805809535
2026-05-16 03:35:00+00:00,0.969282726760389,0.8973219814507699,1.0004530805809535
2026-05-16 03:40:00+00:00,0.969282726760389,0.8973219814507699,1.0004530805809535
2026-05-16 03:45:00+00:00,0.969282726760389,0.8973219814507699,1.0004530805809535
2026-05-16 03:50:00+00:00,0.969282726760389,0.8973219814507699,1.0004530805809535
2026-05-16 03:55:00+00:00,0.969282726760389,0.8973219814507699,1.0004530805809535
2026-05-16 04:00:00+00:00,0.969282726760389,0.8973219814507699,1.0004530805809535
2026-05-16 04:05:00+00:00,0.969282726760389,0.8973219814507699,1.0004530805809535
2026-05-16 04:10:00+00:00,0.969282726760389,0.8973219814507699,1.0004530805809535
2026-05-16 04:15:00+00:00,0.969282726760389,0.8973219814507699,1.0004530805809535
2026-05-16 04:20:00+00:00,0.969282726760389,0.8973219814507699,1.0004530805809535
2026-05-16 04:25:00+00:00,0.969282726760389,0.8973219814507699,1.0004530805809535
2026-05-16 04:30:00+00:00,0.969282726760389,0.8973219814507699,1.0004530805809535
2026-05-16 04:35:00+00:00,0.969282726760389,0.8973219814507699,1.0004530805809535
2026-05-16 04:40:00+00:00,0.969282726760389,0.8973219814507699,1.0004530805809535
2026-05-16 04:45:00+00:00,0.969282726760389,0.8973219814507699,1.0004530805809535
2026-05-16 04:50:00+00:00,0.969282726760389,0.8973219814507699,1.0004530805809535
2026-05-16 04:55:00+00:00,0.969282726760389,0.8973219814507699,1.0004530805809535
2026-05-16 05:00:00+00:00,0.969282726760389,0.8973219814507699,1.0004530805809535
2026-05-16 05:05:00+00:00,0.969282726760389,0.8973219814507699,1.0004530805809535
2026-05-16 05:10:00+00:00,0.969282726760389,0.8973219814507699,1.0004530805809535
2026-05-16 05:15:00+00:00,0.969282726760389,0.8973219814507699,1.0004530805809535
2026-05-16 05:20:00+00:00,0.969282726760389,0.8973219814507699,1.0004530805809535
2026-05-16 05:25:00+00:00,0.969282726760389,0.8973219814507699,1.0004530805809535
2026-05-16 05:30:00+00:00,0.969282726760389,0.8973219814507699,1.0004530805809535
2026-05-16 05:35:00+00:00,0.969282726760389,0.8973219814507699,1.0004530805809535
2026-05-16 05:40:00+00:00,0.969282726760389,0.8973219814507699,1.0004530805809535
2026-05-16 05:45:00+00:00,0.969282726760389,0.8973219814507699,1.0004530805809535
2026-05-16 05:50:00+00:00,0.969282726760389,0.8973219814507699,1.0004530805809535
2026-05-16 05:55:00+00:00,0.969282726760389,0.8973219814507699,1.0004530805809535
2026-05-16 06:00:00+00:00,0.969282726760389,0.8973219814507699,1.0004530805809535
2026-05-16 06:05:00+00:00,0.969282726760389,0.8973219814507699,1.0004530805809535
2026-05-16 06:10:00+00:00,0.969282726760389,0.8973219814507699,1.0004530805809535
2026-05-16 06:15:00+00:00,0.969282726760389,0.9008062728138476,1.0004530805809535
2026-05-16 06:20:00+00:00,0.969282726760389,0.9007411396336279,1.0004530805809535
2026-05-16 06:25:00+00:00,0.969282726760389,0.9006719940180927,1.0004530805809535
2026-05-16 06:30:00+00:00,0.969282726760389,0.9009329012137474,1.0004530805809535
2026-05-16 06:35:00+00:00,0.969282726760389,0.8982292782886039,1.0004530805809535
2026-05-16 06:40:00+00:00,0.969282726760389,0.9041332469207923,1.0004530805809535
2026-05-16 06:45:00+00:00,0.969282726760389,0.9032490966875578,1.0004530805809535
2026-05-16 06:50:00+00:00,0.969282726760389,0.8997619497405202,1.0004530805809535
2026-05-16 06:55:00+00:00,0.969282726760389,0.9022618423799112,1.0004530805809535
2026-05-16 07:00:00+00:00,0.969282726760389,0.9031065734096022,1.0004530805809535
2026-05-16 07:05:00+00:00,0.969282726760389,0.9047823051894052,1.0004530805809535
2026-05-16 07:10:00+00:00,0.969282726760389,0.906776301653697,1.0004530805809535
2026-05-16 07:15:00+00:00,0.969282726760389,0.9075055620051562,1.0004530805809535
2026-05-16 07:20:00+00:00,0.969282726760389,0.9043030404450781,1.0004530805809535
2026-05-16 07:25:00+00:00,0.969282726760389,0.900193508406124,1.0004530805809535
2026-05-16 07:30:00+00:00,0.969282726760389,0.9009389519275258,1.0004530805809535
2026-05-16 07:35:00+00:00,0.969282726760389,0.8966935720502021,1.0004530805809535
2026-05-16 07:40:00+00:00,0.969282726760389,0.8960658865497669,1.0004530805809535
2026-05-16 07:45:00+00:00,0.969282726760389,0.8960658865497669,1.0004530805809535
2026-05-16 07:50:00+00:00,0.969282726760389,0.8960658865497669,1.0004530805809535
2026-05-16 07:55:00+00:00,0.969282726760389,0.8960658865497669,1.0004530805809535
2026-05-16 08:00:00+00:00,0.969282726760389,0.8960658865497669,1.0004530805809535
2026-05-16 08:05:00+00:00,0.969282726760389,0.8960658865497669,1.0004530805809535
2026-05-16 08:10:00+00:00,0.969282726760389,0.8973232316447608,1.0004530805809535
2026-05-16 08:15:00+00:00,0.969282726760389,0.8957590725568808,1.0004530805809535
2026-05-16 08:20:00+00:00,0.969282726760389,0.8979037754218834,1.0004530805809535
2026-05-16 08:25:00+00:00,0.969282726760389,0.8971029100077051,1.0004530805809535
2026-05-16 08:30:00+00:00,0.969282726760389,0.8960199038388234,1.0004530805809535
2026-05-16 08:35:00+00:00,0.969282726760389,0.8980313920994276,1.0004530805809535
2026-05-16 08:40:00+00:00,0.969282726760389,0.898100702677054,1.0004530805809535
2026-05-16 08:45:00+00:00,0.969282726760389,0.8987186702743338,1.0004530805809535
2026-05-16 08:50:00+00:00,0.969282726760389,0.898750111058236,1.0004530805809535
2026-05-16 08:55:00+00:00,0.969282726760389,0.8994972609267271,1.0004530805809535
2026-05-16 09:00:00+00:00,0.969282726760389,0.9004413783483909,1.0004530805809535
2026-05-16 09:05:00+00:00,0.969282726760389,0.8961485410347243,1.0004530805809535
2026-05-16 09:10:00+00:00,0.969282726760389,0.8976241038207613,1.0004530805809535
2026-05-16 09:15:00+00:00,0.969282726760389,0.8954521495446696,1.0004530805809535
2026-05-16 09:20:00+00:00,0.969282726760389,0.8922715093803641,1.0004530805809535
2026-05-16 09:25:00+00:00,0.969282726760389,0.8916469193237979,1.0004530805809535
2026-05-16 09:30:00+00:00,0.969282726760389,0.8916469193237979,1.0004530805809535
2026-05-16 09:35:00+00:00,0.969282726760389,0.8916469193237979,1.0004530805809535
2026-05-16 09:40:00+00:00,0.969282726760389,0.8916469193237979,1.0004530805809535
2026-05-16 09:45:00+00:00,0.969282726760389,0.8916469193237979,1.0004530805809535
2026-05-16 09:50:00+00:00,0.969282726760389,0.8916469193237979,1.0004530805809535
2026-05-16 09:55:00+00:00,0.969282726760389,0.8916469193237979,1.0004530805809535
2026-05-16 10:00:00+00:00,0.969282726760389,0.8916469193237979,1.0004530805809535
2026-05-16 10:05:00+00:00,0.969282726760389,0.8916469193237979,1.0004530805809535
2026-05-16 10:10:00+00:00,0.969282726760389,0.8916469193237979,1.0004530805809535
2026-05-16 10:15:00+00:00,0.969282726760389,0.8916469193237979,1.0004530805809535
2026-05-16 10:20:00+00:00,0.969282726760389,0.8916469193237979,1.0004530805809535
2026-05-16 10:25:00+00:00,0.969282726760389,0.8916469193237979,1.0004530805809535
2026-05-16 10:30:00+00:00,0.969282726760389,0.8953210241347846,1.0004530805809535
2026-05-16 10:35:00+00:00,0.969282726760389,0.8953478130989998,1.0004530805809535
2026-05-16 10:40:00+00:00,0.969282726760389,0.8958354199606621,1.0004530805809535
2026-05-16 10:45:00+00:00,0.969282726760389,0.8960635670792506,1.0004530805809535
2026-05-16 10:50:00+00:00,0.969282726760389,0.8961250076022101,1.0004530805809535
2026-05-16 10:55:00+00:00,0.969282726760389,0.8956256983095267,1.0004530805809535
2026-05-16 11:00:00+00:00,0.969282726760389,0.8935286041467104,1.0004530805809535
2026-05-16 11:05:00+00:00,0.969282726760389,0.8959745136875887,1.0004530805809535
2026-05-16 11:10:00+00:00,0.969282726760389,0.8985613022144483,1.0004530805809535
2026-05-16 11:15:00+00:00,0.969282726760389,0.9009816718806349,1.0004530805809535
2026-05-16 11:20:00+00:00,0.969282726760389,0.9003387170733179,1.0004530805809535
2026-05-16 11:25:00+00:00,0.969282726760389,0.89756834060865,1.0004530805809535
2026-05-16 11:30:00+00:00,0.969282726760389,0.8985226932601051,1.0004530805809535
2026-05-16 11:35:00+00:00,0.969282726760389,0.9040515900375885,1.0004530805809535
2026-05-16 11:40:00+00:00,0.969282726760389,0.9078442734216452,1.0004530805809535
2026-05-16 11:45:00+00:00,0.969282726760389,0.909707974026956,1.0004530805809535
2026-05-16 11:50:00+00:00,0.969282726760389,0.9109585890079425,1.0004530805809535
2026-05-16 11:55:00+00:00,0.969282726760389,0.9118756449879326,1.0004530805809535
2026-05-16 12:00:00+00:00,0.969282726760389,0.9117883994752018,1.0004530805809535
2026-05-16 12:05:00+00:00,0.969282726760389,0.9124890592329998,1.0004530805809535
2026-05-16 12:10:00+00:00,0.969282726760389,0.91012295823902,1.0004530805809535
2026-05-16 12:15:00+00:00,0.969282726760389,0.9116393774593575,1.0004530805809535
2026-05-16 12:20:00+00:00,0.969282726760389,0.9135765971647601,1.0004530805809535
2026-05-16 12:25:00+00:00,0.969282726760389,0.9124960432837046,1.0004530805809535
2026-05-16 12:30:00+00:00,0.969282726760389,0.9159466173180338,1.0004530805809535
2026-05-16 12:35:00+00:00,0.969282726760389,0.9150650360944105,1.0004530805809535
2026-05-16 12:40:00+00:00,0.969282726760389,0.9148330194995669,1.0004530805809535
2026-05-16 12:45:00+00:00,0.969282726760389,0.9151653458120592,1.0004530805809535
2026-05-16 12:50:00+00:00,0.969282726760389,0.9115713549814922,1.0004530805809535
2026-05-16 12:55:00+00:00,0.969282726760389,0.9129693492158029,1.0004530805809535
2026-05-16 13:00:00+00:00,0.969282726760389,0.9083158601963457,1.0004530805809535
2026-05-16 13:05:00+00:00,0.969282726760389,0.9076800390942082,1.0004530805809535
2026-05-16 13:10:00+00:00,0.969282726760389,0.9076800390942082,1.0004530805809535
2026-05-16 13:15:00+00:00,0.969282726760389,0.9076800390942082,1.0004530805809535
2026-05-16 13:20:00+00:00,0.969282726760389,0.9076800390942082,1.0004530805809535
2026-05-16 13:25:00+00:00,0.969282726760389,0.9076800390942082,1.0004530805809535
2026-05-16 13:30:00+00:00,0.969282726760389,0.9076800390942082,1.0004530805809535
2026-05-16 13:35:00+00:00,0.969282726760389,0.9076800390942082,1.0004530805809535
2026-05-16 13:40:00+00:00,0.969282726760389,0.9076800390942082,1.0004530805809535
2026-05-16 13:45:00+00:00,0.969282726760389,0.9076800390942082,1.0004530805809535
2026-05-16 13:50:00+00:00,0.969282726760389,0.9076800390942082,1.0004530805809535
2026-05-16 13:55:00+00:00,0.969282726760389,0.9076800390942082,1.0004530805809535
2026-05-16 14:00:00+00:00,0.969282726760389,0.9076800390942082,1.0004530805809535
2026-05-16 14:05:00+00:00,0.969282726760389,0.9076800390942082,1.0004530805809535
2026-05-16 14:10:00+00:00,0.969282726760389,0.9076800390942082,1.0004530805809535
2026-05-16 14:15:00+00:00,0.969282726760389,0.9076800390942082,1.0004530805809535
2026-05-16 14:20:00+00:00,0.969282726760389,0.9076800390942082,1.0004530805809535
2026-05-16 14:25:00+00:00,0.969282726760389,0.9076800390942082,1.0004530805809535
2026-05-16 14:30:00+00:00,0.969282726760389,0.9076800390942082,1.0004530805809535
2026-05-16 14:35:00+00:00,0.969282726760389,0.9076800390942082,1.0004530805809535
2026-05-16 14:40:00+00:00,0.969282726760389,0.9076800390942082,1.0004530805809535
2026-05-16 14:45:00+00:00,0.969282726760389,0.9076800390942082,1.0004530805809535
2026-05-16 14:50:00+00:00,0.969282726760389,0.9076800390942082,1.0004530805809535
2026-05-16 14:55:00+00:00,0.969282726760389,0.9076800390942082,1.0004530805809535
2026-05-16 15:00:00+00:00,0.969282726760389,0.9076800390942082,1.0004530805809535
2026-05-16 15:05:00+00:00,0.969282726760389,0.9076800390942082,1.0004530805809535
2026-05-16 15:10:00+00:00,0.969282726760389,0.9076800390942082,1.0004530805809535
2026-05-16 15:15:00+00:00,0.969282726760389,0.9076800390942082,1.0004530805809535
2026-05-16 15:20:00+00:00,0.969282726760389,0.9076800390942082,1.0004530805809535
2026-05-16 15:25:00+00:00,0.969282726760389,0.9077388006062117,1.0004530805809535
2026-05-16 15:30:00+00:00,0.969282726760389,0.9090606578697784,1.0004530805809535
2026-05-16 15:35:00+00:00,0.969282726760389,0.9064832969538379,1.0004530805809535
2026-05-16 15:40:00+00:00,0.969282726760389,0.9062871957055089,1.0004530805809535
2026-05-16 15:45:00+00:00,0.969282726760389,0.9083927563651286,1.0004530805809535
2026-05-16 15:50:00+00:00,0.969282726760389,0.9103362538081874,1.0004530805809535
2026-05-16 15:55:00+00:00,0.969282726760389,0.910812129722021,1.0004530805809535
2026-05-16 16:00:00+00:00,0.969282726760389,0.9128068061764056,1.0004530805809535
2026-05-16 16:05:00+00:00,0.969282726760389,0.9139132641201019,1.0004530805809535
2026-05-16 16:10:00+00:00,0.969282726760389,0.9166244387286901,1.0004530805809535
2026-05-16 16:15:00+00:00,0.969282726760389,0.9172795579649757,1.0004530805809535
2026-05-16 16:20:00+00:00,0.969282726760389,0.9164752822759215,1.0004530805809535
2026-05-16 16:25:00+00:00,0.969282726760389,0.917235488430832,1.0004530805809535
2026-05-16 16:30:00+00:00,0.969282726760389,0.9106272432945917,1.0004530805809535
2026-05-16 16:35:00+00:00,0.969282726760389,0.9114883976518612,1.0004530805809535
2026-05-16 16:40:00+00:00,0.969282726760389,0.9033202000175351,1.0004530805809535
2026-05-16 16:45:00+00:00,0.969282726760389,0.9026878758775227,1.0004530805809535
2026-05-16 16:50:00+00:00,0.969282726760389,0.9026878758775227,1.0004530805809535
2026-05-16 16:55:00+00:00,0.969282726760389,0.9026878758775227,1.0004530805809535
2026-05-16 17:00:00+00:00,0.969282726760389,0.9026878758775227,1.0004530805809535
2026-05-16 17:05:00+00:00,0.969282726760389,0.9026878758775227,1.0004530805809535
2026-05-16 17:10:00+00:00,0.969282726760389,0.9026878758775227,1.0004530805809535
2026-05-16 17:15:00+00:00,0.969282726760389,0.9026878758775227,1.0004530805809535
2026-05-16 17:20:00+00:00,0.969282726760389,0.9026878758775227,1.0004530805809535
2026-05-16 17:25:00+00:00,0.969282726760389,0.9026878758775227,1.0004530805809535
2026-05-16 17:30:00+00:00,0.969282726760389,0.9026878758775227,1.0004530805809535
2026-05-16 17:35:00+00:00,0.969282726760389,0.9026878758775227,1.0004530805809535
2026-05-16 17:40:00+00:00,0.969282726760389,0.9026878758775227,1.0004530805809535
2026-05-16 17:45:00+00:00,0.969282726760389,0.9026878758775227,1.0004530805809535
2026-05-16 17:50:00+00:00,0.969282726760389,0.9026878758775227,1.0004530805809535
2026-05-16 17:55:00+00:00,0.969282726760389,0.9026878758775227,1.0004530805809535
2026-05-16 18:00:00+00:00,0.969282726760389,0.9026878758775227,1.0004530805809535
2026-05-16 18:05:00+00:00,0.969282726760389,0.9026878758775227,1.0004530805809535
2026-05-16 18:10:00+00:00,0.969282726760389,0.9026878758775227,1.0004530805809535
2026-05-16 18:15:00+00:00,0.969282726760389,0.9026878758775227,1.0004530805809535
2026-05-16 18:20:00+00:00,0.969282726760389,0.9026878758775227,1.0004530805809535
2026-05-16 18:25:00+00:00,0.969282726760389,0.9026878758775227,1.0004530805809535
2026-05-16 18:30:00+00:00,0.969282726760389,0.9026878758775227,1.0004530805809535
2026-05-16 18:35:00+00:00,0.969282726760389,0.9026878758775227,1.0004530805809535
2026-05-16 18:40:00+00:00,0.969282726760389,0.9026878758775227,1.0004530805809535
2026-05-16 18:45:00+00:00,0.969282726760389,0.9026878758775227,1.0004530805809535
2026-05-16 18:50:00+00:00,0.969282726760389,0.9026878758775227,1.0004530805809535
2026-05-16 18:55:00+00:00,0.969282726760389,0.9026878758775227,1.0004530805809535
2026-05-16 19:00:00+00:00,0.969282726760389,0.9026878758775227,1.0004530805809535
2026-05-16 19:05:00+00:00,0.969282726760389,0.9026878758775227,1.0004530805809535
2026-05-16 19:10:00+00:00,0.969282726760389,0.9026878758775227,1.0004530805809535
2026-05-16 19:15:00+00:00,0.969282726760389,0.9026878758775227,1.0004530805809535
2026-05-16 19:20:00+00:00,0.969282726760389,0.9026878758775227,1.0004530805809535
2026-05-16 19:25:00+00:00,0.969282726760389,0.9026878758775227,1.0004530805809535
2026-05-16 19:30:00+00:00,0.969282726760389,0.9026878758775227,1.0004530805809535
2026-05-16 19:35:00+00:00,0.969282726760389,0.9026878758775227,1.0004530805809535
2026-05-16 19:40:00+00:00,0.969282726760389,0.9026878758775227,1.0004530805809535
2026-05-16 19:45:00+00:00,0.969282726760389,0.9026878758775227,1.0004530805809535
2026-05-16 19:50:00+00:00,0.969282726760389,0.9026878758775227,1.0004530805809535
2026-05-16 19:55:00+00:00,0.969282726760389,0.9026878758775227,1.0004530805809535
2026-05-16 20:00:00+00:00,0.969282726760389,0.9026878758775227,1.0004530805809535
2026-05-16 20:05:00+00:00,0.969282726760389,0.9026878758775227,1.0004530805809535
2026-05-16 20:10:00+00:00,0.969282726760389,0.9026878758775227,1.0004530805809535
2026-05-16 20:15:00+00:00,0.969282726760389,0.9026878758775227,1.0004530805809535
2026-05-16 20:20:00+00:00,0.969282726760389,0.9026878758775227,1.0004530805809535
2026-05-16 20:25:00+00:00,0.969282726760389,0.9018120422613272,1.0004530805809535
2026-05-16 20:30:00+00:00,0.969282726760389,0.902597675805221,1.0004530805809535
2026-05-16 20:35:00+00:00,0.969282726760389,0.9043075209229092,1.0004530805809535
2026-05-16 20:40:00+00:00,0.969282726760389,0.9045783793848405,1.0004530805809535
2026-05-16 20:45:00+00:00,0.969282726760389,0.9048707220874548,1.0004530805809535
2026-05-16 20:50:00+00:00,0.969282726760389,0.9067122321179298,1.0004530805809535
2026-05-16 20:55:00+00:00,0.969282726760389,0.9065800422370155,1.0004530805809535
2026-05-16 21:00:00+00:00,0.969282726760389,0.9049505717466534,1.0004530805809535
2026-05-16 21:05:00+00:00,0.969282726760389,0.90402599174321,1.0004530805809535
2026-05-16 21:10:00+00:00,0.969282726760389,0.905441550603064,1.0004530805809535
2026-05-16 21:15:00+00:00,0.969282726760389,0.9054486686922409,1.0004530805809535
2026-05-16 21:20:00+00:00,0.969282726760389,0.9062094968904177,1.0004530805809535
2026-05-16 21:25:00+00:00,0.969282726760389,0.9077094793661509,1.0004530805809535
2026-05-16 21:30:00+00:00,0.969282726760389,0.9068707580441997,1.0004530805809535
2026-05-16 21:35:00+00:00,0.969282726760389,0.9085649908770238,1.0004530805809535
2026-05-16 21:40:00+00:00,0.969282726760389,0.9094151224644347,1.0004530805809535
2026-05-16 21:45:00+00:00,0.969282726760389,0.9066489352962328,1.0004530805809535
2026-05-16 21:50:00+00:00,0.969282726760389,0.9098817042865069,1.0004530805809535
2026-05-16 21:55:00+00:00,0.969282726760389,0.9087586176624378,1.0004530805809535
2026-05-16 22:00:00+00:00,0.969282726760389,0.9050553773810976,1.0004530805809535
2026-05-16 22:05:00+00:00,0.969282726760389,0.9027250491717043,1.0004530805809535
2026-05-16 22:10:00+00:00,0.969282726760389,0.902093141637284,1.0004530805809535
2026-05-16 22:15:00+00:00,0.969282726760389,0.902093141637284,1.0004530805809535
2026-05-16 22:20:00+00:00,0.969282726760389,0.902093141637284,1.0004530805809535
2026-05-16 22:25:00+00:00,0.969282726760389,0.902093141637284,1.0004530805809535
2026-05-16 22:30:00+00:00,0.969282726760389,0.902093141637284,1.0004530805809535
2026-05-16 22:35:00+00:00,0.969282726760389,0.902093141637284,1.0004530805809535
2026-05-16 22:40:00+00:00,0.969282726760389,0.902093141637284,1.0004530805809535
2026-05-16 22:45:00+00:00,0.969282726760389,0.902093141637284,1.0004530805809535
2026-05-16 22:50:00+00:00,0.969282726760389,0.902093141637284,1.0004530805809535
2026-05-16 22:55:00+00:00,0.969282726760389,0.902093141637284,1.0004530805809535
2026-05-16 23:00:00+00:00,0.969282726760389,0.902093141637284,1.0004530805809535
2026-05-16 23:05:00+00:00,0.969282726760389,0.902093141637284,1.0004530805809535
2026-05-16 23:10:00+00:00,0.969282726760389,0.9013809792459831,1.0004530805809535
2026-05-16 23:15:00+00:00,0.969282726760389,0.9013908546793444,1.0004530805809535
2026-05-16 23:20:00+00:00,0.969282726760389,0.8990620214680457,1.0004530805809535
2026-05-16 23:25:00+00:00,0.969282726760389,0.8964230979296303,1.0004530805809535
2026-05-16 23:30:00+00:00,0.969282726760389,0.8959740462914266,1.0004530805809535
2026-05-16 23:35:00+00:00,0.969282726760389,0.8970791192431596,1.0004530805809535
2026-05-16 23:40:00+00:00,0.969282726760389,0.8960041485011193,1.0004530805809535
2026-05-16 23:45:00+00:00,0.969282726760389,0.897170104517882,1.0004530805809535
2026-05-16 23:50:00+00:00,0.969282726760389,0.8971727607139948,1.0004530805809535
2026-05-16 23:55:00+00:00,0.969282726760389,0.8949866416498005,1.0004530805809535
2026-05-17 00:00:00+00:00,0.969282726760389,0.8943601510006456,1.0004530805809535
2026-05-17 00:05:00+00:00,0.969282726760389,0.8943601510006456,1.0004530805809535
2026-05-17 00:10:00+00:00,0.969282726760389,0.8943601510006456,1.0004530805809535
2026-05-17 00:15:00+00:00,0.969282726760389,0.8943601510006456,1.0004530805809535
2026-05-17 00:20:00+00:00,0.966271751127252,0.8943601510006456,1.0004530805809535
2026-05-17 00:25:00+00:00,0.9655953609014629,0.8943601510006456,1.0004530805809535
2026-05-17 00:30:00+00:00,0.9655953609014629,0.8943601510006456,1.0004530805809535
2026-05-17 00:35:00+00:00,0.9655953609014629,0.8943601510006456,1.0004530805809535
2026-05-17 00:40:00+00:00,0.9655953609014629,0.8943601510006456,1.0004530805809535
2026-05-17 00:45:00+00:00,0.9655953609014629,0.8943601510006456,1.0004530805809535
2026-05-17 00:50:00+00:00,0.9655953609014629,0.8943601510006456,1.0004530805809535
2026-05-17 00:55:00+00:00,0.9655953609014629,0.8943601510006456,1.0004530805809535
2026-05-17 01:00:00+00:00,0.9655953609014629,0.8943601510006456,1.0004530805809535
2026-05-17 01:05:00+00:00,0.9655953609014629,0.8943601510006456,1.0004530805809535
2026-05-17 01:10:00+00:00,0.9655953609014629,0.8943601510006456,1.0004530805809535
2026-05-17 01:15:00+00:00,0.9655953609014629,0.8943601510006456,1.0004530805809535
2026-05-17 01:20:00+00:00,0.9655953609014629,0.8943601510006456,1.0004530805809535
2026-05-17 01:25:00+00:00,0.9655953609014629,0.8943601510006456,1.0004530805809535
2026-05-17 01:30:00+00:00,0.9614054542858792,0.8943601510006456,1.0004530805809535
2026-05-17 01:35:00+00:00,0.960732470467879,0.8943601510006456,1.0004530805809535
2026-05-17 01:40:00+00:00,0.960732470467879,0.8943601510006456,1.0004530805809535
2026-05-17 01:45:00+00:00,0.960732470467879,0.8943601510006456,1.0004530805809535
2026-05-17 01:50:00+00:00,0.960732470467879,0.8943601510006456,1.0004530805809535
2026-05-17 01:55:00+00:00,0.960732470467879,0.8943601510006456,1.0004530805809535
2026-05-17 02:00:00+00:00,0.960732470467879,0.8943601510006456,1.0004530805809535
2026-05-17 02:05:00+00:00,0.960732470467879,0.8927277578474985,1.0004530805809535
2026-05-17 02:10:00+00:00,0.960732470467879,0.8952257069797952,1.0004530805809535
2026-05-17 02:15:00+00:00,0.960732470467879,0.893803908052361,1.0004530805809535
2026-05-17 02:20:00+00:00,0.960732470467879,0.893671462909243,1.0004530805809535
2026-05-17 02:25:00+00:00,0.960732470467879,0.891311242380968,1.0004530805809535
2026-05-17 02:30:00+00:00,0.960732470467879,0.8923129445352308,1.0004530805809535
2026-05-17 02:35:00+00:00,0.960732470467879,0.8955008303971442,1.0004530805809535
2026-05-17 02:40:00+00:00,0.960732470467879,0.8953303464953433,1.0004530805809535
2026-05-17 02:45:00+00:00,0.960732470467879,0.8948959223242734,1.0004530805809535
2026-05-17 02:50:00+00:00,0.960732470467879,0.8924385361988153,1.0004530805809535
2026-05-17 02:55:00+00:00,0.960732470467879,0.8919341911628034,1.0004530805809535
2026-05-17 03:00:00+00:00,0.960732470467879,0.8884360751633652,1.0004530805809535
2026-05-17 03:05:00+00:00,0.960732470467879,0.8878141699107508,1.0004530805809535
2026-05-17 03:10:00+00:00,0.960732470467879,0.8878141699107508,1.0004530805809535
2026-05-17 03:15:00+00:00,0.960732470467879,0.8878141699107508,1.0004530805809535
2026-05-17 03:20:00+00:00,0.9667429362316412,0.8878141699107508,1.0004530805809535
2026-05-17 03:25:00+00:00,0.965345176776397,0.8878141699107508,1.0004530805809535
2026-05-17 03:30:00+00:00,0.9687704905484004,0.8878141699107508,1.0004530805809535
2026-05-17 03:35:00+00:00,0.9693537896258827,0.8878141699107508,1.0004530805809535
2026-05-17 03:40:00+00:00,0.9689925599308742,0.8878141699107508,1.0004530805809535
2026-05-17 03:45:00+00:00,0.9700278787049034,0.8878141699107508,1.0004530805809535
2026-05-17 03:50:00+00:00,0.9701765479409044,0.8878141699107508,1.0004530805809535
2026-05-17 03:55:00+00:00,0.9704413170317312,0.8878141699107508,1.0004530805809535
2026-05-17 04:00:00+00:00,0.9694645128596994,0.8878141699107508,1.0004530805809535
2026-05-17 04:05:00+00:00,0.9661263171627374,0.8878141699107508,1.0004530805809535
2026-05-17 04:10:00+00:00,0.9624539834557293,0.8878141699107508,1.0004530805809535
2026-05-17 04:15:00+00:00,0.9640070197277157,0.8878141699107508,1.0004530805809535
2026-05-17 04:20:00+00:00,0.9633495345025336,0.8878141699107508,1.0004530805809535
2026-05-17 04:25:00+00:00,0.9619341236314373,0.8878141699107508,1.0004530805809535
2026-05-17 04:30:00+00:00,0.9619547696573169,0.8878141699107508,1.0004530805809535
2026-05-17 04:35:00+00:00,0.9638439067718972,0.8878141699107508,1.0004530805809535
2026-05-17 04:40:00+00:00,0.9642734079905471,0.8878141699107508,1.0004530805809535
2026-05-17 04:45:00+00:00,0.9627141832454271,0.8878141699107508,1.0004530805809535
2026-05-17 04:50:00+00:00,0.9656320435373464,0.8878141699107508,1.0004530805809535
2026-05-17 04:55:00+00:00,0.9694024801366531,0.8878141699107508,1.0004530805809535
2026-05-17 05:00:00+00:00,0.9705866168546435,0.8878141699107508,1.0004530805809535
2026-05-17 05:05:00+00:00,0.9729216786285877,0.8878141699107508,1.0004530805809535
2026-05-17 05:10:00+00:00,0.9759082019870822,0.8899179735823641,1.0004530805809535
2026-05-17 05:15:00+00:00,0.9786337429606864,0.8924033588831608,1.0004530805809535
2026-05-17 05:20:00+00:00,0.9801182132048877,0.8937570279566177,1.0004530805809535
2026-05-17 05:25:00+00:00,0.9815667834250762,0.8950779602659447,1.0004530805809535
2026-05-17 05:30:00+00:00,0.9828266558521647,0.8962268215164229,1.0004530805809535
2026-05-17 05:35:00+00:00,0.9801696010475289,0.893803887860753,1.0004530805809535
2026-05-17 05:40:00+00:00,0.9818662424939887,0.8953510330890184,1.0004530805809535
2026-05-17 05:45:00+00:00,0.978587465683948,0.8923611592374829,1.0004530805809535
2026-05-17 05:50:00+00:00,0.9766711622499974,0.8906137071049587,1.0004530805809535
2026-05-17 05:55:00+00:00,0.9798181231467169,0.893483379742661,1.0004530805809535
2026-05-17 06:00:00+00:00,0.981852052553128,0.8953380934668387,1.0004530805809535
2026-05-17 06:05:00+00:00,0.9854626096368527,0.898630513426943,1.0004530805809535
2026-05-17 06:10:00+00:00,0.9848027030945979,0.8980287532494577,1.0004530805809535
2026-05-17 06:15:00+00:00,0.9820072446783088,0.8954796111436814,1.0004530805809535
2026-05-17 06:20:00+00:00,0.9814252934217987,0.8949489373755312,1.0004530805809535
2026-05-17 06:25:00+00:00,0.9816728716682123,0.8951747007525607,1.0004530805809535
2026-05-17 06:30:00+00:00,0.9818646856103822,0.8953496133871437,1.0004530805809535
2026-05-17 06:35:00+00:00,0.9846155623387358,0.8978581020325785,1.0004530805809535
2026-05-17 06:40:00+00:00,0.9837387206890444,0.8970585215572253,1.0004530805809535
2026-05-17 06:45:00+00:00,0.9845940606335202,0.8978384949077536,1.0004530805809535
2026-05-17 06:50:00+00:00,0.9821956536985856,0.8956514188743552,1.0004530805809535
2026-05-17 06:55:00+00:00,0.9832880776282341,0.8966475860218248,1.0004530805809535
2026-05-17 07:00:00+00:00,0.983296087349027,0.8966548899818514,1.0004530805809535
2026-05-17 07:05:00+00:00,0.9814790178727705,0.8949979280023578,1.0004530805809535
2026-05-17 07:10:00+00:00,0.9809085321003209,0.8944777094597303,1.0004530805809535
2026-05-17 07:15:00+00:00,0.9804633323708234,0.8940717376272289,1.0004530805809535
2026-05-17 07:20:00+00:00,0.9798104465356201,0.8934458874108898,1.0004530805809535
2026-05-17 07:25:00+00:00,0.9841027300704848,0.8934458874108898,1.0004530805809535
2026-05-17 07:30:00+00:00,0.9838641786783631,0.8934458874108898,1.0004530805809535
2026-05-17 07:35:00+00:00,0.9832727350281795,0.8934458874108898,1.0004530805809535
2026-05-17 07:40:00+00:00,0.9781975721707119,0.8934458874108898,1.0004530805809535
2026-05-17 07:45:00+00:00,0.9760421141419573,0.8934458874108898,1.0004530805809535
2026-05-17 07:50:00+00:00,0.9754092162441016,0.8934458874108898,1.0004530805809535
2026-05-17 07:55:00+00:00,0.9737603873201558,0.8934458874108898,1.0004530805809535
2026-05-17 08:00:00+00:00,0.9770863454359903,0.8897688379064327,1.0004530805809535
2026-05-17 08:05:00+00:00,0.9766892414492285,0.8901304546197143,1.0004530805809535
2026-05-17 08:10:00+00:00,0.9797997038126103,0.8872956560368137,1.0004530805809535
2026-05-17 08:15:00+00:00,0.9799493584601395,0.8866745490775879,1.0004530805809535
2026-05-17 08:20:00+00:00,0.9800398445463759,0.8866745490775879,1.0004530805809535
2026-05-17 08:25:00+00:00,0.9798256071291145,0.8866745490775879,1.0004530805809535
2026-05-17 08:30:00+00:00,0.9798352512916713,0.8866745490775879,1.0004530805809535
2026-05-17 08:35:00+00:00,0.9840000547852669,0.8866745490775879,1.0004530805809535
2026-05-17 08:40:00+00:00,0.97838467285137,0.8866745490775879,1.0004530805809535
2026-05-17 08:45:00+00:00,0.9735650976439313,0.8866745490775879,1.0004530805809535
2026-05-17 08:50:00+00:00,0.9722616196740043,0.8866745490775879,1.0004530805809535
2026-05-17 08:55:00+00:00,0.972296935173805,0.8860216701762064,1.0004530805809535
2026-05-17 09:00:00+00:00,0.973954430255542,0.8845112503574224,1.0004530805809535
2026-05-17 09:05:00+00:00,0.9750924706509722,0.8834777219891032,1.0004530805809535
2026-05-17 09:10:00+00:00,0.974168881804758,0.884314535106287,1.0004530805809535
2026-05-17 09:15:00+00:00,0.9766219111028694,0.8820877656991769,1.0004530805809535
2026-05-17 09:20:00+00:00,0.979108058292354,0.8798422702882709,1.0004530805809535
2026-05-17 09:25:00+00:00,0.9795532894739307,0.8792263806990691,1.0004530805809535
2026-05-17 09:30:00+00:00,0.9818832585828676,0.8792263806990691,1.0004530805809535
2026-05-17 09:35:00+00:00,0.982544497292383,0.8792263806990691,1.0004530805809535
2026-05-17 09:40:00+00:00,0.9811846619041531,0.8792263806990691,1.0004530805809535
2026-05-17 09:45:00+00:00,0.9828760119848859,0.8792263806990691,1.0004530805809535
2026-05-17 09:50:00+00:00,0.9831447742363156,0.8792263806990691,1.0004530805809535
2026-05-17 09:55:00+00:00,0.9831484921466467,0.8792263806990691,1.0004530805809535
2026-05-17 10:00:00+00:00,0.986728647470416,0.8792263806990691,1.0004530805809535
2026-05-17 10:05:00+00:00,0.9807799876789619,0.8792263806990691,1.0004530805809535
2026-05-17 10:10:00+00:00,0.9773556225098994,0.8792263806990691,1.0004530805809535
2026-05-17 10:15:00+00:00,0.9744975706245514,0.8792263806990691,1.0004530805809535
2026-05-17 10:20:00+00:00,0.9736249582198897,0.8792263806990691,1.0004530805809535
2026-05-17 10:25:00+00:00,0.9730139513433506,0.8792263806990691,1.0004530805809535
2026-05-17 10:30:00+00:00,0.9694022597945382,0.8792263806990691,1.0004530805809535
2026-05-17 10:35:00+00:00,0.968723678212682,0.8807451526221275,1.0004530805809535
2026-05-17 10:40:00+00:00,0.968723678212682,0.8826135211467836,1.0004530805809535
2026-05-17 10:45:00+00:00,0.968723678212682,0.8772450636581007,1.0004530805809535
2026-05-17 10:50:00+00:00,0.968723678212682,0.8733359965284084,1.0004530805809535
2026-05-17 10:55:00+00:00,0.968723678212682,0.8727246613308385,1.0004530805809535
2026-05-17 11:00:00+00:00,0.968723678212682,0.8727246613308385,1.0004530805809535
2026-05-17 11:05:00+00:00,0.968723678212682,0.8727246613308385,1.0004530805809535
2026-05-17 11:10:00+00:00,0.968723678212682,0.8727246613308385,1.0004530805809535
2026-05-17 11:15:00+00:00,0.968723678212682,0.8727246613308385,1.0004530805809535
2026-05-17 11:20:00+00:00,0.968723678212682,0.8727246613308385,1.0004530805809535
2026-05-17 11:25:00+00:00,0.968723678212682,0.8722960369920973,1.0004530805809535
2026-05-17 11:30:00+00:00,0.968723678212682,0.8757330228127094,1.0004530805809535
2026-05-17 11:35:00+00:00,0.968723678212682,0.877377551559082,1.0004530805809535
2026-05-17 11:40:00+00:00,0.968723678212682,0.8770553152506217,1.0004530805809535
2026-05-17 11:45:00+00:00,0.968723678212682,0.8762620308781547,1.0004530805809535
2026-05-17 11:50:00+00:00,0.968723678212682,0.8753585209933336,1.0004530805809535
2026-05-17 11:55:00+00:00,0.968723678212682,0.8782055863177587,1.0004530805809535
2026-05-17 12:00:00+00:00,0.968723678212682,0.8763511751933509,1.0004530805809535
2026-05-17 12:05:00+00:00,0.968723678212682,0.8780793877956948,1.0004530805809535
2026-05-17 12:10:00+00:00,0.968723678212682,0.8767067409783081,1.0004530805809535
2026-05-17 12:15:00+00:00,0.968723678212682,0.8767293375335584,1.0004530805809535
2026-05-17 12:20:00+00:00,0.968723678212682,0.8797013839378659,1.0004530805809535
2026-05-17 12:25:00+00:00,0.968723678212682,0.8803870413066569,1.0004530805809535
2026-05-17 12:30:00+00:00,0.968723678212682,0.8795925825514481,1.0004530805809535
2026-05-17 12:35:00+00:00,0.968723678212682,0.8782608103518016,1.0004530805809535
2026-05-17 12:40:00+00:00,0.968723678212682,0.8785658687654385,1.0004530805809535
2026-05-17 12:45:00+00:00,0.968723678212682,0.8752385573002465,1.0004530805809535
2026-05-17 12:50:00+00:00,0.968723678212682,0.8730596107615234,1.0004530805809535
2026-05-17 12:55:00+00:00,0.968723678212682,0.8724484690339903,1.0004530805809535
2026-05-17 13:00:00+00:00,0.968723678212682,0.8724484690339903,1.0004530805809535
2026-05-17 13:05:00+00:00,0.968723678212682,0.8724484690339903,1.0004530805809535
2026-05-17 13:10:00+00:00,0.968723678212682,0.8724484690339903,1.0004530805809535
2026-05-17 13:15:00+00:00,0.968723678212682,0.8724484690339903,1.0004530805809535
2026-05-17 13:20:00+00:00,0.968723678212682,0.8724484690339903,1.0004530805809535
2026-05-17 13:25:00+00:00,0.968723678212682,0.8724484690339903,1.0004530805809535
2026-05-17 13:30:00+00:00,0.968723678212682,0.8724484690339903,1.0004530805809535
2026-05-17 13:35:00+00:00,0.9712011922820868,0.8724484690339903,1.0004530805809535
2026-05-17 13:40:00+00:00,0.9723651404228844,0.8724484690339903,1.0004530805809535
2026-05-17 13:45:00+00:00,0.9713559228578754,0.8724484690339903,1.0004530805809535
2026-05-17 13:50:00+00:00,0.9716008509343708,0.8724484690339903,1.0004530805809535
2026-05-17 13:55:00+00:00,0.9731587805914966,0.8724484690339903,1.0004530805809535
2026-05-17 14:00:00+00:00,0.9747759015769638,0.8724484690339903,1.0004530805809535
2026-05-17 14:05:00+00:00,0.9764872505734273,0.8724484690339903,1.0004530805809535
2026-05-17 14:10:00+00:00,0.9786036042003015,0.8737286241166204,1.0004530805809535
2026-05-17 14:15:00+00:00,0.973078254731345,0.8687954152376077,1.0004530805809535
2026-05-17 14:20:00+00:00,0.9723632004119749,0.8681569918515193,1.0004530805809535
2026-05-17 14:25:00+00:00,0.9702328493821797,0.8662549462570015,1.0004530805809535
2026-05-17 14:30:00+00:00,0.9714025313993495,0.8656485677946216,1.0004530805809535
2026-05-17 14:35:00+00:00,0.9718476834237417,0.8656485677946216,1.0004530805809535
2026-05-17 14:40:00+00:00,0.9735568045576983,0.8656485677946216,1.0004530805809535
2026-05-17 14:45:00+00:00,0.9799054764760594,0.8656485677946216,1.0004530805809535
2026-05-17 14:50:00+00:00,0.9832311901526342,0.8656485677946216,1.0004530805809535
2026-05-17 14:55:00+00:00,0.9876136107052796,0.8689009495709547,1.0004530805809535
2026-05-17 15:00:00+00:00,0.9930804105652143,0.8737106317562978,1.0004530805809535
2026-05-17 15:05:00+00:00,0.9960046963919972,0.8762834139700767,1.0004530805809535
2026-05-17 15:10:00+00:00,0.9927427003048914,0.8734135147839377,1.0004530805809535
2026-05-17 15:15:00+00:00,0.992851070233838,0.8735088584822687,1.0004530805809535
2026-05-17 15:20:00+00:00,0.9896839283498534,0.8707224118794774,1.0004530805809535
2026-05-17 15:25:00+00:00,0.9886793328671566,0.8698385703048087,1.0004530805809535
2026-05-17 15:30:00+00:00,0.9867679565850846,0.8681569443647879,1.0004530805809535
2026-05-17 15:35:00+00:00,0.9889585513367116,0.8700842262887931,1.0004530805809535
2026-05-17 15:40:00+00:00,0.987678708458497,0.8689582224750262,1.0004530805809535
2026-05-17 15:45:00+00:00,0.9859007331257543,0.8673939624869215,1.0004530805809535
2026-05-17 15:50:00+00:00,0.9873020512036824,0.8686268399962677,1.0004530805809535
2026-05-17 15:55:00+00:00,0.9859375362182181,0.8674263417915832,1.0004530805809535
2026-05-17 16:00:00+00:00,0.98455871319315,0.8662132553954608,1.0004530805809535
2026-05-17 16:05:00+00:00,0.9858923928761395,0.8673866247480211,1.0004530805809535
2026-05-17 16:10:00+00:00,1.0006863155217327,0.8804022953456099,1.0004530805809535
2026-05-17 16:15:00+00:00,1.0036053494376764,0.8829704569362364,1.0004530805809535
2026-05-17 16:20:00+00:00,1.0033906319737695,0.8827815488387215,1.0004530805809535
2026-05-17 16:25:00+00:00,1.0025802132326707,0.8820685436653845,1.0004530805809535
2026-05-17 16:30:00+00:00,1.0045383803627537,0.8837913361221761,1.0004530805809535
2026-05-17 16:35:00+00:00,1.0044720048145956,0.8837329390160632,1.0004530805809535
2026-05-17 16:40:00+00:00,1.0030564668110236,0.8824875508378067,1.0004530805809535
2026-05-17 16:45:00+00:00,1.0015248083093862,0.8811400000223206,1.0004530805809535
2026-05-17 16:50:00+00:00,0.9976819621449584,0.8777590698233717,1.0004530805809535
2026-05-17 16:55:00+00:00,0.9945329535058911,0.8749885768218235,1.0004530805809535
2026-05-17 17:00:00+00:00,0.9969865723223318,0.877147266917202,1.0004530805809535
2026-05-17 17:05:00+00:00,0.9928358452071797,0.8734954635270179,1.0004530805809535
2026-05-17 17:10:00+00:00,0.994135290510456,0.872884016702549,1.0004530805809535
2026-05-17 17:15:00+00:00,0.9915684646168624,0.872884016702549,1.0004530805809535
2026-05-17 17:20:00+00:00,0.9914016401706248,0.872884016702549,1.0004530805809535
2026-05-17 17:25:00+00:00,0.9924088679888512,0.872884016702549,1.0004530805809535
2026-05-17 17:30:00+00:00,0.996825072100905,0.872884016702549,1.0004530805809535
2026-05-17 17:35:00+00:00,0.9972464906576332,0.872884016702549,1.0004530805809535
2026-05-17 17:40:00+00:00,1.0010757418286194,0.872884016702549,1.0004530805809535
2026-05-17 17:45:00+00:00,0.9986830866317661,0.872884016702549,1.0004530805809535
2026-05-17 17:50:00+00:00,0.9949379344767774,0.872884016702549,1.0004530805809535
2026-05-17 17:55:00+00:00,0.9968919195384913,0.872884016702549,1.0004530805809535
2026-05-17 18:00:00+00:00,0.9961483881374333,0.872884016702549,1.0004530805809535
2026-05-17 18:05:00+00:00,0.9979292896118861,0.872884016702549,1.0004530805809535
2026-05-17 18:10:00+00:00,0.9994751561228689,0.872884016702549,1.0004530805809535
2026-05-17 18:15:00+00:00,0.9975628342601729,0.872884016702549,1.0004530805809535
2026-05-17 18:20:00+00:00,0.9976572145592685,0.872884016702549,1.0004530805809535
2026-05-17 18:25:00+00:00,0.9933651058805795,0.872884016702549,1.0004530805809535
2026-05-17 18:30:00+00:00,0.9945459179316805,0.872884016702549,1.0004530805809535
2026-05-17 18:35:00+00:00,0.9920900599438648,0.872884016702549,1.0004530805809535
2026-05-17 18:40:00+00:00,0.9918510983905143,0.872884016702549,1.0004530805809535
2026-05-17 18:45:00+00:00,0.989901175382038,0.872884016702549,1.0004530805809535
2026-05-17 18:50:00+00:00,0.990992296842556,0.872884016702549,1.0004530805809535
2026-05-17 18:55:00+00:00,0.9911130002918448,0.872884016702549,1.0004530805809535
2026-05-17 19:00:00+00:00,0.9913949431032579,0.872884016702549,1.0004530805809535
2026-05-17 19:05:00+00:00,0.9934375370134366,0.872884016702549,1.0004530805809535
2026-05-17 19:10:00+00:00,0.9918128089747945,0.872884016702549,1.0004530805809535
2026-05-17 19:15:00+00:00,0.990219742118757,0.872884016702549,1.0004530805809535
2026-05-17 19:20:00+00:00,0.98876796874439,0.872884016702549,1.0004530805809535
2026-05-17 19:25:00+00:00,0.9850105967264581,0.872884016702549,1.0004530805809535
2026-05-17 19:30:00+00:00,0.9814812479229301,0.8754005908022494,1.0004530805809535
2026-05-17 19:35:00+00:00,0.9823883839360759,0.8745915000493427,1.0004530805809535
2026-05-17 19:40:00+00:00,0.9814832254456459,0.875397336045444,1.0004530805809535
2026-05-17 19:45:00+00:00,0.9829918060841603,0.8740518138419794,1.0004530805809535
2026-05-17 19:50:00+00:00,0.9829346890795313,0.8741026008589089,1.0004530805809535
2026-05-17 19:55:00+00:00,0.9843877406128977,0.8728104334966125,1.0004530805809535
2026-05-17 20:00:00+00:00,0.9804443711683511,0.8763068342057365,1.0004530805809535
2026-05-17 20:05:00+00:00,0.9795636539773815,0.877094006345375,1.0004530805809535
2026-05-17 20:10:00+00:00,0.9800900270106593,0.8766226958483846,1.0004530805809535
2026-05-17 20:15:00+00:00,0.9771987561402782,0.879208737533302,1.0004530805809535
2026-05-17 20:20:00+00:00,0.9824180546567284,0.8745128117243268,1.0004530805809535
2026-05-17 20:25:00+00:00,0.9872877866858342,0.8701779534336724,1.0004530805809535
2026-05-17 20:30:00+00:00,0.9853466868618459,0.8695688288662689,1.0004530805809535
2026-05-17 20:35:00+00:00,0.9851991909461565,0.8695688288662689,1.0004530805809535
2026-05-17 20:40:00+00:00,0.9845897180096326,0.8695688288662689,1.0004530805809535
2026-05-17 20:45:00+00:00,0.9878063571212113,0.8695688288662689,1.0004530805809535
2026-05-17 20:50:00+00:00,0.9878625145233622,0.8695688288662689,1.0004530805809535
2026-05-17 20:55:00+00:00,0.9829664062792131,0.8695688288662689,1.0004530805809535
2026-05-17 21:00:00+00:00,0.9809648779410766,0.8695688288662689,1.0004530805809535
2026-05-17 21:05:00+00:00,0.9805535545286863,0.8695688288662689,1.0004530805809535
2026-05-17 21:10:00+00:00,0.9816147872620514,0.8695688288662689,1.0004530805809535
2026-05-17 21:15:00+00:00,0.9825695425790509,0.8695688288662689,1.0004530805809535
2026-05-17 21:20:00+00:00,0.9877176440202884,0.8695688288662689,1.0004530805809535
2026-05-17 21:25:00+00:00,0.9870890690282106,0.8695688288662689,1.0004530805809535
2026-05-17 21:30:00+00:00,0.985027201367477,0.8695688288662689,1.0004530805809535
2026-05-17 21:35:00+00:00,0.988848842115385,0.8695688288662689,1.0004530805809535
2026-05-17 21:40:00+00:00,0.9904608667518551,0.8695688288662689,1.0004530805809535
2026-05-17 21:45:00+00:00,0.9932850970585593,0.8695688288662689,1.0004530805809535
2026-05-17 21:50:00+00:00,0.9956477656545393,0.8710285227016976,1.0004530805809535
2026-05-17 21:55:00+00:00,0.9955158947581102,0.8709131572922966,1.0004530805809535
2026-05-17 22:00:00+00:00,1.0006223628051236,0.8753804794444127,1.0004530805809535
2026-05-17 22:05:00+00:00,0.9991041149746676,0.8740522615640783,1.0004530805809535
2026-05-17 22:10:00+00:00,0.9972434806062647,0.8724245116096228,1.0004530805809535
2026-05-17 22:15:00+00:00,0.9978606888862683,0.872964467641139,1.0004530805809535
2026-05-17 22:20:00+00:00,1.0039494766034787,0.8782911584180518,1.0004530805809535
2026-05-17 22:25:00+00:00,1.0064142858299465,0.8804474622971253,1.0004530805809535
2026-05-17 22:30:00+00:00,1.0033475145040762,0.8777645402944022,1.0004530805809535
2026-05-17 22:35:00+00:00,1.01020101435609,0.8837602287872212,1.0004530805809535
2026-05-17 22:40:00+00:00,1.011066404860652,0.8845173035668277,1.0004530805809535
2026-05-17 22:45:00+00:00,1.0140054506004914,0.8870884866269757,1.0004530805809535
2026-05-17 22:50:00+00:00,1.0119899315763252,0.8853252379976349,1.0004530805809535
2026-05-17 22:55:00+00:00,1.013673826508888,0.8867983699285149,1.0004530805809535
2026-05-17 23:00:00+00:00,1.0126624770728077,0.8859136050190439,1.0004530805809535
2026-05-17 23:05:00+00:00,1.0112480994400124,0.8846762565284096,1.0004530805809535
2026-05-17 23:10:00+00:00,1.006655473902767,0.8806584623093878,1.0004530805809535
2026-05-17 23:15:00+00:00,1.0071589497449076,0.8810989211082959,1.0004530805809535
2026-05-17 23:20:00+00:00,1.0062235255624767,0.8802805783450933,1.0004530805809535
2026-05-17 23:25:00+00:00,1.0099033977449505,0.8834998630574173,1.0004530805809535
2026-05-17 23:30:00+00:00,1.0069321872956039,0.8809005411510111,1.0004530805809535
2026-05-17 23:35:00+00:00,1.0088194588616206,0.8825515942852528,1.0004530805809535
2026-05-17 23:40:00+00:00,1.0102138468512358,0.8837714551161251,1.0004530805809535
2026-05-17 23:45:00+00:00,1.0102688207300516,0.8838195482451451,1.0004530805809535
2026-05-17 23:50:00+00:00,1.0141567693123572,0.8872208656857155,1.0004530805809535
2026-05-17 23:55:00+00:00,1.0135836566391185,0.8867194860790586,1.0004530805809535
2026-05-18 00:00:00+00:00,1.011160687722389,0.8845997856097831,1.0004530805809535
2026-05-18 00:05:00+00:00,1.0104528752409834,0.8839597466266367,1.0004530805809535
2026-05-18 00:10:00+00:00,1.0104528752409834,0.8874181214280069,1.0004530805809535
2026-05-18 00:15:00+00:00,1.0104528752409834,0.8876887576385286,1.0004530805809535
2026-05-18 00:20:00+00:00,1.0104528752409834,0.8860615633779203,1.0004530805809535
2026-05-18 00:25:00+00:00,1.0104528752409834,0.8901575061988872,1.0004530805809535
2026-05-18 00:30:00+00:00,1.0104528752409834,0.8925145875111034,1.0004530805809535
2026-05-18 00:35:00+00:00,1.0104528752409834,0.8905817226209798,1.0004530805809535
2026-05-18 00:40:00+00:00,1.0104528752409834,0.8899875768528197,1.0004530805809535
2026-05-18 00:45:00+00:00,1.0104528752409834,0.8890820057878991,1.0004530805809535
2026-05-18 00:50:00+00:00,1.0104528752409834,0.8849929228391679,1.0004530805809535
2026-05-18 00:55:00+00:00,1.0104528752409834,0.8843734277931804,1.0004530805809535
2026-05-18 01:00:00+00:00,1.0104528752409834,0.8843734277931804,1.0004530805809535
2026-05-18 01:05:00+00:00,1.0104528752409834,0.8843734277931804,1.0004530805809535
2026-05-18 01:10:00+00:00,1.0104528752409834,0.883288357971907,1.0004530805809535
2026-05-18 01:15:00+00:00,1.0104528752409834,0.8815515306961985,1.0004530805809535
2026-05-18 01:20:00+00:00,1.0104528752409834,0.8824829755076219,1.0004530805809535
2026-05-18 01:25:00+00:00,1.0104528752409834,0.8834398066294287,1.0004530805809535
2026-05-18 01:30:00+00:00,1.0104528752409834,0.8822928176859823,1.0004530805809535
2026-05-18 01:35:00+00:00,1.0104528752409834,0.8800485597913462,1.0004530805809535
2026-05-18 01:40:00+00:00,1.0104528752409834,0.8850790605887701,1.0004530805809535
2026-05-18 01:45:00+00:00,1.0104528752409834,0.8857935577287654,1.0004530805809535
2026-05-18 01:50:00+00:00,1.0104528752409834,0.8841949067517951,1.0004530805809535
2026-05-18 01:55:00+00:00,1.0104528752409834,0.8861958745068439,1.0004530805809535
2026-05-18 02:00:00+00:00,1.0104528752409834,0.8859576670288181,1.0004530805809535
2026-05-18 02:05:00+00:00,1.0104528752409834,0.8854054488739245,1.0004530805809535
2026-05-18 02:10:00+00:00,1.0104528752409834,0.8866351141305653,1.0004530805809535
2026-05-18 02:15:00+00:00,1.0104528752409834,0.8838137543879625,1.0004530805809535
2026-05-18 02:20:00+00:00,1.0104528752409834,0.8845835054263712,1.0004530805809535
2026-05-18 02:25:00+00:00,1.0104528752409834,0.8887691281974299,1.0004530805809535
2026-05-18 02:30:00+00:00,1.0104528752409834,0.8897924616794001,1.0004530805809535
2026-05-18 02:35:00+00:00,1.0104528752409834,0.8889672891632473,1.0004530805809535
2026-05-18 02:40:00+00:00,1.0104528752409834,0.8878560832922316,1.0004530805809535
2026-05-18 02:45:00+00:00,1.0104528752409834,0.8869580138829989,1.0004530805809535
2026-05-18 02:50:00+00:00,1.0104528752409834,0.8864028073926782,1.0004530805809535
2026-05-18 02:55:00+00:00,1.0104528752409834,0.8855772943484673,1.0004530805809535
2026-05-18 03:00:00+00:00,1.0104528752409834,0.8875822252171026,1.0004530805809535
2026-05-18 03:05:00+00:00,1.0104528752409834,0.8837949196483348,1.0004530805809535
2026-05-18 03:10:00+00:00,1.0104528752409834,0.8831762632045809,1.0004530805809535
2026-05-18 03:15:00+00:00,1.0104528752409834,0.8831762632045809,1.0004530805809535
2026-05-18 03:20:00+00:00,1.0104528752409834,0.8831762632045809,1.0004530805809535
2026-05-18 03:25:00+00:00,1.0104528752409834,0.8831762632045809,1.0004530805809535
2026-05-18 03:30:00+00:00,1.0104528752409834,0.8831762632045809,1.0004530805809535
2026-05-18 03:35:00+00:00,1.0104528752409834,0.8831762632045809,1.0004530805809535
2026-05-18 03:40:00+00:00,1.0104528752409834,0.8831762632045809,1.0004530805809535
2026-05-18 03:45:00+00:00,1.0104528752409834,0.8831762632045809,1.0004530805809535
2026-05-18 03:50:00+00:00,1.0104528752409834,0.8831762632045809,1.0004530805809535
2026-05-18 03:55:00+00:00,1.0104528752409834,0.8831762632045809,1.0004530805809535
2026-05-18 04:00:00+00:00,1.0104528752409834,0.8831762632045809,1.0004530805809535
2026-05-18 04:05:00+00:00,1.0104528752409834,0.8831762632045809,1.0004530805809535
2026-05-18 04:10:00+00:00,1.0104528752409834,0.8831762632045809,1.0004530805809535
2026-05-18 04:15:00+00:00,1.0104528752409834,0.8831762632045809,1.0004530805809535
2026-05-18 04:20:00+00:00,1.0104528752409834,0.8831762632045809,1.0004530805809535
2026-05-18 04:25:00+00:00,1.0104528752409834,0.8831762632045809,1.0004530805809535
2026-05-18 04:30:00+00:00,1.0104528752409834,0.8831762632045809,1.0004530805809535
2026-05-18 04:35:00+00:00,1.0104528752409834,0.8852342648992364,1.0004530805809535
2026-05-18 04:40:00+00:00,1.0104528752409834,0.8789943712546306,1.0004530805809535
2026-05-18 04:45:00+00:00,1.0104528752409834,0.8783065758056336,1.0004530805809535
2026-05-18 04:50:00+00:00,1.0104528752409834,0.8779502387241607,1.0004530805809535
2026-05-18 04:55:00+00:00,1.0104528752409834,0.8773356735570538,1.0004530805809535
2026-05-18 05:00:00+00:00,1.0104528752409834,0.8773356735570538,1.0004530805809535
2026-05-18 05:05:00+00:00,1.0104528752409834,0.8773356735570538,1.0004530805809535
2026-05-18 05:10:00+00:00,1.0104528752409834,0.8773356735570538,1.0004530805809535
2026-05-18 05:15:00+00:00,1.0104528752409834,0.8773356735570538,1.0004530805809535
2026-05-18 05:20:00+00:00,1.0104528752409834,0.8773356735570538,1.0004530805809535
2026-05-18 05:25:00+00:00,1.0104528752409834,0.8773356735570538,1.0004530805809535
2026-05-18 05:30:00+00:00,1.0104528752409834,0.8735170560060588,1.0004530805809535
2026-05-18 05:35:00+00:00,1.0104528752409834,0.8746852630774424,1.0004530805809535
2026-05-18 05:40:00+00:00,1.0104528752409834,0.873686713427159,1.0004530805809535
2026-05-18 05:45:00+00:00,1.0104528752409834,0.877710923148872,1.0004530805809535
2026-05-18 05:50:00+00:00,1.0104528752409834,0.8736679969180126,1.0004530805809535
2026-05-18 05:55:00+00:00,1.0104528752409834,0.8723674602529449,1.0004530805809535
2026-05-18 06:00:00+00:00,1.0104528752409834,0.8717568030307677,1.0004530805809535
2026-05-18 06:05:00+00:00,1.0104528752409834,0.8717568030307677,1.0004530805809535
2026-05-18 06:10:00+00:00,1.0104528752409834,0.8717568030307677,1.0004530805809535
2026-05-18 06:15:00+00:00,1.0104528752409834,0.8717568030307677,1.0004530805809535
2026-05-18 06:20:00+00:00,1.0104528752409834,0.8717568030307677,1.0004530805809535
2026-05-18 06:25:00+00:00,1.0104528752409834,0.8717568030307677,1.0004530805809535
2026-05-18 06:30:00+00:00,1.0104528752409834,0.8717568030307677,1.0004530805809535
2026-05-18 06:35:00+00:00,1.0104528752409834,0.8717568030307677,1.0004530805809535
2026-05-18 06:40:00+00:00,1.0080116138583248,0.8717568030307677,1.0004530805809535
2026-05-18 06:45:00+00:00,1.007306005728624,0.8717568030307677,1.0004530805809535
2026-05-18 06:50:00+00:00,1.007306005728624,0.8717568030307677,1.0004530805809535
2026-05-18 06:55:00+00:00,1.007306005728624,0.8717568030307677,1.0004530805809535
2026-05-18 07:00:00+00:00,1.007306005728624,0.8717568030307677,1.0004530805809535
2026-05-18 07:05:00+00:00,1.007306005728624,0.8717568030307677,1.0004530805809535
2026-05-18 07:10:00+00:00,1.007306005728624,0.8717568030307677,1.0004530805809535
2026-05-18 07:15:00+00:00,1.007306005728624,0.8717568030307677,1.0004530805809535
2026-05-18 07:20:00+00:00,1.007306005728624,0.8717568030307677,1.0004530805809535
2026-05-18 07:25:00+00:00,1.007306005728624,0.8717568030307677,1.0004530805809535
2026-05-18 07:30:00+00:00,1.007306005728624,0.8693159097120486,1.0004530805809535
2026-05-18 07:35:00+00:00,1.007306005728624,0.8741112668714248,1.0004530805809535
2026-05-18 07:40:00+00:00,1.007306005728624,0.8762614167736941,1.0004530805809535
2026-05-18 07:45:00+00:00,1.007306005728624,0.8783640771896039,1.0004530805809535
2026-05-18 07:50:00+00:00,1.007306005728624,0.8784252299933153,1.0004530805809535
2026-05-18 07:55:00+00:00,1.007306005728624,0.8779549436328812,1.0004530805809535
2026-05-18 08:00:00+00:00,1.007306005728624,0.877501834869717,1.0004530805809535
2026-05-18 08:05:00+00:00,1.007306005728624,0.8783482318260692,1.0004530805809535
2026-05-18 08:10:00+00:00,1.007306005728624,0.8813906628047188,1.0004530805809535
2026-05-18 08:15:00+00:00,1.007306005728624,0.8817854893634031,1.0004530805809535
2026-05-18 08:20:00+00:00,1.007306005728624,0.8798050568322726,1.0004530805809535
2026-05-18 08:25:00+00:00,1.007306005728624,0.8815970215101582,1.0004530805809535
2026-05-18 08:30:00+00:00,1.007306005728624,0.8836034919080797,1.0004530805809535
2026-05-18 08:35:00+00:00,1.007306005728624,0.8850323825966959,1.0004530805809535
2026-05-18 08:40:00+00:00,1.007306005728624,0.8866622991451768,1.0004530805809535
2026-05-18 08:45:00+00:00,1.007306005728624,0.8860701849331502,1.0004530805809535
2026-05-18 08:50:00+00:00,1.007306005728624,0.8840418559148105,1.0004530805809535
2026-05-18 08:55:00+00:00,1.007306005728624,0.8821504915417809,1.0004530805809535
2026-05-18 09:00:00+00:00,1.007306005728624,0.8785982400365825,1.0004530805809535
2026-05-18 09:05:00+00:00,1.007306005728624,0.8779832212685569,1.0004530805809535
2026-05-18 09:10:00+00:00,1.007306005728624,0.8779832212685569,1.0004530805809535
2026-05-18 09:15:00+00:00,1.007306005728624,0.8779832212685569,1.0004530805809535
2026-05-18 09:20:00+00:00,1.007306005728624,0.8779832212685569,1.0004530805809535
2026-05-18 09:25:00+00:00,1.007306005728624,0.8779832212685569,1.0004530805809535
2026-05-18 09:30:00+00:00,1.007306005728624,0.8779832212685569,1.0004530805809535
2026-05-18 09:35:00+00:00,1.007306005728624,0.8779832212685569,1.0004530805809535
2026-05-18 09:40:00+00:00,1.007306005728624,0.8779832212685569,1.0004530805809535
2026-05-18 09:45:00+00:00,1.007306005728624,0.8779832212685569,1.0004530805809535
2026-05-18 09:50:00+00:00,1.007306005728624,0.8779832212685569,1.0004530805809535
2026-05-18 09:55:00+00:00,1.007306005728624,0.8779832212685569,1.0004530805809535
2026-05-18 10:00:00+00:00,1.007306005728624,0.8779832212685569,1.0004530805809535
2026-05-18 10:05:00+00:00,1.007306005728624,0.8779832212685569,1.0004530805809535
2026-05-18 10:10:00+00:00,1.007306005728624,0.8779832212685569,1.0004530805809535
2026-05-18 10:15:00+00:00,1.007306005728624,0.8779832212685569,1.0004530805809535
2026-05-18 10:20:00+00:00,1.007306005728624,0.8779832212685569,1.0004530805809535
2026-05-18 10:25:00+00:00,1.007306005728624,0.8779832212685569,1.0004530805809535
2026-05-18 10:30:00+00:00,1.007306005728624,0.8779832212685569,1.0004530805809535
2026-05-18 10:35:00+00:00,1.007306005728624,0.8779832212685569,1.0004530805809535
2026-05-18 10:40:00+00:00,1.007306005728624,0.8779832212685569,1.0004530805809535
2026-05-18 10:45:00+00:00,1.007306005728624,0.8779832212685569,1.0004530805809535
2026-05-18 10:50:00+00:00,1.007306005728624,0.8779832212685569,1.0004530805809535
2026-05-18 10:55:00+00:00,1.007306005728624,0.8779832212685569,1.0004530805809535
2026-05-18 11:00:00+00:00,1.007306005728624,0.8779832212685569,1.0004530805809535
2026-05-18 11:05:00+00:00,1.007306005728624,0.8779832212685569,1.0004530805809535
2026-05-18 11:10:00+00:00,1.007306005728624,0.8781434800075524,1.0004530805809535
2026-05-18 11:15:00+00:00,1.007306005728624,0.8802328934601518,1.0004530805809535
2026-05-18 11:20:00+00:00,1.007306005728624,0.8786609163340797,1.0004530805809535
2026-05-18 11:25:00+00:00,1.007306005728624,0.8768122918587137,1.0004530805809535
2026-05-18 11:30:00+00:00,1.007306005728624,0.8778078407234864,1.0004530805809535
2026-05-18 11:35:00+00:00,1.007306005728624,0.8799520214489518,1.0004530805809535
2026-05-18 11:40:00+00:00,1.007306005728624,0.8800398505983301,1.0004530805809535
2026-05-18 11:45:00+00:00,1.007306005728624,0.8772513587220769,1.0004530805809535
2026-05-18 11:50:00+00:00,1.007306005728624,0.8743123376613947,1.0004530805809535
2026-05-18 11:55:00+00:00,1.007306005728624,0.8712393812102818,1.0004530805809535
2026-05-18 12:00:00+00:00,1.007306005728624,0.8706295136434345,1.0004530805809535
2026-05-18 12:05:00+00:00,1.007306005728624,0.8706295136434345,1.0004530805809535
2026-05-18 12:10:00+00:00,1.007306005728624,0.8706295136434345,1.0004530805809535
2026-05-18 12:15:00+00:00,1.007306005728624,0.8706295136434345,1.0004530805809535
2026-05-18 12:20:00+00:00,1.007306005728624,0.8706295136434345,1.0004530805809535
2026-05-18 12:25:00+00:00,1.007306005728624,0.8706295136434345,1.0004530805809535
2026-05-18 12:30:00+00:00,1.007306005728624,0.8706295136434345,1.0004530805809535
2026-05-18 12:35:00+00:00,1.007306005728624,0.8706295136434345,1.0004530805809535
2026-05-18 12:40:00+00:00,1.007306005728624,0.8706295136434345,1.0004530805809535
2026-05-18 12:45:00+00:00,1.007306005728624,0.8706295136434345,1.0004530805809535
2026-05-18 12:50:00+00:00,1.007306005728624,0.8706295136434345,1.0004530805809535
2026-05-18 12:55:00+00:00,1.007306005728624,0.8706295136434345,1.0004530805809535
2026-05-18 13:00:00+00:00,1.007306005728624,0.8706295136434345,1.0004530805809535
2026-05-18 13:05:00+00:00,1.007306005728624,0.8706295136434345,1.0004530805809535
2026-05-18 13:10:00+00:00,1.007306005728624,0.8706295136434345,1.0004530805809535
2026-05-18 13:15:00+00:00,1.007306005728624,0.8706295136434345,1.0004530805809535
2026-05-18 13:20:00+00:00,1.007306005728624,0.8706295136434345,1.0004530805809535
2026-05-18 13:25:00+00:00,1.007306005728624,0.8706295136434345,1.0004530805809535
2026-05-18 13:30:00+00:00,1.007306005728624,0.8706295136434345,1.0004530805809535
2026-05-18 13:35:00+00:00,1.007306005728624,0.8706295136434345,1.0004530805809535
2026-05-18 13:40:00+00:00,1.007306005728624,0.8706295136434345,1.0004530805809535
2026-05-18 13:45:00+00:00,1.007306005728624,0.8706295136434345,1.0004530805809535
2026-05-18 13:50:00+00:00,1.007306005728624,0.8706295136434345,1.0004530805809535
2026-05-18 13:55:00+00:00,1.007306005728624,0.8706295136434345,1.0004530805809535
2026-05-18 14:00:00+00:00,1.007306005728624,0.8706295136434345,1.0004530805809535
2026-05-18 14:05:00+00:00,1.007306005728624,0.8706295136434345,1.0004530805809535
2026-05-18 14:10:00+00:00,1.007306005728624,0.8706295136434345,1.0004530805809535
2026-05-18 14:15:00+00:00,1.007306005728624,0.8706295136434345,1.0004530805809535
2026-05-18 14:20:00+00:00,1.007306005728624,0.8706295136434345,1.0004530805809535
2026-05-18 14:25:00+00:00,1.007306005728624,0.8684888237654169,1.0004530805809535
2026-05-18 14:30:00+00:00,1.007306005728624,0.8710165726876589,1.0004530805809535
2026-05-18 14:35:00+00:00,1.007306005728624,0.8722323813949947,1.0004530805809535
2026-05-18 14:40:00+00:00,1.007306005728624,0.8735751936478309,1.0004530805809535
2026-05-18 14:45:00+00:00,1.007306005728624,0.8707137509471155,1.0004530805809535
2026-05-18 14:50:00+00:00,1.007306005728624,0.8700034399349406,1.0004530805809535
2026-05-18 14:55:00+00:00,1.007306005728624,0.8704574333607441,1.0004530805809535
2026-05-18 15:00:00+00:00,1.007306005728624,0.869385207380831,1.0004530805809535
2026-05-18 15:05:00+00:00,1.007306005728624,0.8738933284150374,1.0004530805809535
2026-05-18 15:10:00+00:00,1.007306005728624,0.8739859160661725,1.0004530805809535
2026-05-18 15:15:00+00:00,1.007306005728624,0.8696672031721098,1.0004530805809535
2026-05-18 15:20:00+00:00,1.00693036794783,0.8693827465741546,1.0004530805809535
2026-05-18 15:25:00+00:00,1.007099594389094,0.8692366366215878,1.0004530805809535
2026-05-18 15:30:00+00:00,1.0084630736976872,0.8680598054770735,1.0004530805809535
2026-05-18 15:35:00+00:00,1.0106945766291033,0.8674521636132395,1.0004530805809535
2026-05-18 15:40:00+00:00,1.0057259635195444,0.8674521636132395,1.0004530805809535
2026-05-18 15:45:00+00:00,1.0015602776760204,0.8674521636132395,1.0004530805809535
2026-05-18 15:50:00+00:00,1.000859185481647,0.8674521636132395,1.0004530805809535
2026-05-18 15:55:00+00:00,1.000859185481647,0.8674521636132395,1.0004530805809535
2026-05-18 16:00:00+00:00,1.000859185481647,0.8674521636132395,1.0004530805809535
2026-05-18 16:05:00+00:00,1.000859185481647,0.8674521636132395,1.0004530805809535
2026-05-18 16:10:00+00:00,1.000859185481647,0.8674521636132395,1.0004530805809535
2026-05-18 16:15:00+00:00,1.000859185481647,0.8695543383079787,1.0004530805809535
2026-05-18 16:20:00+00:00,1.000859185481647,0.8754335998283211,1.0004530805809535
2026-05-18 16:25:00+00:00,1.000859185481647,0.8759387683110229,1.0004530805809535
2026-05-18 16:30:00+00:00,1.000859185481647,0.8763454174967485,1.0004530805809535
2026-05-18 16:35:00+00:00,1.000859185481647,0.8772623504708831,1.0004530805809535
2026-05-18 16:40:00+00:00,1.000859185481647,0.8749234839259732,1.0004530805809535
2026-05-18 16:45:00+00:00,1.000859185481647,0.8723318426759471,1.0004530805809535
2026-05-18 16:50:00+00:00,1.000859185481647,0.8726980999983173,1.0004530805809535
2026-05-18 16:55:00+00:00,1.000859185481647,0.8772823101913276,1.0004530805809535
2026-05-18 17:00:00+00:00,1.000859185481647,0.8759446786886208,1.0004530805809535
2026-05-18 17:05:00+00:00,1.000859185481647,0.8747431139267797,1.0004530805809535
2026-05-18 17:10:00+00:00,1.000859185481647,0.8740746581022663,1.0004530805809535
2026-05-18 17:15:00+00:00,1.000859185481647,0.8719548889975621,1.0004530805809535
2026-05-18 17:20:00+00:00,1.000859185481647,0.8744570049221875,1.0004530805809535
2026-05-18 17:25:00+00:00,1.000859185481647,0.8701115891393715,1.0004530805809535
2026-05-18 17:30:00+00:00,1.000859185481647,0.8695025110269738,1.0004530805809535
2026-05-18 17:35:00+00:00,1.000859185481647,0.8695025110269738,1.0004530805809535
2026-05-18 17:40:00+00:00,1.000859185481647,0.8695025110269738,1.0004530805809535
2026-05-18 17:45:00+00:00,1.000859185481647,0.8695025110269738,1.0004530805809535
2026-05-18 17:50:00+00:00,1.000859185481647,0.8695025110269738,1.0004530805809535
2026-05-18 17:55:00+00:00,1.000859185481647,0.8695025110269738,1.0004530805809535
2026-05-18 18:00:00+00:00,1.000859185481647,0.8695025110269738,1.0004530805809535
2026-05-18 18:05:00+00:00,1.000859185481647,0.8695025110269738,1.0004530805809535
2026-05-18 18:10:00+00:00,1.000859185481647,0.8695025110269738,1.0004530805809535
2026-05-18 18:15:00+00:00,1.000859185481647,0.8695025110269738,1.0004530805809535
2026-05-18 18:20:00+00:00,1.000859185481647,0.8695025110269738,1.0004530805809535
2026-05-18 18:25:00+00:00,1.000859185481647,0.8695025110269738,1.0004530805809535
2026-05-18 18:30:00+00:00,1.000859185481647,0.8695025110269738,1.0004530805809535
2026-05-18 18:35:00+00:00,1.000859185481647,0.8695025110269738,1.0004530805809535
2026-05-18 18:40:00+00:00,1.000859185481647,0.8695025110269738,1.0004530805809535
2026-05-18 18:45:00+00:00,1.000859185481647,0.8695025110269738,1.0004530805809535
2026-05-18 18:50:00+00:00,1.000859185481647,0.8695025110269738,1.0004530805809535
2026-05-18 18:55:00+00:00,1.000859185481647,0.8695025110269738,1.0004530805809535
2026-05-18 19:00:00+00:00,1.000859185481647,0.8696771889285647,1.0004530805809535
2026-05-18 19:05:00+00:00,1.000859185481647,0.8726243155722813,1.0004530805809535
2026-05-18 19:10:00+00:00,1.000859185481647,0.873975831114977,1.0004530805809535
2026-05-18 19:15:00+00:00,1.000859185481647,0.8755452432519338,1.0004530805809535
2026-05-18 19:20:00+00:00,1.000859185481647,0.8738764497208782,1.0004530805809535
2026-05-18 19:25:00+00:00,1.000859185481647,0.8721296297671928,1.0004530805809535
2026-05-18 19:30:00+00:00,1.000859185481647,0.8724429327051081,1.0004530805809535
2026-05-18 19:35:00+00:00,1.000859185481647,0.8732860557530179,1.0004530805809535
2026-05-18 19:40:00+00:00,1.000859185481647,0.8729840814449794,1.0004530805809535
2026-05-18 19:45:00+00:00,1.000859185481647,0.8747408311647747,1.0004530805809535
2026-05-18 19:50:00+00:00,1.000859185481647,0.877212209951884,1.0004530805809535
2026-05-18 19:55:00+00:00,1.000859185481647,0.8792445173744039,1.0004530805809535
2026-05-18 20:00:00+00:00,1.000859185481647,0.8806202404450546,1.0004530805809535
2026-05-18 20:05:00+00:00,1.000859185481647,0.8831442877204674,1.0004530805809535
2026-05-18 20:10:00+00:00,1.000859185481647,0.8827906514109496,1.0004530805809535
2026-05-18 20:15:00+00:00,1.000859185481647,0.8811993055967248,1.0004530805809535
2026-05-18 20:20:00+00:00,1.000859185481647,0.8846429836809782,1.0004530805809535
2026-05-18 20:25:00+00:00,1.000859185481647,0.8845877100485339,1.0004530805809535
2026-05-18 20:30:00+00:00,1.000859185481647,0.8850672067020977,1.0004530805809535
2026-05-18 20:35:00+00:00,1.000859185481647,0.8843206660114803,1.0004530805809535
2026-05-18 20:40:00+00:00,1.000859185481647,0.8843484774938282,1.0004530805809535
2026-05-18 20:45:00+00:00,1.000859185481647,0.8875142473841122,1.0004530805809535
2026-05-18 20:50:00+00:00,1.000859185481647,0.8902740213825868,1.0004530805809535
2026-05-18 20:55:00+00:00,1.000859185481647,0.8902089607419423,1.0004530805809535
2026-05-18 21:00:00+00:00,1.000859185481647,0.8879459064052213,1.0004530805809535
2026-05-18 21:05:00+00:00,1.000859185481647,0.892783447447406,1.0004530805809535
2026-05-18 21:10:00+00:00,1.000859185481647,0.8920210987691549,1.0004530805809535
2026-05-18 21:15:00+00:00,1.000859185481647,0.8893984541102247,1.0004530805809535
2026-05-18 21:20:00+00:00,1.000859185481647,0.8897337893835253,1.0004530805809535
2026-05-18 21:25:00+00:00,1.000859185481647,0.8885246481862521,1.0004530805809535
2026-05-18 21:30:00+00:00,1.000859185481647,0.8900642880675045,1.0004530805809535
2026-05-18 21:35:00+00:00,1.000859185481647,0.8903259763493085,1.0004530805809535
2026-05-18 21:40:00+00:00,1.000859185481647,0.8938793138318789,1.0004530805809535
2026-05-18 21:45:00+00:00,1.000859185481647,0.8990346419141073,1.0004530805809535
2026-05-18 21:50:00+00:00,1.000859185481647,0.8969404249016578,1.0004530805809535
2026-05-18 21:55:00+00:00,1.000859185481647,0.8991172941882067,1.0004530805809535
2026-05-18 22:00:00+00:00,1.000859185481647,0.9001268976330532,1.0004530805809535
2026-05-18 22:05:00+00:00,1.000859185481647,0.9032005157616094,1.0004530805809535
2026-05-18 22:10:00+00:00,1.000859185481647,0.9063368818595423,1.0004530805809535
2026-05-18 22:15:00+00:00,1.000859185481647,0.9067251270092107,1.0004530805809535
2026-05-18 22:20:00+00:00,1.000859185481647,0.9083555064966741,1.0004530805809535
2026-05-18 22:25:00+00:00,1.000859185481647,0.907507526290275,1.0004530805809535
2026-05-18 22:30:00+00:00,1.000859185481647,0.9064931932896029,1.0004530805809535
2026-05-18 22:35:00+00:00,1.000859185481647,0.9057748264149543,1.0004530805809535
2026-05-18 22:40:00+00:00,1.000859185481647,0.9052409778015313,1.0004530805809535
2026-05-18 22:45:00+00:00,1.000859185481647,0.9017095240932457,1.0004530805809535
2026-05-18 22:50:00+00:00,1.000859185481647,0.9040812788842497,1.0004530805809535
2026-05-18 22:55:00+00:00,1.000859185481647,0.9042033876629841,1.0004530805809535
2026-05-18 23:00:00+00:00,1.000859185481647,0.9016723099392222,1.0004530805809535
2026-05-18 23:05:00+00:00,1.000859185481647,0.898854105025937,1.0004530805809535
2026-05-18 23:10:00+00:00,1.000859185481647,0.8982249071524188,1.0004530805809535
2026-05-18 23:15:00+00:00,1.000859185481647,0.8982249071524188,1.0004530805809535
2026-05-18 23:20:00+00:00,1.000859185481647,0.8982249071524188,1.0004530805809535
2026-05-18 23:25:00+00:00,1.000859185481647,0.8982249071524188,1.0004530805809535
2026-05-18 23:30:00+00:00,1.000859185481647,0.8982249071524188,1.0004530805809535
2026-05-18 23:35:00+00:00,1.000859185481647,0.8982249071524188,1.0004530805809535
2026-05-18 23:40:00+00:00,1.000859185481647,0.8982249071524188,1.0004530805809535
2026-05-18 23:45:00+00:00,1.000859185481647,0.8982249071524188,1.0004530805809535
2026-05-18 23:50:00+00:00,1.000859185481647,0.8982249071524188,1.0004530805809535
2026-05-18 23:55:00+00:00,1.000859185481647,0.8982249071524188,1.0004530805809535
2026-05-19 00:00:00+00:00,1.000859185481647,0.8982249071524188,1.0004530805809535
2026-05-19 00:05:00+00:00,1.000859185481647,0.8982249071524188,1.0004530805809535
2026-05-19 00:10:00+00:00,1.000859185481647,0.8982249071524188,1.0004530805809535
2026-05-19 00:15:00+00:00,1.000859185481647,0.8982249071524188,1.0004530805809535
2026-05-19 00:20:00+00:00,1.000859185481647,0.8982249071524188,1.0004530805809535
2026-05-19 00:25:00+00:00,1.000859185481647,0.8982249071524188,1.0004530805809535
2026-05-19 00:30:00+00:00,1.000859185481647,0.8982249071524188,1.0004530805809535
2026-05-19 00:35:00+00:00,1.000859185481647,0.8982249071524188,1.0004530805809535
2026-05-19 00:40:00+00:00,1.000859185481647,0.8982249071524188,1.0004530805809535
2026-05-19 00:45:00+00:00,1.000859185481647,0.8982249071524188,1.0004530805809535
2026-05-19 00:50:00+00:00,1.000859185481647,0.8982249071524188,1.0004530805809535
2026-05-19 00:55:00+00:00,1.000859185481647,0.8982249071524188,1.0004530805809535
2026-05-19 01:00:00+00:00,1.000859185481647,0.8982249071524188,1.0004530805809535
2026-05-19 01:05:00+00:00,1.000859185481647,0.8924158590861099,1.0004530805809535
2026-05-19 01:10:00+00:00,1.000859185481647,0.8959253200623013,1.0004530805809535
2026-05-19 01:15:00+00:00,1.000859185481647,0.8967552598667513,1.0004530805809535
2026-05-19 01:20:00+00:00,1.000859185481647,0.8991437986430495,1.0004530805809535
2026-05-19 01:25:00+00:00,1.000859185481647,0.896441893577073,1.0004530805809535
2026-05-19 01:30:00+00:00,1.000859185481647,0.89460660454778,1.0004530805809535
2026-05-19 01:35:00+00:00,1.000859185481647,0.894929231209371,1.0004530805809535
2026-05-19 01:40:00+00:00,1.000859185481647,0.8948920347934528,1.0004530805809535
2026-05-19 01:45:00+00:00,1.000859185481647,0.8955177216971407,1.0004530805809535
2026-05-19 01:50:00+00:00,1.000859185481647,0.8979177459224832,1.0004530805809535
2026-05-19 01:55:00+00:00,1.000859185481647,0.8940157213752886,1.0004530805809535
2026-05-19 02:00:00+00:00,1.000859185481647,0.8961669109382691,1.0004530805809535
2026-05-19 02:05:00+00:00,1.000859185481647,0.8961856506978317,1.0004530805809535
2026-05-19 02:10:00+00:00,1.000859185481647,0.8957355696517995,1.0004530805809535
2026-05-19 02:15:00+00:00,1.000859185481647,0.8924904625690288,1.0004530805809535
2026-05-19 02:20:00+00:00,1.000859185481647,0.8918657192452304,1.0004530805809535
2026-05-19 02:25:00+00:00,1.000859185481647,0.8918657192452304,1.0004530805809535
2026-05-19 02:30:00+00:00,1.000859185481647,0.8918657192452304,1.0004530805809535
2026-05-19 02:35:00+00:00,1.000859185481647,0.8918657192452304,1.0004530805809535
2026-05-19 02:40:00+00:00,1.000859185481647,0.8918657192452304,1.0004530805809535
2026-05-19 02:45:00+00:00,1.000859185481647,0.8918657192452304,1.0004530805809535
2026-05-19 02:50:00+00:00,1.000859185481647,0.8918657192452304,1.0004530805809535
2026-05-19 02:55:00+00:00,1.000859185481647,0.8918657192452304,1.0004530805809535
2026-05-19 03:00:00+00:00,1.000859185481647,0.8918657192452304,1.0004530805809535
2026-05-19 03:05:00+00:00,1.000859185481647,0.8918657192452304,1.0004530805809535
2026-05-19 03:10:00+00:00,1.000859185481647,0.8918657192452304,1.0004530805809535
2026-05-19 03:15:00+00:00,1.000859185481647,0.8918657192452304,1.0004530805809535
2026-05-19 03:20:00+00:00,1.000859185481647,0.8918657192452304,1.0004530805809535
2026-05-19 03:25:00+00:00,1.000859185481647,0.8918657192452304,1.0004530805809535
2026-05-19 03:30:00+00:00,1.000859185481647,0.8918657192452304,1.0004530805809535
2026-05-19 03:35:00+00:00,1.000859185481647,0.8918657192452304,1.0004530805809535
2026-05-19 03:40:00+00:00,1.000859185481647,0.8918657192452304,1.0004530805809535
2026-05-19 03:45:00+00:00,1.000859185481647,0.8895850278840652,1.0004530805809535
2026-05-19 03:50:00+00:00,1.000859185481647,0.8893022352575445,1.0004530805809535
2026-05-19 03:55:00+00:00,1.000859185481647,0.8840486586111106,1.0004530805809535
2026-05-19 04:00:00+00:00,1.000859185481647,0.8834298245500828,1.0004530805809535
2026-05-19 04:05:00+00:00,1.000859185481647,0.8834298245500828,1.0004530805809535
2026-05-19 04:10:00+00:00,1.000859185481647,0.8834298245500828,1.0004530805809535
2026-05-19 04:15:00+00:00,1.000859185481647,0.8834298245500828,1.0004530805809535
2026-05-19 04:20:00+00:00,1.000859185481647,0.8834298245500828,1.0004530805809535
2026-05-19 04:25:00+00:00,1.000859185481647,0.8834298245500828,1.0004530805809535
2026-05-19 04:30:00+00:00,1.000859185481647,0.8834298245500828,1.0004530805809535
2026-05-19 04:35:00+00:00,1.000859185481647,0.8834298245500828,1.0004530805809535
2026-05-19 04:40:00+00:00,1.000859185481647,0.8834298245500828,1.0004530805809535
2026-05-19 04:45:00+00:00,1.0003786662487217,0.8834298245500828,1.0004530805809535
2026-05-19 04:50:00+00:00,1.0043150234444995,0.8834298245500828,1.0004530805809535
2026-05-19 04:55:00+00:00,1.003979641533568,0.8834298245500828,1.0004530805809535
2026-05-19 05:00:00+00:00,1.002863724462479,0.8834298245500828,1.0004530805809535
2026-05-19 05:05:00+00:00,1.0034258414946169,0.8834298245500828,1.0004530805809535
2026-05-19 05:10:00+00:00,1.0074161090109517,0.8834298245500828,1.0004530805809535
2026-05-19 05:15:00+00:00,1.004955393420488,0.8834298245500828,1.0004530805809535
2026-05-19 05:20:00+00:00,1.0040506061244934,0.8834298245500828,1.0004530805809535
2026-05-19 05:25:00+00:00,1.0058471771916546,0.8834298245500828,1.0004530805809535
2026-05-19 05:30:00+00:00,1.0065428723480576,0.8834298245500828,1.0004530805809535
2026-05-19 05:35:00+00:00,1.0102625484123504,0.8834298245500828,1.0004530805809535
2026-05-19 05:40:00+00:00,1.0128149459737592,0.8834298245500828,1.0004530805809535
2026-05-19 05:45:00+00:00,1.0141575985707667,0.883982555035958,1.0004530805809535
2026-05-19 05:50:00+00:00,1.0110784791889227,0.8812986646600844,1.0004530805809535
2026-05-19 05:55:00+00:00,1.0126721609439937,0.8826877849228003,1.0004530805809535
2026-05-19 06:00:00+00:00,1.0110707048412808,0.8812918882106432,1.0004530805809535
2026-05-19 06:05:00+00:00,1.0124123029856738,0.8824612817616883,1.0004530805809535
2026-05-19 06:10:00+00:00,1.0117922410947653,0.8819208096542188,1.0004530805809535
2026-05-19 06:15:00+00:00,1.0121446980656281,0.882228026021855,1.0004530805809535
2026-05-19 06:20:00+00:00,1.0099614847785545,0.8803250452007129,1.0004530805809535
2026-05-19 06:25:00+00:00,1.011292888436529,0.881485552807242,1.0004530805809535
2026-05-19 06:30:00+00:00,1.015208749693921,0.8848987827079535,1.0004530805809535
2026-05-19 06:35:00+00:00,1.0186641150267735,0.8879106249303281,1.0004530805809535
2026-05-19 06:40:00+00:00,1.0199996266027125,0.8890747131714876,1.0004530805809535
2026-05-19 06:45:00+00:00,1.0231379277400536,0.8918101888626115,1.0004530805809535
2026-05-19 06:50:00+00:00,1.0221013214889956,0.8909066391148525,1.0004530805809535
2026-05-19 06:55:00+00:00,1.0232748181305489,0.8919295083030223,1.0004530805809535
2026-05-19 07:00:00+00:00,1.0172611487343848,0.8866877403120764,1.0004530805809535
2026-05-19 07:05:00+00:00,1.0216130537566723,0.8904810443570267,1.0004530805809535
2026-05-19 07:10:00+00:00,1.0210991255798918,0.8900330828730761,1.0004530805809535
2026-05-19 07:15:00+00:00,1.0239365734251595,0.8925063221404009,1.0004530805809535
2026-05-19 07:20:00+00:00,1.025181910014267,0.8935918100581274,1.0004530805809535
2026-05-19 07:25:00+00:00,1.0248236280696437,0.8932795163975783,1.0004530805809535
2026-05-19 07:30:00+00:00,1.0306864611154025,0.8983898090610095,1.0004530805809535
2026-05-19 07:35:00+00:00,1.0300835075951373,0.8978642493312762,1.0004530805809535
2026-05-19 07:40:00+00:00,1.0252350736367748,0.893638149714731,1.0004530805809535
2026-05-19 07:45:00+00:00,1.026381012555492,0.8946369984288858,1.0004530805809535
2026-05-19 07:50:00+00:00,1.0257223399080382,0.8940628715568405,1.0004530805809535
2026-05-19 07:55:00+00:00,1.0231245809173195,0.8917985552087508,1.0004530805809535
2026-05-19 08:00:00+00:00,1.0235379118024674,0.8921588318486373,1.0004530805809535
2026-05-19 08:05:00+00:00,1.02913341185128,0.8970361057918824,1.0004530805809535
2026-05-19 08:10:00+00:00,1.0348955742496182,0.9020586496712495,1.0004530805809535
2026-05-19 08:15:00+00:00,1.0332569862831786,0.9006303872598986,1.0004530805809535
2026-05-19 08:20:00+00:00,1.03354497796452,0.9008814129610916,1.0004530805809535
2026-05-19 08:25:00+00:00,1.0361238246295732,0.9031292445281305,1.0004530805809535
2026-05-19 08:30:00+00:00,1.0357996267838185,0.9028466600063251,1.0004530805809535
2026-05-19 08:35:00+00:00,1.0372898183071124,0.90414557381628,1.0004530805809535
2026-05-19 08:40:00+00:00,1.038640926902133,0.9053232570773833,1.0004530805809535
2026-05-19 08:45:00+00:00,1.0370854734083603,0.9039674581802467,1.0004530805809535
2026-05-19 08:50:00+00:00,1.0405041870355625,0.9069473532294672,1.0004530805809535
2026-05-19 08:55:00+00:00,1.0378113511348637,0.9046001638348928,1.0004530805809535
2026-05-19 09:00:00+00:00,1.041383807485225,0.907714067528754,1.0004530805809535
2026-05-19 09:05:00+00:00,1.043084770045447,0.9091966982679258,1.0004530805809535
2026-05-19 09:10:00+00:00,1.0381233224922977,0.9048720912335845,1.0004530805809535
2026-05-19 09:15:00+00:00,1.0352310753832734,0.9023510866157285,1.0004530805809535
2026-05-19 09:20:00+00:00,1.0349812356628616,0.9021333157734941,1.0004530805809535
2026-05-19 09:25:00+00:00,1.0373798464577473,0.9042240461510882,1.0004530805809535
2026-05-19 09:30:00+00:00,1.038733235430253,0.9054037170854273,1.0004530805809535
2026-05-19 09:35:00+00:00,1.0385449184788267,0.9052395720845783,1.0004530805809535
2026-05-19 09:40:00+00:00,1.0384482647869142,0.9051553246484295,1.0004530805809535
2026-05-19 09:45:00+00:00,1.038680584623348,0.9053578244205415,1.0004530805809535
2026-05-19 09:50:00+00:00,1.038759107835101,0.9054262685651725,1.0004530805809535
2026-05-19 09:55:00+00:00,1.0393079292667504,0.9059046444823787,1.0004530805809535
2026-05-19 10:00:00+00:00,1.0429987254911208,0.909121698203747,1.0004530805809535
2026-05-19 10:05:00+00:00,1.0443266449001978,0.91027916879192,1.0004530805809535
2026-05-19 10:10:00+00:00,1.0419666663162146,0.9082221118794247,1.0004530805809535
2026-05-19 10:15:00+00:00,1.045478220062831,0.9112829302940918,1.0004530805809535
2026-05-19 10:20:00+00:00,1.045966597261059,0.911708620467019,1.0004530805809535
2026-05-19 10:25:00+00:00,1.0480796359508593,0.9135504341481785,1.0004530805809535
2026-05-19 10:30:00+00:00,1.0477911368570756,0.9132989661648908,1.0004530805809535
2026-05-19 10:35:00+00:00,1.048794916371637,0.9141739027440036,1.0004530805809535
2026-05-19 10:40:00+00:00,1.0449641760854764,0.9108348678734749,1.0004530805809535
2026-05-19 10:45:00+00:00,1.0436566925021669,0.9096952100133253,1.0004530805809535
2026-05-19 10:50:00+00:00,1.0470288453716503,0.9126345207414989,1.0004530805809535
2026-05-19 10:55:00+00:00,1.0452928021553258,0.9111213122222489,1.0004530805809535
2026-05-19 11:00:00+00:00,1.0472883808684441,0.9128607428315385,1.0004530805809535
2026-05-19 11:05:00+00:00,1.0487778535637917,0.9141590300807245,1.0004530805809535
2026-05-19 11:10:00+00:00,1.0479649387640537,0.9134504592405398,1.0004530805809535
2026-05-19 11:15:00+00:00,1.0492352277293024,0.9145576967021701,1.0004530805809535
2026-05-19 11:20:00+00:00,1.0469206389504855,0.912540203459069,1.0004530805809535
2026-05-19 11:25:00+00:00,1.0489189597952109,0.914282024225971,1.0004530805809535
2026-05-19 11:30:00+00:00,1.0505191648161816,0.9156768304424926,1.0004530805809535
2026-05-19 11:35:00+00:00,1.0522186661374835,0.917158187504165,1.0004530805809535
2026-05-19 11:40:00+00:00,1.0536857046093817,0.9184369201375864,1.0004530805809535
2026-05-19 11:45:00+00:00,1.0508235234338312,0.9159421222559706,1.0004530805809535
2026-05-19 11:50:00+00:00,1.0491913840449434,0.9145194806969099,1.0004530805809535
2026-05-19 11:55:00+00:00,1.0447547922611273,0.910652360097275,1.0004530805809535
2026-05-19 12:00:00+00:00,1.0388922068243513,0.9100149034452069,1.0004530805809535
2026-05-19 12:05:00+00:00,1.0415305056500679,0.9100149034452069,1.0004530805809535
2026-05-19 12:10:00+00:00,1.041349023040625,0.9100149034452069,1.0004530805809535
2026-05-19 12:15:00+00:00,1.0443663597948267,0.9100149034452069,1.0004530805809535
2026-05-19 12:20:00+00:00,1.046367767659919,0.9100149034452069,1.0004530805809535
2026-05-19 12:25:00+00:00,1.047992787803718,0.9100149034452069,1.0004530805809535
2026-05-19 12:30:00+00:00,1.0507223866500026,0.9100149034452069,1.0004530805809535
2026-05-19 12:35:00+00:00,1.053445473707021,0.9100149034452069,1.0004530805809535
2026-05-19 12:40:00+00:00,1.0538199470113072,0.9100149034452069,1.0004530805809535
2026-05-19 12:45:00+00:00,1.0569784649364986,0.9100149034452069,1.0004530805809535
2026-05-19 12:50:00+00:00,1.054779380958546,0.9074845723253347,1.0004530805809535
2026-05-19 12:55:00+00:00,1.0571647316840276,0.9095368204276749,1.0004530805809535
2026-05-19 13:00:00+00:00,1.0498100173695126,0.9032091561835965,1.0004530805809535
2026-05-19 13:05:00+00:00,1.0509781102647349,0.9042141305892335,1.0004530805809535
2026-05-19 13:10:00+00:00,1.0507908354012672,0.9040530077492831,1.0004530805809535
2026-05-19 13:15:00+00:00,1.0541434943113903,0.9069374841546154,1.0004530805809535
2026-05-19 13:20:00+00:00,1.0496960241605668,0.9031110815716582,1.0004530805809535
2026-05-19 13:25:00+00:00,1.0467919341753296,0.902478903814558,1.0004530805809535
2026-05-19 13:30:00+00:00,1.0460242507576576,0.902478903814558,1.0004530805809535
2026-05-19 13:35:00+00:00,1.0494940912940263,0.902478903814558,1.0004530805809535
2026-05-19 13:40:00+00:00,1.0489479138425901,0.902478903814558,1.0004530805809535
2026-05-19 13:45:00+00:00,1.0518459148380714,0.902478903814558,1.0004530805809535
2026-05-19 13:50:00+00:00,1.048043202792802,0.902478903814558,1.0004530805809535
2026-05-19 13:55:00+00:00,1.0459480450274412,0.902478903814558,1.0004530805809535
2026-05-19 14:00:00+00:00,1.0457012075904382,0.902478903814558,1.0004530805809535
2026-05-19 14:05:00+00:00,1.0519682143077216,0.902478903814558,1.0004530805809535
2026-05-19 14:10:00+00:00,1.0545172466573438,0.902478903814558,1.0004530805809535
2026-05-19 14:15:00+00:00,1.0527256964141354,0.902478903814558,1.0004530805809535
2026-05-19 14:20:00+00:00,1.049569959157006,0.902478903814558,1.0004530805809535
2026-05-19 14:25:00+00:00,1.046693046042031,0.902478903814558,1.0004530805809535
2026-05-19 14:30:00+00:00,1.0507961078042156,0.902478903814558,1.0004530805809535
2026-05-19 14:35:00+00:00,1.0500134577085731,0.902478903814558,1.0004530805809535
2026-05-19 14:40:00+00:00,1.0473786108902976,0.902478903814558,1.0004530805809535
2026-05-19 14:45:00+00:00,1.0516550748106601,0.902478903814558,1.0004530805809535
2026-05-19 14:50:00+00:00,1.0516750858310762,0.902478903814558,1.0004530805809535
2026-05-19 14:55:00+00:00,1.050963737965799,0.902478903814558,1.0004530805809535
2026-05-19 15:00:00+00:00,1.0517428900942098,0.902478903814558,1.0004530805809535
2026-05-19 15:05:00+00:00,1.0565380017467727,0.902478903814558,1.0004530805809535
2026-05-19 15:10:00+00:00,1.0573862366887368,0.902478903814558,1.0004530805809535
2026-05-19 15:15:00+00:00,1.0582393428205783,0.902478903814558,1.0004530805809535
2026-05-19 15:20:00+00:00,1.058625407752567,0.902478903814558,1.0004530805809535
2026-05-19 15:25:00+00:00,1.0600957253340586,0.902478903814558,1.0004530805809535
2026-05-19 15:30:00+00:00,1.061253387332633,0.902832707440779,1.0004530805809535
2026-05-19 15:35:00+00:00,1.061356851716348,0.9029207269757817,1.0004530805809535
2026-05-19 15:40:00+00:00,1.0601969963868882,0.9019340113244256,1.0004530805809535
2026-05-19 15:45:00+00:00,1.0609925667954017,0.9026108214005596,1.0004530805809535
2026-05-19 15:50:00+00:00,1.0620639570532542,0.903522277777301,1.0004530805809535
2026-05-19 15:55:00+00:00,1.0618214027355464,0.9033159312308763,1.0004530805809535
2026-05-19 16:00:00+00:00,1.066841762541011,0.9075868669843881,1.0004530805809535
2026-05-19 16:05:00+00:00,1.0655847811024903,0.9065175239143087,1.0004530805809535
2026-05-19 16:10:00+00:00,1.0655857547947982,0.9065183522567885,1.0004530805809535
2026-05-19 16:15:00+00:00,1.0654808776652593,0.9064291308663642,1.0004530805809535
2026-05-19 16:20:00+00:00,1.0629515891805166,0.9042774068786382,1.0004530805809535
2026-05-19 16:25:00+00:00,1.0680605591657675,0.908623725353636,1.0004530805809535
2026-05-19 16:30:00+00:00,1.0732492085447527,0.9130378289246637,1.0004530805809535
2026-05-19 16:35:00+00:00,1.072523370213168,0.9124203415329711,1.0004530805809535
2026-05-19 16:40:00+00:00,1.072541693898389,0.9124359299141587,1.0004530805809535
2026-05-19 16:45:00+00:00,1.0720907264739998,0.9120522815361289,1.0004530805809535
2026-05-19 16:50:00+00:00,1.0733119961868793,0.913091243818422,1.0004530805809535
2026-05-19 16:55:00+00:00,1.071550609359944,0.9115927914631279,1.0004530805809535
2026-05-19 17:00:00+00:00,1.069081370179728,0.9094921528022738,1.0004530805809535
2026-05-19 17:05:00+00:00,1.0587408521934,0.9006952359100686,1.0004530805809535
2026-05-19 17:10:00+00:00,1.0594215137542093,0.9000647492449315,1.0004530805809535
2026-05-19 17:15:00+00:00,1.0649163440081293,0.9000647492449315,1.0004530805809535
2026-05-19 17:20:00+00:00,1.0628926554990925,0.9000647492449315,1.0004530805809535
2026-05-19 17:25:00+00:00,1.059683174057603,0.9000647492449315,1.0004530805809535
2026-05-19 17:30:00+00:00,1.0579959956900193,0.9000647492449315,1.0004530805809535
2026-05-19 17:35:00+00:00,1.0602893502150559,0.9000647492449315,1.0004530805809535
2026-05-19 17:40:00+00:00,1.0585245948684094,0.9000647492449315,1.0004530805809535
2026-05-19 17:45:00+00:00,1.0562741277899972,0.9000647492449315,1.0004530805809535
2026-05-19 17:50:00+00:00,1.0522030616042886,0.9000647492449315,1.0004530805809535
2026-05-19 17:55:00+00:00,1.054474707704415,0.8974915157164968,1.0004530805809535
2026-05-19 18:00:00+00:00,1.0550632443648589,0.8969905964857393,1.0004530805809535
2026-05-19 18:05:00+00:00,1.053115566565791,0.8986464675248254,1.0004530805809535
2026-05-19 18:10:00+00:00,1.0529658747326236,0.8987742028288735,1.0004530805809535
2026-05-19 18:15:00+00:00,1.0558643445288232,0.8963001721475238,1.0004530805809535
2026-05-19 18:20:00+00:00,1.05478309498899,0.8972180212573158,1.0004530805809535
2026-05-19 18:25:00+00:00,1.0532754815541967,0.8985004251460512,1.0004530805809535
2026-05-19 18:30:00+00:00,1.0530463490255335,0.8986958874709834,1.0004530805809535
2026-05-19 18:35:00+00:00,1.0524751385331559,0.8991833726807799,1.0004530805809535
2026-05-19 18:40:00+00:00,1.0531462632958846,0.8986099964502675,1.0004530805809535
2026-05-19 18:45:00+00:00,1.0492973207938492,0.90189415395871,1.0004530805809535
2026-05-19 18:50:00+00:00,1.0516261997288552,0.8998924312294739,1.0004530805809535
2026-05-19 18:55:00+00:00,1.053148593335564,0.8985896960138785,1.0004530805809535
2026-05-19 19:00:00+00:00,1.0531195452151083,0.8986144810650054,1.0004530805809535
2026-05-19 19:05:00+00:00,1.050832590774973,0.900565912302588,1.0004530805809535
2026-05-19 19:10:00+00:00,1.0547074242012513,0.8972451712728646,1.0004530805809535
2026-05-19 19:15:00+00:00,1.0581113753387372,0.8966170996529735,1.0004530805809535
2026-05-19 19:20:00+00:00,1.0634176860649287,0.8966170996529735,1.0004530805809535
2026-05-19 19:25:00+00:00,1.0633313869781464,0.8966170996529735,1.0004530805809535
2026-05-19 19:30:00+00:00,1.0662609491163983,0.8966170996529735,1.0004530805809535
2026-05-19 19:35:00+00:00,1.0672716905589172,0.8966170996529735,1.0004530805809535
2026-05-19 19:40:00+00:00,1.065528064903497,0.8966170996529735,1.0004530805809535
2026-05-19 19:45:00+00:00,1.0672129243654305,0.8966170996529735,1.0004530805809535
2026-05-19 19:50:00+00:00,1.0666032104332615,0.8966170996529735,1.0004530805809535
2026-05-19 19:55:00+00:00,1.0673902052560622,0.8966170996529735,1.0004530805809535
2026-05-19 20:00:00+00:00,1.0656180634025083,0.8966170996529735,1.0004530805809535
2026-05-19 20:05:00+00:00,1.064367543988668,0.8966170996529735,1.0004530805809535
2026-05-19 20:10:00+00:00,1.0661826910814356,0.8966170996529735,1.0004530805809535
2026-05-19 20:15:00+00:00,1.06662577180836,0.8966170996529735,1.0004530805809535
2026-05-19 20:20:00+00:00,1.0638747578923986,0.8966170996529735,1.0004530805809535
2026-05-19 20:25:00+00:00,1.0628411155406245,0.8966170996529735,1.0004530805809535
2026-05-19 20:30:00+00:00,1.0664978393769693,0.8966170996529735,1.0004530805809535
2026-05-19 20:35:00+00:00,1.064770660550904,0.8966170996529735,1.0004530805809535
2026-05-19 20:40:00+00:00,1.0676159021228904,0.8966170996529735,1.0004530805809535
2026-05-19 20:45:00+00:00,1.0638879422345842,0.8966170996529735,1.0004530805809535
2026-05-19 20:50:00+00:00,1.061195690023794,0.8966170996529735,1.0004530805809535
2026-05-19 20:55:00+00:00,1.060435865370885,0.8966170996529735,1.0004530805809535
2026-05-19 21:00:00+00:00,1.0600238708299885,0.8966170996529735,1.0004530805809535
2026-05-19 21:05:00+00:00,1.0605699601496306,0.8966170996529735,1.0004530805809535
2026-05-19 21:10:00+00:00,1.0587923403153479,0.8966170996529735,1.0004530805809535
2026-05-19 21:15:00+00:00,1.0597600561857596,0.8966170996529735,1.0004530805809535
2026-05-19 21:20:00+00:00,1.059143381430581,0.8966170996529735,1.0004530805809535
2026-05-19 21:25:00+00:00,1.05686173032755,0.8966170996529735,1.0004530805809535
2026-05-19 21:30:00+00:00,1.0583252627795774,0.8966170996529735,1.0004530805809535
2026-05-19 21:35:00+00:00,1.0599326375802842,0.8966170996529735,1.0004530805809535
2026-05-19 21:40:00+00:00,1.0630511899378703,0.8966170996529735,1.0004530805809535
2026-05-19 21:45:00+00:00,1.0658391546045274,0.8966170996529735,1.0004530805809535
2026-05-19 21:50:00+00:00,1.0706363135644559,0.8966170996529735,1.0004530805809535
2026-05-19 21:55:00+00:00,1.0687060519730798,0.8943729471825533,1.0004530805809535
2026-05-19 22:00:00+00:00,1.063924822518976,0.8903716577071844,1.0004530805809535
2026-05-19 22:05:00+00:00,1.0601759894216651,0.8872343545174559,1.0004530805809535
2026-05-19 22:10:00+00:00,1.0644206799771567,0.8866132904692937,1.0004530805809535
2026-05-19 22:15:00+00:00,1.062514712105006,0.8866132904692937,1.0004530805809535
2026-05-19 22:20:00+00:00,1.0587793260514764,0.8866132904692937,1.0004530805809535
2026-05-19 22:25:00+00:00,1.0599715570493675,0.8866132904692937,1.0004530805809535
2026-05-19 22:30:00+00:00,1.05970569185098,0.8866132904692937,1.0004530805809535
2026-05-19 22:35:00+00:00,1.0649423735714716,0.8866132904692937,1.0004530805809535
2026-05-19 22:40:00+00:00,1.0642407371842326,0.8866132904692937,1.0004530805809535
2026-05-19 22:45:00+00:00,1.0670294303097607,0.8866132904692937,1.0004530805809535
2026-05-19 22:50:00+00:00,1.0665031869127781,0.8866132904692937,1.0004530805809535
2026-05-19 22:55:00+00:00,1.0706031417947115,0.8866132904692937,1.0004530805809535
2026-05-19 23:00:00+00:00,1.0691676277843152,0.8866132904692937,1.0004530805809535
2026-05-19 23:05:00+00:00,1.0664609204058748,0.8866132904692937,1.0004530805809535
2026-05-19 23:10:00+00:00,1.0685193091747263,0.8866132904692937,1.0004530805809535
2026-05-19 23:15:00+00:00,1.0715121114113182,0.8866132904692937,1.0004530805809535
2026-05-19 23:20:00+00:00,1.07719676994353,0.8866132904692937,1.0004530805809535
2026-05-19 23:25:00+00:00,1.077904131816544,0.8865748727500367,1.0004530805809535
2026-05-19 23:30:00+00:00,1.0794493573243527,0.8878458189014784,1.0004530805809535
2026-05-19 23:35:00+00:00,1.08357206147683,0.8912367381877873,1.0004530805809535
2026-05-19 23:40:00+00:00,1.082359653156656,0.890239533779295,1.0004530805809535
2026-05-19 23:45:00+00:00,1.0835601907744083,0.891226974549094,1.0004530805809535
2026-05-19 23:50:00+00:00,1.086431976677596,0.8935890150557886,1.0004530805809535
2026-05-19 23:55:00+00:00,1.0879170917915544,0.8948105204794276,1.0004530805809535
2026-05-20 00:00:00+00:00,1.0850369860808822,0.8924416369409234,1.0004530805809535
2026-05-20 00:05:00+00:00,1.0842774601906255,0.8911125265434897,1.0004530805809535
2026-05-20 00:10:00+00:00,1.0842774601906255,0.891397954407426,1.0004530805809535
2026-05-20 00:15:00+00:00,1.0842774601906255,0.8900347834221947,1.0004530805809535
2026-05-20 00:20:00+00:00,1.0842774601906255,0.8925802048208028,1.0004530805809535
2026-05-20 00:25:00+00:00,1.0842774601906255,0.8925084857454341,1.0004530805809535
2026-05-20 00:30:00+00:00,1.0842774601906255,0.8921835666897742,1.0004530805809535
2026-05-20 00:35:00+00:00,1.0842774601906255,0.8932168477231782,1.0004530805809535
2026-05-20 00:40:00+00:00,1.0842774601906255,0.89225617274517,1.0004530805809535
2026-05-20 00:45:00+00:00,1.0842774601906255,0.8939722920627389,1.0004530805809535
2026-05-20 00:50:00+00:00,1.0842774601906255,0.8928465826053228,1.0004530805809535
2026-05-20 00:55:00+00:00,1.0842774601906255,0.8916295573243465,1.0004530805809535
2026-05-20 01:00:00+00:00,1.0842774601906255,0.8980239798605549,1.0004530805809535
2026-05-20 01:05:00+00:00,1.0842774601906255,0.8953821666302816,1.0004530805809535
2026-05-20 01:10:00+00:00,1.0842774601906255,0.9020896421267468,1.0004530805809535
2026-05-20 01:15:00+00:00,1.0842774601906255,0.9034594082834416,1.0004530805809535
2026-05-20 01:20:00+00:00,1.0842774601906255,0.9011703413104221,1.0004530805809535
2026-05-20 01:25:00+00:00,1.0842774601906255,0.9018751516685446,1.0004530805809535
2026-05-20 01:30:00+00:00,1.0842774601906255,0.9051315719560368,1.0004530805809535
2026-05-20 01:35:00+00:00,1.0842774601906255,0.9075705596842434,1.0004530805809535
2026-05-20 01:40:00+00:00,1.0842774601906255,0.9052675792614248,1.0004530805809535
2026-05-20 01:45:00+00:00,1.0842774601906255,0.9095490510794612,1.0004530805809535
2026-05-20 01:50:00+00:00,1.0842774601906255,0.9070113336794625,1.0004530805809535
2026-05-20 01:55:00+00:00,1.0842774601906255,0.9071342124193569,1.0004530805809535
2026-05-20 02:00:00+00:00,1.0842774601906255,0.9097988017468976,1.0004530805809535
2026-05-20 02:05:00+00:00,1.0842774601906255,0.9111064503435058,1.0004530805809535
2026-05-20 02:10:00+00:00,1.0842774601906255,0.9133899768496804,1.0004530805809535
2026-05-20 02:15:00+00:00,1.0842774601906255,0.911435208440151,1.0004530805809535
2026-05-20 02:20:00+00:00,1.0842774601906255,0.9097861166791814,1.0004530805809535
2026-05-20 02:25:00+00:00,1.0842774601906255,0.9136367645433084,1.0004530805809535
2026-05-20 02:30:00+00:00,1.0842774601906255,0.9145457144484498,1.0004530805809535
2026-05-20 02:35:00+00:00,1.0842774601906255,0.9164910639624293,1.0004530805809535
2026-05-20 02:40:00+00:00,1.0842774601906255,0.9135608226202321,1.0004530805809535
2026-05-20 02:45:00+00:00,1.0842774601906255,0.9165986657276045,1.0004530805809535
2026-05-20 02:50:00+00:00,1.0842774601906255,0.9129628234395636,1.0004530805809535
2026-05-20 02:55:00+00:00,1.0842774601906255,0.9130373886958275,1.0004530805809535
2026-05-20 03:00:00+00:00,1.0842774601906255,0.9156508923825141,1.0004530805809535
2026-05-20 03:05:00+00:00,1.0842774601906255,0.9171793570299576,1.0004530805809535
2026-05-20 03:10:00+00:00,1.0842774601906255,0.9189912632536988,1.0004530805809535
2026-05-20 03:15:00+00:00,1.0842774601906255,0.9218765603247013,1.0004530805809535
2026-05-20 03:20:00+00:00,1.0842774601906255,0.9216603958482075,1.0004530805809535
2026-05-20 03:25:00+00:00,1.0842774601906255,0.9244481913016426,1.0004530805809535
2026-05-20 03:30:00+00:00,1.0842774601906255,0.9294078674815993,1.0004530805809535
2026-05-20 03:35:00+00:00,1.0842774601906255,0.9302777156888958,1.0004530805809535
2026-05-20 03:40:00+00:00,1.0842774601906255,0.9344063752149371,1.0004530805809535
2026-05-20 03:45:00+00:00,1.0842774601906255,0.9361385020069998,1.0004530805809535
2026-05-20 03:50:00+00:00,1.0842774601906255,0.9382356131860093,1.0004530805809535
2026-05-20 03:55:00+00:00,1.0842774601906255,0.9402499050062789,1.0004530805809535
2026-05-20 04:00:00+00:00,1.0842774601906255,0.9355957141969432,1.0004530805809535
2026-05-20 04:05:00+00:00,1.0842774601906255,0.9354650322592043,1.0004530805809535
2026-05-20 04:10:00+00:00,1.0842774601906255,0.9348980483225883,1.0004530805809535
2026-05-20 04:15:00+00:00,1.0842774601906255,0.9389864488934442,1.0004530805809535
2026-05-20 04:20:00+00:00,1.0842774601906255,0.9404999460993282,1.0004530805809535
2026-05-20 04:25:00+00:00,1.0842774601906255,0.9399997278231812,1.0004530805809535
2026-05-20 04:30:00+00:00,1.0842774601906255,0.9423725697829322,1.0004530805809535
2026-05-20 04:35:00+00:00,1.0842774601906255,0.9402582787370685,1.0004530805809535
2026-05-20 04:40:00+00:00,1.0842774601906255,0.9430439944878303,1.0004530805809535
2026-05-20 04:45:00+00:00,1.0842774601906255,0.9437096586180178,1.0004530805809535
2026-05-20 04:50:00+00:00,1.0842774601906255,0.9450728751886269,1.0004530805809535
2026-05-20 04:55:00+00:00,1.0842774601906255,0.9446891660774966,1.0004530805809535
2026-05-20 05:00:00+00:00,1.0842774601906255,0.9461804999868852,1.0004530805809535
2026-05-20 05:05:00+00:00,1.0842774601906255,0.9468122800304429,1.0004530805809535
2026-05-20 05:10:00+00:00,1.0842774601906255,0.947363317880674,1.0004530805809535
2026-05-20 05:15:00+00:00,1.0842774601906255,0.9490779934890426,1.0004530805809535
2026-05-20 05:20:00+00:00,1.0842774601906255,0.9479408701082686,1.0004530805809535
2026-05-20 05:25:00+00:00,1.0842774601906255,0.9473826666622372,1.0004530805809535
2026-05-20 05:30:00+00:00,1.0842774601906255,0.9475893386697587,1.0004530805809535
2026-05-20 05:35:00+00:00,1.0842774601906255,0.9485948189345002,1.0004530805809535
2026-05-20 05:40:00+00:00,1.0842774601906255,0.946728138839925,1.0004530805809535
2026-05-20 05:45:00+00:00,1.0842774601906255,0.9472784370221011,1.0004530805809535
2026-05-20 05:50:00+00:00,1.0842774601906255,0.9479945765237672,1.0004530805809535
2026-05-20 05:55:00+00:00,1.0842774601906255,0.9477492109494686,1.0004530805809535
2026-05-20 06:00:00+00:00,1.0842774601906255,0.9437729434997542,1.0004530805809535
2026-05-20 06:05:00+00:00,1.0842774601906255,0.936787585434111,1.0004530805809535
2026-05-20 06:10:00+00:00,1.0842774601906255,0.9361318341243071,1.0004530805809535
2026-05-20 06:15:00+00:00,1.0842774601906255,0.9361318341243071,1.0004530805809535
2026-05-20 06:20:00+00:00,1.0842774601906255,0.9361318341243071,1.0004530805809535
2026-05-20 06:25:00+00:00,1.0842774601906255,0.9361318341243071,1.0004530805809535
2026-05-20 06:30:00+00:00,1.0842774601906255,0.9361318341243071,1.0004530805809535
2026-05-20 06:35:00+00:00,1.0842774601906255,0.9361318341243071,1.0004530805809535
2026-05-20 06:40:00+00:00,1.0842774601906255,0.9361318341243071,1.0004530805809535
2026-05-20 06:45:00+00:00,1.0842774601906255,0.9361318341243071,1.0004530805809535
2026-05-20 06:50:00+00:00,1.0842774601906255,0.9361318341243071,1.0004530805809535
2026-05-20 06:55:00+00:00,1.0842774601906255,0.9361318341243071,1.0004530805809535
2026-05-20 07:00:00+00:00,1.0842774601906255,0.9361318341243071,1.0004530805809535
2026-05-20 07:05:00+00:00,1.0842774601906255,0.9361318341243071,1.0004530805809535
2026-05-20 07:10:00+00:00,1.0842774601906255,0.9361318341243071,1.0004530805809535
2026-05-20 07:15:00+00:00,1.0842774601906255,0.9361318341243071,1.0004530805809535
2026-05-20 07:20:00+00:00,1.0842774601906255,0.9361318341243071,1.0004530805809535
2026-05-20 07:25:00+00:00,1.0842774601906255,0.9361318341243071,1.0004530805809535
2026-05-20 07:30:00+00:00,1.0842774601906255,0.9361318341243071,1.0004530805809535
2026-05-20 07:35:00+00:00,1.0842774601906255,0.9361318341243071,1.0004530805809535
2026-05-20 07:40:00+00:00,1.0842774601906255,0.9361318341243071,1.0004530805809535
2026-05-20 07:45:00+00:00,1.0842774601906255,0.9361318341243071,1.0004530805809535
2026-05-20 07:50:00+00:00,1.0842774601906255,0.9361318341243071,1.0004530805809535
2026-05-20 07:55:00+00:00,1.0842774601906255,0.9361318341243071,1.0004530805809535
2026-05-20 08:00:00+00:00,1.0842774601906255,0.9361318341243071,1.0004530805809535
2026-05-20 08:05:00+00:00,1.0842774601906255,0.9361318341243071,1.0004530805809535
2026-05-20 08:10:00+00:00,1.0842774601906255,0.9361318341243071,1.0004530805809535
2026-05-20 08:15:00+00:00,1.0842774601906255,0.9361318341243071,1.0004530805809535
2026-05-20 08:20:00+00:00,1.0842774601906255,0.9361318341243071,1.0004530805809535
2026-05-20 08:25:00+00:00,1.0842774601906255,0.9361318341243071,1.0004530805809535
2026-05-20 08:30:00+00:00,1.0842774601906255,0.9361318341243071,1.0004530805809535
2026-05-20 08:35:00+00:00,1.0842774601906255,0.9361318341243071,1.0004530805809535
2026-05-20 08:40:00+00:00,1.0842774601906255,0.9361318341243071,1.0004530805809535
2026-05-20 08:45:00+00:00,1.0842774601906255,0.9361318341243071,1.0004530805809535
2026-05-20 08:50:00+00:00,1.0842774601906255,0.9361318341243071,1.0004530805809535
2026-05-20 08:55:00+00:00,1.0842774601906255,0.9361318341243071,1.0004530805809535
2026-05-20 09:00:00+00:00,1.0842774601906255,0.9361318341243071,1.0004530805809535
2026-05-20 09:05:00+00:00,1.0842774601906255,0.9361318341243071,1.0004530805809535
2026-05-20 09:10:00+00:00,1.0842774601906255,0.9361318341243071,1.0004530805809535
2026-05-20 09:15:00+00:00,1.0842774601906255,0.9361318341243071,1.0004530805809535
2026-05-20 09:20:00+00:00,1.0842774601906255,0.9361318341243071,1.0004530805809535
2026-05-20 09:25:00+00:00,1.0842774601906255,0.9361318341243071,1.0004530805809535
2026-05-20 09:30:00+00:00,1.0842774601906255,0.9358450140564238,1.0004530805809535
2026-05-20 09:35:00+00:00,1.0842774601906255,0.935780613506177,1.0004530805809535
2026-05-20 09:40:00+00:00,1.0842774601906255,0.934257675291623,1.0004530805809535
2026-05-20 09:45:00+00:00,1.0842774601906255,0.9356003818388638,1.0004530805809535
2026-05-20 09:50:00+00:00,1.0842774601906255,0.9367017323457822,1.0004530805809535
2026-05-20 09:55:00+00:00,1.0842774601906255,0.9367361081227228,1.0004530805809535
2026-05-20 10:00:00+00:00,1.0842774601906255,0.9349124010925924,1.0004530805809535
2026-05-20 10:05:00+00:00,1.0842774601906255,0.9352126218820995,1.0004530805809535
2026-05-20 10:10:00+00:00,1.0842774601906255,0.9350520138881983,1.0004530805809535
2026-05-20 10:15:00+00:00,1.0842774601906255,0.9319809363935098,1.0004530805809535
2026-05-20 10:20:00+00:00,1.0842774601906255,0.9313285497380343,1.0004530805809535
2026-05-20 10:25:00+00:00,1.0842774601906255,0.9313285497380343,1.0004530805809535
2026-05-20 10:30:00+00:00,1.0842774601906255,0.9313285497380343,1.0004530805809535
2026-05-20 10:35:00+00:00,1.0842774601906255,0.9313285497380343,1.0004530805809535
2026-05-20 10:40:00+00:00,1.0842774601906255,0.9313285497380343,1.0004530805809535
2026-05-20 10:45:00+00:00,1.0842774601906255,0.9313285497380343,1.0004530805809535
2026-05-20 10:50:00+00:00,1.0842774601906255,0.9313285497380343,1.0004530805809535
2026-05-20 10:55:00+00:00,1.0842774601906255,0.9313285497380343,1.0004530805809535
2026-05-20 11:00:00+00:00,1.0842774601906255,0.9313285497380343,1.0004530805809535
2026-05-20 11:05:00+00:00,1.0842774601906255,0.9313285497380343,1.0004530805809535
2026-05-20 11:10:00+00:00,1.0842774601906255,0.9313285497380343,1.0004530805809535
2026-05-20 11:15:00+00:00,1.0842774601906255,0.9313285497380343,1.0004530805809535
2026-05-20 11:20:00+00:00,1.0842774601906255,0.9313285497380343,1.0004530805809535
2026-05-20 11:25:00+00:00,1.0842774601906255,0.9313285497380343,1.0004530805809535
2026-05-20 11:30:00+00:00,1.0842774601906255,0.9313285497380343,1.0004530805809535
2026-05-20 11:35:00+00:00,1.0842774601906255,0.9313285497380343,1.0004530805809535
2026-05-20 11:40:00+00:00,1.0842774601906255,0.9313285497380343,1.0004530805809535
2026-05-20 11:45:00+00:00,1.0842774601906255,0.9313285497380343,1.0004530805809535
2026-05-20 11:50:00+00:00,1.0842774601906255,0.9313285497380343,1.0004530805809535
2026-05-20 11:55:00+00:00,1.0842774601906255,0.9313285497380343,1.0004530805809535
2026-05-20 12:00:00+00:00,1.0842774601906255,0.9313285497380343,1.0004530805809535
2026-05-20 12:05:00+00:00,1.0842774601906255,0.9313285497380343,1.0004530805809535
2026-05-20 12:10:00+00:00,1.0842774601906255,0.9313285497380343,1.0004530805809535
2026-05-20 12:15:00+00:00,1.0842774601906255,0.9313285497380343,1.0004530805809535
2026-05-20 12:20:00+00:00,1.0842774601906255,0.9313285497380343,1.0004530805809535
2026-05-20 12:25:00+00:00,1.0842774601906255,0.9313285497380343,1.0004530805809535
2026-05-20 12:30:00+00:00,1.0842774601906255,0.9313285497380343,1.0004530805809535
2026-05-20 12:35:00+00:00,1.0842774601906255,0.9313285497380343,1.0004530805809535
2026-05-20 12:40:00+00:00,1.0842774601906255,0.9313285497380343,1.0004530805809535
2026-05-20 12:45:00+00:00,1.0842774601906255,0.9313285497380343,1.0004530805809535
2026-05-20 12:50:00+00:00,1.0842774601906255,0.9313285497380343,1.0004530805809535
2026-05-20 12:55:00+00:00,1.0842774601906255,0.9295451583161902,1.0004530805809535
2026-05-20 13:00:00+00:00,1.0842774601906255,0.9254029506845656,1.0004530805809535
2026-05-20 13:05:00+00:00,1.0842774601906255,0.9240281757092845,1.0004530805809535
2026-05-20 13:10:00+00:00,1.0842774601906255,0.923381355986288,1.0004530805809535
2026-05-20 13:15:00+00:00,1.0842774601906255,0.923381355986288,1.0004530805809535
2026-05-20 13:20:00+00:00,1.0842774601906255,0.923381355986288,1.0004530805809535
2026-05-20 13:25:00+00:00,1.0842774601906255,0.923381355986288,1.0004530805809535
2026-05-20 13:30:00+00:00,1.0842774601906255,0.923381355986288,1.0004530805809535
2026-05-20 13:35:00+00:00,1.0842774601906255,0.923381355986288,1.0004530805809535
2026-05-20 13:40:00+00:00,1.0842774601906255,0.923381355986288,1.0004530805809535
2026-05-20 13:45:00+00:00,1.0842774601906255,0.923381355986288,1.0004530805809535
2026-05-20 13:50:00+00:00,1.0842774601906255,0.923381355986288,1.0004530805809535
2026-05-20 13:55:00+00:00,1.0842774601906255,0.923381355986288,1.0004530805809535
2026-05-20 14:00:00+00:00,1.0842774601906255,0.923381355986288,1.0004530805809535
2026-05-20 14:05:00+00:00,1.0842774601906255,0.923381355986288,1.0004530805809535
2026-05-20 14:10:00+00:00,1.0842774601906255,0.923381355986288,1.0004530805809535
2026-05-20 14:15:00+00:00,1.0842774601906255,0.923381355986288,1.0004530805809535
2026-05-20 14:20:00+00:00,1.0842774601906255,0.923381355986288,1.0004530805809535
2026-05-20 14:25:00+00:00,1.0842774601906255,0.9226058191990563,1.0004530805809535
2026-05-20 14:30:00+00:00,1.0842774601906255,0.925528587993631,1.0004530805809535
2026-05-20 14:35:00+00:00,1.0842774601906255,0.925606874361991,1.0004530805809535
2026-05-20 14:40:00+00:00,1.0842774601906255,0.9254836613264681,1.0004530805809535
2026-05-20 14:45:00+00:00,1.0842774601906255,0.9303935656928475,1.0004530805809535
2026-05-20 14:50:00+00:00,1.0842774601906255,0.9324916002995417,1.0004530805809535
2026-05-20 14:55:00+00:00,1.0842774601906255,0.9315536237164027,1.0004530805809535
2026-05-20 15:00:00+00:00,1.0842774601906255,0.9306630788945701,1.0004530805809535
2026-05-20 15:05:00+00:00,1.0842774601906255,0.9333081221920638,1.0004530805809535
2026-05-20 15:10:00+00:00,1.0842774601906255,0.9329427190282257,1.0004530805809535
2026-05-20 15:15:00+00:00,1.0842774601906255,0.9305857379311643,1.0004530805809535
2026-05-20 15:20:00+00:00,1.0842774601906255,0.9287992925341001,1.0004530805809535
2026-05-20 15:25:00+00:00,1.0842774601906255,0.9290171973696524,1.0004530805809535
2026-05-20 15:30:00+00:00,1.0842774601906255,0.9300888780232436,1.0004530805809535
2026-05-20 15:35:00+00:00,1.0842774601906255,0.9315316247309448,1.0004530805809535
2026-05-20 15:40:00+00:00,1.0842774601906255,0.9304552755124273,1.0004530805809535
2026-05-20 15:45:00+00:00,1.0842774601906255,0.9300067961570364,1.0004530805809535
2026-05-20 15:50:00+00:00,1.0842774601906255,0.9285609126335165,1.0004530805809535
2026-05-20 15:55:00+00:00,1.0842774601906255,0.9282582760602288,1.0004530805809535
2026-05-20 16:00:00+00:00,1.0842774601906255,0.9263806203548489,1.0004530805809535
2026-05-20 16:05:00+00:00,1.0842774601906255,0.9257321539206005,1.0004530805809535
2026-05-20 16:10:00+00:00,1.0842774601906255,0.9257321539206005,1.0004530805809535
2026-05-20 16:15:00+00:00,1.0842774601906255,0.9257321539206005,1.0004530805809535
2026-05-20 16:20:00+00:00,1.0842774601906255,0.9257321539206005,1.0004530805809535
2026-05-20 16:25:00+00:00,1.0842774601906255,0.9257321539206005,1.0004530805809535
2026-05-20 16:30:00+00:00,1.0842774601906255,0.9257321539206005,1.0004530805809535
2026-05-20 16:35:00+00:00,1.0842774601906255,0.9257321539206005,1.0004530805809535
2026-05-20 16:40:00+00:00,1.0842774601906255,0.9257321539206005,1.0004530805809535
2026-05-20 16:45:00+00:00,1.0842774601906255,0.9257321539206005,1.0004530805809535
2026-05-20 16:50:00+00:00,1.0842774601906255,0.9257321539206005,1.0004530805809535
2026-05-20 16:55:00+00:00,1.0842774601906255,0.9257321539206005,1.0004530805809535
2026-05-20 17:00:00+00:00,1.0842774601906255,0.9257321539206005,1.0004530805809535
2026-05-20 17:05:00+00:00,1.0842774601906255,0.9257321539206005,1.0004530805809535
2026-05-20 17:10:00+00:00,1.0842774601906255,0.9257321539206005,1.0004530805809535
2026-05-20 17:15:00+00:00,1.0842774601906255,0.9257321539206005,1.0004530805809535
2026-05-20 17:20:00+00:00,1.0842774601906255,0.9257321539206005,1.0004530805809535
2026-05-20 17:25:00+00:00,1.0842774601906255,0.9257321539206005,1.0004530805809535
2026-05-20 17:30:00+00:00,1.0842774601906255,0.9257321539206005,1.0004530805809535
2026-05-20 17:35:00+00:00,1.0842774601906255,0.9257321539206005,1.0004530805809535
2026-05-20 17:40:00+00:00,1.0842774601906255,0.9257321539206005,1.0004530805809535
2026-05-20 17:45:00+00:00,1.0842774601906255,0.9257321539206005,1.0004530805809535
2026-05-20 17:50:00+00:00,1.0842774601906255,0.9257321539206005,1.0004530805809535
2026-05-20 17:55:00+00:00,1.0842774601906255,0.9257321539206005,1.0004530805809535
2026-05-20 18:00:00+00:00,1.0842774601906255,0.9257321539206005,1.0004530805809535
2026-05-20 18:05:00+00:00,1.0842774601906255,0.9257321539206005,1.0004530805809535
2026-05-20 18:10:00+00:00,1.0842774601906255,0.9257321539206005,1.0004530805809535
2026-05-20 18:15:00+00:00,1.0842774601906255,0.9257321539206005,1.0004530805809535
2026-05-20 18:20:00+00:00,1.0842774601906255,0.9257321539206005,1.0004530805809535
2026-05-20 18:25:00+00:00,1.0842774601906255,0.9257321539206005,1.0004530805809535
2026-05-20 18:30:00+00:00,1.0842774601906255,0.9257321539206005,1.0004530805809535
2026-05-20 18:35:00+00:00,1.0842774601906255,0.9257321539206005,1.0004530805809535
2026-05-20 18:40:00+00:00,1.0842774601906255,0.9257321539206005,1.0004530805809535
2026-05-20 18:45:00+00:00,1.0842774601906255,0.9257321539206005,1.0004530805809535
2026-05-20 18:50:00+00:00,1.0842774601906255,0.9238889561958439,1.0004530805809535
2026-05-20 18:55:00+00:00,1.0842774601906255,0.9248525665638359,1.0004530805809535
2026-05-20 19:00:00+00:00,1.0842774601906255,0.9272944784126697,1.0004530805809535
2026-05-20 19:05:00+00:00,1.0842774601906255,0.9275191797056649,1.0004530805809535
2026-05-20 19:10:00+00:00,1.0842774601906255,0.9328854812665649,1.0004530805809535
2026-05-20 19:15:00+00:00,1.0842774601906255,0.9320161433123626,1.0004530805809535
2026-05-20 19:20:00+00:00,1.0842774601906255,0.9327621922880216,1.0004530805809535
2026-05-20 19:25:00+00:00,1.0842774601906255,0.9309259635410486,1.0004530805809535
2026-05-20 19:30:00+00:00,1.0842774601906255,0.9301193009996561,1.0004530805809535
2026-05-20 19:35:00+00:00,1.0842774601906255,0.930691226809077,1.0004530805809535
2026-05-20 19:40:00+00:00,1.0842774601906255,0.9326371778010345,1.0004530805809535
2026-05-20 19:45:00+00:00,1.0842774601906255,0.9333722215293742,1.0004530805809535
2026-05-20 19:50:00+00:00,1.0842774601906255,0.9362769726182222,1.0004530805809535
2026-05-20 19:55:00+00:00,1.0842774601906255,0.9360580536450748,1.0004530805809535
2026-05-20 20:00:00+00:00,1.0842774601906255,0.9352916128550047,1.0004530805809535
2026-05-20 20:05:00+00:00,1.0842774601906255,0.9415531261443535,1.0004530805809535
2026-05-20 20:10:00+00:00,1.0842774601906255,0.9424699246428629,1.0004530805809535
2026-05-20 20:15:00+00:00,1.0842774601906255,0.9407987079758815,1.0004530805809535
2026-05-20 20:20:00+00:00,1.0842774601906255,0.9391888925354865,1.0004530805809535
2026-05-20 20:25:00+00:00,1.0842774601906255,0.9370073142173312,1.0004530805809535
2026-05-20 20:30:00+00:00,1.0842774601906255,0.939175625489314,1.0004530805809535
2026-05-20 20:35:00+00:00,1.0842774601906255,0.9383320567158516,1.0004530805809535
2026-05-20 20:40:00+00:00,1.0842774601906255,0.9386274295366533,1.0004530805809535
2026-05-20 20:45:00+00:00,1.0842774601906255,0.9384808006795199,1.0004530805809535
2026-05-20 20:50:00+00:00,1.0842774601906255,0.9401766570024385,1.0004530805809535
2026-05-20 20:55:00+00:00,1.0842774601906255,0.938214848709048,1.0004530805809535
2026-05-20 21:00:00+00:00,1.0842774601906255,0.935728652994206,1.0004530805809535
2026-05-20 21:05:00+00:00,1.0842774601906255,0.9362471122995142,1.0004530805809535
2026-05-20 21:10:00+00:00,1.0842774601906255,0.9376368865904741,1.0004530805809535
2026-05-20 21:15:00+00:00,1.0842774601906255,0.9384069842825533,1.0004530805809535
2026-05-20 21:20:00+00:00,1.0842774601906255,0.9365350370458395,1.0004530805809535
2026-05-20 21:25:00+00:00,1.0842774601906255,0.9381023568730661,1.0004530805809535
2026-05-20 21:30:00+00:00,1.0842774601906255,0.9363825553509295,1.0004530805809535
2026-05-20 21:35:00+00:00,1.0842774601906255,0.9351787749700935,1.0004530805809535
2026-05-20 21:40:00+00:00,1.0842774601906255,0.9345241498276144,1.0004530805809535
2026-05-20 21:45:00+00:00,1.0842774601906255,0.9345241498276144,1.0004530805809535
2026-05-20 21:50:00+00:00,1.0842774601906255,0.9345241498276144,1.0004530805809535
2026-05-20 21:55:00+00:00,1.0842774601906255,0.9345241498276144,1.0004530805809535
2026-05-20 22:00:00+00:00,1.0842774601906255,0.9345241498276144,1.0004530805809535
2026-05-20 22:05:00+00:00,1.0842774601906255,0.9345241498276144,1.0004530805809535
2026-05-20 22:10:00+00:00,1.0842774601906255,0.9299374442926116,1.0004530805809535
2026-05-20 22:15:00+00:00,1.0842774601906255,0.9282451725405992,1.0004530805809535
2026-05-20 22:20:00+00:00,1.0842774601906255,0.9268354025773072,1.0004530805809535
2026-05-20 22:25:00+00:00,1.0842774601906255,0.9248921317593148,1.0004530805809535
2026-05-20 22:30:00+00:00,1.0842774601906255,0.9224366631167888,1.0004530805809535
2026-05-20 22:35:00+00:00,1.0842774601906255,0.9217909574526071,1.0004530805809535
2026-05-20 22:40:00+00:00,1.0842774601906255,0.9217909574526071,1.0004530805809535
2026-05-20 22:45:00+00:00,1.0842774601906255,0.9217909574526071,1.0004530805809535
2026-05-20 22:50:00+00:00,1.0842774601906255,0.9217909574526071,1.0004530805809535
2026-05-20 22:55:00+00:00,1.0842774601906255,0.9217909574526071,1.0004530805809535
2026-05-20 23:00:00+00:00,1.0842774601906255,0.9217909574526071,1.0004530805809535
2026-05-20 23:05:00+00:00,1.0842774601906255,0.9217909574526071,1.0004530805809535
2026-05-20 23:10:00+00:00,1.0842774601906255,0.9217909574526071,1.0004530805809535
2026-05-20 23:15:00+00:00,1.0842774601906255,0.9217909574526071,1.0004530805809535
2026-05-20 23:20:00+00:00,1.0842774601906255,0.9217909574526071,1.0004530805809535
2026-05-20 23:25:00+00:00,1.0842774601906255,0.9217909574526071,1.0004530805809535
2026-05-20 23:30:00+00:00,1.0842774601906255,0.9217909574526071,1.0004530805809535
2026-05-20 23:35:00+00:00,1.0842774601906255,0.9217909574526071,1.0004530805809535
2026-05-20 23:40:00+00:00,1.0842774601906255,0.9217909574526071,1.0004530805809535
2026-05-20 23:45:00+00:00,1.0842774601906255,0.9217909574526071,1.0004530805809535
2026-05-20 23:50:00+00:00,1.0842774601906255,0.9217909574526071,1.0004530805809535
2026-05-20 23:55:00+00:00,1.0842774601906255,0.9165601108622747,1.0004530805809535
2026-05-21 00:00:00+00:00,1.0842774601906255,0.9153172748992944,1.0004530805809535
2026-05-21 00:05:00+00:00,1.0842774601906255,0.9146765528068649,1.0004530805809535
2026-05-21 00:10:00+00:00,1.0842774601906255,0.9146765528068649,1.0004530805809535
2026-05-21 00:15:00+00:00,1.0842774601906255,0.9146765528068649,1.0004530805809535
2026-05-21 00:20:00+00:00,1.0842774601906255,0.9146765528068649,1.0004530805809535
2026-05-21 00:25:00+00:00,1.0842774601906255,0.9146765528068649,1.0004530805809535
2026-05-21 00:30:00+00:00,1.0842774601906255,0.9146765528068649,1.0004530805809535
2026-05-21 00:35:00+00:00,1.0842774601906255,0.9146765528068649,1.0004530805809535
2026-05-21 00:40:00+00:00,1.0842774601906255,0.9146765528068649,1.0004530805809535
2026-05-21 00:45:00+00:00,1.0842774601906255,0.9146765528068649,1.0004530805809535
2026-05-21 00:50:00+00:00,1.0842774601906255,0.9146765528068649,1.0004530805809535
2026-05-21 00:55:00+00:00,1.0842774601906255,0.9152527186359264,1.0004530805809535
2026-05-21 01:00:00+00:00,1.0842774601906255,0.9156516036348207,1.0004530805809535
2026-05-21 01:05:00+00:00,1.0842774601906255,0.9154459988012899,1.0004530805809535
2026-05-21 01:10:00+00:00,1.0842774601906255,0.9140784325547103,1.0004530805809535
2026-05-21 01:15:00+00:00,1.0842774601906255,0.911636939488848,1.0004530805809535
2026-05-21 01:20:00+00:00,1.0842774601906255,0.9122983754371935,1.0004530805809535
2026-05-21 01:25:00+00:00,1.0842774601906255,0.9133241925503167,1.0004530805809535
2026-05-21 01:30:00+00:00,1.0842774601906255,0.9123369344596723,1.0004530805809535
2026-05-21 01:35:00+00:00,1.0842774601906255,0.9109603654185418,1.0004530805809535
2026-05-21 01:40:00+00:00,1.0842774601906255,0.9103226931627487,1.0004530805809535
2026-05-21 01:45:00+00:00,1.0842774601906255,0.9103226931627487,1.0004530805809535
2026-05-21 01:50:00+00:00,1.0842774601906255,0.9103226931627487,1.0004530805809535
2026-05-21 01:55:00+00:00,1.0842774601906255,0.9103226931627487,1.0004530805809535
2026-05-21 02:00:00+00:00,1.0842774601906255,0.9103226931627487,1.0004530805809535
2026-05-21 02:05:00+00:00,1.0842774601906255,0.9077418599050926,1.0004530805809535
2026-05-21 02:10:00+00:00,1.0842774601906255,0.9077734214586979,1.0004530805809535
2026-05-21 02:15:00+00:00,1.0842774601906255,0.9077991142902567,1.0004530805809535
2026-05-21 02:20:00+00:00,1.0842774601906255,0.9075798933025587,1.0004530805809535
2026-05-21 02:25:00+00:00,1.0842774601906255,0.9061275272490266,1.0004530805809535
2026-05-21 02:30:00+00:00,1.0842774601906255,0.9028125889945304,1.0004530805809535
2026-05-21 02:35:00+00:00,1.0842774601906255,0.9021806201822342,1.0004530805809535
2026-05-21 02:40:00+00:00,1.0842774601906255,0.9021806201822342,1.0004530805809535
2026-05-21 02:45:00+00:00,1.0842774601906255,0.9021806201822342,1.0004530805809535
2026-05-21 02:50:00+00:00,1.0842774601906255,0.9021806201822342,1.0004530805809535
2026-05-21 02:55:00+00:00,1.0842774601906255,0.9021806201822342,1.0004530805809535
2026-05-21 03:00:00+00:00,1.0842774601906255,0.9021806201822342,1.0004530805809535
2026-05-21 03:05:00+00:00,1.0842774601906255,0.9021806201822342,1.0004530805809535
2026-05-21 03:10:00+00:00,1.0842774601906255,0.9021806201822342,1.0004530805809535
2026-05-21 03:15:00+00:00,1.0842774601906255,0.9021806201822342,1.0004530805809535
2026-05-21 03:20:00+00:00,1.0842774601906255,0.9021806201822342,1.0004530805809535
2026-05-21 03:25:00+00:00,1.0842774601906255,0.9021806201822342,1.0004530805809535
2026-05-21 03:30:00+00:00,1.0842774601906255,0.9021806201822342,1.0004530805809535
2026-05-21 03:35:00+00:00,1.0842774601906255,0.9021806201822342,1.0004530805809535
2026-05-21 03:40:00+00:00,1.0842774601906255,0.9021806201822342,1.0004530805809535
2026-05-21 03:45:00+00:00,1.0810511210543607,0.9021806201822342,1.0004530805809535
2026-05-21 03:50:00+00:00,1.085814471578915,0.9021806201822342,1.0004530805809535
2026-05-21 03:55:00+00:00,1.0857102397467848,0.9021806201822342,1.0004530805809535
2026-05-21 04:00:00+00:00,1.085469163835558,0.9021806201822342,1.0004530805809535
2026-05-21 04:05:00+00:00,1.0830551541851146,0.9021806201822342,1.0004530805809535
2026-05-21 04:10:00+00:00,1.0822409718057742,0.9021806201822342,1.0004530805809535
2026-05-21 04:15:00+00:00,1.0855293591948336,0.9021806201822342,1.0004530805809535
2026-05-21 04:20:00+00:00,1.0833731796338628,0.9021806201822342,1.0004530805809535
2026-05-21 04:25:00+00:00,1.0796545782103635,0.9021806201822342,1.0004530805809535
2026-05-21 04:30:00+00:00,1.0788988200056162,0.9021806201822342,1.0004530805809535
2026-05-21 04:35:00+00:00,1.0794554555926161,0.9021806201822342,1.0004530805809535
2026-05-21 04:40:00+00:00,1.0778044840422587,0.9021806201822342,1.0004530805809535
2026-05-21 04:45:00+00:00,1.0736055470062988,0.9021806201822342,1.0004530805809535
2026-05-21 04:50:00+00:00,1.0728540231233945,0.9021806201822342,1.0004530805809535
2026-05-21 04:55:00+00:00,1.0728540231233945,0.9021806201822342,1.0004530805809535
2026-05-21 05:00:00+00:00,1.0728540231233945,0.9021806201822342,1.0004530805809535
2026-05-21 05:05:00+00:00,1.0728540231233945,0.9021806201822342,1.0004530805809535
2026-05-21 05:10:00+00:00,1.0728540231233945,0.9021806201822342,1.0004530805809535
2026-05-21 05:15:00+00:00,1.0728540231233945,0.9021806201822342,1.0004530805809535
2026-05-21 05:20:00+00:00,1.0728540231233945,0.9021806201822342,1.0004530805809535
2026-05-21 05:25:00+00:00,1.0728540231233945,0.8992444350500808,1.0004530805809535
2026-05-21 05:30:00+00:00,1.0728540231233945,0.9018638479425239,1.0004530805809535
2026-05-21 05:35:00+00:00,1.0728540231233945,0.9011243268415735,1.0004530805809535
2026-05-21 05:40:00+00:00,1.0728540231233945,0.9005752374710412,1.0004530805809535
2026-05-21 05:45:00+00:00,1.0728540231233945,0.8981615001890413,1.0004530805809535
2026-05-21 05:50:00+00:00,1.0728540231233945,0.8969393038090371,1.0004530805809535
2026-05-21 05:55:00+00:00,1.0728540231233945,0.8963114462963707,1.0004530805809535
2026-05-21 06:00:00+00:00,1.0728540231233945,0.8963114462963707,1.0004530805809535
2026-05-21 06:05:00+00:00,1.0728540231233945,0.8953778954553077,1.0004530805809535
2026-05-21 06:10:00+00:00,1.0728540231233945,0.8958081342288245,1.0004530805809535
2026-05-21 06:15:00+00:00,1.0728540231233945,0.8947513953893464,1.0004530805809535
2026-05-21 06:20:00+00:00,1.0728540231233945,0.8930065474869276,1.0004530805809535
2026-05-21 06:25:00+00:00,1.0728540231233945,0.8916644260549804,1.0004530805809535
2026-05-21 06:30:00+00:00,1.0728540231233945,0.8921353107301286,1.0004530805809535
2026-05-21 06:35:00+00:00,1.0728540231233945,0.8961899748498673,1.0004530805809535
2026-05-21 06:40:00+00:00,1.0728540231233945,0.8971961883355479,1.0004530805809535
2026-05-21 06:45:00+00:00,1.0728540231233945,0.896273539445642,1.0004530805809535
2026-05-21 06:50:00+00:00,1.0728540231233945,0.898681402268143,1.0004530805809535
2026-05-21 06:55:00+00:00,1.0728540231233945,0.8972800657119729,1.0004530805809535
2026-05-21 07:00:00+00:00,1.0728540231233945,0.8952662101776689,1.0004530805809535
2026-05-21 07:05:00+00:00,1.0728540231233945,0.8949854887492522,1.0004530805809535
2026-05-21 07:10:00+00:00,1.0728540231233945,0.9017253833420837,1.0004530805809535
2026-05-21 07:15:00+00:00,1.0728540231233945,0.9045641680939233,1.0004530805809535
2026-05-21 07:20:00+00:00,1.0728540231233945,0.9003440225297699,1.0004530805809535
2026-05-21 07:25:00+00:00,1.0728540231233945,0.9015569367572709,1.0004530805809535
2026-05-21 07:30:00+00:00,1.0728540231233945,0.905959531675427,1.0004530805809535
2026-05-21 07:35:00+00:00,1.0728540231233945,0.9031936096123635,1.0004530805809535
2026-05-21 07:40:00+00:00,1.0728540231233945,0.9031634155064759,1.0004530805809535
2026-05-21 07:45:00+00:00,1.0728540231233945,0.9006972594187039,1.0004530805809535
2026-05-21 07:50:00+00:00,1.0728540231233945,0.9000811018265295,1.0004530805809535
2026-05-21 07:55:00+00:00,1.0728540231233945,0.8990616829831619,1.0004530805809535
2026-05-21 08:00:00+00:00,1.0728540231233945,0.8982556001562564,1.0004530805809535
2026-05-21 08:05:00+00:00,1.0728540231233945,0.897626821236147,1.0004530805809535
2026-05-21 08:10:00+00:00,1.0728540231233945,0.897626821236147,1.0004530805809535
2026-05-21 08:15:00+00:00,1.0728540231233945,0.897626821236147,1.0004530805809535
2026-05-21 08:20:00+00:00,1.0728540231233945,0.897626821236147,1.0004530805809535
2026-05-21 08:25:00+00:00,1.0728540231233945,0.897626821236147,1.0004530805809535
2026-05-21 08:30:00+00:00,1.0728540231233945,0.897626821236147,1.0004530805809535
2026-05-21 08:35:00+00:00,1.0728540231233945,0.897626821236147,1.0004530805809535
2026-05-21 08:40:00+00:00,1.0728540231233945,0.8960545426205406,1.0004530805809535
2026-05-21 08:45:00+00:00,1.0728540231233945,0.8986343261104693,1.0004530805809535
2026-05-21 08:50:00+00:00,1.0728540231233945,0.9006942218089563,1.0004530805809535
2026-05-21 08:55:00+00:00,1.0728540231233945,0.9064300315976751,1.0004530805809535
2026-05-21 09:00:00+00:00,1.0728540231233945,0.9047545851841693,1.0004530805809535
2026-05-21 09:05:00+00:00,1.0728540231233945,0.9036229868469753,1.0004530805809535
2026-05-21 09:10:00+00:00,1.0728540231233945,0.902941139018903,1.0004530805809535
2026-05-21 09:15:00+00:00,1.0728540231233945,0.8958826025745048,1.0004530805809535
2026-05-21 09:20:00+00:00,1.0728540231233945,0.8939177598616997,1.0004530805809535
2026-05-21 09:25:00+00:00,1.0728540231233945,0.8932920174297965,1.0004530805809535
2026-05-21 09:30:00+00:00,1.0728540231233945,0.8932920174297965,1.0004530805809535
2026-05-21 09:35:00+00:00,1.0728540231233945,0.8932920174297965,1.0004530805809535
2026-05-21 09:40:00+00:00,1.0728540231233945,0.8932920174297965,1.0004530805809535
2026-05-21 09:45:00+00:00,1.0728540231233945,0.8932920174297965,1.0004530805809535
2026-05-21 09:50:00+00:00,1.0728540231233945,0.8932920174297965,1.0004530805809535
2026-05-21 09:55:00+00:00,1.0728540231233945,0.8932920174297965,1.0004530805809535
2026-05-21 10:00:00+00:00,1.0728540231233945,0.8932920174297965,1.0004530805809535
2026-05-21 10:05:00+00:00,1.0728540231233945,0.8932920174297965,1.0004530805809535
2026-05-21 10:10:00+00:00,1.0728540231233945,0.8932920174297965,1.0004530805809535
2026-05-21 10:15:00+00:00,1.0728540231233945,0.8932920174297965,1.0004530805809535
2026-05-21 10:20:00+00:00,1.0728540231233945,0.8932920174297965,1.0004530805809535
2026-05-21 10:25:00+00:00,1.0728540231233945,0.8932920174297965,1.0004530805809535
2026-05-21 10:30:00+00:00,1.0728540231233945,0.8932920174297965,1.0004530805809535
2026-05-21 10:35:00+00:00,1.0728540231233945,0.8932920174297965,1.0004530805809535
2026-05-21 10:40:00+00:00,1.0728540231233945,0.8932920174297965,1.0004530805809535
2026-05-21 10:45:00+00:00,1.0728540231233945,0.8932920174297965,1.0004530805809535
2026-05-21 10:50:00+00:00,1.0728540231233945,0.8932920174297965,1.0004530805809535
2026-05-21 10:55:00+00:00,1.0728540231233945,0.8932920174297965,1.0004530805809535
2026-05-21 11:00:00+00:00,1.0728540231233945,0.8932920174297965,1.0004530805809535
2026-05-21 11:05:00+00:00,1.0728540231233945,0.8951839650610788,1.0004530805809535
2026-05-21 11:10:00+00:00,1.0728540231233945,0.8952102706538685,1.0004530805809535
2026-05-21 11:15:00+00:00,1.0728540231233945,0.8899615213649031,1.0004530805809535
2026-05-21 11:20:00+00:00,1.0728540231233945,0.891097312166221,1.0004530805809535
2026-05-21 11:25:00+00:00,1.0728540231233945,0.8862310411765001,1.0004530805809535
2026-05-21 11:30:00+00:00,1.0728540231233945,0.8894516497173367,1.0004530805809535
2026-05-21 11:35:00+00:00,1.0728540231233945,0.8898240903246913,1.0004530805809535
2026-05-21 11:40:00+00:00,1.0728540231233945,0.8920220992465261,1.0004530805809535
2026-05-21 11:45:00+00:00,1.0728540231233945,0.8900391709972619,1.0004530805809535
2026-05-21 11:50:00+00:00,1.0728540231233945,0.8866366192400607,1.0004530805809535
2026-05-21 11:55:00+00:00,1.0728540231233945,0.8860159736065926,1.0004530805809535
2026-05-21 12:00:00+00:00,1.0728540231233945,0.8860159736065926,1.0004530805809535
2026-05-21 12:05:00+00:00,1.0728540231233945,0.8860159736065926,1.0004530805809535
2026-05-21 12:10:00+00:00,1.0728540231233945,0.8860159736065926,1.0004530805809535
2026-05-21 12:15:00+00:00,1.0728540231233945,0.8860159736065926,1.0004530805809535
2026-05-21 12:20:00+00:00,1.0728540231233945,0.8860159736065926,1.0004530805809535
2026-05-21 12:25:00+00:00,1.0728540231233945,0.8860159736065926,1.0004530805809535
2026-05-21 12:30:00+00:00,1.0728540231233945,0.8860159736065926,1.0004530805809535
2026-05-21 12:35:00+00:00,1.0728540231233945,0.8860159736065926,1.0004530805809535
2026-05-21 12:40:00+00:00,1.0728540231233945,0.8849807473756353,1.0004530805809535
2026-05-21 12:45:00+00:00,1.0728540231233945,0.8805056612582866,1.0004530805809535
2026-05-21 12:50:00+00:00,1.0728540231233945,0.8800964532470948,1.0004530805809535
2026-05-21 12:55:00+00:00,1.0728540231233945,0.8818613953339288,1.0004530805809535
2026-05-21 13:00:00+00:00,1.0728540231233945,0.8797541055884787,1.0004530805809535
2026-05-21 13:05:00+00:00,1.0728540231233945,0.8793717618165111,1.0004530805809535
2026-05-21 13:10:00+00:00,1.0728540231233945,0.8778724572694864,1.0004530805809535
2026-05-21 13:15:00+00:00,1.0728540231233945,0.8811324602379786,1.0004530805809535
2026-05-21 13:20:00+00:00,1.0728540231233945,0.8827638159023138,1.0004530805809535
2026-05-21 13:25:00+00:00,1.0728540231233945,0.8841845442640429,1.0004530805809535
2026-05-21 13:30:00+00:00,1.0728540231233945,0.8855421385875406,1.0004530805809535
2026-05-21 13:35:00+00:00,1.0728540231233945,0.8854611729215999,1.0004530805809535
2026-05-21 13:40:00+00:00,1.0728540231233945,0.8858933255915088,1.0004530805809535
2026-05-21 13:45:00+00:00,1.0728540231233945,0.8833068443827521,1.0004530805809535
2026-05-21 13:50:00+00:00,1.0728540231233945,0.8785547209873315,1.0004530805809535
2026-05-21 13:55:00+00:00,1.0728540231233945,0.8779397326826403,1.0004530805809535
2026-05-21 14:00:00+00:00,1.0728540231233945,0.8779397326826403,1.0004530805809535
2026-05-21 14:05:00+00:00,1.0728540231233945,0.8779397326826403,1.0004530805809535
2026-05-21 14:10:00+00:00,1.0728540231233945,0.8779397326826403,1.0004530805809535
2026-05-21 14:15:00+00:00,1.0728540231233945,0.8779397326826403,1.0004530805809535
2026-05-21 14:20:00+00:00,1.0728540231233945,0.8751662655353601,1.0004530805809535
2026-05-21 14:25:00+00:00,1.0728540231233945,0.8744063224480472,1.0004530805809535
2026-05-21 14:30:00+00:00,1.0728540231233945,0.8754436978476531,1.0004530805809535
2026-05-21 14:35:00+00:00,1.0728540231233945,0.8809304247956077,1.0004530805809535
2026-05-21 14:40:00+00:00,1.0728540231233945,0.8841539397133038,1.0004530805809535
2026-05-21 14:45:00+00:00,1.0728540231233945,0.8865998143541238,1.0004530805809535
2026-05-21 14:50:00+00:00,1.0728540231233945,0.8857523027262977,1.0004530805809535
2026-05-21 14:55:00+00:00,1.0728540231233945,0.8838245529936773,1.0004530805809535
2026-05-21 15:00:00+00:00,1.0728540231233945,0.885547090326817,1.0004530805809535
2026-05-21 15:05:00+00:00,1.0728540231233945,0.8831457866325098,1.0004530805809535
2026-05-21 15:10:00+00:00,1.0728540231233945,0.8826267795578783,1.0004530805809535
2026-05-21 15:15:00+00:00,1.0728540231233945,0.8823772675397361,1.0004530805809535
2026-05-21 15:20:00+00:00,1.0728540231233945,0.885852627929187,1.0004530805809535
2026-05-21 15:25:00+00:00,1.0728540231233945,0.8850780936321397,1.0004530805809535
2026-05-21 15:30:00+00:00,1.0728540231233945,0.8797674807922772,1.0004530805809535
2026-05-21 15:35:00+00:00,1.0728540231233945,0.880863618395077,1.0004530805809535
2026-05-21 15:40:00+00:00,1.0728540231233945,0.8793460349604951,1.0004530805809535
2026-05-21 15:45:00+00:00,1.0728540231233945,0.8787304927360228,1.0004530805809535
2026-05-21 15:50:00+00:00,1.0728540231233945,0.8787304927360228,1.0004530805809535
2026-05-21 15:55:00+00:00,1.0728540231233945,0.8787304927360228,1.0004530805809535
2026-05-21 16:00:00+00:00,1.0728540231233945,0.8787304927360228,1.0004530805809535
2026-05-21 16:05:00+00:00,1.0728540231233945,0.8787304927360228,1.0004530805809535
2026-05-21 16:10:00+00:00,1.0728540231233945,0.8787304927360228,1.0004530805809535
2026-05-21 16:15:00+00:00,1.0728540231233945,0.8787304927360228,1.0004530805809535
2026-05-21 16:20:00+00:00,1.0728540231233945,0.8787304927360228,1.0004530805809535
2026-05-21 16:25:00+00:00,1.0728540231233945,0.8787304927360228,1.0004530805809535
2026-05-21 16:30:00+00:00,1.0728540231233945,0.8787304927360228,1.0004530805809535
2026-05-21 16:35:00+00:00,1.0728540231233945,0.8787304927360228,1.0004530805809535
2026-05-21 16:40:00+00:00,1.0728540231233945,0.8787304927360228,1.0004530805809535
2026-05-21 16:45:00+00:00,1.0728540231233945,0.8787304927360228,1.0004530805809535
2026-05-21 16:50:00+00:00,1.0728540231233945,0.8787304927360228,1.0004530805809535
2026-05-21 16:55:00+00:00,1.0728540231233945,0.8787304927360228,1.0004530805809535
2026-05-21 17:00:00+00:00,1.0728540231233945,0.8787304927360228,1.0004530805809535
2026-05-21 17:05:00+00:00,1.0728540231233945,0.8787304927360228,1.0004530805809535
2026-05-21 17:10:00+00:00,1.0728540231233945,0.8787304927360228,1.0004530805809535
2026-05-21 17:15:00+00:00,1.0728540231233945,0.8790725990803234,1.0004530805809535
2026-05-21 17:20:00+00:00,1.0728540231233945,0.8794696750907965,1.0004530805809535
2026-05-21 17:25:00+00:00,1.0728540231233945,0.8808661060559387,1.0004530805809535
2026-05-21 17:30:00+00:00,1.0728540231233945,0.8795852172871357,1.0004530805809535
2026-05-21 17:35:00+00:00,1.0728540231233945,0.8805523833397096,1.0004530805809535
2026-05-21 17:40:00+00:00,1.0728540231233945,0.8784197118771444,1.0004530805809535
2026-05-21 17:45:00+00:00,1.0728540231233945,0.8778096531226923,1.0004530805809535
2026-05-21 17:50:00+00:00,1.0728540231233945,0.8793188081905532,1.0004530805809535
2026-05-21 17:55:00+00:00,1.0728540231233945,0.8811951888280517,1.0004530805809535
2026-05-21 18:00:00+00:00,1.0728540231233945,0.8847696512292557,1.0004530805809535
2026-05-21 18:05:00+00:00,1.0728540231233945,0.884134297077983,1.0004530805809535
2026-05-21 18:10:00+00:00,1.0728540231233945,0.8849070897452306,1.0004530805809535
2026-05-21 18:15:00+00:00,1.0728540231233945,0.8798836286306893,1.0004530805809535
2026-05-21 18:20:00+00:00,1.0728540231233945,0.8810455133730775,1.0004530805809535
2026-05-21 18:25:00+00:00,1.0728540231233945,0.8830017047678759,1.0004530805809535
2026-05-21 18:30:00+00:00,1.0728540231233945,0.8795615818283762,1.0004530805809535
2026-05-21 18:35:00+00:00,1.0728540231233945,0.8832489003641277,1.0004530805809535
2026-05-21 18:40:00+00:00,1.0728540231233945,0.8863841352340831,1.0004530805809535
2026-05-21 18:45:00+00:00,1.0728540231233945,0.8839527668593531,1.0004530805809535
2026-05-21 18:50:00+00:00,1.0728540231233945,0.8809881445624833,1.0004530805809535
2026-05-21 18:55:00+00:00,1.0728540231233945,0.882605674451628,1.0004530805809535
2026-05-21 19:00:00+00:00,1.0728540231233945,0.8839807263310427,1.0004530805809535
2026-05-21 19:05:00+00:00,1.0728540231233945,0.8826351668387176,1.0004530805809535
2026-05-21 19:10:00+00:00,1.0728540231233945,0.8876883077847345,1.0004530805809535
2026-05-21 19:15:00+00:00,1.0728540231233945,0.8917551531272506,1.0004530805809535
2026-05-21 19:20:00+00:00,1.0728540231233945,0.8923722287705006,1.0004530805809535
2026-05-21 19:25:00+00:00,1.0728540231233945,0.8889525981149682,1.0004530805809535
2026-05-21 19:30:00+00:00,1.0728540231233945,0.8899074102909437,1.0004530805809535
2026-05-21 19:35:00+00:00,1.0728540231233945,0.8896853226242136,1.0004530805809535
2026-05-21 19:40:00+00:00,1.0728540231233945,0.887192464045349,1.0004530805809535
2026-05-21 19:45:00+00:00,1.0728540231233945,0.8825678539424627,1.0004530805809535
2026-05-21 19:50:00+00:00,1.0728540231233945,0.8819500564447029,1.0004530805809535
2026-05-21 19:55:00+00:00,1.0728540231233945,0.8819500564447029,1.0004530805809535
2026-05-21 20:00:00+00:00,1.0728540231233945,0.8819500564447029,1.0004530805809535
2026-05-21 20:05:00+00:00,1.0728540231233945,0.8819500564447029,1.0004530805809535
2026-05-21 20:10:00+00:00,1.0728540231233945,0.8819500564447029,1.0004530805809535
2026-05-21 20:15:00+00:00,1.0728540231233945,0.8819500564447029,1.0004530805809535
2026-05-21 20:20:00+00:00,1.0728540231233945,0.8819500564447029,1.0004530805809535
2026-05-21 20:25:00+00:00,1.0728540231233945,0.8819500564447029,1.0004530805809535
2026-05-21 20:30:00+00:00,1.0728540231233945,0.8819500564447029,1.0004530805809535
2026-05-21 20:35:00+00:00,1.0728540231233945,0.8819500564447029,1.0004530805809535
2026-05-21 20:40:00+00:00,1.0728540231233945,0.8819500564447029,1.0004530805809535
2026-05-21 20:45:00+00:00,1.0728540231233945,0.8819500564447029,1.0004530805809535
2026-05-21 20:50:00+00:00,1.0728540231233945,0.8819500564447029,1.0004530805809535
2026-05-21 20:55:00+00:00,1.0728540231233945,0.8819500564447029,1.0004530805809535
2026-05-21 21:00:00+00:00,1.0728540231233945,0.8819500564447029,1.0004530805809535
2026-05-21 21:05:00+00:00,1.0728540231233945,0.8819500564447029,1.0004530805809535
2026-05-21 21:10:00+00:00,1.0728540231233945,0.8819500564447029,1.0004530805809535
2026-05-21 21:15:00+00:00,1.0728540231233945,0.8819500564447029,1.0004530805809535
2026-05-21 21:20:00+00:00,1.0728540231233945,0.8819500564447029,1.0004530805809535
2026-05-21 21:25:00+00:00,1.0728540231233945,0.8805150263694019,1.0004530805809535
2026-05-21 21:30:00+00:00,1.0728540231233945,0.8795207685600112,1.0004530805809535
2026-05-21 21:35:00+00:00,1.0728540231233945,0.881191557195488,1.0004530805809535
2026-05-21 21:40:00+00:00,1.0728540231233945,0.8829747488471613,1.0004530805809535
2026-05-21 21:45:00+00:00,1.0728540231233945,0.8818101480876974,1.0004530805809535
2026-05-21 21:50:00+00:00,1.0728540231233945,0.8809337949891486,1.0004530805809535
2026-05-21 21:55:00+00:00,1.0728540231233945,0.8821112318341174,1.0004530805809535
2026-05-21 22:00:00+00:00,1.0728540231233945,0.8803122015957355,1.0004530805809535
2026-05-21 22:05:00+00:00,1.0728540231233945,0.879421341851183,1.0004530805809535
2026-05-21 22:10:00+00:00,1.0728540231233945,0.8796161911294024,1.0004530805809535
2026-05-21 22:15:00+00:00,1.0728540231233945,0.8817808577212518,1.0004530805809535
2026-05-21 22:20:00+00:00,1.0728540231233945,0.8804668048635514,1.0004530805809535
2026-05-21 22:25:00+00:00,1.0728540231233945,0.8764737208525202,1.0004530805809535
2026-05-21 22:30:00+00:00,1.0728540231233945,0.8758601892479234,1.0004530805809535
2026-05-21 22:35:00+00:00,1.0728540231233945,0.8758601892479234,1.0004530805809535
2026-05-21 22:40:00+00:00,1.0728540231233945,0.8758601892479234,1.0004530805809535
2026-05-21 22:45:00+00:00,1.0728540231233945,0.8755807418232846,1.0004530805809535
2026-05-21 22:50:00+00:00,1.0728540231233945,0.8781450748384529,1.0004530805809535
2026-05-21 22:55:00+00:00,1.0728540231233945,0.8796660494937562,1.0004530805809535
2026-05-21 23:00:00+00:00,1.0728540231233945,0.8813442024418917,1.0004530805809535
2026-05-21 23:05:00+00:00,1.0728540231233945,0.8823012213870857,1.0004530805809535
2026-05-21 23:10:00+00:00,1.0728540231233945,0.8794169675109125,1.0004530805809535
2026-05-21 23:15:00+00:00,1.0728540231233945,0.8779790067559237,1.0004530805809535
2026-05-21 23:20:00+00:00,1.0728540231233945,0.8779436462502995,1.0004530805809535
2026-05-21 23:25:00+00:00,1.0728540231233945,0.878941371845685,1.0004530805809535
2026-05-21 23:30:00+00:00,1.0728540231233945,0.8798800206211028,1.0004530805809535
2026-05-21 23:35:00+00:00,1.0728540231233945,0.8791677584601221,1.0004530805809535
2026-05-21 23:40:00+00:00,1.0728540231233945,0.8778991895855653,1.0004530805809535
2026-05-21 23:45:00+00:00,1.0728540231233945,0.8798626243079769,1.0004530805809535
2026-05-21 23:50:00+00:00,1.0728540231233945,0.8797830020513213,1.0004530805809535
2026-05-21 23:55:00+00:00,1.0728540231233945,0.8841818208687797,1.0004530805809535
2026-05-22 00:00:00+00:00,1.0728540231233945,0.8837193899925067,1.0004530805809535
2026-05-22 00:05:00+00:00,1.0728540231233945,0.8820555173760428,1.0004530805809535
2026-05-22 00:10:00+00:00,1.0728540231233945,0.8826644352480569,1.0004530805809535
2026-05-22 00:15:00+00:00,1.0728540231233945,0.8786988742019156,1.0004530805809535
2026-05-22 00:20:00+00:00,1.0728540231233945,0.8806070299878664,1.0004530805809535
2026-05-22 00:25:00+00:00,1.0728540231233945,0.8801340190445452,1.0004530805809535
2026-05-22 00:30:00+00:00,1.0728540231233945,0.8802113969471931,1.0004530805809535
2026-05-22 00:35:00+00:00,1.0728540231233945,0.8804287851601852,1.0004530805809535
2026-05-22 00:40:00+00:00,1.0728540231233945,0.8806766859583999,1.0004530805809535
2026-05-22 00:45:00+00:00,1.0728540231233945,0.8804434947809452,1.0004530805809535
2026-05-22 00:50:00+00:00,1.0728540231233945,0.8785990028550392,1.0004530805809535
2026-05-22 00:55:00+00:00,1.0728540231233945,0.8779839835530406,1.0004530805809535
2026-05-22 01:00:00+00:00,1.0728540231233945,0.8779839835530406,1.0004530805809535
2026-05-22 01:05:00+00:00,1.0728540231233945,0.8779839835530406,1.0004530805809535
2026-05-22 01:10:00+00:00,1.0728540231233945,0.8779839835530406,1.0004530805809535
2026-05-22 01:15:00+00:00,1.0728540231233945,0.8779839835530406,1.0004530805809535
2026-05-22 01:20:00+00:00,1.0728540231233945,0.8779839835530406,1.0004530805809535
2026-05-22 01:25:00+00:00,1.0728540231233945,0.8779839835530406,1.0004530805809535
2026-05-22 01:30:00+00:00,1.0728540231233945,0.8779839835530406,1.0004530805809535
2026-05-22 01:35:00+00:00,1.0728540231233945,0.87710537243384,1.0004530805809535
2026-05-22 01:40:00+00:00,1.0728540231233945,0.872373478680811,1.0004530805809535
2026-05-22 01:45:00+00:00,1.0728540231233945,0.8711949454799239,1.0004530805809535
2026-05-22 01:50:00+00:00,1.0728540231233945,0.8738474590195484,1.0004530805809535
2026-05-22 01:55:00+00:00,1.0728540231233945,0.8750412167227081,1.0004530805809535
2026-05-22 02:00:00+00:00,1.0728540231233945,0.8755792314051544,1.0004530805809535
2026-05-22 02:05:00+00:00,1.0728540231233945,0.8777615331934188,1.0004530805809535
2026-05-22 02:10:00+00:00,1.0728540231233945,0.8788118211205953,1.0004530805809535
2026-05-22 02:15:00+00:00,1.0728540231233945,0.8814567497454207,1.0004530805809535
2026-05-22 02:20:00+00:00,1.0728540231233945,0.8834591360687316,1.0004530805809535
2026-05-22 02:25:00+00:00,1.0728540231233945,0.8867829265782581,1.0004530805809535
2026-05-22 02:30:00+00:00,1.0728540231233945,0.887568773501621,1.0004530805809535
2026-05-22 02:35:00+00:00,1.0728540231233945,0.8895539543184978,1.0004530805809535
2026-05-22 02:40:00+00:00,1.0728540231233945,0.8888805117105719,1.0004530805809535
2026-05-22 02:45:00+00:00,1.0728540231233945,0.8875627505644537,1.0004530805809535
2026-05-22 02:50:00+00:00,1.0728540231233945,0.8913088968703627,1.0004530805809535
2026-05-22 02:55:00+00:00,1.0728540231233945,0.8917849370743604,1.0004530805809535
2026-05-22 03:00:00+00:00,1.0728540231233945,0.8935582048193561,1.0004530805809535
2026-05-22 03:05:00+00:00,1.0728540231233945,0.893831494206301,1.0004530805809535
2026-05-22 03:10:00+00:00,1.0728540231233945,0.8925393062348119,1.0004530805809535
2026-05-22 03:15:00+00:00,1.0728540231233945,0.8925639186308347,1.0004530805809535
2026-05-22 03:20:00+00:00,1.0728540231233945,0.8957325177611761,1.0004530805809535
2026-05-22 03:25:00+00:00,1.0728540231233945,0.896960960286753,1.0004530805809535
2026-05-22 03:30:00+00:00,1.0728540231233945,0.8931815377655185,1.0004530805809535
2026-05-22 03:35:00+00:00,1.0728540231233945,0.8927077163520788,1.0004530805809535
2026-05-22 03:40:00+00:00,1.0728540231233945,0.8966426577413095,1.0004530805809535
2026-05-22 03:45:00+00:00,1.0728540231233945,0.8961702012357244,1.0004530805809535
2026-05-22 03:50:00+00:00,1.0728540231233945,0.8921981479894,1.0004530805809535
2026-05-22 03:55:00+00:00,1.0728540231233945,0.8963757731550508,1.0004530805809535
2026-05-22 04:00:00+00:00,1.0728540231233945,0.8978867580344939,1.0004530805809535
2026-05-22 04:05:00+00:00,1.0728540231233945,0.8977320859739304,1.0004530805809535
2026-05-22 04:10:00+00:00,1.0728540231233945,0.8969101606732426,1.0004530805809535
2026-05-22 04:15:00+00:00,1.0728540231233945,0.8993091164804496,1.0004530805809535
2026-05-22 04:20:00+00:00,1.0728540231233945,0.8981076890612326,1.0004530805809535
2026-05-22 04:25:00+00:00,1.0728540231233945,0.900656296787989,1.0004530805809535
2026-05-22 04:30:00+00:00,1.0728540231233945,0.9018624630043109,1.0004530805809535
2026-05-22 04:35:00+00:00,1.0728540231233945,0.9024075461324023,1.0004530805809535
2026-05-22 04:40:00+00:00,1.0728540231233945,0.9027320427916402,1.0004530805809535
2026-05-22 04:45:00+00:00,1.0728540231233945,0.902342825161554,1.0004530805809535
2026-05-22 04:50:00+00:00,1.0728540231233945,0.9046743586196886,1.0004530805809535
2026-05-22 04:55:00+00:00,1.0728540231233945,0.9027452016245344,1.0004530805809535
2026-05-22 05:00:00+00:00,1.0728540231233945,0.8991400540301334,1.0004530805809535
2026-05-22 05:05:00+00:00,1.0728540231233945,0.9005046994261706,1.0004530805809535
2026-05-22 05:10:00+00:00,1.0728540231233945,0.9019087980860632,1.0004530805809535
2026-05-22 05:15:00+00:00,1.0728540231233945,0.9029785942574622,1.0004530805809535
2026-05-22 05:20:00+00:00,1.0728540231233945,0.9038879201535783,1.0004530805809535
2026-05-22 05:25:00+00:00,1.0728540231233945,0.9031737334671626,1.0004530805809535
2026-05-22 05:30:00+00:00,1.0728540231233945,0.9049307993096677,1.0004530805809535
2026-05-22 05:35:00+00:00,1.0728540231233945,0.9048295102093596,1.0004530805809535
2026-05-22 05:40:00+00:00,1.0728540231233945,0.9037430557638337,1.0004530805809535
2026-05-22 05:45:00+00:00,1.0728540231233945,0.9030482553640471,1.0004530805809535
2026-05-22 05:50:00+00:00,1.0728540231233945,0.9075623617383546,1.0004530805809535
2026-05-22 05:55:00+00:00,1.0728540231233945,0.9036858610944214,1.0004530805809535
2026-05-22 06:00:00+00:00,1.0728540231233945,0.9048014035560721,1.0004530805809535
2026-05-22 06:05:00+00:00,1.0728540231233945,0.9010608943998848,1.0004530805809535
2026-05-22 06:10:00+00:00,1.0728540231233945,0.9004301517738048,1.0004530805809535
2026-05-22 06:15:00+00:00,1.0728540231233945,0.9004301517738048,1.0004530805809535
2026-05-22 06:20:00+00:00,1.0728540231233945,0.9004301517738048,1.0004530805809535
2026-05-22 06:25:00+00:00,1.0728540231233945,0.9004301517738048,1.0004530805809535
2026-05-22 06:30:00+00:00,1.0728540231233945,0.9004301517738048,1.0004530805809535
2026-05-22 06:35:00+00:00,1.0728540231233945,0.9004301517738048,1.0004530805809535
2026-05-22 06:40:00+00:00,1.0728540231233945,0.8979321684254585,1.0004530805809535
2026-05-22 06:45:00+00:00,1.0728540231233945,0.8947467084473311,1.0004530805809535
2026-05-22 06:50:00+00:00,1.0728540231233945,0.8914504226227188,1.0004530805809535
2026-05-22 06:55:00+00:00,1.0728540231233945,0.8908264073268829,1.0004530805809535
2026-05-22 07:00:00+00:00,1.0728540231233945,0.8908264073268829,1.0004530805809535
2026-05-22 07:05:00+00:00,1.0728540231233945,0.8908264073268829,1.0004530805809535
2026-05-22 07:10:00+00:00,1.0728540231233945,0.8908264073268829,1.0004530805809535
2026-05-22 07:15:00+00:00,1.0728540231233945,0.8908264073268829,1.0004530805809535
2026-05-22 07:20:00+00:00,1.0728540231233945,0.888136093514603,1.0004530805809535
2026-05-22 07:25:00+00:00,1.0728540231233945,0.8885778581531462,1.0004530805809535
2026-05-22 07:30:00+00:00,1.0728540231233945,0.8895424502162119,1.0004530805809535
2026-05-22 07:35:00+00:00,1.0728540231233945,0.8855798043959678,1.0004530805809535
2026-05-22 07:40:00+00:00,1.0728540231233945,0.8866064289361382,1.0004530805809535
2026-05-22 07:45:00+00:00,1.0728540231233945,0.891593337780356,1.0004530805809535
2026-05-22 07:50:00+00:00,1.0728540231233945,0.8930027064386239,1.0004530805809535
2026-05-22 07:55:00+00:00,1.0728540231233945,0.8962556102277135,1.0004530805809535
2026-05-22 08:00:00+00:00,1.0728540231233945,0.896660636730243,1.0004530805809535
2026-05-22 08:05:00+00:00,1.0728540231233945,0.89649908517063,1.0004530805809535
2026-05-22 08:10:00+00:00,1.0728540231233945,0.897343304526536,1.0004530805809535
2026-05-22 08:15:00+00:00,1.0728540231233945,0.8955391893824941,1.0004530805809535
2026-05-22 08:20:00+00:00,1.0728540231233945,0.8934124974199266,1.0004530805809535
2026-05-22 08:25:00+00:00,1.0728540231233945,0.8962087884895394,1.0004530805809535
2026-05-22 08:30:00+00:00,1.0728540231233945,0.899249082490977,1.0004530805809535
2026-05-22 08:35:00+00:00,1.0728540231233945,0.8970530828849469,1.0004530805809535
2026-05-22 08:40:00+00:00,1.0728540231233945,0.8991986673277635,1.0004530805809535
2026-05-22 08:45:00+00:00,1.0728540231233945,0.8990061755904715,1.0004530805809535
2026-05-22 08:50:00+00:00,1.0728540231233945,0.8997606991487224,1.0004530805809535
2026-05-22 08:55:00+00:00,1.0728540231233945,0.9007834435672823,1.0004530805809535
2026-05-22 09:00:00+00:00,1.0728540231233945,0.9029966624078568,1.0004530805809535
2026-05-22 09:05:00+00:00,1.0728540231233945,0.9031814147196142,1.0004530805809535
2026-05-22 09:10:00+00:00,1.0728540231233945,0.9063299354599486,1.0004530805809535
2026-05-22 09:15:00+00:00,1.0728540231233945,0.9070225767098474,1.0004530805809535
2026-05-22 09:20:00+00:00,1.0728540231233945,0.9084210266253449,1.0004530805809535
2026-05-22 09:25:00+00:00,1.0728540231233945,0.9065556367712314,1.0004530805809535
2026-05-22 09:30:00+00:00,1.0728540231233945,0.9113976037449413,1.0004530805809535
2026-05-22 09:35:00+00:00,1.0728540231233945,0.9124552032972527,1.0004530805809535
2026-05-22 09:40:00+00:00,1.0728540231233945,0.9140623162776799,1.0004530805809535
2026-05-22 09:45:00+00:00,1.0728540231233945,0.9104428377442685,1.0004530805809535
2026-05-22 09:50:00+00:00,1.0728540231233945,0.908596971776927,1.0004530805809535
2026-05-22 09:55:00+00:00,1.0728540231233945,0.9113768744409695,1.0004530805809535
2026-05-22 10:00:00+00:00,1.0728540231233945,0.9120226891940908,1.0004530805809535
2026-05-22 10:05:00+00:00,1.0728540231233945,0.9077265705763672,1.0004530805809535
2026-05-22 10:10:00+00:00,1.0728540231233945,0.910055509829086,1.0004530805809535
2026-05-22 10:15:00+00:00,1.0728540231233945,0.9088356906457069,1.0004530805809535
2026-05-22 10:20:00+00:00,1.0728540231233945,0.9120065214823088,1.0004530805809535
2026-05-22 10:25:00+00:00,1.0728540231233945,0.9118093177712966,1.0004530805809535
2026-05-22 10:30:00+00:00,1.0728540231233945,0.9122704249990409,1.0004530805809535
2026-05-22 10:35:00+00:00,1.0728540231233945,0.9149285226015459,1.0004530805809535
2026-05-22 10:40:00+00:00,1.0728540231233945,0.9129050768775988,1.0004530805809535
2026-05-22 10:45:00+00:00,1.0728540231233945,0.9106718178771492,1.0004530805809535
2026-05-22 10:50:00+00:00,1.0728540231233945,0.910230819659571,1.0004530805809535
2026-05-22 10:55:00+00:00,1.0728540231233945,0.912090934113558,1.0004530805809535
2026-05-22 11:00:00+00:00,1.0728540231233945,0.9091010954150255,1.0004530805809535
2026-05-22 11:05:00+00:00,1.0728540231233945,0.9084647246482349,1.0004530805809535
2026-05-22 11:10:00+00:00,1.0728540231233945,0.9084647246482349,1.0004530805809535
2026-05-22 11:15:00+00:00,1.0728540231233945,0.9084647246482349,1.0004530805809535
2026-05-22 11:20:00+00:00,1.0728540231233945,0.9084647246482349,1.0004530805809535
2026-05-22 11:25:00+00:00,1.0728540231233945,0.9084647246482349,1.0004530805809535
2026-05-22 11:30:00+00:00,1.0728540231233945,0.9084647246482349,1.0004530805809535
2026-05-22 11:35:00+00:00,1.0728540231233945,0.9084647246482349,1.0004530805809535
2026-05-22 11:40:00+00:00,1.0728540231233945,0.9084647246482349,1.0004530805809535
2026-05-22 11:45:00+00:00,1.0728540231233945,0.9084647246482349,1.0004530805809535
2026-05-22 11:50:00+00:00,1.0728540231233945,0.9084647246482349,1.0004530805809535
2026-05-22 11:55:00+00:00,1.0728540231233945,0.9084647246482349,1.0004530805809535
2026-05-22 12:00:00+00:00,1.0728540231233945,0.9084647246482349,1.0004530805809535
2026-05-22 12:05:00+00:00,1.0728540231233945,0.9084647246482349,1.0004530805809535
2026-05-22 12:10:00+00:00,1.0728540231233945,0.9084647246482349,1.0004530805809535
2026-05-22 12:15:00+00:00,1.0728540231233945,0.9084647246482349,1.0004530805809535
2026-05-22 12:20:00+00:00,1.0728540231233945,0.9084647246482349,1.0004530805809535
2026-05-22 12:25:00+00:00,1.0728540231233945,0.9084647246482349,1.0004530805809535
2026-05-22 12:30:00+00:00,1.0728540231233945,0.9084647246482349,1.0004530805809535
2026-05-22 12:35:00+00:00,1.0728540231233945,0.9084647246482349,1.0004530805809535
2026-05-22 12:40:00+00:00,1.0728540231233945,0.9084647246482349,1.0004530805809535
2026-05-22 12:45:00+00:00,1.0728540231233945,0.9084647246482349,1.0004530805809535
2026-05-22 12:50:00+00:00,1.0728540231233945,0.9084647246482349,1.0004530805809535
2026-05-22 12:55:00+00:00,1.0728540231233945,0.9084647246482349,1.0004530805809535
2026-05-22 13:00:00+00:00,1.0728540231233945,0.9084647246482349,1.0004530805809535
2026-05-22 13:05:00+00:00,1.0728540231233945,0.9084647246482349,1.0004530805809535
2026-05-22 13:10:00+00:00,1.0728540231233945,0.9084647246482349,1.0004530805809535
2026-05-22 13:15:00+00:00,1.0728540231233945,0.9084647246482349,1.0004530805809535
2026-05-22 13:20:00+00:00,1.0728540231233945,0.9084647246482349,1.0004530805809535
2026-05-22 13:25:00+00:00,1.0728540231233945,0.9084647246482349,1.0004530805809535
2026-05-22 13:30:00+00:00,1.0728540231233945,0.9084647246482349,1.0004530805809535
2026-05-22 13:35:00+00:00,1.0728540231233945,0.9084647246482349,1.0004530805809535
2026-05-22 13:40:00+00:00,1.0728540231233945,0.9084647246482349,1.0004530805809535
2026-05-22 13:45:00+00:00,1.0728540231233945,0.9084647246482349,1.0004530805809535
2026-05-22 13:50:00+00:00,1.0728540231233945,0.9084647246482349,1.0004530805809535
2026-05-22 13:55:00+00:00,1.0728540231233945,0.9084647246482349,1.0004530805809535
2026-05-22 14:00:00+00:00,1.0728540231233945,0.9084647246482349,1.0004530805809535
2026-05-22 14:05:00+00:00,1.0728540231233945,0.9084647246482349,1.0004530805809535
2026-05-22 14:10:00+00:00,1.0728540231233945,0.9084647246482349,1.0004530805809535
2026-05-22 14:15:00+00:00,1.0728540231233945,0.9084647246482349,1.0004530805809535
2026-05-22 14:20:00+00:00,1.0728540231233945,0.9084647246482349,1.0004530805809535
2026-05-22 14:25:00+00:00,1.0728540231233945,0.905462096462315,1.0004530805809535
2026-05-22 14:30:00+00:00,1.0728540231233945,0.9012323836134742,1.0004530805809535
2026-05-22 14:35:00+00:00,1.0728540231233945,0.904098402312587,1.0004530805809535
2026-05-22 14:40:00+00:00,1.0728540231233945,0.9022562557842768,1.0004530805809535
2026-05-22 14:45:00+00:00,1.0728540231233945,0.9022105882041392,1.0004530805809535
2026-05-22 14:50:00+00:00,1.0728540231233945,0.900907614876311,1.0004530805809535
2026-05-22 14:55:00+00:00,1.0728540231233945,0.9002769795458976,1.0004530805809535
2026-05-22 15:00:00+00:00,1.0728540231233945,0.9002769795458976,1.0004530805809535
2026-05-22 15:05:00+00:00,1.0728540231233945,0.9002769795458976,1.0004530805809535
2026-05-22 15:10:00+00:00,1.0728540231233945,0.9002769795458976,1.0004530805809535
2026-05-22 15:15:00+00:00,1.0728540231233945,0.9002769795458976,1.0004530805809535
2026-05-22 15:20:00+00:00,1.0728540231233945,0.9002769795458976,1.0004530805809535
2026-05-22 15:25:00+00:00,1.0728540231233945,0.9002769795458976,1.0004530805809535
2026-05-22 15:30:00+00:00,1.0728540231233945,0.9002769795458976,1.0004530805809535
2026-05-22 15:35:00+00:00,1.0728540231233945,0.9002769795458976,1.0004530805809535
2026-05-22 15:40:00+00:00,1.0728540231233945,0.9002769795458976,1.0004530805809535
2026-05-22 15:45:00+00:00,1.0728540231233945,0.9002769795458976,1.0004530805809535
2026-05-22 15:50:00+00:00,1.0728540231233945,0.9002769795458976,1.0004530805809535
2026-05-22 15:55:00+00:00,1.0728540231233945,0.9002769795458976,1.0004530805809535
2026-05-22 16:00:00+00:00,1.0728540231233945,0.9002769795458976,1.0004530805809535
2026-05-22 16:05:00+00:00,1.0728540231233945,0.9002769795458976,1.0004530805809535
2026-05-22 16:10:00+00:00,1.0728540231233945,0.9002769795458976,1.0004530805809535
2026-05-22 16:15:00+00:00,1.0728540231233945,0.9002769795458976,1.0004530805809535
2026-05-22 16:20:00+00:00,1.0728540231233945,0.9002769795458976,1.0004530805809535
2026-05-22 16:25:00+00:00,1.0728540231233945,0.9002769795458976,1.0004530805809535
2026-05-22 16:30:00+00:00,1.0728540231233945,0.9002769795458976,1.0004530805809535
2026-05-22 16:35:00+00:00,1.0728540231233945,0.9002769795458976,1.0004530805809535
2026-05-22 16:40:00+00:00,1.0728540231233945,0.9002769795458976,1.0004530805809535
2026-05-22 16:45:00+00:00,1.0728540231233945,0.9002769795458976,1.0004530805809535
2026-05-22 16:50:00+00:00,1.0728540231233945,0.9002769795458976,1.0004530805809535
2026-05-22 16:55:00+00:00,1.0728540231233945,0.9002769795458976,1.0004530805809535
2026-05-22 17:00:00+00:00,1.0728540231233945,0.9002769795458976,1.0004530805809535
2026-05-22 17:05:00+00:00,1.0728540231233945,0.9002769795458976,1.0004530805809535
2026-05-22 17:10:00+00:00,1.0728540231233945,0.9002769795458976,1.0004530805809535
2026-05-22 17:15:00+00:00,1.0728540231233945,0.9002769795458976,1.0004530805809535
2026-05-22 17:20:00+00:00,1.0728540231233945,0.9002769795458976,1.0004530805809535
2026-05-22 17:25:00+00:00,1.0728540231233945,0.9002769795458976,1.0004530805809535
2026-05-22 17:30:00+00:00,1.0728540231233945,0.9002769795458976,1.0004530805809535
2026-05-22 17:35:00+00:00,1.0728540231233945,0.9002769795458976,1.0004530805809535
2026-05-22 17:40:00+00:00,1.0728540231233945,0.9002769795458976,1.0004530805809535
2026-05-22 17:45:00+00:00,1.0728540231233945,0.9002769795458976,1.0004530805809535
2026-05-22 17:50:00+00:00,1.0728540231233945,0.9019359810059436,1.0004530805809535
2026-05-22 17:55:00+00:00,1.0728540231233945,0.9020764579253785,1.0004530805809535
2026-05-22 18:00:00+00:00,1.0728540231233945,0.902889682969205,1.0004530805809535
2026-05-22 18:05:00+00:00,1.0728540231233945,0.8997668276985019,1.0004530805809535
2026-05-22 18:10:00+00:00,1.0728540231233945,0.8976451302081778,1.0004530805809535
2026-05-22 18:15:00+00:00,1.0728540231233945,0.8965470575070138,1.0004530805809535
2026-05-22 18:20:00+00:00,1.0728540231233945,0.8962244126018213,1.0004530805809535
2026-05-22 18:25:00+00:00,1.0728540231233945,0.8953539820274224,1.0004530805809535
2026-05-22 18:30:00+00:00,1.0728540231233945,0.8947272342400032,1.0004530805809535
2026-05-22 18:35:00+00:00,1.0728540231233945,0.8947272342400032,1.0004530805809535
2026-05-22 18:40:00+00:00,1.0728540231233945,0.8947272342400032,1.0004530805809535
2026-05-22 18:45:00+00:00,1.0728540231233945,0.8947272342400032,1.0004530805809535
2026-05-22 18:50:00+00:00,1.0728540231233945,0.8947272342400032,1.0004530805809535
2026-05-22 18:55:00+00:00,1.0728540231233945,0.8947272342400032,1.0004530805809535
2026-05-22 19:00:00+00:00,1.0728540231233945,0.8947272342400032,1.0004530805809535
2026-05-22 19:05:00+00:00,1.0728540231233945,0.8947272342400032,1.0004530805809535
2026-05-22 19:10:00+00:00,1.0728540231233945,0.8947272342400032,1.0004530805809535
2026-05-22 19:15:00+00:00,1.0728540231233945,0.8947272342400032,1.0004530805809535
2026-05-22 19:20:00+00:00,1.0728540231233945,0.8947272342400032,1.0004530805809535
2026-05-22 19:25:00+00:00,1.0728540231233945,0.8947272342400032,1.0004530805809535
2026-05-22 19:30:00+00:00,1.0728540231233945,0.8947272342400032,1.0004530805809535
2026-05-22 19:35:00+00:00,1.0728540231233945,0.8947272342400032,1.0004530805809535
2026-05-22 19:40:00+00:00,1.0728540231233945,0.8947272342400032,1.0004530805809535
2026-05-22 19:45:00+00:00,1.0728540231233945,0.8947272342400032,1.0004530805809535
2026-05-22 19:50:00+00:00,1.0728540231233945,0.8947272342400032,1.0004530805809535
2026-05-22 19:55:00+00:00,1.0728540231233945,0.8947272342400032,1.0004530805809535
2026-05-22 20:00:00+00:00,1.0728540231233945,0.8947272342400032,1.0004530805809535
2026-05-22 20:05:00+00:00,1.0728540231233945,0.8947272342400032,1.0004530805809535
2026-05-22 20:10:00+00:00,1.0728540231233945,0.8947272342400032,1.0004530805809535
2026-05-22 20:15:00+00:00,1.0728540231233945,0.8947272342400032,1.0004530805809535
2026-05-22 20:20:00+00:00,1.0728540231233945,0.8947272342400032,1.0004530805809535
2026-05-22 20:25:00+00:00,1.0728540231233945,0.8947272342400032,1.0004530805809535
2026-05-22 20:30:00+00:00,1.0728540231233945,0.8947272342400032,1.0004530805809535
2026-05-22 20:35:00+00:00,1.0728540231233945,0.8947272342400032,1.0004530805809535
2026-05-22 20:40:00+00:00,1.0728540231233945,0.8947272342400032,1.0004530805809535
2026-05-22 20:45:00+00:00,1.0728540231233945,0.8947272342400032,1.0004530805809535
2026-05-22 20:50:00+00:00,1.0728540231233945,0.8947272342400032,1.0004530805809535
2026-05-22 20:55:00+00:00,1.0728540231233945,0.8947272342400032,1.0004530805809535
2026-05-22 21:00:00+00:00,1.0687615408588909,0.8947272342400032,1.0004530805809535
2026-05-22 21:05:00+00:00,1.0656821047606648,0.8947272342400032,1.0004530805809535
2026-05-22 21:10:00+00:00,1.0649361272873323,0.8969701563046887,1.0004530805809535
2026-05-22 21:15:00+00:00,1.0649361272873323,0.893138405479551,1.0004530805809535
2026-05-22 21:20:00+00:00,1.0649361272873323,0.8941562901172123,1.0004530805809535
2026-05-22 21:25:00+00:00,1.0649361272873323,0.8942124300136453,1.0004530805809535
2026-05-22 21:30:00+00:00,1.0649361272873323,0.8951002716189512,1.0004530805809535
2026-05-22 21:35:00+00:00,1.0649361272873323,0.8971832800403773,1.0004530805809535
2026-05-22 21:40:00+00:00,1.0649361272873323,0.8977032671871333,1.0004530805809535
2026-05-22 21:45:00+00:00,1.0649361272873323,0.892241200696796,1.0004530805809535
2026-05-22 21:50:00+00:00,1.0649361272873323,0.8916166318563082,1.0004530805809535
2026-05-22 21:55:00+00:00,1.0649361272873323,0.8916166318563082,1.0004530805809535
2026-05-22 22:00:00+00:00,1.0649361272873323,0.8916166318563082,1.0004530805809535
2026-05-22 22:05:00+00:00,1.0649361272873323,0.8916166318563082,1.0004530805809535
2026-05-22 22:10:00+00:00,1.0649361272873323,0.8916166318563082,1.0004530805809535
2026-05-22 22:15:00+00:00,1.0649361272873323,0.8916166318563082,1.0004530805809535
2026-05-22 22:20:00+00:00,1.0649361272873323,0.8916166318563082,1.0004530805809535
2026-05-22 22:25:00+00:00,1.0669434105964843,0.8916166318563082,1.0004530805809535
2026-05-22 22:30:00+00:00,1.065707656141254,0.8916166318563082,1.0004530805809535
2026-05-22 22:35:00+00:00,1.065269703920949,0.8916166318563082,1.0004530805809535
2026-05-22 22:40:00+00:00,1.0672427894189325,0.8916166318563082,1.0004530805809535
2026-05-22 22:45:00+00:00,1.068274746377715,0.8916166318563082,1.0004530805809535
2026-05-22 22:50:00+00:00,1.0672381655198815,0.8916166318563082,1.0004530805809535
2026-05-22 22:55:00+00:00,1.0629835927401432,0.8916166318563082,1.0004530805809535
2026-05-22 23:00:00+00:00,1.0632828182928498,0.8916166318563082,1.0004530805809535
2026-05-22 23:05:00+00:00,1.066117977009147,0.8916166318563082,1.0004530805809535
2026-05-22 23:10:00+00:00,1.062972773139155,0.8916166318563082,1.0004530805809535
2026-05-22 23:15:00+00:00,1.0646499550998316,0.8916166318563082,1.0004530805809535
2026-05-22 23:20:00+00:00,1.065521766410447,0.8916166318563082,1.0004530805809535
2026-05-22 23:25:00+00:00,1.0674963268286428,0.8916166318563082,1.0004530805809535
2026-05-22 23:30:00+00:00,1.0697960807747904,0.8916166318563082,1.0004530805809535
2026-05-22 23:35:00+00:00,1.0679650049763825,0.8894663984966912,1.0004530805809535
2026-05-22 23:40:00+00:00,1.0637130789860372,0.8859251351784325,1.0004530805809535
2026-05-22 23:45:00+00:00,1.0623142022165248,0.8853049875838076,1.0004530805809535
2026-05-22 23:50:00+00:00,1.0646478482537758,0.8853049875838076,1.0004530805809535
2026-05-22 23:55:00+00:00,1.0632254836112605,0.8853049875838076,1.0004530805809535
2026-05-23 00:00:00+00:00,1.0614067591124536,0.8853049875838076,1.0004530805809535
2026-05-23 00:05:00+00:00,1.060663774381075,0.8853049875838076,1.0004530805809535
2026-05-23 00:10:00+00:00,1.060663774381075,0.8853049875838076,1.0004530805809535
2026-05-23 00:15:00+00:00,1.060663774381075,0.8853049875838076,1.0004530805809535
2026-05-23 00:20:00+00:00,1.060663774381075,0.8853049875838076,1.0004530805809535
2026-05-23 00:25:00+00:00,1.060663774381075,0.8853049875838076,1.0004530805809535
2026-05-23 00:30:00+00:00,1.060663774381075,0.8853049875838076,1.0004530805809535
2026-05-23 00:35:00+00:00,1.060663774381075,0.8853049875838076,1.0004530805809535
2026-05-23 00:40:00+00:00,1.060663774381075,0.8853049875838076,1.0004530805809535
2026-05-23 00:45:00+00:00,1.060663774381075,0.8853049875838076,1.0004530805809535
2026-05-23 00:50:00+00:00,1.060663774381075,0.8853049875838076,1.0004530805809535
2026-05-23 00:55:00+00:00,1.060663774381075,0.8859008857607382,1.0004530805809535
2026-05-23 01:00:00+00:00,1.060663774381075,0.8848880601265237,1.0004530805809535
2026-05-23 01:05:00+00:00,1.060663774381075,0.885905436556725,1.0004530805809535
2026-05-23 01:10:00+00:00,1.060663774381075,0.8836989296656299,1.0004530805809535
2026-05-23 01:15:00+00:00,1.060663774381075,0.8869859915341332,1.0004530805809535
2026-05-23 01:20:00+00:00,1.060663774381075,0.8855407839946757,1.0004530805809535
2026-05-23 01:25:00+00:00,1.060663774381075,0.8866367657130269,1.0004530805809535
2026-05-23 01:30:00+00:00,1.060663774381075,0.8889723258028025,1.0004530805809535
2026-05-23 01:35:00+00:00,1.060663774381075,0.8898171355530261,1.0004530805809535
2026-05-23 01:40:00+00:00,1.060663774381075,0.8900249989228379,1.0004530805809535
2026-05-23 01:45:00+00:00,1.060663774381075,0.8900491449047415,1.0004530805809535
2026-05-23 01:50:00+00:00,1.060663774381075,0.8899256239110461,1.0004530805809535
2026-05-23 01:55:00+00:00,1.060663774381075,0.8886606085802458,1.0004530805809535
2026-05-23 02:00:00+00:00,1.060663774381075,0.8876759856974208,1.0004530805809535
2026-05-23 02:05:00+00:00,1.060663774381075,0.8909230655178685,1.0004530805809535
2026-05-23 02:10:00+00:00,1.060663774381075,0.8906849247316057,1.0004530805809535
2026-05-23 02:15:00+00:00,1.060663774381075,0.8889600642779084,1.0004530805809535
2026-05-23 02:20:00+00:00,1.060663774381075,0.8878287298988746,1.0004530805809535
2026-05-23 02:25:00+00:00,1.060663774381075,0.8902429752561752,1.0004530805809535
2026-05-23 02:30:00+00:00,1.060663774381075,0.8917286912970022,1.0004530805809535
2026-05-23 02:35:00+00:00,1.060663774381075,0.8929628557536298,1.0004530805809535
2026-05-23 02:40:00+00:00,1.060663774381075,0.8923960547558701,1.0004530805809535
2026-05-23 02:45:00+00:00,1.060663774381075,0.8936598815256067,1.0004530805809535
2026-05-23 02:50:00+00:00,1.060663774381075,0.8922423438883043,1.0004530805809535
2026-05-23 02:55:00+00:00,1.060663774381075,0.8916713956740261,1.0004530805809535
2026-05-23 03:00:00+00:00,1.060663774381075,0.8938080904028792,1.0004530805809535
2026-05-23 03:05:00+00:00,1.060663774381075,0.8957387484256955,1.0004530805809535
2026-05-23 03:10:00+00:00,1.060663774381075,0.8935715976804409,1.0004530805809535
2026-05-23 03:15:00+00:00,1.060663774381075,0.8916877142066082,1.0004530805809535
2026-05-23 03:20:00+00:00,1.060663774381075,0.8919273358644458,1.0004530805809535
2026-05-23 03:25:00+00:00,1.060663774381075,0.8957347022595267,1.0004530805809535
2026-05-23 03:30:00+00:00,1.060663774381075,0.8915113813271232,1.0004530805809535
2026-05-23 03:35:00+00:00,1.060663774381075,0.8921242800732615,1.0004530805809535
2026-05-23 03:40:00+00:00,1.060663774381075,0.8891008010101265,1.0004530805809535
2026-05-23 03:45:00+00:00,1.060663774381075,0.8884784304494193,1.0004530805809535
2026-05-23 03:50:00+00:00,1.060663774381075,0.8884784304494193,1.0004530805809535
2026-05-23 03:55:00+00:00,1.060663774381075,0.8884784304494193,1.0004530805809535
2026-05-23 04:00:00+00:00,1.060663774381075,0.8884784304494193,1.0004530805809535
2026-05-23 04:05:00+00:00,1.060663774381075,0.8884784304494193,1.0004530805809535
2026-05-23 04:10:00+00:00,1.060663774381075,0.8884784304494193,1.0004530805809535
2026-05-23 04:15:00+00:00,1.060663774381075,0.8910563993832312,1.0004530805809535
2026-05-23 04:20:00+00:00,1.060663774381075,0.8893396778189985,1.0004530805809535
2026-05-23 04:25:00+00:00,1.060663774381075,0.8876856189587521,1.0004530805809535
2026-05-23 04:30:00+00:00,1.060663774381075,0.8858364563949374,1.0004530805809535
2026-05-23 04:35:00+00:00,1.060663774381075,0.8891973066908136,1.0004530805809535
2026-05-23 04:40:00+00:00,1.060663774381075,0.888540801758055,1.0004530805809535
2026-05-23 04:45:00+00:00,1.060663774381075,0.8870571090221575,1.0004530805809535
2026-05-23 04:50:00+00:00,1.060663774381075,0.8893108768641158,1.0004530805809535
2026-05-23 04:55:00+00:00,1.060663774381075,0.8892903245425468,1.0004530805809535
2026-05-23 05:00:00+00:00,1.060663774381075,0.8895449859735535,1.0004530805809535
2026-05-23 05:05:00+00:00,1.060663774381075,0.8854920166611235,1.0004530805809535
2026-05-23 05:10:00+00:00,1.060663774381075,0.8848721722494607,1.0004530805809535
2026-05-23 05:15:00+00:00,1.060663774381075,0.8848721722494607,1.0004530805809535
2026-05-23 05:20:00+00:00,1.060663774381075,0.8848721722494607,1.0004530805809535
2026-05-23 05:25:00+00:00,1.060663774381075,0.8848721722494607,1.0004530805809535
2026-05-23 05:30:00+00:00,1.060663774381075,0.8848721722494607,1.0004530805809535
2026-05-23 05:35:00+00:00,1.060663774381075,0.8848721722494607,1.0004530805809535
2026-05-23 05:40:00+00:00,1.060663774381075,0.8848721722494607,1.0004530805809535
2026-05-23 05:45:00+00:00,1.060663774381075,0.8848721722494607,1.0004530805809535
2026-05-23 05:50:00+00:00,1.060663774381075,0.8848721722494607,1.0004530805809535
2026-05-23 05:55:00+00:00,1.060663774381075,0.8848721722494607,1.0004530805809535
2026-05-23 06:00:00+00:00,1.060663774381075,0.8848721722494607,1.0004530805809535
2026-05-23 06:05:00+00:00,1.060663774381075,0.8848721722494607,1.0004530805809535
2026-05-23 06:10:00+00:00,1.060663774381075,0.8844178233024332,1.0004530805809535
2026-05-23 06:15:00+00:00,1.060663774381075,0.8840519762250494,1.0004530805809535
2026-05-23 06:20:00+00:00,1.060663774381075,0.8864465322135672,1.0004530805809535
2026-05-23 06:25:00+00:00,1.060663774381075,0.8877173391490984,1.0004530805809535
2026-05-23 06:30:00+00:00,1.060663774381075,0.8893221690902465,1.0004530805809535
2026-05-23 06:35:00+00:00,1.060663774381075,0.887865448914749,1.0004530805809535
2026-05-23 06:40:00+00:00,1.060663774381075,0.8855789024765436,1.0004530805809535
2026-05-23 06:45:00+00:00,1.060663774381075,0.8843396526375221,1.0004530805809535
2026-05-23 06:50:00+00:00,1.060663774381075,0.8829864410231115,1.0004530805809535
2026-05-23 06:55:00+00:00,1.060663774381075,0.884701432117116,1.0004530805809535
2026-05-23 07:00:00+00:00,1.060663774381075,0.8868349469714424,1.0004530805809535
2026-05-23 07:05:00+00:00,1.060663774381075,0.8864959750708291,1.0004530805809535
2026-05-23 07:10:00+00:00,1.060663774381075,0.889631892734707,1.0004530805809535
2026-05-23 07:15:00+00:00,1.060663774381075,0.8926413449334313,1.0004530805809535
2026-05-23 07:20:00+00:00,1.060663774381075,0.8931780272581781,1.0004530805809535
2026-05-23 07:25:00+00:00,1.060663774381075,0.8913689466832283,1.0004530805809535
2026-05-23 07:30:00+00:00,1.060663774381075,0.8948410034344979,1.0004530805809535
2026-05-23 07:35:00+00:00,1.060663774381075,0.8947067146538304,1.0004530805809535
2026-05-23 07:40:00+00:00,1.060663774381075,0.894985710884861,1.0004530805809535
2026-05-23 07:45:00+00:00,1.060663774381075,0.8942364913549932,1.0004530805809535
2026-05-23 07:50:00+00:00,1.060663774381075,0.8922757661899274,1.0004530805809535
2026-05-23 07:55:00+00:00,1.060663774381075,0.8890486245228465,1.0004530805809535
2026-05-23 08:00:00+00:00,1.060663774381075,0.8904384417343868,1.0004530805809535
2026-05-23 08:05:00+00:00,1.060663774381075,0.888719310977674,1.0004530805809535
2026-05-23 08:10:00+00:00,1.060663774381075,0.8880972074599895,1.0004530805809535
2026-05-23 08:15:00+00:00,1.060663774381075,0.8880972074599895,1.0004530805809535
2026-05-23 08:20:00+00:00,1.060663774381075,0.8880972074599895,1.0004530805809535
2026-05-23 08:25:00+00:00,1.060663774381075,0.8880972074599895,1.0004530805809535
2026-05-23 08:30:00+00:00,1.060663774381075,0.8880972074599895,1.0004530805809535
2026-05-23 08:35:00+00:00,1.060663774381075,0.8880972074599895,1.0004530805809535
2026-05-23 08:40:00+00:00,1.060663774381075,0.8880972074599895,1.0004530805809535
2026-05-23 08:45:00+00:00,1.060663774381075,0.8880972074599895,1.0004530805809535
2026-05-23 08:50:00+00:00,1.060663774381075,0.8880972074599895,1.0004530805809535
2026-05-23 08:55:00+00:00,1.060663774381075,0.8880972074599895,1.0004530805809535
2026-05-23 09:00:00+00:00,1.060663774381075,0.8880972074599895,1.0004530805809535
2026-05-23 09:05:00+00:00,1.060663774381075,0.8880972074599895,1.0004530805809535
2026-05-23 09:10:00+00:00,1.060663774381075,0.8880972074599895,1.0004530805809535
2026-05-23 09:15:00+00:00,1.060663774381075,0.8903677651471886,1.0004530805809535
2026-05-23 09:20:00+00:00,1.060663774381075,0.8915467389669106,1.0004530805809535
2026-05-23 09:25:00+00:00,1.060663774381075,0.8933731388202646,1.0004530805809535
2026-05-23 09:30:00+00:00,1.060663774381075,0.8924984636082509,1.0004530805809535
2026-05-23 09:35:00+00:00,1.060663774381075,0.8918248393631998,1.0004530805809535
2026-05-23 09:40:00+00:00,1.060663774381075,0.8898554147579122,1.0004530805809535
2026-05-23 09:45:00+00:00,1.060663774381075,0.8882014711264836,1.0004530805809535
2026-05-23 09:50:00+00:00,1.060663774381075,0.8856973343189727,1.0004530805809535
2026-05-23 09:55:00+00:00,1.060663774381075,0.8857011055196554,1.0004530805809535
2026-05-23 10:00:00+00:00,1.060663774381075,0.885037233562572,1.0004530805809535
2026-05-23 10:05:00+00:00,1.060663774381075,0.8839190735364734,1.0004530805809535
2026-05-23 10:10:00+00:00,1.060663774381075,0.8833003301849978,1.0004530805809535
2026-05-23 10:15:00+00:00,1.060663774381075,0.8833003301849978,1.0004530805809535
2026-05-23 10:20:00+00:00,1.060663774381075,0.8833003301849978,1.0004530805809535
2026-05-23 10:25:00+00:00,1.060663774381075,0.8833003301849978,1.0004530805809535
2026-05-23 10:30:00+00:00,1.060663774381075,0.8833003301849978,1.0004530805809535
2026-05-23 10:35:00+00:00,1.060663774381075,0.8833003301849978,1.0004530805809535
2026-05-23 10:40:00+00:00,1.060663774381075,0.8833003301849978,1.0004530805809535
2026-05-23 10:45:00+00:00,1.060663774381075,0.8833003301849978,1.0004530805809535
2026-05-23 10:50:00+00:00,1.060663774381075,0.8833003301849978,1.0004530805809535
2026-05-23 10:55:00+00:00,1.060663774381075,0.8833003301849978,1.0004530805809535
2026-05-23 11:00:00+00:00,1.060663774381075,0.8833003301849978,1.0004530805809535
2026-05-23 11:05:00+00:00,1.060663774381075,0.8833003301849978,1.0004530805809535
2026-05-23 11:10:00+00:00,1.060663774381075,0.8833003301849978,1.0004530805809535
2026-05-23 11:15:00+00:00,1.060663774381075,0.8833003301849978,1.0004530805809535
2026-05-23 11:20:00+00:00,1.060663774381075,0.8833003301849978,1.0004530805809535
2026-05-23 11:25:00+00:00,1.060663774381075,0.8833003301849978,1.0004530805809535
2026-05-23 11:30:00+00:00,1.060663774381075,0.8833003301849978,1.0004530805809535
2026-05-23 11:35:00+00:00,1.060663774381075,0.8833003301849978,1.0004530805809535
2026-05-23 11:40:00+00:00,1.060663774381075,0.8833003301849978,1.0004530805809535
2026-05-23 11:45:00+00:00,1.060663774381075,0.8833003301849978,1.0004530805809535
2026-05-23 11:50:00+00:00,1.060663774381075,0.8833003301849978,1.0004530805809535
2026-05-23 11:55:00+00:00,1.060663774381075,0.8833003301849978,1.0004530805809535
2026-05-23 12:00:00+00:00,1.060663774381075,0.8833003301849978,1.0004530805809535
2026-05-23 12:05:00+00:00,1.060663774381075,0.8833003301849978,1.0004530805809535
2026-05-23 12:10:00+00:00,1.060663774381075,0.8833003301849978,1.0004530805809535
2026-05-23 12:15:00+00:00,1.060663774381075,0.8833003301849978,1.0004530805809535
2026-05-23 12:20:00+00:00,1.060663774381075,0.8833003301849978,1.0004530805809535
2026-05-23 12:25:00+00:00,1.060663774381075,0.8833003301849978,1.0004530805809535
2026-05-23 12:30:00+00:00,1.060663774381075,0.8833003301849978,1.0004530805809535
2026-05-23 12:35:00+00:00,1.060663774381075,0.8833003301849978,1.0004530805809535
2026-05-23 12:40:00+00:00,1.060663774381075,0.8833003301849978,1.0004530805809535
2026-05-23 12:45:00+00:00,1.060663774381075,0.880462671561144,1.0004530805809535
2026-05-23 12:50:00+00:00,1.060663774381075,0.8824469671134711,1.0004530805809535
2026-05-23 12:55:00+00:00,1.060663774381075,0.8808767229573973,1.0004530805809535
2026-05-23 13:00:00+00:00,1.060663774381075,0.8813647732490172,1.0004530805809535
2026-05-23 13:05:00+00:00,1.060663774381075,0.8786012212752929,1.0004530805809535
2026-05-23 13:10:00+00:00,1.060663774381075,0.8772056335156688,1.0004530805809535
2026-05-23 13:15:00+00:00,1.060663774381075,0.8757435644608915,1.0004530805809535
2026-05-23 13:20:00+00:00,1.060663774381075,0.8751305439657688,1.0004530805809535
2026-05-23 13:25:00+00:00,1.0620194715923834,0.8751305439657688,1.0004530805809535
2026-05-23 13:30:00+00:00,1.062745623672702,0.8751305439657688,1.0004530805809535
2026-05-23 13:35:00+00:00,1.0592108573808452,0.8751305439657688,1.0004530805809535
2026-05-23 13:40:00+00:00,1.0583971906530942,0.8751305439657688,1.0004530805809535
2026-05-23 13:45:00+00:00,1.0564509757231577,0.8751305439657688,1.0004530805809535
2026-05-23 13:50:00+00:00,1.0557114600401514,0.8751305439657688,1.0004530805809535
2026-05-23 13:55:00+00:00,1.0557114600401514,0.8751305439657688,1.0004530805809535
2026-05-23 14:00:00+00:00,1.0557114600401514,0.8751305439657688,1.0004530805809535
2026-05-23 14:05:00+00:00,1.0557114600401514,0.8751305439657688,1.0004530805809535
2026-05-23 14:10:00+00:00,1.0557114600401514,0.8751305439657688,1.0004530805809535
2026-05-23 14:15:00+00:00,1.0557114600401514,0.8751305439657688,1.0004530805809535
2026-05-23 14:20:00+00:00,1.0557114600401514,0.8751305439657688,1.0004530805809535
2026-05-23 14:25:00+00:00,1.0557114600401514,0.8751305439657688,1.0004530805809535
2026-05-23 14:30:00+00:00,1.0557114600401514,0.8751305439657688,1.0004530805809535
2026-05-23 14:35:00+00:00,1.0557114600401514,0.8751305439657688,1.0004530805809535
2026-05-23 14:40:00+00:00,1.0557114600401514,0.8751305439657688,1.0004530805809535
2026-05-23 14:45:00+00:00,1.055036652809804,0.8751305439657688,1.0004530805809535
2026-05-23 14:50:00+00:00,1.05427363087808,0.8751305439657688,1.0004530805809535
2026-05-23 14:55:00+00:00,1.0539305452093315,0.8751305439657688,1.0004530805809535
2026-05-23 15:00:00+00:00,1.0531927938276848,0.8751305439657688,1.0004530805809535
2026-05-23 15:05:00+00:00,1.0531927938276848,0.8751305439657688,1.0004530805809535
2026-05-23 15:10:00+00:00,1.0531927938276848,0.8751305439657688,1.0004530805809535
2026-05-23 15:15:00+00:00,1.0531927938276848,0.8751305439657688,1.0004530805809535
2026-05-23 15:20:00+00:00,1.0531927938276848,0.8751305439657688,1.0004530805809535
2026-05-23 15:25:00+00:00,1.0531927938276848,0.8719962858162426,1.0004530805809535
2026-05-23 15:30:00+00:00,1.0531927938276848,0.8736223772397448,1.0004530805809535
2026-05-23 15:35:00+00:00,1.0531927938276848,0.8729880465518646,1.0004530805809535
2026-05-23 15:40:00+00:00,1.0531927938276848,0.867585455657988,1.0004530805809535
2026-05-23 15:45:00+00:00,1.0531927938276848,0.8669781458390273,1.0004530805809535
2026-05-23 15:50:00+00:00,1.0531927938276848,0.8669781458390273,1.0004530805809535
2026-05-23 15:55:00+00:00,1.0531927938276848,0.8669781458390273,1.0004530805809535
2026-05-23 16:00:00+00:00,1.0531927938276848,0.8669781458390273,1.0004530805809535
2026-05-23 16:05:00+00:00,1.0531927938276848,0.8669781458390273,1.0004530805809535
2026-05-23 16:10:00+00:00,1.0531927938276848,0.8669781458390273,1.0004530805809535
2026-05-23 16:15:00+00:00,1.0491632406039988,0.8669781458390273,1.0004530805809535
2026-05-23 16:20:00+00:00,1.0484288263355759,0.8669781458390273,1.0004530805809535
2026-05-23 16:25:00+00:00,1.0484288263355759,0.8669781458390273,1.0004530805809535
2026-05-23 16:30:00+00:00,1.0484288263355759,0.8669781458390273,1.0004530805809535
2026-05-23 16:35:00+00:00,1.0484288263355759,0.8669781458390273,1.0004530805809535
2026-05-23 16:40:00+00:00,1.0484288263355759,0.8669781458390273,1.0004530805809535
2026-05-23 16:45:00+00:00,1.0484288263355759,0.8669781458390273,1.0004530805809535
2026-05-23 16:50:00+00:00,1.0484288263355759,0.8669781458390273,1.0004530805809535
2026-05-23 16:55:00+00:00,1.0484288263355759,0.8669781458390273,1.0004530805809535
2026-05-23 17:00:00+00:00,1.0484288263355759,0.8669781458390273,1.0004530805809535
2026-05-23 17:05:00+00:00,1.0484288263355759,0.8669781458390273,1.0004530805809535
2026-05-23 17:10:00+00:00,1.0484288263355759,0.8669781458390273,1.0004530805809535
2026-05-23 17:15:00+00:00,1.0484288263355759,0.8669781458390273,1.0004530805809535
2026-05-23 17:20:00+00:00,1.0484288263355759,0.8669781458390273,1.0004530805809535
2026-05-23 17:25:00+00:00,1.0484288263355759,0.8669781458390273,1.0004530805809535
2026-05-23 17:30:00+00:00,1.0484288263355759,0.8669781458390273,1.0004530805809535
2026-05-23 17:35:00+00:00,1.0484288263355759,0.8669781458390273,1.0004530805809535
2026-05-23 17:40:00+00:00,1.0484288263355759,0.8669781458390273,1.0004530805809535
2026-05-23 17:45:00+00:00,1.0484288263355759,0.8669781458390273,1.0004530805809535
2026-05-23 17:50:00+00:00,1.0484288263355759,0.8669781458390273,1.0004530805809535
2026-05-23 17:55:00+00:00,1.0484288263355759,0.8669781458390273,1.0004530805809535
2026-05-23 18:00:00+00:00,1.0484288263355759,0.8669781458390273,1.0004530805809535
2026-05-23 18:05:00+00:00,1.0484288263355759,0.8669781458390273,1.0004530805809535
2026-05-23 18:10:00+00:00,1.0484288263355759,0.8669781458390273,1.0004530805809535
2026-05-23 18:15:00+00:00,1.0484288263355759,0.8669781458390273,1.0004530805809535
2026-05-23 18:20:00+00:00,1.0484288263355759,0.8669781458390273,1.0004530805809535
2026-05-23 18:25:00+00:00,1.0484288263355759,0.8669781458390273,1.0004530805809535
2026-05-23 18:30:00+00:00,1.0484288263355759,0.8669781458390273,1.0004530805809535
2026-05-23 18:35:00+00:00,1.0484288263355759,0.8669781458390273,1.0004530805809535
2026-05-23 18:40:00+00:00,1.0484288263355759,0.8669781458390273,1.0004530805809535
2026-05-23 18:45:00+00:00,1.0484288263355759,0.8677434187795701,1.0004530805809535
2026-05-23 18:50:00+00:00,1.0484288263355759,0.8712352810313836,1.0004530805809535
2026-05-23 18:55:00+00:00,1.0484288263355759,0.8711087801273497,1.0004530805809535
2026-05-23 19:00:00+00:00,1.0484288263355759,0.876261950550586,1.0004530805809535
2026-05-23 19:05:00+00:00,1.0484288263355759,0.8752135066796722,1.0004530805809535
2026-05-23 19:10:00+00:00,1.0484288263355759,0.8735602811088048,1.0004530805809535
2026-05-23 19:15:00+00:00,1.0484288263355759,0.8709563633859538,1.0004530805809535
2026-05-23 19:20:00+00:00,1.0484288263355759,0.8759806702087731,1.0004530805809535
2026-05-23 19:25:00+00:00,1.0484288263355759,0.877754060782644,1.0004530805809535
2026-05-23 19:30:00+00:00,1.0484288263355759,0.877754060782644,1.0004530805809535
