,vwap_pullback,ema_breakout,rsi_mean_reversion
2026-03-31 17:00:00+00:00,1.0,1.0,1.0
2026-03-31 17:05:00+00:00,1.0,1.0,1.0
2026-03-31 17:10:00+00:00,1.0,1.0,1.0
2026-03-31 17:15:00+00:00,1.0,1.0,1.0
2026-03-31 17:20:00+00:00,1.0,1.0,1.0
2026-03-31 17:25:00+00:00,1.0,1.0,1.0
2026-03-31 17:30:00+00:00,1.0,1.0,1.0
2026-03-31 17:35:00+00:00,1.0,1.0,1.0
2026-03-31 17:40:00+00:00,1.0,1.0,1.0
2026-03-31 17:45:00+00:00,1.0,1.0,1.0
2026-03-31 17:50:00+00:00,1.0,1.0,1.0
2026-03-31 17:55:00+00:00,1.0,1.0,1.0
2026-03-31 18:00:00+00:00,1.0,1.0,1.0
2026-03-31 18:05:00+00:00,1.0,1.0,1.0
2026-03-31 18:10:00+00:00,1.0,1.0,1.0
2026-03-31 18:15:00+00:00,1.0,1.0,1.0
2026-03-31 18:20:00+00:00,1.0,1.0,1.0
2026-03-31 18:25:00+00:00,1.0,1.0,1.0
2026-03-31 18:30:00+00:00,1.0,1.0,1.0
2026-03-31 18:35:00+00:00,1.0,1.0,1.0
2026-03-31 18:40:00+00:00,1.0,1.0,1.0
2026-03-31 18:45:00+00:00,1.0,1.0,1.0
2026-03-31 18:50:00+00:00,1.0,1.0,1.0
2026-03-31 18:55:00+00:00,1.0,1.0,1.0
2026-03-31 19:00:00+00:00,1.0,1.0,1.0
2026-03-31 19:05:00+00:00,1.0,1.0,1.0
2026-03-31 19:10:00+00:00,1.0,1.0,1.0
2026-03-31 19:15:00+00:00,1.0,1.0,1.0
2026-03-31 19:20:00+00:00,1.0,1.0,1.0
2026-03-31 19:25:00+00:00,1.0,1.0,1.0
2026-03-31 19:30:00+00:00,1.0,1.0,1.0
2026-03-31 19:35:00+00:00,1.0,1.0,1.0
2026-03-31 19:40:00+00:00,1.0,1.0,1.0
2026-03-31 19:45:00+00:00,1.0,0.9982691448013924,1.0
2026-03-31 19:50:00+00:00,1.0,0.9922908662284257,1.0
2026-03-31 19:55:00+00:00,1.0,0.9933611484910173,1.0
2026-04-01 13:30:00+00:00,1.0,0.9926189071753831,1.0
2026-04-01 13:35:00+00:00,1.0,0.9903977911898816,1.0
2026-04-01 13:40:00+00:00,1.0,0.9903488285654655,1.0
2026-04-01 13:45:00+00:00,1.0,0.9956624866585012,1.0
2026-04-01 13:50:00+00:00,1.0,1.0010415362442047,1.0
2026-04-01 13:55:00+00:00,1.0,1.0011920962955425,1.0
2026-04-01 14:00:00+00:00,1.0,1.0046550453364946,1.0
2026-04-01 14:05:00+00:00,1.0,1.0065204652365152,1.0
2026-04-01 14:10:00+00:00,1.0,1.0060459439119476,1.0
2026-04-01 14:15:00+00:00,1.0,1.0146967633285835,1.0
2026-04-01 14:20:00+00:00,1.0,1.0132674450207382,1.0
2026-04-01 14:25:00+00:00,1.0,1.0145770149252198,1.0
2026-04-01 14:30:00+00:00,1.0,1.0119619702998768,1.0
2026-04-01 14:35:00+00:00,1.0,1.0092474309741513,1.0
2026-04-01 14:40:00+00:00,1.0,1.011218990579793,1.0
2026-04-01 14:45:00+00:00,1.0,1.0113211487640175,1.0
2026-04-01 14:50:00+00:00,1.0,1.0074488506136339,1.0
2026-04-01 14:55:00+00:00,1.0,1.014815156466727,1.0
2026-04-01 15:00:00+00:00,1.0,1.0186088445231638,1.0
2026-04-01 15:05:00+00:00,1.0,1.0150871425645476,1.0
2026-04-01 15:10:00+00:00,1.0,1.0166939656050673,1.0
2026-04-01 15:15:00+00:00,1.0,1.0168014703287362,1.0
2026-04-01 15:20:00+00:00,1.0,1.0145509656907346,1.0
2026-04-01 15:25:00+00:00,1.0,1.0086167010092277,1.0
2026-04-01 15:30:00+00:00,1.0,1.0079106693185211,1.0
2026-04-01 15:35:00+00:00,1.0,1.0079106693185211,1.0
2026-04-01 15:40:00+00:00,1.0,1.0079106693185211,1.0
2026-04-01 15:45:00+00:00,1.0,1.0079106693185211,1.0
2026-04-01 15:50:00+00:00,1.0,1.0079106693185211,1.0
2026-04-01 15:55:00+00:00,1.0,1.0079106693185211,1.0
2026-04-01 16:00:00+00:00,1.0,1.0079106693185211,1.0
2026-04-01 16:05:00+00:00,1.0,1.0079106693185211,1.0
2026-04-01 16:10:00+00:00,1.0,1.0079106693185211,1.0
2026-04-01 16:15:00+00:00,1.0,1.0079106693185211,1.0
2026-04-01 16:20:00+00:00,1.0,1.0079106693185211,1.0
2026-04-01 16:25:00+00:00,1.0,1.0079106693185211,1.0
2026-04-01 16:30:00+00:00,1.0,1.0079106693185211,1.0
2026-04-01 16:35:00+00:00,1.0,1.0079106693185211,1.0
2026-04-01 16:40:00+00:00,1.0,1.0079106693185211,1.0
2026-04-01 16:45:00+00:00,1.0,1.0079106693185211,1.0
2026-04-01 16:50:00+00:00,1.0,1.0079106693185211,1.0
2026-04-01 16:55:00+00:00,1.0,1.0079106693185211,1.0
2026-04-01 17:00:00+00:00,1.0,1.0066848093113263,1.0
2026-04-01 17:05:00+00:00,1.0,1.0093558952165773,1.0
2026-04-01 17:10:00+00:00,1.0,1.007234879829989,1.0
2026-04-01 17:15:00+00:00,1.0,1.009107932399268,1.0
2026-04-01 17:20:00+00:00,1.0,1.0053634731315395,1.0
2026-04-01 17:25:00+00:00,1.0,1.0012455644289544,1.0
2026-04-01 17:30:00+00:00,1.0,1.0019360942240338,1.0
2026-04-01 17:35:00+00:00,1.0,1.0069030048905996,1.0
2026-04-01 17:40:00+00:00,1.0,1.0051905244318846,1.0
2026-04-01 17:45:00+00:00,1.0,1.0090516184111251,1.0
2026-04-01 17:50:00+00:00,1.0,1.0105916286860637,1.0
2026-04-01 17:55:00+00:00,1.0,1.0135339429016672,1.0
2026-04-01 18:00:00+00:00,1.0,1.01461631150782,1.0
2026-04-01 18:05:00+00:00,1.0,1.021587439565344,1.0
2026-04-01 18:10:00+00:00,1.0,1.0225914739489397,1.0
2026-04-01 18:15:00+00:00,1.0,1.0210452054453574,1.0
2026-04-01 18:20:00+00:00,1.0,1.0216272017709502,1.0
2026-04-01 18:25:00+00:00,1.0,1.0200858351967859,1.0
2026-04-01 18:30:00+00:00,1.0,1.0188403552025886,1.0
2026-04-01 18:35:00+00:00,1.0,1.0178900269731002,1.0
2026-04-01 18:40:00+00:00,1.0,1.01822461704578,1.0
2026-04-01 18:45:00+00:00,1.0,1.0164073332450856,1.0
2026-04-01 18:50:00+00:00,1.0,1.0153587987935024,1.0
2026-04-01 18:55:00+00:00,1.0,1.019621627537323,1.0
2026-04-01 19:00:00+00:00,1.0,1.0218367515432203,1.0
2026-04-01 19:05:00+00:00,1.0,1.0191693542041849,1.0
2026-04-01 19:10:00+00:00,1.0,1.0163987114154296,1.0
2026-04-01 19:15:00+00:00,1.0,1.015758371113114,1.0
2026-04-01 19:20:00+00:00,1.0,1.0230715366357659,1.0
2026-04-01 19:25:00+00:00,1.0,1.0196824086777636,1.0
2026-04-01 19:30:00+00:00,1.0,1.0268995433194419,1.0
2026-04-01 19:35:00+00:00,1.0,1.0244752629639138,1.0
2026-04-01 19:40:00+00:00,1.0,1.0269641767200135,1.0
2026-04-01 19:45:00+00:00,1.0,1.0295159446109101,1.0
2026-04-01 19:50:00+00:00,1.0,1.03282654687352,1.0
2026-04-01 19:55:00+00:00,1.0,1.0310909463096307,1.0
2026-04-02 13:30:00+00:00,1.0,1.0249838792290202,1.0
2026-04-02 13:35:00+00:00,1.0,1.0255157333011635,1.0
2026-04-02 13:40:00+00:00,1.0,1.0256246457317155,1.0
2026-04-02 13:45:00+00:00,1.0,1.0281270953849222,1.0
2026-04-02 13:50:00+00:00,1.0,1.0243948218507402,1.0
2026-04-02 13:55:00+00:00,1.0,1.020057704447951,1.0
2026-04-02 14:00:00+00:00,1.0,1.0193436640548375,1.0
2026-04-02 14:05:00+00:00,1.0,1.0193436640548375,1.0
2026-04-02 14:10:00+00:00,1.0,1.0193436640548375,1.0
2026-04-02 14:15:00+00:00,1.0,1.0193436640548375,1.0
2026-04-02 14:20:00+00:00,1.0052034971191912,1.0193436640548375,1.0
2026-04-02 14:25:00+00:00,1.0047052210291358,1.018124838165382,1.0
2026-04-02 14:30:00+00:00,1.0093359228499628,1.022817391208047,1.0
2026-04-02 14:35:00+00:00,1.0104189583661844,1.0239148925811872,1.0
2026-04-02 14:40:00+00:00,1.0108511339566437,1.0243528406418578,1.0
2026-04-02 14:45:00+00:00,1.0107211865471315,1.0242211575546094,1.0
2026-04-02 14:50:00+00:00,1.0130503714579393,1.0265814528539057,1.0
2026-04-02 14:55:00+00:00,1.0070925900655683,1.0205440947423203,1.0
2026-04-02 15:00:00+00:00,0.9955570174994135,1.0088544441799085,1.0
2026-04-02 15:05:00+00:00,0.9948601275871639,1.0081482460689826,1.0
2026-04-02 15:10:00+00:00,0.9948601275871639,1.0081482460689826,1.0
2026-04-02 15:15:00+00:00,0.9948601275871639,1.0081482460689826,1.0
2026-04-02 15:20:00+00:00,0.9948601275871639,1.0081482460689826,1.0
2026-04-02 15:25:00+00:00,0.9948601275871639,1.0081482460689826,1.0
2026-04-02 15:30:00+00:00,0.9948601275871639,1.0081482460689826,1.0
2026-04-02 15:35:00+00:00,0.9948601275871639,1.0081482460689826,1.0
2026-04-02 15:40:00+00:00,0.9948601275871639,1.0081482460689826,1.0
2026-04-02 15:45:00+00:00,0.9948601275871639,1.0081482460689826,1.0
2026-04-02 15:50:00+00:00,0.9948601275871639,1.0081482460689826,1.0
2026-04-02 15:55:00+00:00,0.9948601275871639,1.0081482460689826,1.0
2026-04-02 16:00:00+00:00,0.9948601275871639,1.0118330344440285,1.0
2026-04-02 16:05:00+00:00,0.9948601275871639,1.0166287374264114,1.0
2026-04-02 16:10:00+00:00,0.9948601275871639,1.018500405553813,1.0
2026-04-02 16:15:00+00:00,0.9948601275871639,1.015311293650163,1.0
2026-04-02 16:20:00+00:00,0.9948601275871639,1.018671785109875,1.0
2026-04-02 16:25:00+00:00,0.9948601275871639,1.0171041908281238,1.0
2026-04-02 16:30:00+00:00,0.9948601275871639,1.0205521879992445,1.0
2026-04-02 16:35:00+00:00,0.9948601275871639,1.0225925103405162,1.0
2026-04-02 16:40:00+00:00,0.9948601275871639,1.0301238356910432,1.0
2026-04-02 16:45:00+00:00,0.9948601275871639,1.027190584627381,1.0
2026-04-02 16:50:00+00:00,0.9948601275871639,1.028123398796208,1.0
2026-04-02 16:55:00+00:00,0.9948601275871639,1.0252209960571692,1.0
2026-04-02 17:00:00+00:00,0.9948601275871639,1.023271043139083,1.0
2026-04-02 17:05:00+00:00,0.9948601275871639,1.0250719212861912,1.0
2026-04-02 17:10:00+00:00,0.9948601275871639,1.0243415991102403,1.0
2026-04-02 17:15:00+00:00,0.9948601275871639,1.0300635117025265,1.0
2026-04-02 17:20:00+00:00,0.9948601275871639,1.0365742278067935,1.0
2026-04-02 17:25:00+00:00,0.9948601275871639,1.034657077494433,1.0
2026-04-02 17:30:00+00:00,0.9948601275871639,1.031866991666928,1.0
2026-04-02 17:35:00+00:00,0.9948601275871639,1.0386857980273467,1.0
2026-04-02 17:40:00+00:00,0.9948601275871639,1.0466452474458816,1.0
2026-04-02 17:45:00+00:00,0.9948601275871639,1.0487113822362226,1.0
2026-04-02 17:50:00+00:00,0.9948601275871639,1.0435591531918489,1.0
2026-04-02 17:55:00+00:00,0.9948601275871639,1.0428015601187242,1.0
2026-04-02 18:00:00+00:00,0.9948601275871639,1.036172139997809,1.0
2026-04-02 18:05:00+00:00,0.9948601275871639,1.03261238246479,1.0
2026-04-02 18:10:00+00:00,0.9948601275871639,1.0278146552650191,1.0
2026-04-02 18:15:00+00:00,0.9948601275871639,1.0270951850063337,1.0
2026-04-02 18:20:00+00:00,0.9948601275871639,1.0270951850063337,1.0
2026-04-02 18:25:00+00:00,0.9948601275871639,1.0270951850063337,1.0
2026-04-02 18:30:00+00:00,0.9948601275871639,1.0270951850063337,1.0
2026-04-02 18:35:00+00:00,0.9948601275871639,1.0270951850063337,1.0
2026-04-02 18:40:00+00:00,0.9948601275871639,1.0270951850063337,1.0
2026-04-02 18:45:00+00:00,0.9948601275871639,1.0270951850063337,1.0
2026-04-02 18:50:00+00:00,0.9948601275871639,1.0270951850063337,1.0
2026-04-02 18:55:00+00:00,0.9948601275871639,1.0270951850063337,1.0
2026-04-02 19:00:00+00:00,0.9948601275871639,1.0270951850063337,1.0
2026-04-02 19:05:00+00:00,0.9948601275871639,1.0270951850063337,1.0
2026-04-02 19:10:00+00:00,0.9948601275871639,1.0270951850063337,1.0
2026-04-02 19:15:00+00:00,0.9948601275871639,1.0270951850063337,1.0
2026-04-02 19:20:00+00:00,0.9948601275871639,1.0270951850063337,1.0
2026-04-02 19:25:00+00:00,0.9948601275871639,1.0270951850063337,1.0
2026-04-02 19:30:00+00:00,0.9948601275871639,1.0270951850063337,1.0
2026-04-02 19:35:00+00:00,0.9948601275871639,1.0270951850063337,1.0
2026-04-02 19:40:00+00:00,0.9948601275871639,1.0270951850063337,1.0
2026-04-02 19:45:00+00:00,0.9948601275871639,1.0270951850063337,1.0
2026-04-02 19:50:00+00:00,0.9948601275871639,1.0270951850063337,1.0
2026-04-02 19:55:00+00:00,0.9948601275871639,1.0270951850063337,1.0
2026-04-03 13:30:00+00:00,0.9948601275871639,1.0270951850063337,1.0
2026-04-03 13:35:00+00:00,0.9948601275871639,1.0270951850063337,1.0
2026-04-03 13:40:00+00:00,0.9948601275871639,1.0270951850063337,1.0
2026-04-03 13:45:00+00:00,0.9948601275871639,1.0270951850063337,1.0
2026-04-03 13:50:00+00:00,0.9948601275871639,1.0270951850063337,1.0
2026-04-03 13:55:00+00:00,0.9948601275871639,1.0270951850063337,1.0
2026-04-03 14:00:00+00:00,0.9948601275871639,1.0270951850063337,1.0
2026-04-03 14:05:00+00:00,0.9948601275871639,1.0270951850063337,1.0
2026-04-03 14:10:00+00:00,0.9948601275871639,1.0270951850063337,1.0
2026-04-03 14:15:00+00:00,0.9948601275871639,1.0270951850063337,1.0
2026-04-03 14:20:00+00:00,0.9948601275871639,1.0270951850063337,1.0
2026-04-03 14:25:00+00:00,0.9948601275871639,1.0270951850063337,1.0
2026-04-03 14:30:00+00:00,0.9948601275871639,1.0270951850063337,1.0
2026-04-03 14:35:00+00:00,0.9948601275871639,1.0270951850063337,1.0
2026-04-03 14:40:00+00:00,0.9953022665465575,1.0270951850063337,1.0
2026-04-03 14:45:00+00:00,1.002219408016042,1.0270951850063337,1.0
2026-04-03 14:50:00+00:00,1.003169218595612,1.0270951850063337,1.0
2026-04-03 14:55:00+00:00,1.0074572479583028,1.0270951850063337,1.0
2026-04-03 15:00:00+00:00,1.0098876572150435,1.0270951850063337,1.0
2026-04-03 15:05:00+00:00,1.0031004656578437,1.0194733795132078,1.0
2026-04-03 15:10:00+00:00,1.0077761876634792,1.0242254200893464,1.0
2026-04-03 15:15:00+00:00,1.008596077327722,1.0250586922444793,1.0
2026-04-03 15:20:00+00:00,1.0022749127147337,1.0186343516414307,1.0
2026-04-03 15:25:00+00:00,1.0000628255622084,1.0163861581230638,1.0
2026-04-03 15:30:00+00:00,1.0032751661936563,1.0196509315648168,1.0
2026-04-03 15:35:00+00:00,1.0051522725879545,1.021558676666147,1.0
2026-04-03 15:40:00+00:00,1.0073968332623917,1.0238398737492231,1.0
2026-04-03 15:45:00+00:00,1.015088691054801,1.0316572804067106,1.0
2026-04-03 15:50:00+00:00,1.0182185181333634,1.0348381934840276,1.0
2026-04-03 15:55:00+00:00,1.0123581190202284,1.0288821391368235,1.0
2026-04-03 16:00:00+00:00,1.0181053605764183,1.034723188934687,1.0
2026-04-03 16:05:00+00:00,1.023199181714233,1.0399001529854395,1.0
2026-04-03 16:10:00+00:00,1.0232413795910948,1.0399430396290066,1.0
2026-04-03 16:15:00+00:00,1.0225999914337005,1.0392911825371351,1.0
2026-04-03 16:20:00+00:00,1.018757543386795,1.0353860168731819,1.0
2026-04-03 16:25:00+00:00,1.0152761863860618,1.0318478360943484,1.0
2026-04-03 16:30:00+00:00,1.0074827590279603,1.023927202021525,1.0
2026-04-03 16:35:00+00:00,0.9999405983851949,1.02321045298011,1.0
2026-04-03 16:40:00+00:00,0.9992406399663252,1.02321045298011,1.0
2026-04-03 16:45:00+00:00,0.9992406399663252,1.02321045298011,1.0
2026-04-03 16:50:00+00:00,0.9992406399663252,1.02321045298011,1.0
2026-04-03 16:55:00+00:00,0.9992406399663252,1.02321045298011,1.0
2026-04-03 17:00:00+00:00,0.9992406399663252,1.02321045298011,1.0
2026-04-03 17:05:00+00:00,0.9992406399663252,1.0196108147864937,1.0
2026-04-03 17:10:00+00:00,0.9992406399663252,1.0251066353859717,1.0
2026-04-03 17:15:00+00:00,0.9992406399663252,1.0283590118004704,1.0
2026-04-03 17:20:00+00:00,0.9992406399663252,1.0268734998103328,1.0
2026-04-03 17:25:00+00:00,0.9992406399663252,1.024088287476024,1.0
2026-04-03 17:30:00+00:00,0.9992406399663252,1.0167977963321986,1.0
2026-04-03 17:35:00+00:00,0.9992406399663252,1.0089922781907097,1.0
2026-04-03 17:40:00+00:00,0.9992406399663252,1.008285983595976,1.0
2026-04-03 17:45:00+00:00,0.9992406399663252,1.008285983595976,1.0
2026-04-03 17:50:00+00:00,0.9992406399663252,1.008285983595976,1.0
2026-04-03 17:55:00+00:00,0.9992406399663252,1.008285983595976,1.0
2026-04-03 18:00:00+00:00,0.9992406399663252,1.008285983595976,1.0
2026-04-03 18:05:00+00:00,0.9992406399663252,1.008285983595976,1.0
2026-04-03 18:10:00+00:00,0.9992406399663252,1.008285983595976,1.0
2026-04-03 18:15:00+00:00,0.9992406399663252,1.008285983595976,1.0
2026-04-03 18:20:00+00:00,0.9992406399663252,1.008285983595976,1.0
2026-04-03 18:25:00+00:00,0.9992406399663252,1.008285983595976,1.0
2026-04-03 18:30:00+00:00,0.9992406399663252,1.008285983595976,1.0
2026-04-03 18:35:00+00:00,0.9992406399663252,1.008285983595976,1.0
2026-04-03 18:40:00+00:00,0.9992406399663252,1.008285983595976,1.0
2026-04-03 18:45:00+00:00,0.9992406399663252,1.008285983595976,1.0
2026-04-03 18:50:00+00:00,0.9992406399663252,1.008285983595976,1.0
2026-04-03 18:55:00+00:00,0.9992406399663252,1.008285983595976,1.0
2026-04-03 19:00:00+00:00,0.9992406399663252,1.008285983595976,1.0
2026-04-03 19:05:00+00:00,0.9992406399663252,1.008285983595976,1.0
2026-04-03 19:10:00+00:00,0.9992406399663252,1.008285983595976,1.0
2026-04-03 19:15:00+00:00,0.9992406399663252,1.008285983595976,1.0
2026-04-03 19:20:00+00:00,0.9992406399663252,1.008285983595976,1.0
2026-04-03 19:25:00+00:00,0.9992406399663252,1.008285983595976,1.0
2026-04-03 19:30:00+00:00,0.9992406399663252,1.008285983595976,1.0
2026-04-03 19:35:00+00:00,0.9992406399663252,1.008285983595976,1.0
2026-04-03 19:40:00+00:00,0.9992406399663252,1.008285983595976,1.0
2026-04-03 19:45:00+00:00,0.9992406399663252,1.008285983595976,1.0
2026-04-03 19:50:00+00:00,0.9992406399663252,1.008285983595976,1.0
2026-04-03 19:55:00+00:00,0.9992406399663252,1.0085758736278687,1.0
2026-04-06 13:30:00+00:00,0.9992406399663252,0.9951638024963974,1.0
2026-04-06 13:35:00+00:00,1.0003319651315763,0.9944671878346498,1.0
2026-04-06 13:40:00+00:00,0.9912273896983923,0.9944671878346498,1.0
2026-04-06 13:45:00+00:00,0.9905335305256034,0.9944671878346498,1.0
2026-04-06 13:50:00+00:00,0.9905335305256034,0.9944671878346498,1.0
2026-04-06 13:55:00+00:00,0.9905335305256034,0.9944671878346498,1.0
2026-04-06 14:00:00+00:00,0.9905335305256034,0.9944671878346498,1.0
2026-04-06 14:05:00+00:00,0.9925791063813599,0.9944671878346498,1.0
2026-04-06 14:10:00+00:00,0.9890845589492022,0.9944671878346498,1.0
2026-04-06 14:15:00+00:00,0.9883921997579378,0.9944671878346498,1.0
2026-04-06 14:20:00+00:00,0.9883921997579378,0.9944671878346498,1.0
2026-04-06 14:25:00+00:00,0.9883921997579378,0.9944671878346498,1.0
2026-04-06 14:30:00+00:00,0.9883921997579378,0.9874140929870353,1.0
2026-04-06 14:35:00+00:00,0.9883921997579378,0.9946005879055991,1.0
2026-04-06 14:40:00+00:00,0.9883921997579378,0.998994901726658,1.0
2026-04-06 14:45:00+00:00,0.9883921997579378,1.0013884525018206,1.0
2026-04-06 14:50:00+00:00,0.9883921997579378,0.9945670792808876,1.0
2026-04-06 14:55:00+00:00,0.9883921997579378,1.0002730915693157,1.0
2026-04-06 15:00:00+00:00,0.9883921997579378,1.003429625668321,1.0
2026-04-06 15:05:00+00:00,0.9883921997579378,1.0072596724227352,1.0
2026-04-06 15:10:00+00:00,0.9883921997579378,1.010779983372066,1.0
2026-04-06 15:15:00+00:00,0.9883921997579378,1.0065975735754145,1.0
2026-04-06 15:20:00+00:00,0.9883921997579378,1.0070434145136955,1.0
2026-04-06 15:25:00+00:00,0.9883921997579378,1.0120263370346168,1.0
2026-04-06 15:30:00+00:00,0.9883921997579378,1.0126723869664727,1.0
2026-04-06 15:35:00+00:00,0.9883921997579378,1.0080681741627355,1.0
2026-04-06 15:40:00+00:00,0.9883921997579378,1.0122522401340528,1.0
2026-04-06 15:45:00+00:00,0.9883921997579378,1.0138308167537322,1.0
2026-04-06 15:50:00+00:00,0.9883921997579378,1.0138898697366385,1.0
2026-04-06 15:55:00+00:00,0.9883921997579378,1.0168038412919893,1.0
2026-04-06 16:00:00+00:00,0.9883921997579378,1.015382868723134,1.0
2026-04-06 16:05:00+00:00,0.9883921997579378,1.0103572051878253,1.0
2026-04-06 16:10:00+00:00,0.9883921997579378,1.0076676295023914,1.0
2026-04-06 16:15:00+00:00,0.9883921997579378,1.0055185390565724,1.0
2026-04-06 16:20:00+00:00,0.9883921997579378,1.0048146760792327,1.0
2026-04-06 16:25:00+00:00,0.9883921997579378,1.0048146760792327,1.0
2026-04-06 16:30:00+00:00,0.9883921997579378,1.0048146760792327,1.0
2026-04-06 16:35:00+00:00,0.9883921997579378,1.0048146760792327,1.0
2026-04-06 16:40:00+00:00,0.9883921997579378,1.0048146760792327,1.0
2026-04-06 16:45:00+00:00,0.9883921997579378,1.0048146760792327,1.0
2026-04-06 16:50:00+00:00,0.9883921997579378,0.9977128464777643,1.0
2026-04-06 16:55:00+00:00,0.9883921997579378,0.992924249170162,1.0
2026-04-06 17:00:00+00:00,0.9883921997579378,0.9961694730577269,1.0
2026-04-06 17:05:00+00:00,0.9883921997579378,0.9997017641371223,1.0
2026-04-06 17:10:00+00:00,0.9883921997579378,1.001747484577544,1.0
2026-04-06 17:15:00+00:00,0.9883921997579378,1.0028613410950364,1.0
2026-04-06 17:20:00+00:00,0.9883921997579378,0.9944171821723776,1.0
2026-04-06 17:25:00+00:00,0.9883921997579378,0.9960027905641121,1.0
2026-04-06 17:30:00+00:00,0.9883921997579378,1.0025198408774305,1.0
2026-04-06 17:35:00+00:00,0.9883921997579378,1.0021105203612777,1.0
2026-04-06 17:40:00+00:00,0.9883921997579378,0.9966225490626066,1.0
2026-04-06 17:45:00+00:00,0.9883921997579378,1.001750396315693,1.0
2026-04-06 17:50:00+00:00,0.9883921997579378,0.9999484474985335,1.0
2026-04-06 17:55:00+00:00,0.9883921997579378,1.0011438153667456,1.0
2026-04-06 18:00:00+00:00,0.9883921997579378,1.0050635633378755,1.0
2026-04-06 18:05:00+00:00,0.9883921997579378,1.0013477156951065,1.0
2026-04-06 18:10:00+00:00,0.9883921997579378,1.011469953163135,1.0
2026-04-06 18:15:00+00:00,0.9883921997579378,1.0090329409145065,1.0
2026-04-06 18:20:00+00:00,0.9883921997579378,1.0099765577887174,1.0
2026-04-06 18:25:00+00:00,0.9883921997579378,1.010803543241957,1.0
2026-04-06 18:30:00+00:00,0.9883921997579378,1.005954570063559,1.0
2026-04-06 18:35:00+00:00,0.9883921997579378,1.0090202166569353,1.0
2026-04-06 18:40:00+00:00,0.9883921997579378,1.0078546844752785,1.0
2026-04-06 18:45:00+00:00,0.9883921997579378,1.0092081978630665,1.0
2026-04-06 18:50:00+00:00,0.9883921997579378,1.0128199631516526,1.0
2026-04-06 18:55:00+00:00,0.9883921997579378,1.0109211628122028,1.0
2026-04-06 19:00:00+00:00,0.9883921997579378,1.0111557294646927,1.0
2026-04-06 19:05:00+00:00,0.9883921997579378,1.0193189347001799,1.0
2026-04-06 19:10:00+00:00,0.9883921997579378,1.0199210171162458,1.0
2026-04-06 19:15:00+00:00,0.9883921997579378,1.015844705345829,1.0
2026-04-06 19:20:00+00:00,0.9883921997579378,1.0123200301375654,1.0
2026-04-06 19:25:00+00:00,0.9883921997579378,1.0166927886222605,1.0
2026-04-06 19:30:00+00:00,0.9883921997579378,1.0151245576260197,1.0
2026-04-06 19:35:00+00:00,0.9883921997579378,1.0125126557456483,1.0
2026-04-06 19:40:00+00:00,0.9883921997579378,1.0125962743649244,1.0
2026-04-06 19:45:00+00:00,0.9883921997579378,1.0124558617729937,1.0
2026-04-06 19:50:00+00:00,0.9883921997579378,1.0100454867128361,1.0
2026-04-06 19:55:00+00:00,0.9883921997579378,1.0093384548721371,1.0
2026-04-07 13:30:00+00:00,0.9883921997579378,1.0093384548721371,1.0
2026-04-07 13:35:00+00:00,0.9883921997579378,1.0093384548721371,1.0
2026-04-07 13:40:00+00:00,0.9883921997579378,1.0093384548721371,1.0
2026-04-07 13:45:00+00:00,0.9883921997579378,1.0093384548721371,1.0
2026-04-07 13:50:00+00:00,0.9883921997579378,1.0093384548721371,1.0
2026-04-07 13:55:00+00:00,0.9883921997579378,1.0093384548721371,1.0
2026-04-07 14:00:00+00:00,0.9883921997579378,1.0093384548721371,1.0
2026-04-07 14:05:00+00:00,0.9883921997579378,1.0093384548721371,1.0
2026-04-07 14:10:00+00:00,0.9883921997579378,1.0093384548721371,1.0
2026-04-07 14:15:00+00:00,0.9883921997579378,1.0093384548721371,1.0
2026-04-07 14:20:00+00:00,0.9883921997579378,1.0099828654928151,1.0
2026-04-07 14:25:00+00:00,0.9883921997579378,1.0098531497288918,1.0
2026-04-07 14:30:00+00:00,0.9883921997579378,1.0121249198821503,1.0
2026-04-07 14:35:00+00:00,0.9883921997579378,1.0155129218278318,1.0
2026-04-07 14:40:00+00:00,0.9883921997579378,1.0164687541984874,1.0
2026-04-07 14:45:00+00:00,0.9883921997579378,1.015266156981822,1.0
2026-04-07 14:50:00+00:00,0.9883921997579378,1.006140470362459,1.0
2026-04-07 14:55:00+00:00,0.9883921997579378,1.0058684643222084,1.0
2026-04-07 15:00:00+00:00,0.9883921997579378,1.0051643563971828,1.0
2026-04-07 15:05:00+00:00,0.9883921997579378,1.0051643563971828,1.0
2026-04-07 15:10:00+00:00,0.9883921997579378,1.0051643563971828,1.0
2026-04-07 15:15:00+00:00,0.9883921997579378,1.0051643563971828,1.0
2026-04-07 15:20:00+00:00,0.9883921997579378,1.0051643563971828,1.0
2026-04-07 15:25:00+00:00,0.9883921997579378,1.0051643563971828,1.0
2026-04-07 15:30:00+00:00,0.9883921997579378,1.0051643563971828,1.0
2026-04-07 15:35:00+00:00,0.9883921997579378,1.0051643563971828,1.0
2026-04-07 15:40:00+00:00,0.9883921997579378,1.0051643563971828,1.0
2026-04-07 15:45:00+00:00,0.9883921997579378,1.0051643563971828,1.0
2026-04-07 15:50:00+00:00,0.9883921997579378,1.0051643563971828,1.0
2026-04-07 15:55:00+00:00,0.9883921997579378,1.0051643563971828,1.0
2026-04-07 16:00:00+00:00,0.9883921997579378,1.0051643563971828,1.0
2026-04-07 16:05:00+00:00,0.9883921997579378,1.0051643563971828,1.0
2026-04-07 16:10:00+00:00,0.9883921997579378,1.0051643563971828,1.0
2026-04-07 16:15:00+00:00,0.984823310373649,1.0051643563971828,1.0
2026-04-07 16:20:00+00:00,0.9841339340563874,1.0051643563971828,1.0
2026-04-07 16:25:00+00:00,0.9801239377553215,1.0051643563971828,1.0
2026-04-07 16:30:00+00:00,0.9823242033663258,1.0051643563971828,1.0
2026-04-07 16:35:00+00:00,0.9815458407742998,1.0051643563971828,1.0
2026-04-07 16:40:00+00:00,0.9803528802393333,1.0051643563971828,1.0
2026-04-07 16:45:00+00:00,0.9848809944852843,1.0051643563971828,1.0
2026-04-07 16:50:00+00:00,0.9856103092363522,1.0051643563971828,1.0
2026-04-07 16:55:00+00:00,0.9863103886918747,1.0051643563971828,1.0
2026-04-07 17:00:00+00:00,0.9951072622939411,1.0051643563971828,1.0
2026-04-07 17:05:00+00:00,0.9949761900953054,1.0043283444622881,1.0
2026-04-07 17:10:00+00:00,0.9927375437917877,1.002068656282581,1.0
2026-04-07 17:15:00+00:00,0.9876162461977674,0.9968992216917809,1.0
2026-04-07 17:20:00+00:00,0.9930217960165342,1.002355580300594,1.0
2026-04-07 17:25:00+00:00,0.9884506545465908,0.9977414729576117,1.0
2026-04-07 17:30:00+00:00,0.9903212176375377,0.9996296181725872,1.0
2026-04-07 17:35:00+00:00,0.993752670323341,1.0030933243691178,1.0
2026-04-07 17:40:00+00:00,0.9954087977592323,1.0047650183678938,1.0
2026-04-07 17:45:00+00:00,0.9962742167539259,1.0056385717602856,1.0
2026-04-07 17:50:00+00:00,0.9946541628070592,1.0040032903187865,1.0
2026-04-07 17:55:00+00:00,0.9989163102093143,1.008305499242953,1.0
2026-04-07 18:00:00+00:00,0.9914732396696139,1.0007924684917977,1.0
2026-04-07 18:05:00+00:00,0.9880714185002152,0.9973586723294074,1.0
2026-04-07 18:10:00+00:00,0.9863550735762909,0.9966605212587768,1.0
2026-04-07 18:15:00+00:00,0.9918769156554786,0.9966605212587768,1.0
2026-04-07 18:20:00+00:00,0.9893228526427706,0.9966605212587768,1.0
2026-04-07 18:25:00+00:00,0.9839190413424822,0.9966605212587768,1.0
2026-04-07 18:30:00+00:00,0.9850883044279284,0.9966605212587768,1.0
2026-04-07 18:35:00+00:00,0.9819958931901792,0.9966605212587768,1.0
2026-04-07 18:40:00+00:00,0.9813084960649461,0.9921905315519707,1.0
2026-04-07 18:45:00+00:00,0.9813084960649461,0.9954048775708515,1.0
2026-04-07 18:50:00+00:00,0.9813084960649461,0.9948611725654123,1.0
2026-04-07 18:55:00+00:00,0.9813084960649461,0.9895084250440771,1.0
2026-04-07 19:00:00+00:00,0.9813084960649461,0.9888157691465462,1.0
2026-04-07 19:05:00+00:00,0.9813084960649461,0.9888157691465462,1.0
2026-04-07 19:10:00+00:00,0.9813084960649461,0.9888157691465462,1.0
2026-04-07 19:15:00+00:00,0.9813084960649461,0.9888157691465462,1.0
2026-04-07 19:20:00+00:00,0.9813084960649461,0.9888157691465462,1.0
2026-04-07 19:25:00+00:00,0.9813084960649461,0.9888157691465462,1.0
2026-04-07 19:30:00+00:00,0.9813084960649461,0.9888157691465462,1.0
2026-04-07 19:35:00+00:00,0.9813084960649461,0.9888157691465462,1.0
2026-04-07 19:40:00+00:00,0.9813084960649461,0.9888157691465462,1.0
2026-04-07 19:45:00+00:00,0.9813084960649461,0.9888157691465462,1.0
2026-04-07 19:50:00+00:00,0.9813084960649461,0.9888157691465462,1.0
2026-04-07 19:55:00+00:00,0.9813084960649461,0.9888157691465462,1.0
2026-04-08 13:30:00+00:00,0.9813084960649461,0.9888157691465462,1.0
2026-04-08 13:35:00+00:00,0.9813084960649461,0.9888157691465462,1.0
2026-04-08 13:40:00+00:00,0.9813084960649461,0.9877974326120558,1.0
2026-04-08 13:45:00+00:00,0.9813084960649461,1.0084324024268627,1.0
2026-04-08 13:50:00+00:00,0.9813084960649461,1.0058457209747353,1.0
2026-04-08 13:55:00+00:00,0.9813084960649461,1.0099703015908092,1.0
2026-04-08 14:00:00+00:00,0.9813084960649461,1.0036173273846751,1.0
2026-04-08 14:05:00+00:00,0.9813084960649461,1.005576010081516,1.0
2026-04-08 14:10:00+00:00,0.9813084960649461,1.00002030618514,1.0
2026-04-08 14:15:00+00:00,0.9813084960649461,1.0050692032914714,1.0
2026-04-08 14:20:00+00:00,0.9813084960649461,1.003335968183023,1.0
2026-04-08 14:25:00+00:00,0.9813084960649461,0.9974902485859806,1.0
2026-04-08 14:30:00+00:00,0.9813084960649461,1.0004426178354293,1.0
2026-04-08 14:35:00+00:00,0.9813084960649461,1.011182636419968,1.0
2026-04-08 14:40:00+00:00,0.9813084960649461,1.0109975928642743,1.0
2026-04-08 14:45:00+00:00,0.9813084960649461,1.0048409994296594,1.0
2026-04-08 14:50:00+00:00,0.9813084960649461,1.0120217600122063,1.0
2026-04-08 14:55:00+00:00,0.9813084960649461,1.0129112761108259,1.0
2026-04-08 15:00:00+00:00,0.9813084960649461,1.0173205160383352,1.0
2026-04-08 15:05:00+00:00,0.9813084960649461,1.0230577588786212,1.0
2026-04-08 15:10:00+00:00,0.9813084960649461,1.0283861981322227,1.0
2026-04-08 15:15:00+00:00,0.9813084960649461,1.0250127129189166,1.0
2026-04-08 15:20:00+00:00,0.9813084960649461,1.0175575740078435,1.0
2026-04-08 15:25:00+00:00,0.9813084960649461,1.0193411507692014,1.0
2026-04-08 15:30:00+00:00,0.9813084960649461,1.0220018768789814,1.0
2026-04-08 15:35:00+00:00,0.9813084960649461,1.0200786647729558,1.0
2026-04-08 15:40:00+00:00,0.9813084960649461,1.0171310849130613,1.0
2026-04-08 15:45:00+00:00,0.9813084960649461,1.0204229531770284,1.0
2026-04-08 15:50:00+00:00,0.9813084960649461,1.0267303569127118,1.0
2026-04-08 15:55:00+00:00,0.9813084960649461,1.0315947662106213,1.0
2026-04-08 16:00:00+00:00,0.9813084960649461,1.036344680511002,1.0
2026-04-08 16:05:00+00:00,0.9813084960649461,1.0376976376755263,1.0
2026-04-08 16:10:00+00:00,0.9813084960649461,1.0374372935499987,1.0
2026-04-08 16:15:00+00:00,0.9813084960649461,1.0331341250387154,1.0
2026-04-08 16:20:00+00:00,0.9813084960649461,1.0282298209749927,1.0
2026-04-08 16:25:00+00:00,0.9813084960649461,1.0290943288454621,1.0
2026-04-08 16:30:00+00:00,0.9813084960649461,1.0270704868278795,1.0
2026-04-08 16:35:00+00:00,0.9813084960649461,1.0202780892036603,1.0
2026-04-08 16:40:00+00:00,0.9813084960649461,1.0195638945412178,1.0
2026-04-08 16:45:00+00:00,0.9813084960649461,1.0195638945412178,1.0
2026-04-08 16:50:00+00:00,0.9813084960649461,1.0189771006066255,1.0
2026-04-08 16:55:00+00:00,0.9813084960649461,1.013933042247068,1.0
2026-04-08 17:00:00+00:00,0.9813084960649461,1.0074653010293342,1.0
2026-04-08 17:05:00+00:00,0.9813084960649461,1.0067600753186137,1.0
2026-04-08 17:10:00+00:00,0.9813084960649461,1.0067600753186137,1.0
2026-04-08 17:15:00+00:00,0.9813084960649461,1.0067600753186137,1.0
2026-04-08 17:20:00+00:00,0.9813084960649461,1.0067600753186137,1.0
2026-04-08 17:25:00+00:00,0.9813084960649461,1.0067600753186137,1.0
2026-04-08 17:30:00+00:00,0.9813084960649461,1.0067600753186137,1.0
2026-04-08 17:35:00+00:00,0.9813084960649461,1.0067600753186137,1.0
2026-04-08 17:40:00+00:00,0.9813084960649461,1.0067600753186137,1.0
2026-04-08 17:45:00+00:00,0.9813084960649461,1.0067600753186137,1.0
2026-04-08 17:50:00+00:00,0.9813084960649461,1.0067600753186137,1.0
2026-04-08 17:55:00+00:00,0.9813084960649461,1.0067600753186137,1.0
2026-04-08 18:00:00+00:00,0.9813084960649461,1.0067600753186137,1.0
2026-04-08 18:05:00+00:00,0.9813084960649461,1.0067600753186137,1.0
2026-04-08 18:10:00+00:00,0.9813084960649461,1.0067600753186137,1.0
2026-04-08 18:15:00+00:00,0.9813084960649461,1.0049182382887825,1.0
2026-04-08 18:20:00+00:00,0.9813084960649461,1.010441143676533,1.0
2026-04-08 18:25:00+00:00,0.9813084960649461,1.0136862638991389,1.0
2026-04-08 18:30:00+00:00,0.9813084960649461,1.0162164293082718,1.0
2026-04-08 18:35:00+00:00,0.9813084960649461,1.017038064914202,1.0
2026-04-08 18:40:00+00:00,0.9813084960649461,1.020973759142075,1.0
2026-04-08 18:45:00+00:00,0.9813084960649461,1.0176871622099235,1.0
2026-04-08 18:50:00+00:00,0.9813084960649461,1.0192160450350296,1.0
2026-04-08 18:55:00+00:00,0.9813084960649461,1.0219051515183928,1.0
2026-04-08 19:00:00+00:00,0.9813084960649461,1.0205670175526316,1.0
2026-04-08 19:05:00+00:00,0.9813084960649461,1.0224166557543766,1.0
2026-04-08 19:10:00+00:00,0.9813084960649461,1.02508864869834,1.0
2026-04-08 19:15:00+00:00,0.9813084960649461,1.0257832589771152,1.0
2026-04-08 19:20:00+00:00,0.9813084960649461,1.022820901583343,1.0
2026-04-08 19:25:00+00:00,0.9813084960649461,1.0260198904025875,1.0
2026-04-08 19:30:00+00:00,0.9813084960649461,1.022682482678896,1.0
2026-04-08 19:35:00+00:00,0.9813084960649461,1.021973844778713,1.0
2026-04-08 19:40:00+00:00,0.9813084960649461,1.0236649704963043,1.0
2026-04-08 19:45:00+00:00,0.9813084960649461,1.022326749787631,1.0
2026-04-08 19:50:00+00:00,0.9813084960649461,1.0237513728967,1.0
2026-04-08 19:55:00+00:00,0.9813084960649461,1.0274487281156162,1.0
2026-04-09 13:30:00+00:00,0.9813084960649461,1.0326814974477854,1.0
2026-04-09 13:35:00+00:00,0.9813084960649461,1.0306476038476184,1.0
2026-04-09 13:40:00+00:00,0.9813084960649461,1.0341685151009063,1.0
2026-04-09 13:45:00+00:00,0.9813084960649461,1.0323589634558419,1.0
2026-04-09 13:50:00+00:00,0.9813084960649461,1.0345183876111392,1.0
2026-04-09 13:55:00+00:00,0.9813084960649461,1.0385288755583608,1.0
2026-04-09 14:00:00+00:00,0.9813084960649461,1.034945700438557,1.0
2026-04-09 14:05:00+00:00,0.9813084960649461,1.0404042455436113,1.0
2026-04-09 14:10:00+00:00,0.9813084960649461,1.0406648407211367,1.0
2026-04-09 14:15:00+00:00,0.9813084960649461,1.0401822347295868,1.0
2026-04-09 14:20:00+00:00,0.9813084960649461,1.0348565507403265,1.0
2026-04-09 14:25:00+00:00,0.9813084960649461,1.0330249603277677,1.0
2026-04-09 14:30:00+00:00,0.9813084960649461,1.033138704043216,1.0
2026-04-09 14:35:00+00:00,0.9813084960649461,1.0342177025929002,1.0
2026-04-09 14:40:00+00:00,0.9813084960649461,1.034908332000479,1.0
2026-04-09 14:45:00+00:00,0.9813084960649461,1.0320475974628054,1.0
2026-04-09 14:50:00+00:00,0.9813084960649461,1.0355302721135151,1.0
2026-04-09 14:55:00+00:00,0.9813084960649461,1.0327072144913314,1.0
2026-04-09 15:00:00+00:00,0.9813084960649461,1.0329933997230376,1.0
2026-04-09 15:05:00+00:00,0.9813084960649461,1.02987787513426,1.0
2026-04-09 15:10:00+00:00,0.9813084960649461,1.0291569606216662,1.0
2026-04-09 15:15:00+00:00,0.9813084960649461,1.0291569606216662,1.0
2026-04-09 15:20:00+00:00,0.9813084960649461,1.0291569606216662,1.0
2026-04-09 15:25:00+00:00,0.9813084960649461,1.0291569606216662,1.0
2026-04-09 15:30:00+00:00,0.9813084960649461,1.0291569606216662,1.0
2026-04-09 15:35:00+00:00,0.9813084960649461,1.0291569606216662,1.0
2026-04-09 15:40:00+00:00,0.9813084960649461,1.0291569606216662,1.0
2026-04-09 15:45:00+00:00,0.9813084960649461,1.0291569606216662,1.0
2026-04-09 15:50:00+00:00,0.9813084960649461,1.029272595991332,1.0
2026-04-09 15:55:00+00:00,0.9813084960649461,1.026736869369646,1.0
2026-04-09 16:00:00+00:00,0.9813084960649461,1.0316662270988233,1.0
2026-04-09 16:05:00+00:00,0.9813084960649461,1.031409788404537,1.0
2026-04-09 16:10:00+00:00,0.9813084960649461,1.0277039005830564,1.0
2026-04-09 16:15:00+00:00,0.9813084960649461,1.032239744372114,1.0
2026-04-09 16:20:00+00:00,0.9813084960649461,1.0334585936656717,1.0
2026-04-09 16:25:00+00:00,0.9813084960649461,1.031520090619946,1.0
2026-04-09 16:30:00+00:00,0.9813084960649461,1.0398992225368913,1.0
2026-04-09 16:35:00+00:00,0.9813084960649461,1.0420321060347084,1.0
2026-04-09 16:40:00+00:00,0.9813084960649461,1.0425257039964622,1.0
2026-04-09 16:45:00+00:00,0.9813084960649461,1.0438622938349942,1.0
2026-04-09 16:50:00+00:00,0.9813084960649461,1.041928775554413,1.0
2026-04-09 16:55:00+00:00,0.9813084960649461,1.0445997395468463,1.0
2026-04-09 17:00:00+00:00,0.9813084960649461,1.0473493069403008,1.0
2026-04-09 17:05:00+00:00,0.9813084960649461,1.045833906673428,1.0
2026-04-09 17:10:00+00:00,0.9813084960649461,1.04646027617913,1.0
2026-04-09 17:15:00+00:00,0.9813084960649461,1.0414503885456692,1.0
2026-04-09 17:20:00+00:00,0.9813084960649461,1.0408862706804973,1.0
2026-04-09 17:25:00+00:00,0.9813084960649461,1.0436956694538404,1.0
2026-04-09 17:30:00+00:00,0.9813084960649461,1.0370649167435897,1.0
2026-04-09 17:35:00+00:00,0.9813084960649461,1.0363389713018691,1.0
2026-04-09 17:40:00+00:00,0.9813084960649461,1.0363389713018691,1.0
2026-04-09 17:45:00+00:00,0.9813084960649461,1.0363389713018691,1.0
2026-04-09 17:50:00+00:00,0.9813084960649461,1.0363389713018691,1.0
2026-04-09 17:55:00+00:00,0.9813084960649461,1.0363389713018691,1.0
2026-04-09 18:00:00+00:00,0.9813084960649461,1.0363389713018691,1.0
2026-04-09 18:05:00+00:00,0.9813084960649461,1.0363389713018691,1.0
2026-04-09 18:10:00+00:00,0.9813084960649461,1.0363389713018691,1.0
2026-04-09 18:15:00+00:00,0.9813084960649461,1.0363389713018691,1.0
2026-04-09 18:20:00+00:00,0.9813084960649461,1.0363389713018691,1.0
2026-04-09 18:25:00+00:00,0.9813084960649461,1.0363389713018691,1.0
2026-04-09 18:30:00+00:00,0.9813084960649461,1.0363389713018691,1.0
2026-04-09 18:35:00+00:00,0.9813084960649461,1.0363389713018691,1.0
2026-04-09 18:40:00+00:00,0.9813084960649461,1.0363389713018691,1.0
2026-04-09 18:45:00+00:00,0.9813084960649461,1.0363389713018691,1.0
2026-04-09 18:50:00+00:00,0.9813084960649461,1.0261663432742263,1.0
2026-04-09 18:55:00+00:00,0.9842480687681514,1.0223740795648206,1.0
2026-04-09 19:00:00+00:00,0.985285247162914,1.0216584177091252,1.0
2026-04-09 19:05:00+00:00,0.9894262946087635,1.0216584177091252,1.0
2026-04-09 19:10:00+00:00,0.9900777273069038,1.0216584177091252,1.0
2026-04-09 19:15:00+00:00,0.9920197141287679,1.0216584177091252,1.0
2026-04-09 19:20:00+00:00,0.9925343354684619,1.0214732535659294,1.0
2026-04-09 19:25:00+00:00,0.989317397966459,1.0181625211315313,1.0
2026-04-09 19:30:00+00:00,0.990402335878759,1.019279092135265,1.0
2026-04-09 19:35:00+00:00,0.9878883189932299,1.0166917750865616,1.0
2026-04-09 19:40:00+00:00,0.9895206174015733,1.0183716657526856,1.0
2026-04-09 19:45:00+00:00,0.9875244920266413,1.0163173401657577,1.0
2026-04-09 19:50:00+00:00,0.9882610021355825,1.0170753243990278,1.0
2026-04-09 19:55:00+00:00,0.9915695268087712,1.020480314374342,1.0
2026-04-10 13:30:00+00:00,0.986951537559651,1.0157276802994666,1.0
2026-04-10 13:35:00+00:00,0.9862606714833593,1.0104360902501726,1.0
2026-04-10 13:40:00+00:00,0.9862606714833593,1.0097287849869974,1.0
2026-04-10 13:45:00+00:00,0.9862606714833593,1.0097287849869974,1.0
2026-04-10 13:50:00+00:00,0.9862606714833593,1.0097287849869974,1.0
2026-04-10 13:55:00+00:00,0.9862606714833593,1.0097287849869974,1.0
2026-04-10 14:00:00+00:00,0.9862606714833593,1.0097287849869974,1.0
2026-04-10 14:05:00+00:00,0.9862606714833593,1.0097287849869974,1.0
2026-04-10 14:10:00+00:00,0.9852012369249084,1.0097287849869974,1.0
2026-04-10 14:15:00+00:00,0.9845115960590609,1.0097287849869974,1.0
2026-04-10 14:20:00+00:00,0.9845115960590609,1.0097287849869974,1.0
2026-04-10 14:25:00+00:00,0.9845115960590609,1.0097287849869974,1.0
2026-04-10 14:30:00+00:00,0.9845115960590609,1.0097287849869974,1.0
2026-04-10 14:35:00+00:00,0.9845115960590609,1.0097287849869974,1.0
2026-04-10 14:40:00+00:00,0.9845115960590609,1.0143243909027586,1.0
2026-04-10 14:45:00+00:00,0.9845115960590609,1.0134808280643304,1.0
2026-04-10 14:50:00+00:00,0.9845115960590609,1.0083766175517832,1.0
2026-04-10 14:55:00+00:00,0.9845115960590609,1.01458352625971,1.0
2026-04-10 15:00:00+00:00,0.9845115960590609,1.0152480594049467,1.0
2026-04-10 15:05:00+00:00,0.9845115960590609,1.018434480296232,1.0
2026-04-10 15:10:00+00:00,0.9845115960590609,1.01855723699854,1.0
2026-04-10 15:15:00+00:00,0.9845115960590609,1.0213733307877457,1.0
2026-04-10 15:20:00+00:00,0.9845115960590609,1.0157233160759398,1.0
2026-04-10 15:25:00+00:00,0.9845115960590609,1.0103602714338733,1.0
2026-04-10 15:30:00+00:00,0.9845115960590609,1.0036889825087065,1.0
2026-04-10 15:35:00+00:00,0.9845115960590609,1.0029864002209503,1.0
2026-04-10 15:40:00+00:00,0.9845115960590609,1.0029864002209503,1.0
2026-04-10 15:45:00+00:00,0.9845115960590609,1.0029864002209503,1.0
2026-04-10 15:50:00+00:00,0.9845115960590609,1.0029864002209503,1.0
2026-04-10 15:55:00+00:00,0.9864401780900016,1.0029864002209503,1.0
2026-04-10 16:00:00+00:00,0.9848979575014192,1.0029864002209503,1.0
2026-04-10 16:05:00+00:00,0.9875217494401256,1.0029864002209503,1.0
2026-04-10 16:10:00+00:00,0.9936069630145041,1.0029864002209503,1.0
2026-04-10 16:15:00+00:00,0.9904923390661206,1.0029864002209503,1.0
2026-04-10 16:20:00+00:00,0.9841410072008483,1.0029864002209503,1.0
2026-04-10 16:25:00+00:00,0.9823443372410897,1.0029864002209503,1.0
2026-04-10 16:30:00+00:00,0.9783161296422703,1.0029864002209503,1.0
2026-04-10 16:35:00+00:00,0.9776313083515207,1.0029864002209503,1.0
2026-04-10 16:40:00+00:00,0.9776313083515207,1.0029864002209503,1.0
2026-04-10 16:45:00+00:00,0.9776313083515207,1.0029864002209503,1.0
2026-04-10 16:50:00+00:00,0.9776313083515207,1.0029864002209503,1.0
2026-04-10 16:55:00+00:00,0.9776313083515207,1.0029864002209503,1.0
2026-04-10 17:00:00+00:00,0.9748807341477008,1.0029864002209503,1.0
2026-04-10 17:05:00+00:00,0.9741983176337974,1.0029864002209503,1.0
2026-04-10 17:10:00+00:00,0.9829141329952424,1.0029864002209503,1.0
2026-04-10 17:15:00+00:00,0.9799664749139537,1.0029864002209503,1.0
2026-04-10 17:20:00+00:00,0.9859850591712527,1.0029864002209503,1.0
2026-04-10 17:25:00+00:00,0.9879714181207675,1.0043049194790357,1.0
2026-04-10 17:30:00+00:00,0.9880914422924698,1.004426927933821,1.0
2026-04-10 17:35:00+00:00,0.9849280381373515,1.0012112252353271,1.0
2026-04-10 17:40:00+00:00,0.9816720913864434,0.9979014499933281,1.0
2026-04-10 17:45:00+00:00,0.9795565076653087,0.9957508906757855,1.0
2026-04-10 17:50:00+00:00,0.9761114521513954,0.9922488802562103,1.0
2026-04-10 17:55:00+00:00,0.9767918612800329,0.9915543060400309,1.0
2026-04-10 18:00:00+00:00,0.9825315447532428,0.9915543060400309,1.0
2026-04-10 18:05:00+00:00,0.9812859300952863,0.9915543060400309,1.0
2026-04-10 18:10:00+00:00,0.988776785055247,0.9915543060400309,1.0
2026-04-10 18:15:00+00:00,0.9903202167985815,0.9915543060400309,1.0
2026-04-10 18:20:00+00:00,0.9839914542663338,0.9845235688952405,1.0
2026-04-10 18:25:00+00:00,0.9801806216643557,0.9807106755032352,1.0
2026-04-10 18:30:00+00:00,0.9783718069581813,0.9800241780303829,1.0
2026-04-10 18:35:00+00:00,0.9732006587820202,0.9800241780303829,1.0
2026-04-10 18:40:00+00:00,0.9725194183208727,0.9800241780303829,1.0
2026-04-10 18:45:00+00:00,0.9725194183208727,0.9800241780303829,1.0
2026-04-10 18:50:00+00:00,0.9725194183208727,0.9800241780303829,1.0
2026-04-10 18:55:00+00:00,0.9725194183208727,0.9800241780303829,1.0
2026-04-10 19:00:00+00:00,0.9725194183208727,0.9800241780303829,1.0
2026-04-10 19:05:00+00:00,0.9725194183208727,0.9800241780303829,1.0
2026-04-10 19:10:00+00:00,0.9725194183208727,0.9800241780303829,1.0
2026-04-10 19:15:00+00:00,0.9725194183208727,0.9800241780303829,1.0
2026-04-10 19:20:00+00:00,0.9725194183208727,0.9800241780303829,1.0
2026-04-10 19:25:00+00:00,0.9725194183208727,0.9800241780303829,1.0
2026-04-10 19:30:00+00:00,0.9725194183208727,0.9800241780303829,1.0
2026-04-10 19:35:00+00:00,0.9725194183208727,0.9800241780303829,1.0
2026-04-10 19:40:00+00:00,0.9725194183208727,0.9800241780303829,1.0
2026-04-10 19:45:00+00:00,0.9725194183208727,0.9800241780303829,1.0
2026-04-10 19:50:00+00:00,0.9725194183208727,0.9800241780303829,1.0
2026-04-10 19:55:00+00:00,0.9725194183208727,0.9800241780303829,1.0
2026-04-13 13:30:00+00:00,0.9725194183208727,0.9800241780303829,1.0
2026-04-13 13:35:00+00:00,0.9725194183208727,0.9800241780303829,1.0
2026-04-13 13:40:00+00:00,0.9725194183208727,0.9800241780303829,1.0
2026-04-13 13:45:00+00:00,0.9725194183208727,0.9800241780303829,1.0
2026-04-13 13:50:00+00:00,0.9725194183208727,0.9800241780303829,1.0
2026-04-13 13:55:00+00:00,0.9725194183208727,0.9800241780303829,1.0
2026-04-13 14:00:00+00:00,0.9725194183208727,0.9800241780303829,1.0
2026-04-13 14:05:00+00:00,0.9725194183208727,0.9881800880757187,1.0
2026-04-13 14:10:00+00:00,0.9725194183208727,0.9870336287265208,1.0
2026-04-13 14:15:00+00:00,0.9725194183208727,0.9879593261464714,1.0
2026-04-13 14:20:00+00:00,0.9725194183208727,0.991623167086618,1.0
2026-04-13 14:25:00+00:00,0.9725194183208727,0.993289347208805,1.0
2026-04-13 14:30:00+00:00,0.9725194183208727,0.9991190055474369,1.0
2026-04-13 14:35:00+00:00,0.9725194183208727,0.9955475401463721,1.0
2026-04-13 14:40:00+00:00,0.9725194183208727,0.9984907346109061,1.0
2026-04-13 14:45:00+00:00,0.9725194183208727,1.0033852855774843,1.0
2026-04-13 14:50:00+00:00,0.9725194183208727,1.0000996416095644,1.0
2026-04-13 14:55:00+00:00,0.9725194183208727,0.9925483558317819,1.0
2026-04-13 15:00:00+00:00,0.9725194183208727,0.9911346226438316,1.0
2026-04-13 15:05:00+00:00,0.9725194183208727,0.991284616116866,1.0
2026-04-13 15:10:00+00:00,0.9725194183208727,0.9905268075397698,1.0
2026-04-13 15:15:00+00:00,0.9725194183208727,0.9926287132981106,1.0
2026-04-13 15:20:00+00:00,0.9725194183208727,0.9891705022244248,1.0
2026-04-13 15:25:00+00:00,0.9725194183208727,0.9828661257116575,1.0
2026-04-13 15:30:00+00:00,0.9713389904600112,0.9821781194236594,1.0
2026-04-13 15:35:00+00:00,0.9697081104097871,0.9821781194236594,1.0
2026-04-13 15:40:00+00:00,0.9741576681744712,0.9821781194236594,1.0
2026-04-13 15:45:00+00:00,0.9714784022500385,0.9821781194236594,1.0
2026-04-13 15:50:00+00:00,0.9775761388769206,0.9821781194236594,1.0
2026-04-13 15:55:00+00:00,0.977501967126146,0.9821781194236594,1.0
2026-04-13 16:00:00+00:00,0.9782929869166875,0.9821781194236594,1.0
2026-04-13 16:05:00+00:00,0.9752699828438218,0.9821781194236594,1.0
2026-04-13 16:10:00+00:00,0.9665939848214886,0.9821781194236594,1.0
2026-04-13 16:15:00+00:00,0.9659173690321136,0.9821781194236594,1.0
2026-04-13 16:20:00+00:00,0.9659173690321136,0.9821781194236594,1.0
2026-04-13 16:25:00+00:00,0.9659173690321136,0.9821781194236594,1.0
2026-04-13 16:30:00+00:00,0.9659173690321136,0.9821781194236594,1.0
2026-04-13 16:35:00+00:00,0.9659173690321136,0.9821781194236594,1.0
2026-04-13 16:40:00+00:00,0.9659173690321136,0.9821781194236594,1.0
2026-04-13 16:45:00+00:00,0.9659173690321136,0.9821781194236594,1.0
2026-04-13 16:50:00+00:00,0.9659173690321136,0.9821781194236594,1.0
2026-04-13 16:55:00+00:00,0.9659173690321136,0.9821781194236594,1.0
2026-04-13 17:00:00+00:00,0.9659173690321136,0.9802924218815007,1.0
2026-04-13 17:05:00+00:00,0.9659173690321136,0.9817993809168846,1.0
2026-04-13 17:10:00+00:00,0.9659173690321136,0.9909075478888059,1.0
2026-04-13 17:15:00+00:00,0.9659173690321136,0.9886524841524859,1.0
2026-04-13 17:20:00+00:00,0.9659173690321136,0.987265062816956,1.0
2026-04-13 17:25:00+00:00,0.9659173690321136,0.9899087009599525,1.0
2026-04-13 17:30:00+00:00,0.9659173690321136,0.9882403344001813,1.0
2026-04-13 17:35:00+00:00,0.9659173690321136,0.9888828034917688,1.0
2026-04-13 17:40:00+00:00,0.9659173690321136,0.9904441500128035,1.0
2026-04-13 17:45:00+00:00,0.9659173690321136,0.9896343345132333,1.0
2026-04-13 17:50:00+00:00,0.9659173690321136,0.9862666330456611,1.0
2026-04-13 17:55:00+00:00,0.9659173690321136,0.9803821533495345,1.0
2026-04-13 18:00:00+00:00,0.9659173690321136,0.9796958858421898,1.0
2026-04-13 18:05:00+00:00,0.9659173690321136,0.9796958858421898,1.0
2026-04-13 18:10:00+00:00,0.9659173690321136,0.9796958858421898,1.0
2026-04-13 18:15:00+00:00,0.9659173690321136,0.9796958858421898,1.0
2026-04-13 18:20:00+00:00,0.9659173690321136,0.9796033016754726,1.0
2026-04-13 18:25:00+00:00,0.9659173690321136,0.9871047868287175,1.0
2026-04-13 18:30:00+00:00,0.9659173690321136,0.99286007373244,1.0
2026-04-13 18:35:00+00:00,0.9659173690321136,0.9930158296014896,1.0
2026-04-13 18:40:00+00:00,0.9659173690321136,0.992046358186077,1.0
2026-04-13 18:45:00+00:00,0.9659173690321136,0.9897561953089523,1.0
2026-04-13 18:50:00+00:00,0.9659173690321136,0.9904843653425052,1.0
2026-04-13 18:55:00+00:00,0.9659173690321136,0.9885212677388037,1.0
2026-04-13 19:00:00+00:00,0.9659173690321136,0.9889612395993301,1.0
2026-04-13 19:05:00+00:00,0.9659173690321136,0.9903076974093336,1.0
2026-04-13 19:10:00+00:00,0.9659173690321136,0.9912054594941843,1.0
2026-04-13 19:15:00+00:00,0.9659173690321136,0.9917417566192628,1.0
2026-04-13 19:20:00+00:00,0.9659173690321136,0.9889894175360823,1.0
2026-04-13 19:25:00+00:00,0.9659173690321136,0.9892673474215369,1.0
2026-04-13 19:30:00+00:00,0.9659173690321136,0.9830827818466849,1.0
2026-04-13 19:35:00+00:00,0.9659173690321136,0.9823946238993921,1.0
2026-04-13 19:40:00+00:00,0.9659173690321136,0.9823946238993921,1.0
2026-04-13 19:45:00+00:00,0.9659173690321136,0.9823946238993921,1.0
2026-04-13 19:50:00+00:00,0.9659173690321136,0.9823946238993921,1.0
2026-04-13 19:55:00+00:00,0.9659173690321136,0.9823946238993921,1.0
2026-04-14 13:30:00+00:00,0.9659173690321136,0.9823946238993921,1.0
2026-04-14 13:35:00+00:00,0.9659173690321136,0.9823946238993921,1.0
2026-04-14 13:40:00+00:00,0.9659173690321136,0.9823946238993921,1.0
2026-04-14 13:45:00+00:00,0.9659173690321136,0.9823946238993921,1.0
2026-04-14 13:50:00+00:00,0.9659173690321136,0.9846051957821661,1.0
2026-04-14 13:55:00+00:00,0.9659173690321136,0.9859782976091249,1.0
2026-04-14 14:00:00+00:00,0.9659173690321136,0.9814464856715482,1.0
2026-04-14 14:05:00+00:00,0.9659173690321136,0.9798225079199135,1.0
2026-04-14 14:10:00+00:00,0.9659173690321136,0.9777519496188581,1.0
2026-04-14 14:15:00+00:00,0.9659173690321136,0.9762639554394238,1.0
2026-04-14 14:20:00+00:00,0.9659173690321136,0.9755805706706162,1.0
2026-04-14 14:25:00+00:00,0.9659173690321136,0.9755805706706162,1.0
2026-04-14 14:30:00+00:00,0.9659173690321136,0.9755805706706162,1.0
2026-04-14 14:35:00+00:00,0.9659173690321136,0.9755805706706162,1.0
2026-04-14 14:40:00+00:00,0.9659173690321136,0.9755805706706162,1.0
2026-04-14 14:45:00+00:00,0.9659173690321136,0.9755805706706162,1.0
2026-04-14 14:50:00+00:00,0.9659173690321136,0.9755805706706162,1.0
2026-04-14 14:55:00+00:00,0.9659173690321136,0.9755805706706162,1.0
2026-04-14 15:00:00+00:00,0.9659173690321136,0.9755805706706162,1.0
2026-04-14 15:05:00+00:00,0.95988078183065,0.9755805706706162,1.0
2026-04-14 15:10:00+00:00,0.9592088652833685,0.9755805706706162,1.0
2026-04-14 15:15:00+00:00,0.9592088652833685,0.9755805706706162,1.0
2026-04-14 15:20:00+00:00,0.9592088652833685,0.9755805706706162,1.0
2026-04-14 15:25:00+00:00,0.9592088652833685,0.9755805706706162,1.0
2026-04-14 15:30:00+00:00,0.9592088652833685,0.9755805706706162,1.0
2026-04-14 15:35:00+00:00,0.9592088652833685,0.9755805706706162,1.0
2026-04-14 15:40:00+00:00,0.9561044944298254,0.9755805706706162,1.0
2026-04-14 15:45:00+00:00,0.9547226315855039,0.9755805706706162,1.0
2026-04-14 15:50:00+00:00,0.9516980110443742,0.9755805706706162,1.0
2026-04-14 15:55:00+00:00,0.9477579032938865,0.9755805706706162,1.0
2026-04-14 16:00:00+00:00,0.9470944727615808,0.9755805706706162,1.0
2026-04-14 16:05:00+00:00,0.9470944727615808,0.9755805706706162,1.0
2026-04-14 16:10:00+00:00,0.9470944727615808,0.9755805706706162,1.0
2026-04-14 16:15:00+00:00,0.9470944727615808,0.9755805706706162,1.0
2026-04-14 16:20:00+00:00,0.9470944727615808,0.9755805706706162,1.0
2026-04-14 16:25:00+00:00,0.9470944727615808,0.9755805706706162,1.0
2026-04-14 16:30:00+00:00,0.9470944727615808,0.9755805706706162,1.0
2026-04-14 16:35:00+00:00,0.9470944727615808,0.97524183292886,1.0
2026-04-14 16:40:00+00:00,0.9470944727615808,0.9749655973493938,1.0
2026-04-14 16:45:00+00:00,0.9470944727615808,0.9808664184252275,1.0
2026-04-14 16:50:00+00:00,0.9470944727615808,0.9745477298367983,1.0
2026-04-14 16:55:00+00:00,0.9470944727615808,0.9708799754819383,1.0
2026-04-14 17:00:00+00:00,0.9470944727615808,0.9794681433824867,1.0
2026-04-14 17:05:00+00:00,0.9470944727615808,0.9779813293521403,1.0
2026-04-14 17:10:00+00:00,0.9470944727615808,0.9792757358948945,1.0
2026-04-14 17:15:00+00:00,0.9470944727615808,0.9792179207301701,1.0
2026-04-14 17:20:00+00:00,0.9470944727615808,0.9813118650597348,1.0
2026-04-14 17:25:00+00:00,0.9470944727615808,0.9818761158452824,1.0
2026-04-14 17:30:00+00:00,0.9470944727615808,0.9792120749275682,1.0
2026-04-14 17:35:00+00:00,0.9470944727615808,0.9820081465011904,1.0
2026-04-14 17:40:00+00:00,0.9470944727615808,0.9849006324490747,1.0
2026-04-14 17:45:00+00:00,0.9470944727615808,0.9831814956338288,1.0
2026-04-14 17:50:00+00:00,0.9470944727615808,0.9841438702576324,1.0
2026-04-14 17:55:00+00:00,0.9470944727615808,0.9822861872528177,1.0
2026-04-14 18:00:00+00:00,0.9470944727615808,0.9838471435695144,1.0
2026-04-14 18:05:00+00:00,0.9470944727615808,0.987432747554917,1.0
2026-04-14 18:10:00+00:00,0.9470944727615808,0.9916774873572518,1.0
2026-04-14 18:15:00+00:00,0.9470944727615808,0.9900761527070172,1.0
2026-04-14 18:20:00+00:00,0.9470944727615808,0.9861294831714446,1.0
2026-04-14 18:25:00+00:00,0.9470944727615808,0.9849417832371098,1.0
2026-04-14 18:30:00+00:00,0.9470944727615808,0.9802821995739419,1.0
2026-04-14 18:35:00+00:00,0.9470944727615808,0.9795960020342401,1.0
2026-04-14 18:40:00+00:00,0.9470944727615808,0.9795960020342401,1.0
2026-04-14 18:45:00+00:00,0.9470944727615808,0.9795960020342401,1.0
2026-04-14 18:50:00+00:00,0.9470944727615808,0.9795960020342401,1.0
2026-04-14 18:55:00+00:00,0.9470944727615808,0.9795960020342401,1.0
2026-04-14 19:00:00+00:00,0.9470944727615808,0.9795960020342401,1.0
2026-04-14 19:05:00+00:00,0.9470944727615808,0.9795960020342401,1.0
2026-04-14 19:10:00+00:00,0.9470944727615808,0.9795960020342401,1.0
2026-04-14 19:15:00+00:00,0.9470944727615808,0.9795960020342401,1.0
2026-04-14 19:20:00+00:00,0.9470944727615808,0.9795960020342401,1.0
2026-04-14 19:25:00+00:00,0.9470944727615808,0.9795960020342401,1.0
2026-04-14 19:30:00+00:00,0.9470944727615808,0.9795960020342401,1.0
2026-04-14 19:35:00+00:00,0.9470944727615808,0.9795960020342401,1.0
2026-04-14 19:40:00+00:00,0.9470944727615808,0.9795960020342401,1.0
2026-04-14 19:45:00+00:00,0.9470944727615808,0.9795960020342401,1.0
2026-04-14 19:50:00+00:00,0.9470944727615808,0.9795960020342401,1.0
2026-04-14 19:55:00+00:00,0.9470944727615808,0.9795960020342401,1.0
2026-04-15 13:30:00+00:00,0.9470944727615808,0.9795960020342401,1.0
2026-04-15 13:35:00+00:00,0.9470944727615808,0.9795960020342401,1.0
2026-04-15 13:40:00+00:00,0.9470944727615808,0.9795960020342401,1.0
2026-04-15 13:45:00+00:00,0.9470944727615808,0.9795960020342401,1.0
2026-04-15 13:50:00+00:00,0.9470944727615808,0.9795960020342401,1.0
2026-04-15 13:55:00+00:00,0.9470944727615808,0.9795960020342401,1.0
2026-04-15 14:00:00+00:00,0.9470944727615808,0.9795960020342401,1.0
2026-04-15 14:05:00+00:00,0.9470944727615808,0.9791887569763378,1.0
2026-04-15 14:10:00+00:00,0.9470944727615808,0.9797289394274462,1.0
2026-04-15 14:15:00+00:00,0.9470944727615808,0.971571343705128,1.0
2026-04-15 14:20:00+00:00,0.9470944727615808,0.9722117344591549,1.0
2026-04-15 14:25:00+00:00,0.9470944727615808,0.9805818685152009,1.0
2026-04-15 14:30:00+00:00,0.9470944727615808,0.9865340112313713,1.0
2026-04-15 14:35:00+00:00,0.9470944727615808,0.9813685413911692,1.0
2026-04-15 14:40:00+00:00,0.9470944727615808,0.9856435452257141,1.0
2026-04-15 14:45:00+00:00,0.9470944727615808,0.9846553161563398,1.0
2026-04-15 14:50:00+00:00,0.9470944727615808,0.9821219927886163,1.0
2026-04-15 14:55:00+00:00,0.9470944727615808,0.9880795765615408,1.0
2026-04-15 15:00:00+00:00,0.9470944727615808,0.9877305506173509,1.0
2026-04-15 15:05:00+00:00,0.9470944727615808,0.9847509507447999,1.0
2026-04-15 15:10:00+00:00,0.9470944727615808,0.9849295143900209,1.0
2026-04-15 15:15:00+00:00,0.9470944727615808,0.9851311639873673,1.0
2026-04-15 15:20:00+00:00,0.9470944727615808,0.9893919699872699,1.0
2026-04-15 15:25:00+00:00,0.9470944727615808,0.9855470170082263,1.0
2026-04-15 15:30:00+00:00,0.9470944727615808,0.9969464520475673,1.0
2026-04-15 15:35:00+00:00,0.9470944727615808,0.9950173262895224,1.0
2026-04-15 15:40:00+00:00,0.9470944727615808,0.9966013238566391,1.0
2026-04-15 15:45:00+00:00,0.9470944727615808,0.9973054196628489,1.0
2026-04-15 15:50:00+00:00,0.9470944727615808,0.9953313710890298,1.0
2026-04-15 15:55:00+00:00,0.9470944727615808,0.9914461214546608,1.0
2026-04-15 16:00:00+00:00,0.9470944727615808,0.9923878945148595,1.0
2026-04-15 16:05:00+00:00,0.9470944727615808,0.9938095248114801,1.0
2026-04-15 16:10:00+00:00,0.9470944727615808,0.9951216101660703,1.0
2026-04-15 16:15:00+00:00,0.9470944727615808,0.9941347732959384,1.0
2026-04-15 16:20:00+00:00,0.9470944727615808,0.9954821149005512,1.0
2026-04-15 16:25:00+00:00,0.9470944727615808,0.9949785201580518,1.0
2026-04-15 16:30:00+00:00,0.9470944727615808,0.9929156513917035,1.0
2026-04-15 16:35:00+00:00,0.9470944727615808,0.9956787897724406,1.0
2026-04-15 16:40:00+00:00,0.9470944727615808,1.0011093474945234,1.0
2026-04-15 16:45:00+00:00,0.9470944727615808,1.0026264273396293,1.0
2026-04-15 16:50:00+00:00,0.9470944727615808,1.0069781675167158,1.0
2026-04-15 16:55:00+00:00,0.9470944727615808,1.0128469351835736,1.0
2026-04-15 17:00:00+00:00,0.9470944727615808,1.0156808878089347,1.0
2026-04-15 17:05:00+00:00,0.9470944727615808,1.0200985809780705,1.0
2026-04-15 17:10:00+00:00,0.9470944727615808,1.0224099949663419,1.0
2026-04-15 17:15:00+00:00,0.9470944727615808,1.02336860270989,1.0
2026-04-15 17:20:00+00:00,0.9470944727615808,1.0280954624660543,1.0
2026-04-15 17:25:00+00:00,0.9470944727615808,1.036960877898531,1.0
2026-04-15 17:30:00+00:00,0.9470944727615808,1.035163712397599,1.0
2026-04-15 17:35:00+00:00,0.9470944727615808,1.038477972050742,1.0
2026-04-15 17:40:00+00:00,0.9470944727615808,1.0327948164096301,1.0
2026-04-15 17:45:00+00:00,0.9470944727615808,1.0335973522476538,1.0
2026-04-15 17:50:00+00:00,0.9470944727615808,1.0349948019211723,1.0
2026-04-15 17:55:00+00:00,0.9470944727615808,1.0324311825910948,1.0
2026-04-15 18:00:00+00:00,0.9470944727615808,1.031610829193546,1.0
2026-04-15 18:05:00+00:00,0.9470944727615808,1.0288439161928105,1.0
2026-04-15 18:10:00+00:00,0.9470944727615808,1.0306831028239252,1.0
2026-04-15 18:15:00+00:00,0.9470944727615808,1.0300300834816378,1.0
2026-04-15 18:20:00+00:00,0.9470944727615808,1.0333310773047784,1.0
2026-04-15 18:25:00+00:00,0.9470944727615808,1.0335021271135252,1.0
2026-04-15 18:30:00+00:00,0.9470944727615808,1.0345829832136053,1.0
2026-04-15 18:35:00+00:00,0.9470944727615808,1.029074860413783,1.0
2026-04-15 18:40:00+00:00,0.9470944727615808,1.027749217828805,1.0
2026-04-15 18:45:00+00:00,0.9470944727615808,1.024721738259576,1.0
2026-04-15 18:50:00+00:00,0.9470944727615808,1.0240044330427942,1.0
2026-04-15 18:55:00+00:00,0.9470944727615808,1.0240044330427942,1.0
2026-04-15 19:00:00+00:00,0.9470944727615808,1.0240044330427942,1.0
2026-04-15 19:05:00+00:00,0.9470944727615808,1.0240044330427942,1.0
2026-04-15 19:10:00+00:00,0.9470944727615808,1.0165740704941382,1.0
2026-04-15 19:15:00+00:00,0.9470944727615808,1.0158624686447923,1.0
2026-04-15 19:20:00+00:00,0.9470944727615808,1.0158624686447923,1.0
2026-04-15 19:25:00+00:00,0.9470944727615808,1.0158624686447923,1.0
2026-04-15 19:30:00+00:00,0.9470944727615808,1.0158624686447923,1.0
2026-04-15 19:35:00+00:00,0.9470944727615808,1.0158624686447923,1.0
2026-04-15 19:40:00+00:00,0.9470944727615808,1.0158624686447923,1.0
2026-04-15 19:45:00+00:00,0.9470944727615808,1.0158624686447923,1.0
2026-04-15 19:50:00+00:00,0.9470944727615808,1.0158624686447923,1.0
2026-04-15 19:55:00+00:00,0.9470944727615808,1.0158624686447923,1.0
2026-04-16 13:30:00+00:00,0.9470944727615808,1.0234689583792331,1.0
2026-04-16 13:35:00+00:00,0.9470944727615808,1.0180061506424603,1.0
2026-04-16 13:40:00+00:00,0.9470944727615808,1.0195471229173685,1.0
2026-04-16 13:45:00+00:00,0.9470944727615808,1.0176548959196992,1.0
2026-04-16 13:50:00+00:00,0.9470944727615808,1.0137171927637159,1.0
2026-04-16 13:55:00+00:00,0.9470944727615808,1.016128330747615,1.0
2026-04-16 14:00:00+00:00,0.9470944727615808,1.0106005194218577,1.0
2026-04-16 14:05:00+00:00,0.9470944727615808,1.0098930990582624,1.0
2026-04-16 14:10:00+00:00,0.9470944727615808,1.0098930990582624,1.0
2026-04-16 14:15:00+00:00,0.9470944727615808,1.0098930990582624,1.0
2026-04-16 14:20:00+00:00,0.9470944727615808,1.0098930990582624,1.0
2026-04-16 14:25:00+00:00,0.9470944727615808,1.0098930990582624,1.0
2026-04-16 14:30:00+00:00,0.9470944727615808,1.0098930990582624,1.0
2026-04-16 14:35:00+00:00,0.9470944727615808,1.0098930990582624,1.0
2026-04-16 14:40:00+00:00,0.9470944727615808,1.015508265980144,1.0
2026-04-16 14:45:00+00:00,0.9470944727615808,1.0116160564769558,1.0
2026-04-16 14:50:00+00:00,0.9470944727615808,1.007898207845121,1.0
2026-04-16 14:55:00+00:00,0.9470944727615808,1.000556719284485,1.0
2026-04-16 15:00:00+00:00,0.9470944727615808,0.9998563295809859,1.0
2026-04-16 15:05:00+00:00,0.9470944727615808,0.9998563295809859,1.0
2026-04-16 15:10:00+00:00,0.9470944727615808,0.9998563295809859,1.0
2026-04-16 15:15:00+00:00,0.9470944727615808,0.9998563295809859,1.0
2026-04-16 15:20:00+00:00,0.9470944727615808,0.9998563295809859,1.0
2026-04-16 15:25:00+00:00,0.9470944727615808,0.9998563295809859,1.0
2026-04-16 15:30:00+00:00,0.9470944727615808,0.9998563295809859,1.0
2026-04-16 15:35:00+00:00,0.9470944727615808,0.9998563295809859,1.0
2026-04-16 15:40:00+00:00,0.9470944727615808,0.9998563295809859,1.0
2026-04-16 15:45:00+00:00,0.9470944727615808,0.9998563295809859,1.0
2026-04-16 15:50:00+00:00,0.9470944727615808,0.9998563295809859,1.0
2026-04-16 15:55:00+00:00,0.9470944727615808,0.9998563295809859,1.0
2026-04-16 16:00:00+00:00,0.9470944727615808,0.9998563295809859,1.0
2026-04-16 16:05:00+00:00,0.9470944727615808,0.9998563295809859,1.0
2026-04-16 16:10:00+00:00,0.9470944727615808,0.9998563295809859,1.0
2026-04-16 16:15:00+00:00,0.9470944727615808,0.9998563295809859,1.0
2026-04-16 16:20:00+00:00,0.9470944727615808,0.9998563295809859,1.0
2026-04-16 16:25:00+00:00,0.9470944727615808,0.9983395342037616,1.0
2026-04-16 16:30:00+00:00,0.9470944727615808,0.9944955280561987,1.0
2026-04-16 16:35:00+00:00,0.9470944727615808,0.995875701320285,1.0
2026-04-16 16:40:00+00:00,0.9470944727615808,0.9996230773725158,1.0
2026-04-16 16:45:00+00:00,0.9470944727615808,0.9969184148563227,1.0
2026-04-16 16:50:00+00:00,0.9470944727615808,0.9968762478431129,1.0
2026-04-16 16:55:00+00:00,0.9470944727615808,0.9974649145006439,1.0
2026-04-16 17:00:00+00:00,0.9470944727615808,0.9924461856839585,1.0
2026-04-16 17:05:00+00:00,0.9470944727615808,0.9917514733539797,1.0
2026-04-16 17:10:00+00:00,0.9470944727615808,0.9917514733539797,1.0
2026-04-16 17:15:00+00:00,0.9470944727615808,0.9917514733539797,1.0
2026-04-16 17:20:00+00:00,0.9470820565385404,0.9917514733539797,1.0
2026-04-16 17:25:00+00:00,0.9415493851046038,0.9917514733539797,1.0
2026-04-16 17:30:00+00:00,0.9408903005350305,0.9917514733539797,1.0
2026-04-16 17:35:00+00:00,0.9408903005350305,0.9917514733539797,1.0
2026-04-16 17:40:00+00:00,0.9408903005350305,0.9917514733539797,1.0
2026-04-16 17:45:00+00:00,0.9408903005350305,0.9886279786981411,1.0
2026-04-16 17:50:00+00:00,0.9408903005350305,0.9899794414319517,1.0
2026-04-16 17:55:00+00:00,0.9408903005350305,0.9841740244018085,1.0
2026-04-16 18:00:00+00:00,0.9408903005350305,0.9816234698970301,1.0
2026-04-16 18:05:00+00:00,0.9408903005350305,0.9809363334681022,1.0
2026-04-16 18:10:00+00:00,0.9408903005350305,0.9809363334681022,1.0
2026-04-16 18:15:00+00:00,0.9408903005350305,0.9809363334681022,1.0
2026-04-16 18:20:00+00:00,0.9408903005350305,0.9809363334681022,1.0
2026-04-16 18:25:00+00:00,0.9408903005350305,0.9809363334681022,1.0
2026-04-16 18:30:00+00:00,0.9408903005350305,0.9809363334681022,1.0
2026-04-16 18:35:00+00:00,0.9408903005350305,0.9809363334681022,1.0
2026-04-16 18:40:00+00:00,0.9408903005350305,0.9809363334681022,1.0
2026-04-16 18:45:00+00:00,0.9408903005350305,0.9809363334681022,1.0
2026-04-16 18:50:00+00:00,0.9408903005350305,0.9809363334681022,1.0
2026-04-16 18:55:00+00:00,0.9408903005350305,0.9809363334681022,1.0
2026-04-16 19:00:00+00:00,0.9408903005350305,0.9809363334681022,1.0
2026-04-16 19:05:00+00:00,0.9408903005350305,0.9809363334681022,1.0
2026-04-16 19:10:00+00:00,0.9408903005350305,0.9809363334681022,1.0
2026-04-16 19:15:00+00:00,0.9408903005350305,0.9809363334681022,1.0
2026-04-16 19:20:00+00:00,0.9408903005350305,0.9809363334681022,1.0
2026-04-16 19:25:00+00:00,0.9408903005350305,0.9809363334681022,1.0
2026-04-16 19:30:00+00:00,0.9408903005350305,0.9759576115856292,1.0
2026-04-16 19:35:00+00:00,0.9408903005350305,0.9769833013812483,1.0
2026-04-16 19:40:00+00:00,0.9408903005350305,0.9766982972192711,1.0
2026-04-16 19:45:00+00:00,0.9408903005350305,0.9769033490138309,1.0
2026-04-16 19:50:00+00:00,0.9408903005350305,0.9776090970247208,1.0
2026-04-16 19:55:00+00:00,0.9408903005350305,0.9788715512905279,1.0
2026-04-17 13:30:00+00:00,0.9408903005350305,0.9672012882312193,1.0
2026-04-17 13:35:00+00:00,0.9408903005350305,0.9665242473294574,1.0
2026-04-17 13:40:00+00:00,0.9408903005350305,0.9665242473294574,1.0
2026-04-17 13:45:00+00:00,0.9408903005350305,0.9665242473294574,1.0
2026-04-17 13:50:00+00:00,0.9408903005350305,0.9665242473294574,1.0
2026-04-17 13:55:00+00:00,0.9408903005350305,0.9665242473294574,1.0
2026-04-17 14:00:00+00:00,0.9408903005350305,0.9665242473294574,1.0
2026-04-17 14:05:00+00:00,0.9408903005350305,0.9665242473294574,1.0
2026-04-17 14:10:00+00:00,0.9408903005350305,0.9665242473294574,1.0
2026-04-17 14:15:00+00:00,0.9408903005350305,0.9665242473294574,1.0
2026-04-17 14:20:00+00:00,0.9408903005350305,0.9665242473294574,1.0
2026-04-17 14:25:00+00:00,0.9408903005350305,0.9665242473294574,1.0
2026-04-17 14:30:00+00:00,0.9408903005350305,0.9665242473294574,1.0
2026-04-17 14:35:00+00:00,0.9408903005350305,0.9665242473294574,1.0
2026-04-17 14:40:00+00:00,0.9408903005350305,0.9691303563646688,1.0
2026-04-17 14:45:00+00:00,0.9408903005350305,0.9741747050305783,1.0
2026-04-17 14:50:00+00:00,0.9408903005350305,0.9756902054476037,1.0
2026-04-17 14:55:00+00:00,0.9408903005350305,0.9844893084776092,1.0
2026-04-17 15:00:00+00:00,0.9408903005350305,0.9804056657933298,1.0
2026-04-17 15:05:00+00:00,0.9408903005350305,0.9718394646151866,1.0
2026-04-17 15:10:00+00:00,0.9408903005350305,0.9688734710209972,1.0
2026-04-17 15:15:00+00:00,0.9408903005350305,0.9736599700885192,1.0
2026-04-17 15:20:00+00:00,0.9408903005350305,0.971799777304198,1.0
2026-04-17 15:25:00+00:00,0.9408903005350305,0.972892309231361,1.0
2026-04-17 15:30:00+00:00,0.9408903005350305,0.970863894756966,1.0
2026-04-17 15:35:00+00:00,0.9408903005350305,0.9702534581397813,1.0
2026-04-17 15:40:00+00:00,0.9408903005350305,0.9672881653084149,1.0
2026-04-17 15:45:00+00:00,0.9408903005350305,0.9626159571630825,1.0
2026-04-17 15:50:00+00:00,0.9408903005350305,0.9619421259930683,1.0
2026-04-17 15:55:00+00:00,0.9408903005350305,0.9619421259930683,1.0
2026-04-17 16:00:00+00:00,0.9408903005350305,0.9619421259930683,1.0
2026-04-17 16:05:00+00:00,0.9408903005350305,0.9619421259930683,1.0
2026-04-17 16:10:00+00:00,0.9408903005350305,0.9619421259930683,1.0
2026-04-17 16:15:00+00:00,0.9408903005350305,0.9619421259930683,1.0
2026-04-17 16:20:00+00:00,0.9408903005350305,0.9619421259930683,1.0
2026-04-17 16:25:00+00:00,0.9408903005350305,0.9619421259930683,1.0
2026-04-17 16:30:00+00:00,0.9408903005350305,0.9619421259930683,1.0
2026-04-17 16:35:00+00:00,0.9408903005350305,0.9619421259930683,1.0
2026-04-17 16:40:00+00:00,0.9465601448201406,0.9619421259930683,1.0
2026-04-17 16:45:00+00:00,0.9428543059317411,0.9619421259930683,1.0
2026-04-17 16:50:00+00:00,0.9475051307563783,0.9619421259930683,1.0
2026-04-17 16:55:00+00:00,0.9483494123417234,0.9619421259930683,1.0
2026-04-17 17:00:00+00:00,0.949699813543537,0.9619421259930683,1.0
2026-04-17 17:05:00+00:00,0.9457581444400235,0.9619421259930683,1.0
2026-04-17 17:10:00+00:00,0.946476294980287,0.9619421259930683,1.0
2026-04-17 17:15:00+00:00,0.9471516079404603,0.9619421259930683,1.0
2026-04-17 17:20:00+00:00,0.9471150047475768,0.9619421259930683,1.0
2026-04-17 17:25:00+00:00,0.951883921854903,0.9619421259930683,1.0
2026-04-17 17:30:00+00:00,0.9505236659859826,0.9619421259930683,1.0
2026-04-17 17:35:00+00:00,0.947021677308003,0.9619421259930683,1.0
2026-04-17 17:40:00+00:00,0.9445761834521277,0.9619421259930683,1.0
2026-04-17 17:45:00+00:00,0.9394368761547767,0.9619421259930683,1.0
2026-04-17 17:50:00+00:00,0.9399666553781051,0.9619421259930683,1.0
2026-04-17 17:55:00+00:00,0.9450521153920877,0.9619421259930683,1.0
2026-04-17 18:00:00+00:00,0.9399032405066352,0.9619421259930683,1.0
2026-04-17 18:05:00+00:00,0.9364221353635287,0.9619421259930683,1.0
2026-04-17 18:10:00+00:00,0.9357666398687742,0.9619421259930683,1.0
2026-04-17 18:15:00+00:00,0.9357666398687742,0.9619421259930683,1.0
2026-04-17 18:20:00+00:00,0.9357666398687742,0.9619421259930683,1.0
2026-04-17 18:25:00+00:00,0.9357666398687742,0.9619421259930683,1.0
2026-04-17 18:30:00+00:00,0.9357666398687742,0.9619421259930683,1.0
2026-04-17 18:35:00+00:00,0.9357666398687742,0.9619421259930683,1.0
2026-04-17 18:40:00+00:00,0.9357666398687742,0.9554342544059891,1.0
2026-04-17 18:45:00+00:00,0.9357666398687742,0.9585810205769093,1.0
2026-04-17 18:50:00+00:00,0.9357666398687742,0.9596276472250995,1.0
2026-04-17 18:55:00+00:00,0.9357666398687742,0.9541009890912019,1.0
2026-04-17 19:00:00+00:00,0.9357666398687742,0.9522214386301212,1.0
2026-04-17 19:05:00+00:00,0.9357666398687742,0.9478137599459607,1.0
2026-04-17 19:10:00+00:00,0.9357666398687742,0.9471502903139986,1.0
2026-04-17 19:15:00+00:00,0.9357666398687742,0.9471502903139986,1.0
2026-04-17 19:20:00+00:00,0.9357666398687742,0.9471502903139986,1.0
2026-04-17 19:25:00+00:00,0.9357666398687742,0.9471502903139986,1.0
2026-04-17 19:30:00+00:00,0.9357666398687742,0.9471502903139986,1.0
2026-04-17 19:35:00+00:00,0.9357666398687742,0.9471502903139986,1.0
2026-04-17 19:40:00+00:00,0.9357666398687742,0.9471502903139986,1.0
2026-04-17 19:45:00+00:00,0.9357666398687742,0.9449710225775795,1.0
2026-04-17 19:50:00+00:00,0.9357666398687742,0.9498852835983318,1.0
2026-04-17 19:55:00+00:00,0.9357666398687742,0.9493702435625628,1.0
2026-04-20 13:30:00+00:00,0.9357666398687742,0.9453512715678455,1.0
2026-04-20 13:35:00+00:00,0.9357666398687742,0.9369806756554641,1.0
2026-04-20 13:40:00+00:00,0.9357666398687742,0.9360094403401952,1.0
2026-04-20 13:45:00+00:00,0.9357666398687742,0.933540523505032,1.0
2026-04-20 13:50:00+00:00,0.9357666398687742,0.9328870451385785,1.0
2026-04-20 13:55:00+00:00,0.9357666398687742,0.9328870451385785,1.0
2026-04-20 14:00:00+00:00,0.9357666398687742,0.9328870451385785,1.0
2026-04-20 14:05:00+00:00,0.9357666398687742,0.9328870451385785,1.0
2026-04-20 14:10:00+00:00,0.9357666398687742,0.9328870451385785,1.0
2026-04-20 14:15:00+00:00,0.9357666398687742,0.9328870451385785,1.0
2026-04-20 14:20:00+00:00,0.9357666398687742,0.9328870451385785,1.0
2026-04-20 14:25:00+00:00,0.9357666398687742,0.9328870451385785,1.0
2026-04-20 14:30:00+00:00,0.9357666398687742,0.9328870451385785,1.0
2026-04-20 14:35:00+00:00,0.9357666398687742,0.9328870451385785,1.0
2026-04-20 14:40:00+00:00,0.9357666398687742,0.9328870451385785,1.0
2026-04-20 14:45:00+00:00,0.9357666398687742,0.9328870451385785,1.0
2026-04-20 14:50:00+00:00,0.9357666398687742,0.9328870451385785,1.0
2026-04-20 14:55:00+00:00,0.9357666398687742,0.9328870451385785,1.0
2026-04-20 15:00:00+00:00,0.9357666398687742,0.9328870451385785,1.0
2026-04-20 15:05:00+00:00,0.9357666398687742,0.9328870451385785,1.0
2026-04-20 15:10:00+00:00,0.9357666398687742,0.9328870451385785,1.0
2026-04-20 15:15:00+00:00,0.9357666398687742,0.9328870451385785,1.0
2026-04-20 15:20:00+00:00,0.9357666398687742,0.9316649519840069,1.0
2026-04-20 15:25:00+00:00,0.9357666398687742,0.9279646753397861,1.0
2026-04-20 15:30:00+00:00,0.9357666398687742,0.9284002714569481,1.0
2026-04-20 15:35:00+00:00,0.9357666398687742,0.9236391896031734,1.0
2026-04-20 15:40:00+00:00,0.9357666398687742,0.9229926421704511,1.0
2026-04-20 15:45:00+00:00,0.9357666398687742,0.9229926421704511,1.0
2026-04-20 15:50:00+00:00,0.9357666398687742,0.9229926421704511,1.0
2026-04-20 15:55:00+00:00,0.9357666398687742,0.9229926421704511,1.0
2026-04-20 16:00:00+00:00,0.9357666398687742,0.9229926421704511,1.0
2026-04-20 16:05:00+00:00,0.9357666398687742,0.9229926421704511,1.0
2026-04-20 16:10:00+00:00,0.9357666398687742,0.9229926421704511,1.0
2026-04-20 16:15:00+00:00,0.9357666398687742,0.9229926421704511,1.0
2026-04-20 16:20:00+00:00,0.9357666398687742,0.9229926421704511,1.0
2026-04-20 16:25:00+00:00,0.9357666398687742,0.9211330147511589,1.0
2026-04-20 16:30:00+00:00,0.9357666398687742,0.9253158221334205,1.0
2026-04-20 16:35:00+00:00,0.9357666398687742,0.9267696991240406,1.0
2026-04-20 16:40:00+00:00,0.9357666398687742,0.9235745811273077,1.0
2026-04-20 16:45:00+00:00,0.9357666398687742,0.9219080600064492,1.0
2026-04-20 16:50:00+00:00,0.9357666398687742,0.9203074430204561,1.0
2026-04-20 16:55:00+00:00,0.9357666398687742,0.9196914784871908,1.0
2026-04-20 17:00:00+00:00,0.9357666398687742,0.9127749905424496,1.0
2026-04-20 17:05:00+00:00,0.9357666398687742,0.9121360480490699,1.0
2026-04-20 17:10:00+00:00,0.9316346336084361,0.9121360480490699,1.0
2026-04-20 17:15:00+00:00,0.9309824893649102,0.9121360480490699,1.0
2026-04-20 17:20:00+00:00,0.9309824893649102,0.9121360480490699,1.0
2026-04-20 17:25:00+00:00,0.9309824893649102,0.9121360480490699,1.0
2026-04-20 17:30:00+00:00,0.9309824893649102,0.9121360480490699,1.0
2026-04-20 17:35:00+00:00,0.9309824893649102,0.9121360480490699,1.0
2026-04-20 17:40:00+00:00,0.9309824893649102,0.9121360480490699,1.0
2026-04-20 17:45:00+00:00,0.9309824893649102,0.9121360480490699,1.0
2026-04-20 17:50:00+00:00,0.9309824893649102,0.9121360480490699,1.0
2026-04-20 17:55:00+00:00,0.9309824893649102,0.9121360480490699,1.0
2026-04-20 18:00:00+00:00,0.9309824893649102,0.9121360480490699,1.0
2026-04-20 18:05:00+00:00,0.9309824893649102,0.9121360480490699,1.0
2026-04-20 18:10:00+00:00,0.9309824893649102,0.9121360480490699,1.0
2026-04-20 18:15:00+00:00,0.9345623186514802,0.9121360480490699,1.0
2026-04-20 18:20:00+00:00,0.9293172489010976,0.9121360480490699,1.0
2026-04-20 18:25:00+00:00,0.9286667268268668,0.9121360480490699,1.0
2026-04-20 18:30:00+00:00,0.9286667268268668,0.9121360480490699,1.0
2026-04-20 18:35:00+00:00,0.9286667268268668,0.9121360480490699,1.0
2026-04-20 18:40:00+00:00,0.9286667268268668,0.9121360480490699,1.0
2026-04-20 18:45:00+00:00,0.9286667268268668,0.9121360480490699,1.0
2026-04-20 18:50:00+00:00,0.9286667268268668,0.9121360480490699,1.0
2026-04-20 18:55:00+00:00,0.9286667268268668,0.9081489487647602,1.0
2026-04-20 19:00:00+00:00,0.9286667268268668,0.9132046955704867,1.0
2026-04-20 19:05:00+00:00,0.9286667268268668,0.9152691397941307,1.0
2026-04-20 19:10:00+00:00,0.9286667268268668,0.913905616384131,1.0
2026-04-20 19:15:00+00:00,0.9286667268268668,0.9137211161473805,1.0
2026-04-20 19:20:00+00:00,0.9286667268268668,0.9113650877451241,1.0
2026-04-20 19:25:00+00:00,0.9286667268268668,0.9164879329169247,1.0
2026-04-20 19:30:00+00:00,0.9286667268268668,0.9120297163839955,1.0
2026-04-20 19:35:00+00:00,0.9286667268268668,0.90779760180956,1.0
2026-04-20 19:40:00+00:00,0.9286667268268668,0.9130367456505047,1.0
2026-04-20 19:45:00+00:00,0.9286667268268668,0.9106958426751555,1.0
2026-04-20 19:50:00+00:00,0.9286667268268668,0.9057948339194293,1.0
2026-04-20 19:55:00+00:00,0.9286667268268668,0.9051607775356857,1.0
2026-04-21 13:30:00+00:00,0.9286667268268668,0.9051607775356857,1.0
2026-04-21 13:35:00+00:00,0.9286667268268668,0.9051607775356857,1.0
2026-04-21 13:40:00+00:00,0.9286667268268668,0.9051607775356857,1.0
2026-04-21 13:45:00+00:00,0.9286667268268668,0.9008838365740869,1.0
2026-04-21 13:50:00+00:00,0.9286667268268668,0.9002428459857541,1.0
2026-04-21 13:55:00+00:00,0.9286667268268668,0.8974561317503903,1.0
2026-04-21 14:00:00+00:00,0.9286667268268668,0.8993320483640286,1.0
2026-04-21 14:05:00+00:00,0.9286667268268668,0.8974653439218548,1.0
2026-04-21 14:10:00+00:00,0.9286667268268668,0.8962280724085547,1.0
2026-04-21 14:15:00+00:00,0.9286667268268668,0.8945002090632475,1.0
2026-04-21 14:20:00+00:00,0.9286667268268668,0.8938740589169032,1.0
2026-04-21 14:25:00+00:00,0.9286667268268668,0.8938740589169032,1.0
2026-04-21 14:30:00+00:00,0.9286667268268668,0.8938740589169032,1.0
2026-04-21 14:35:00+00:00,0.9286667268268668,0.8938740589169032,1.0
2026-04-21 14:40:00+00:00,0.9286667268268668,0.8938740589169032,1.0
2026-04-21 14:45:00+00:00,0.9286667268268668,0.8963796613406227,1.0
2026-04-21 14:50:00+00:00,0.9286667268268668,0.8980687958854477,1.0
2026-04-21 14:55:00+00:00,0.9286667268268668,0.8945976996197685,1.0
2026-04-21 15:00:00+00:00,0.9286667268268668,0.890568049577067,1.0
2026-04-21 15:05:00+00:00,0.9286667268268668,0.8849196708536003,1.0
2026-04-21 15:10:00+00:00,0.9286667268268668,0.8883518729525696,1.0
2026-04-21 15:15:00+00:00,0.9286667268268668,0.8956135709841925,1.0
2026-04-21 15:20:00+00:00,0.9286667268268668,0.8937954180364874,1.0
2026-04-21 15:25:00+00:00,0.9286667268268668,0.8933523051764669,1.0
2026-04-21 15:30:00+00:00,0.9286667268268668,0.8945631120392737,1.0
2026-04-21 15:35:00+00:00,0.9286667268268668,0.8964165294333957,1.0
2026-04-21 15:40:00+00:00,0.9286667268268668,0.9096714854918718,1.0
2026-04-21 15:45:00+00:00,0.9286667268268668,0.9127456554929617,1.0
2026-04-21 15:50:00+00:00,0.9286667268268668,0.9115438453333714,1.0
2026-04-21 15:55:00+00:00,0.9286667268268668,0.9225677932731065,1.0
2026-04-21 16:00:00+00:00,0.9286667268268668,0.9225460911984644,1.0
2026-04-21 16:05:00+00:00,0.9286667268268668,0.9258201696813698,1.0
2026-04-21 16:10:00+00:00,0.9286667268268668,0.9300510269298933,1.0
2026-04-21 16:15:00+00:00,0.9286667268268668,0.9241196910578242,1.0
2026-04-21 16:20:00+00:00,0.9286667268268668,0.9259581117435852,1.0
2026-04-21 16:25:00+00:00,0.9286667268268668,0.9245234674271894,1.0
2026-04-21 16:30:00+00:00,0.9286667268268668,0.9208186889987656,1.0
2026-04-21 16:35:00+00:00,0.9286667268268668,0.9251945742670461,1.0
2026-04-21 16:40:00+00:00,0.9286667268268668,0.9216759978093405,1.0
2026-04-21 16:45:00+00:00,0.9286667268268668,0.922170206000856,1.0
2026-04-21 16:50:00+00:00,0.9286667268268668,0.916935127781891,1.0
2026-04-21 16:55:00+00:00,0.9286667268268668,0.9155002438204094,1.0
2026-04-21 17:00:00+00:00,0.9286667268268668,0.9149478902937515,1.0
2026-04-21 17:05:00+00:00,0.9286667268268668,0.9152970755112974,1.0
2026-04-21 17:10:00+00:00,0.9286667268268668,0.9176806984543149,1.0
2026-04-21 17:15:00+00:00,0.9286667268268668,0.9141470410461832,1.0
2026-04-21 17:20:00+00:00,0.9286667268268668,0.9171110534186753,1.0
2026-04-21 17:25:00+00:00,0.9286667268268668,0.9179401132599987,1.0
2026-04-21 17:30:00+00:00,0.9286667268268668,0.9158717887689716,1.0
2026-04-21 17:35:00+00:00,0.9286667268268668,0.9134229597048428,1.0
2026-04-21 17:40:00+00:00,0.9286667268268668,0.9127835636330494,1.0
2026-04-21 17:45:00+00:00,0.9286667268268668,0.9127835636330494,1.0
2026-04-21 17:50:00+00:00,0.9286667268268668,0.9127835636330494,1.0
2026-04-21 17:55:00+00:00,0.9286667268268668,0.9127835636330494,1.0
2026-04-21 18:00:00+00:00,0.9286667268268668,0.9127835636330494,1.0
2026-04-21 18:05:00+00:00,0.9286667268268668,0.9127835636330494,1.0
2026-04-21 18:10:00+00:00,0.9286667268268668,0.9075052673598304,1.0
2026-04-21 18:15:00+00:00,0.9286667268268668,0.9102548496975691,1.0
2026-04-21 18:20:00+00:00,0.9286667268268668,0.9137872044331556,1.0
2026-04-21 18:25:00+00:00,0.9286667268268668,0.9166488847514084,1.0
2026-04-21 18:30:00+00:00,0.9286667268268668,0.9181043385026226,1.0
2026-04-21 18:35:00+00:00,0.9286667268268668,0.9208682503835347,1.0
2026-04-21 18:40:00+00:00,0.9286667268268668,0.9158997847455538,1.0
2026-04-21 18:45:00+00:00,0.9286667268268668,0.9130424720577595,1.0
2026-04-21 18:50:00+00:00,0.9286667268268668,0.9159233674655376,1.0
2026-04-21 18:55:00+00:00,0.9286667268268668,0.9164692512650766,1.0
2026-04-21 19:00:00+00:00,0.9286667268268668,0.922816962653646,1.0
2026-04-21 19:05:00+00:00,0.9286667268268668,0.9243155373965538,1.0
2026-04-21 19:10:00+00:00,0.9286667268268668,0.9230690228045159,1.0
2026-04-21 19:15:00+00:00,0.9286667268268668,0.9259285139325198,1.0
2026-04-21 19:20:00+00:00,0.9286667268268668,0.9225743507934825,1.0
2026-04-21 19:25:00+00:00,0.9286667268268668,0.9244197171929083,1.0
2026-04-21 19:30:00+00:00,0.9286667268268668,0.9201225274192564,1.0
2026-04-21 19:35:00+00:00,0.9286667268268668,0.915482453703917,1.0
2026-04-21 19:40:00+00:00,0.9286667268268668,0.9148416159863242,1.0
2026-04-21 19:45:00+00:00,0.9286667268268668,0.9148416159863242,1.0
2026-04-21 19:50:00+00:00,0.9286667268268668,0.9148416159863242,1.0
2026-04-21 19:55:00+00:00,0.9286667268268668,0.9160766969094215,1.0
2026-04-22 13:30:00+00:00,0.9286667268268668,0.9113468459479726,1.0
2026-04-22 13:35:00+00:00,0.9286667268268668,0.9116485107459074,1.0
2026-04-22 13:40:00+00:00,0.9286667268268668,0.9092909267813144,1.0
2026-04-22 13:45:00+00:00,0.9286667268268668,0.9089918540729265,1.0
2026-04-22 13:50:00+00:00,0.9286667268268668,0.9057430273888952,1.0
2026-04-22 13:55:00+00:00,0.9286667268268668,0.905109007269723,1.0
2026-04-22 14:00:00+00:00,0.9286667268268668,0.905109007269723,1.0
2026-04-22 14:05:00+00:00,0.9286667268268668,0.905109007269723,1.0
2026-04-22 14:10:00+00:00,0.9286667268268668,0.905109007269723,1.0
2026-04-22 14:15:00+00:00,0.9286667268268668,0.905109007269723,1.0
2026-04-22 14:20:00+00:00,0.9286667268268668,0.905109007269723,1.0
2026-04-22 14:25:00+00:00,0.9286667268268668,0.905109007269723,1.0
2026-04-22 14:30:00+00:00,0.9286667268268668,0.905109007269723,1.0
2026-04-22 14:35:00+00:00,0.9286667268268668,0.905109007269723,1.0
2026-04-22 14:40:00+00:00,0.9286667268268668,0.905109007269723,1.0
2026-04-22 14:45:00+00:00,0.9286667268268668,0.905109007269723,1.0
2026-04-22 14:50:00+00:00,0.9286667268268668,0.905109007269723,1.0
2026-04-22 14:55:00+00:00,0.9286667268268668,0.905109007269723,1.0
2026-04-22 15:00:00+00:00,0.9286667268268668,0.905109007269723,1.0
2026-04-22 15:05:00+00:00,0.9286667268268668,0.905109007269723,1.0
2026-04-22 15:10:00+00:00,0.9286667268268668,0.905109007269723,1.0
2026-04-22 15:15:00+00:00,0.9286667268268668,0.905109007269723,1.0
2026-04-22 15:20:00+00:00,0.9286667268268668,0.905109007269723,1.0
2026-04-22 15:25:00+00:00,0.9286667268268668,0.905109007269723,1.0
2026-04-22 15:30:00+00:00,0.9286667268268668,0.905109007269723,1.0
2026-04-22 15:35:00+00:00,0.9286667268268668,0.905109007269723,1.0
2026-04-22 15:40:00+00:00,0.9286667268268668,0.905109007269723,1.0
2026-04-22 15:45:00+00:00,0.9286667268268668,0.905109007269723,1.0
2026-04-22 15:50:00+00:00,0.9286667268268668,0.905109007269723,1.0
2026-04-22 15:55:00+00:00,0.9240634024840871,0.905109007269723,1.0
2026-04-22 16:00:00+00:00,0.9234165581023482,0.905109007269723,1.0
2026-04-22 16:05:00+00:00,0.9234165581023482,0.905109007269723,1.0
2026-04-22 16:10:00+00:00,0.9234165581023482,0.905109007269723,1.0
2026-04-22 16:15:00+00:00,0.9234165581023482,0.905109007269723,1.0
2026-04-22 16:20:00+00:00,0.9234165581023482,0.905109007269723,1.0
2026-04-22 16:25:00+00:00,0.9234165581023482,0.905109007269723,1.0
2026-04-22 16:30:00+00:00,0.9234165581023482,0.905109007269723,1.0
2026-04-22 16:35:00+00:00,0.9234165581023482,0.905109007269723,1.0
2026-04-22 16:40:00+00:00,0.9234165581023482,0.905109007269723,1.0
2026-04-22 16:45:00+00:00,0.9234165581023482,0.905109007269723,1.0
2026-04-22 16:50:00+00:00,0.9234165581023482,0.905109007269723,1.0
2026-04-22 16:55:00+00:00,0.9234165581023482,0.905109007269723,1.0
2026-04-22 17:00:00+00:00,0.9234165581023482,0.905109007269723,1.0
2026-04-22 17:05:00+00:00,0.9234165581023482,0.905109007269723,1.0
2026-04-22 17:10:00+00:00,0.9234165581023482,0.905109007269723,1.0
2026-04-22 17:15:00+00:00,0.9234165581023482,0.905109007269723,1.0
2026-04-22 17:20:00+00:00,0.9239382201213456,0.905109007269723,1.0
2026-04-22 17:25:00+00:00,0.9210855613169106,0.905109007269723,1.0
2026-04-22 17:30:00+00:00,0.9204408014239887,0.905109007269723,1.0
2026-04-22 17:35:00+00:00,0.9204408014239887,0.905109007269723,1.0
2026-04-22 17:40:00+00:00,0.912633101858005,0.905109007269723,1.0
2026-04-22 17:45:00+00:00,0.9119942586867044,0.905109007269723,1.0
2026-04-22 17:50:00+00:00,0.9119942586867044,0.905109007269723,1.0
2026-04-22 17:55:00+00:00,0.9114365894827575,0.905109007269723,1.0
2026-04-22 18:00:00+00:00,0.9181686324544394,0.905109007269723,1.0
2026-04-22 18:05:00+00:00,0.9146798632762346,0.9010362844986556,1.0
2026-04-22 18:10:00+00:00,0.9124829232005666,0.8988721144950045,1.0
2026-04-22 18:15:00+00:00,0.9159787667946292,0.9023158132683657,1.0
2026-04-22 18:20:00+00:00,0.9144523147806527,0.9008121301696557,1.0
2026-04-22 18:25:00+00:00,0.9114334361107791,0.8978382818001156,1.0
2026-04-22 18:30:00+00:00,0.9118813251871521,0.8982794900582675,1.0
2026-04-22 18:35:00+00:00,0.9010317346040635,0.8875917345059563,1.0
2026-04-22 18:40:00+00:00,0.9004010123898406,0.8869704202918021,1.0
2026-04-22 18:45:00+00:00,0.9004010123898406,0.8869704202918021,1.0
2026-04-22 18:50:00+00:00,0.9004010123898406,0.8869704202918021,1.0
2026-04-22 18:55:00+00:00,0.9004010123898406,0.8869704202918021,1.0
2026-04-22 19:00:00+00:00,0.9004010123898406,0.8844278504852565,1.0
2026-04-22 19:05:00+00:00,0.9004010123898406,0.8807000192781872,1.0
2026-04-22 19:10:00+00:00,0.9004010123898406,0.8834344578168704,1.0
2026-04-22 19:15:00+00:00,0.9004010123898406,0.8815408858142036,1.0
2026-04-22 19:20:00+00:00,0.9004010123898406,0.8812078350887628,1.0
2026-04-22 19:25:00+00:00,0.9004010123898406,0.8792207365406678,1.0
2026-04-22 19:30:00+00:00,0.9004010123898406,0.8801724774317942,1.0
2026-04-22 19:35:00+00:00,0.9004010123898406,0.880146905570248,1.0
2026-04-22 19:40:00+00:00,0.9004010123898406,0.8820939626963934,1.0
2026-04-22 19:45:00+00:00,0.9004010123898406,0.8865410358454711,1.0
2026-04-22 19:50:00+00:00,0.9004010123898406,0.8875092498328901,1.0
2026-04-22 19:55:00+00:00,0.9004010123898406,0.887051035901838,1.0
2026-04-23 13:30:00+00:00,0.9004010123898406,0.8878321777633257,1.0
2026-04-23 13:35:00+00:00,0.9004010123898406,0.8909027208344965,1.0
2026-04-23 13:40:00+00:00,0.9004010123898406,0.8905270464741828,1.0
2026-04-23 13:45:00+00:00,0.9004010123898406,0.8887009934081581,1.0
2026-04-23 13:50:00+00:00,0.9004010123898406,0.8926153323531193,1.0
2026-04-23 13:55:00+00:00,0.9014066018474663,0.8942370573090936,1.0
2026-04-23 14:00:00+00:00,0.9026139067730262,0.8954347596575064,1.0
2026-04-23 14:05:00+00:00,0.8995358894315437,0.8923812240342346,1.0
2026-04-23 14:10:00+00:00,0.9047365755471036,0.8975405452977298,1.0
2026-04-23 14:15:00+00:00,0.9064790607620511,0.8992691712561215,1.0
2026-04-23 14:20:00+00:00,0.907060453913512,0.8998459401635563,1.0
2026-04-23 14:25:00+00:00,0.9108255521407405,0.903581091816868,1.0
2026-04-23 14:30:00+00:00,0.9104806500226247,0.9032389329570023,1.0
2026-04-23 14:35:00+00:00,0.9165671498709982,0.9092770224302396,1.0
2026-04-23 14:40:00+00:00,0.9160960535901606,0.908809673121923,1.0
2026-04-23 14:45:00+00:00,0.9152785042978745,0.9079986263957944,1.0
2026-04-23 14:50:00+00:00,0.9155569910763701,0.908274898165705,1.0
2026-04-23 14:55:00+00:00,0.9188529617849865,0.9115446536139226,1.0
2026-04-23 15:00:00+00:00,0.9194115103891218,0.9120987596733883,1.0
2026-04-23 15:05:00+00:00,0.9176051675454289,0.9103067839925748,1.0
2026-04-23 15:10:00+00:00,0.9127747888793595,0.9055148248531792,1.0
2026-04-23 15:15:00+00:00,0.9083789567833319,0.9011539560178279,1.0
2026-04-23 15:20:00+00:00,0.9091568264578426,0.9019256387271388,1.0
2026-04-23 15:25:00+00:00,0.9121748892723532,0.9049196966855458,1.0
2026-04-23 15:30:00+00:00,0.9094619566005099,0.9022283419471018,1.0
2026-04-23 15:35:00+00:00,0.9188522335647694,0.9115439311857724,1.0
2026-04-23 15:40:00+00:00,0.9263505071832202,0.9189825655620009,1.0
2026-04-23 15:45:00+00:00,0.9266650897511887,0.9192946460252284,1.0
2026-04-23 15:50:00+00:00,0.9251884412741891,0.9178297424112037,1.0
2026-04-23 15:55:00+00:00,0.9187614886010116,0.9114539079829358,1.0
2026-04-23 16:00:00+00:00,0.9191382285152165,0.9118276514096636,1.0
2026-04-23 16:05:00+00:00,0.9166535542036854,0.9093627395262125,1.0
2026-04-23 16:10:00+00:00,0.9187875242511985,0.9114797365525963,1.0
2026-04-23 16:15:00+00:00,0.9245596329837921,0.9172059354920357,1.0
2026-04-23 16:20:00+00:00,0.9239371117117622,0.9165883655859896,1.0
2026-04-23 16:25:00+00:00,0.9268106718510771,0.9194390702044327,1.0
2026-04-23 16:30:00+00:00,0.925323444942812,0.9179636722971264,1.0
2026-04-23 16:35:00+00:00,0.9247018445594644,0.9173470159552627,1.0
2026-04-23 16:40:00+00:00,0.9311623549605864,0.9237561412023749,1.0
2026-04-23 16:45:00+00:00,0.9310027380197239,0.9235977938115293,1.0
2026-04-23 16:50:00+00:00,0.925451334532685,0.9180905446877592,1.0
2026-04-23 16:55:00+00:00,0.9262213243237097,0.9188544101880481,1.0
2026-04-23 17:00:00+00:00,0.9273096453197222,0.9199340749729379,1.0
2026-04-23 17:05:00+00:00,0.9253158996576437,0.9179561870251175,1.0
2026-04-23 17:10:00+00:00,0.9244623925126185,0.9171094684452942,1.0
2026-04-23 17:15:00+00:00,0.9272901780031904,0.9199147624941814,1.0
2026-04-23 17:20:00+00:00,0.9285732602320446,0.9211876394336941,1.0
2026-04-23 17:25:00+00:00,0.9284141148271776,0.9210297598283741,1.0
2026-04-23 17:30:00+00:00,0.9292868534008982,0.9218955568753056,1.0
2026-04-23 17:35:00+00:00,0.926696244144614,0.9193255526250268,1.0
2026-04-23 17:40:00+00:00,0.9254158933047923,0.9180553853498162,1.0
2026-04-23 17:45:00+00:00,0.9229905673549542,0.9156493497872259,1.0
2026-04-23 17:50:00+00:00,0.9265753845938507,0.9150083952423748,1.0
2026-04-23 17:55:00+00:00,0.9300282064909229,0.9150083952423748,1.0
2026-04-23 18:00:00+00:00,0.9263559399160806,0.9150083952423748,1.0
2026-04-23 18:05:00+00:00,0.9212606585961584,0.9150083952423748,1.0
2026-04-23 18:10:00+00:00,0.9204110611595872,0.9150083952423748,1.0
2026-04-23 18:15:00+00:00,0.9186253207958882,0.9161431477186949,1.0
2026-04-23 18:20:00+00:00,0.9216294745635922,0.9131471113296796,1.0
2026-04-23 18:25:00+00:00,0.9217961787277521,0.9129819414537691,1.0
2026-04-23 18:30:00+00:00,0.9162348366798949,0.9184901058149502,1.0
2026-04-23 18:35:00+00:00,0.9155168121298327,0.9192098977488108,1.0
2026-04-23 18:40:00+00:00,0.9148759503613418,0.9149241348359722,1.0
2026-04-23 18:45:00+00:00,0.9148759503613418,0.909217022191068,1.0
2026-04-23 18:50:00+00:00,0.9148759503613418,0.9085805702755343,1.0
2026-04-23 18:55:00+00:00,0.9148759503613418,0.9085805702755343,1.0
2026-04-23 19:00:00+00:00,0.9148759503613418,0.9085805702755343,1.0
2026-04-23 19:05:00+00:00,0.9148759503613418,0.9085805702755343,1.0
2026-04-23 19:10:00+00:00,0.9148759503613418,0.9085805702755343,1.0
2026-04-23 19:15:00+00:00,0.9148759503613418,0.9085805702755343,1.0
2026-04-23 19:20:00+00:00,0.9148759503613418,0.9085805702755343,1.0
2026-04-23 19:25:00+00:00,0.9148759503613418,0.9088404448793517,1.0
2026-04-23 19:30:00+00:00,0.9148759503613418,0.9095688063317803,1.0
2026-04-23 19:35:00+00:00,0.9148759503613418,0.9089125973535453,1.0
2026-04-23 19:40:00+00:00,0.9148759503613418,0.9092057001906472,1.0
2026-04-23 19:45:00+00:00,0.9148759503613418,0.9056865584657482,1.0
2026-04-23 19:50:00+00:00,0.9148759503613418,0.9098692060127285,1.0
2026-04-23 19:55:00+00:00,0.9148759503613418,0.9128042577503173,1.0
2026-04-24 13:30:00+00:00,0.9148759503613418,0.9078645179747595,1.0
2026-04-24 13:35:00+00:00,0.9148759503613418,0.9087751301692795,1.0
2026-04-24 13:40:00+00:00,0.9148759503613418,0.9132494414407037,1.0
2026-04-24 13:45:00+00:00,0.9148759503613418,0.9143455821028063,1.0
2026-04-24 13:50:00+00:00,0.9148759503613418,0.9151961081018241,1.0
2026-04-24 13:55:00+00:00,0.9148759503613418,0.9114751966660063,1.0
2026-04-24 14:00:00+00:00,0.9148759503613418,0.9142618698893041,1.0
2026-04-24 14:05:00+00:00,0.9148759503613418,0.9107044233345032,1.0
2026-04-24 14:10:00+00:00,0.9148759503613418,0.9147178731185672,1.0
2026-04-24 14:15:00+00:00,0.9148759503613418,0.910842755571475,1.0
2026-04-24 14:20:00+00:00,0.9148759503613418,0.9123370937184102,1.0
2026-04-24 14:25:00+00:00,0.9148759503613418,0.9160204546516104,1.0
2026-04-24 14:30:00+00:00,0.9148759503613418,0.9128853569709557,1.0
2026-04-24 14:35:00+00:00,0.9148759503613418,0.9069883593383045,1.0
2026-04-24 14:40:00+00:00,0.9164106670823737,0.9063534674867676,1.0
2026-04-24 14:45:00+00:00,0.9175350044802827,0.9063534674867676,1.0
2026-04-24 14:50:00+00:00,0.9220864070906325,0.9063534674867676,1.0
2026-04-24 14:55:00+00:00,0.9210967414383059,0.9047462404059703,1.0
2026-04-24 15:00:00+00:00,0.9186442231912288,0.9023372571105728,1.0
2026-04-24 15:05:00+00:00,0.9243576099038339,0.9079492247961202,1.0
2026-04-24 15:10:00+00:00,0.9278466740468747,0.9113763541343721,1.0
2026-04-24 15:15:00+00:00,0.9289452121271493,0.9124553919306835,1.0
2026-04-24 15:20:00+00:00,0.9332422110166181,0.9166761142667595,1.0
2026-04-24 15:25:00+00:00,0.9382665493022335,0.9216112649083089,1.0
2026-04-24 15:30:00+00:00,0.9389856143620918,0.9223175657562506,1.0
2026-04-24 15:35:00+00:00,0.9404562581594516,0.9237621039755041,1.0
2026-04-24 15:40:00+00:00,0.9475255153259106,0.9307058738924723,1.0
2026-04-24 15:45:00+00:00,0.949498286933684,0.9326436265898985,1.0
2026-04-24 15:50:00+00:00,0.9503251784508565,0.9334558398545088,1.0
2026-04-24 15:55:00+00:00,0.9528723405767674,0.9359577869936592,1.0
2026-04-24 16:00:00+00:00,0.9536856686513155,0.9367566775819757,1.0
2026-04-24 16:05:00+00:00,0.9567802224322278,0.9397962995598393,1.0
2026-04-24 16:10:00+00:00,0.9542359659136568,0.9372972064502372,1.0
2026-04-24 16:15:00+00:00,0.9563857558455834,0.9394088351978712,1.0
2026-04-24 16:20:00+00:00,0.9497119824302833,0.9328535287515738,1.0
2026-04-24 16:25:00+00:00,0.9497432501013653,0.9328842413863981,1.0
2026-04-24 16:30:00+00:00,0.944319829478151,0.9275570925666864,1.0
2026-04-24 16:35:00+00:00,0.9450171477363765,0.9282420326431335,1.0
2026-04-24 16:40:00+00:00,0.9468443845843287,0.930036833986079,1.0
2026-04-24 16:45:00+00:00,0.9427060290260868,0.9259719388840335,1.0
2026-04-24 16:50:00+00:00,0.9416587820330481,0.9249432817005885,1.0
2026-04-24 16:55:00+00:00,0.9463357109932847,0.924295821403398,1.0
2026-04-24 17:00:00+00:00,0.9391802790811239,0.924295821403398,1.0
2026-04-24 17:05:00+00:00,0.9385435927586726,0.924295821403398,1.0
2026-04-24 17:10:00+00:00,0.9378128368850469,0.924295821403398,1.0
2026-04-24 17:15:00+00:00,0.9422060161760138,0.924295821403398,1.0
2026-04-24 17:20:00+00:00,0.9389178091272338,0.924295821403398,1.0
2026-04-24 17:25:00+00:00,0.94044825736917,0.924295821403398,1.0
2026-04-24 17:30:00+00:00,0.9378341701067617,0.924295821403398,1.0
2026-04-24 17:35:00+00:00,0.939423461871436,0.924295821403398,1.0
2026-04-24 17:40:00+00:00,0.9409863966196823,0.924295821403398,1.0
2026-04-24 17:45:00+00:00,0.9457024850902845,0.924295821403398,1.0
2026-04-24 17:50:00+00:00,0.9453052847411012,0.924295821403398,1.0
2026-04-24 17:55:00+00:00,0.9485725167600318,0.924295821403398,1.0
2026-04-24 18:00:00+00:00,0.9532306404358949,0.924295821403398,1.0
2026-04-24 18:05:00+00:00,0.9468559188500854,0.924295821403398,1.0
2026-04-24 18:10:00+00:00,0.9423782691693282,0.924295821403398,1.0
2026-04-24 18:15:00+00:00,0.9348112567842815,0.924295821403398,1.0
2026-04-24 18:20:00+00:00,0.9353837079974712,0.924295821403398,1.0
2026-04-24 18:25:00+00:00,0.9351422889785079,0.924295821403398,1.0
2026-04-24 18:30:00+00:00,0.9412037737262358,0.924295821403398,1.0
2026-04-24 18:35:00+00:00,0.9479739913003555,0.924295821403398,1.0
2026-04-24 18:40:00+00:00,0.9463199983534221,0.924295821403398,1.0
2026-04-24 18:45:00+00:00,0.943071330135749,0.924295821403398,1.0
2026-04-24 18:50:00+00:00,0.944151215367397,0.924295821403398,1.0
2026-04-24 18:55:00+00:00,0.9421976263490718,0.924295821403398,1.0
2026-04-24 19:00:00+00:00,0.9465915338323213,0.924295821403398,1.0
2026-04-24 19:05:00+00:00,0.945302754392619,0.924295821403398,1.0
2026-04-24 19:10:00+00:00,0.9405531452548659,0.924295821403398,1.0
2026-04-24 19:15:00+00:00,0.9394543249114419,0.924295821403398,1.0
2026-04-24 19:20:00+00:00,0.9331756061001338,0.924295821403398,1.0
2026-04-24 19:25:00+00:00,0.9325223831758637,0.924295821403398,1.0
2026-04-24 19:30:00+00:00,0.9325223831758637,0.924295821403398,1.0
2026-04-24 19:35:00+00:00,0.9325223831758637,0.924295821403398,1.0
2026-04-24 19:40:00+00:00,0.9325223831758637,0.924295821403398,1.0
2026-04-24 19:45:00+00:00,0.9325223831758637,0.924295821403398,1.0
2026-04-24 19:50:00+00:00,0.9325223831758637,0.924295821403398,1.0
2026-04-24 19:55:00+00:00,0.9325223831758637,0.924295821403398,1.0
2026-04-27 13:30:00+00:00,0.9325223831758637,0.924295821403398,1.0
2026-04-27 13:35:00+00:00,0.9325223831758637,0.924295821403398,1.0
2026-04-27 13:40:00+00:00,0.9325223831758637,0.924295821403398,1.0
2026-04-27 13:45:00+00:00,0.9325223831758637,0.924295821403398,1.0
2026-04-27 13:50:00+00:00,0.9325223831758637,0.924295821403398,1.0
2026-04-27 13:55:00+00:00,0.9325223831758637,0.924295821403398,1.0
2026-04-27 14:00:00+00:00,0.9325223831758637,0.924295821403398,1.0
2026-04-27 14:05:00+00:00,0.9325223831758637,0.924295821403398,1.0
2026-04-27 14:10:00+00:00,0.9325223831758637,0.924295821403398,1.0
2026-04-27 14:15:00+00:00,0.9325223831758637,0.924295821403398,1.0
2026-04-27 14:20:00+00:00,0.9325223831758637,0.924295821403398,1.0
2026-04-27 14:25:00+00:00,0.9325223831758637,0.9247898716890232,1.0
2026-04-27 14:30:00+00:00,0.9325223831758637,0.9193654391586447,1.0
2026-04-27 14:35:00+00:00,0.9325223831758637,0.9144730013846325,1.0
2026-04-27 14:40:00+00:00,0.9325223831758637,0.9138328702836632,1.0
2026-04-27 14:45:00+00:00,0.9325223831758637,0.9138328702836632,1.0
2026-04-27 14:50:00+00:00,0.9325223831758637,0.9138328702836632,1.0
2026-04-27 14:55:00+00:00,0.9325223831758637,0.9138328702836632,1.0
2026-04-27 15:00:00+00:00,0.9325223831758637,0.9138328702836632,1.0
2026-04-27 15:05:00+00:00,0.9325223831758637,0.9138328702836632,1.0
2026-04-27 15:10:00+00:00,0.9325223831758637,0.9138328702836632,1.0
2026-04-27 15:15:00+00:00,0.9325223831758637,0.9138328702836632,1.0
2026-04-27 15:20:00+00:00,0.9325223831758637,0.9203405581275018,1.0
2026-04-27 15:25:00+00:00,0.9325223831758637,0.9264737997086517,1.0
2026-04-27 15:30:00+00:00,0.9325223831758637,0.9287658667830759,1.0
2026-04-27 15:35:00+00:00,0.9325223831758637,0.9262379340112202,1.0
2026-04-27 15:40:00+00:00,0.9325223831758637,0.9277096902643508,1.0
2026-04-27 15:45:00+00:00,0.9325223831758637,0.9315497355006397,1.0
2026-04-27 15:50:00+00:00,0.9325223831758637,0.9265074640262532,1.0
2026-04-27 15:55:00+00:00,0.9325223831758637,0.9261797736852815,1.0
2026-04-27 16:00:00+00:00,0.9325223831758637,0.9209665713130267,1.0
2026-04-27 16:05:00+00:00,0.9325223831758637,0.9193962490082921,1.0
2026-04-27 16:10:00+00:00,0.9325223831758637,0.9151982413923947,1.0
2026-04-27 16:15:00+00:00,0.9325223831758637,0.91455760262342,1.0
2026-04-27 16:20:00+00:00,0.9325223831758637,0.91455760262342,1.0
2026-04-27 16:25:00+00:00,0.9325223831758637,0.91455760262342,1.0
2026-04-27 16:30:00+00:00,0.9325223831758637,0.91455760262342,1.0
2026-04-27 16:35:00+00:00,0.9325223831758637,0.91455760262342,1.0
2026-04-27 16:40:00+00:00,0.9325223831758637,0.91455760262342,1.0
2026-04-27 16:45:00+00:00,0.9344566492695061,0.91455760262342,1.0
2026-04-27 16:50:00+00:00,0.9290079363918822,0.91455760262342,1.0
2026-04-27 16:55:00+00:00,0.9305274750466122,0.91455760262342,1.0
2026-04-27 17:00:00+00:00,0.9344563542455814,0.91455760262342,1.0
2026-04-27 17:05:00+00:00,0.9336313269733748,0.91455760262342,1.0
2026-04-27 17:10:00+00:00,0.9261808997160274,0.91455760262342,1.0
2026-04-27 17:15:00+00:00,0.925532573086226,0.91455760262342,1.0
2026-04-27 17:20:00+00:00,0.9268139692611301,0.91455760262342,1.0
2026-04-27 17:25:00+00:00,0.9259084963094436,0.91455760262342,1.0
2026-04-27 17:30:00+00:00,0.9300272993527324,0.91455760262342,1.0
2026-04-27 17:35:00+00:00,0.926497041111335,0.91455760262342,1.0
2026-04-27 17:40:00+00:00,0.9261237235380693,0.91455760262342,1.0
2026-04-27 17:45:00+00:00,0.9270182559277607,0.91455760262342,1.0
2026-04-27 17:50:00+00:00,0.9341627220656041,0.91455760262342,1.0
2026-04-27 17:55:00+00:00,0.932868978646758,0.9126508204631365,1.0
2026-04-27 18:00:00+00:00,0.9308185549440144,0.9106448357885034,1.0
2026-04-27 18:05:00+00:00,0.9305313290022029,0.9103638349218728,1.0
2026-04-27 18:10:00+00:00,0.9338140826725219,0.9135754411593757,1.0
2026-04-27 18:15:00+00:00,0.9274491310582342,0.90734843774737,1.0
2026-04-27 18:20:00+00:00,0.9252521772937573,0.9067132938409468,1.0
2026-04-27 18:25:00+00:00,0.9274081666406871,0.9067132938409468,1.0
2026-04-27 18:30:00+00:00,0.9216737406803757,0.9067132938409468,1.0
2026-04-27 18:35:00+00:00,0.9210285690618993,0.9067132938409468,1.0
2026-04-27 18:40:00+00:00,0.9212047266843174,0.9067132938409468,1.0
2026-04-27 18:45:00+00:00,0.9228932377406405,0.9067132938409468,1.0
2026-04-27 18:50:00+00:00,0.9267865630713885,0.9067132938409468,1.0
2026-04-27 18:55:00+00:00,0.9338105121289515,0.9067132938409468,1.0
2026-04-27 19:00:00+00:00,0.9311394611490403,0.9034850518405086,1.0
2026-04-27 19:05:00+00:00,0.9347404253545082,0.9069790690823922,1.0
2026-04-27 19:10:00+00:00,0.9368958993811001,0.9090705265320133,1.0
2026-04-27 19:15:00+00:00,0.9356614076387143,0.9078726986207252,1.0
2026-04-27 19:20:00+00:00,0.9303222236486476,0.9026920859141186,1.0
2026-04-27 19:25:00+00:00,0.9275591161500584,0.9000110414242598,1.0
2026-04-27 19:30:00+00:00,0.928416153321809,0.9008426249902627,1.0
2026-04-27 19:35:00+00:00,0.9288934368620317,0.9013057334311277,1.0
2026-04-27 19:40:00+00:00,0.9362508863537703,0.9084446700918665,1.0
2026-04-27 19:45:00+00:00,0.9391866673322474,0.9112932597394996,1.0
2026-04-27 19:50:00+00:00,0.9393306155001392,0.9114329327136956,1.0
2026-04-27 19:55:00+00:00,0.9449491436239411,0.9168845931630727,1.0
2026-04-28 13:30:00+00:00,0.939230591863021,0.9113358797321203,1.0
2026-04-28 13:35:00+00:00,0.9385731304487169,0.9128925339968498,1.0
2026-04-28 13:40:00+00:00,0.9362265794044262,0.9112492124520912,1.0
2026-04-28 13:45:00+00:00,0.9355712207988431,0.9012386170530367,1.0
2026-04-28 13:50:00+00:00,0.9355712207988431,0.9006077500210995,1.0
2026-04-28 13:55:00+00:00,0.9355712207988431,0.9006077500210995,1.0
2026-04-28 14:00:00+00:00,0.9355712207988431,0.9006077500210995,1.0
2026-04-28 14:05:00+00:00,0.9355712207988431,0.9006077500210995,1.0
2026-04-28 14:10:00+00:00,0.9355712207988431,0.9006077500210995,1.0
2026-04-28 14:15:00+00:00,0.9355712207988431,0.9006077500210995,1.0
2026-04-28 14:20:00+00:00,0.9355712207988431,0.9006077500210995,1.0
2026-04-28 14:25:00+00:00,0.9355712207988431,0.9006077500210995,1.0
2026-04-28 14:30:00+00:00,0.9355712207988431,0.9006077500210995,1.0
2026-04-28 14:35:00+00:00,0.9355712207988431,0.9006077500210995,1.0
2026-04-28 14:40:00+00:00,0.9355712207988431,0.9006077500210995,1.0
2026-04-28 14:45:00+00:00,0.9355712207988431,0.9041187897951127,1.0
2026-04-28 14:50:00+00:00,0.9355712207988431,0.8972569702858316,1.0
2026-04-28 14:55:00+00:00,0.9355712207988431,0.8996593992158601,1.0
2026-04-28 15:00:00+00:00,0.9355712207988431,0.9018767383912931,1.0
2026-04-28 15:05:00+00:00,0.9355712207988431,0.9108129162224752,1.0
2026-04-28 15:10:00+00:00,0.9355712207988431,0.9114818961204925,1.0
2026-04-28 15:15:00+00:00,0.9355712207988431,0.912507000679731,1.0
2026-04-28 15:20:00+00:00,0.9355712207988431,0.9094031757123476,1.0
2026-04-28 15:25:00+00:00,0.9355712207988431,0.899043869666313,1.0
2026-04-28 15:30:00+00:00,0.9355712207988431,0.8981396066773061,1.0
2026-04-28 15:35:00+00:00,0.9355712207988431,0.897510908952632,1.0
2026-04-28 15:40:00+00:00,0.9355712207988431,0.897510908952632,1.0
2026-04-28 15:45:00+00:00,0.9355712207988431,0.897510908952632,1.0
2026-04-28 15:50:00+00:00,0.9355712207988431,0.897510908952632,1.0
2026-04-28 15:55:00+00:00,0.9355712207988431,0.897510908952632,1.0
2026-04-28 16:00:00+00:00,0.9355712207988431,0.897510908952632,1.0
2026-04-28 16:05:00+00:00,0.9355712207988431,0.897510908952632,1.0
2026-04-28 16:10:00+00:00,0.9355712207988431,0.897510908952632,1.0
2026-04-28 16:15:00+00:00,0.9355712207988431,0.897510908952632,1.0
2026-04-28 16:20:00+00:00,0.9355712207988431,0.897510908952632,1.0
2026-04-28 16:25:00+00:00,0.9355712207988431,0.897510908952632,1.0
2026-04-28 16:30:00+00:00,0.9355712207988431,0.897510908952632,1.0
2026-04-28 16:35:00+00:00,0.9355712207988431,0.897510908952632,1.0
2026-04-28 16:40:00+00:00,0.9355712207988431,0.897510908952632,1.0
2026-04-28 16:45:00+00:00,0.9355712207988431,0.897510908952632,1.0
2026-04-28 16:50:00+00:00,0.9355712207988431,0.897510908952632,1.0
2026-04-28 16:55:00+00:00,0.9355712207988431,0.897510908952632,1.0
2026-04-28 17:00:00+00:00,0.9355712207988431,0.897510908952632,1.0
2026-04-28 17:05:00+00:00,0.9355712207988431,0.897510908952632,1.0
2026-04-28 17:10:00+00:00,0.9355712207988431,0.897510908952632,1.0
2026-04-28 17:15:00+00:00,0.9355712207988431,0.897510908952632,1.0
2026-04-28 17:20:00+00:00,0.9355712207988431,0.897510908952632,1.0
2026-04-28 17:25:00+00:00,0.9355712207988431,0.897510908952632,1.0
2026-04-28 17:30:00+00:00,0.9355712207988431,0.897510908952632,1.0
2026-04-28 17:35:00+00:00,0.9355712207988431,0.897510908952632,1.0
2026-04-28 17:40:00+00:00,0.9355712207988431,0.897510908952632,1.0
2026-04-28 17:45:00+00:00,0.9355712207988431,0.897510908952632,1.0
2026-04-28 17:50:00+00:00,0.9355712207988431,0.897510908952632,1.0
2026-04-28 17:55:00+00:00,0.9355712207988431,0.897510908952632,1.0
2026-04-28 18:00:00+00:00,0.9355712207988431,0.897510908952632,1.0
2026-04-28 18:05:00+00:00,0.9355712207988431,0.897510908952632,1.0
2026-04-28 18:10:00+00:00,0.9355712207988431,0.897510908952632,1.0
2026-04-28 18:15:00+00:00,0.9355712207988431,0.897510908952632,1.0
2026-04-28 18:20:00+00:00,0.9355712207988431,0.897510908952632,1.0
2026-04-28 18:25:00+00:00,0.9355712207988431,0.897510908952632,1.0
2026-04-28 18:30:00+00:00,0.9355712207988431,0.897510908952632,1.0
2026-04-28 18:35:00+00:00,0.9355712207988431,0.897510908952632,1.0
2026-04-28 18:40:00+00:00,0.9355712207988431,0.897510908952632,1.0
2026-04-28 18:45:00+00:00,0.9355712207988431,0.897510908952632,1.0
2026-04-28 18:50:00+00:00,0.9355712207988431,0.897510908952632,1.0
2026-04-28 18:55:00+00:00,0.9355712207988431,0.897510908952632,1.0
2026-04-28 19:00:00+00:00,0.9355712207988431,0.897510908952632,1.0
2026-04-28 19:05:00+00:00,0.9355712207988431,0.897510908952632,1.0
2026-04-28 19:10:00+00:00,0.9355712207988431,0.897510908952632,1.0
2026-04-28 19:15:00+00:00,0.9355712207988431,0.897510908952632,1.0
2026-04-28 19:20:00+00:00,0.9355712207988431,0.897510908952632,1.0
2026-04-28 19:25:00+00:00,0.9355712207988431,0.8926197468044064,1.0
2026-04-28 19:30:00+00:00,0.9355712207988431,0.8928069624807905,1.0
2026-04-28 19:35:00+00:00,0.9355712207988431,0.8879770771411536,1.0
2026-04-28 19:40:00+00:00,0.9355712207988431,0.8873554931871548,1.0
2026-04-28 19:45:00+00:00,0.9355712207988431,0.8873554931871548,1.0
2026-04-28 19:50:00+00:00,0.9355712207988431,0.8873554931871548,1.0
2026-04-28 19:55:00+00:00,0.9355712207988431,0.8873554931871548,1.0
2026-04-29 13:30:00+00:00,0.9355712207988431,0.8873554931871548,1.0
2026-04-29 13:35:00+00:00,0.9355712207988431,0.8873554931871548,1.0
2026-04-29 13:40:00+00:00,0.9355712207988431,0.8873554931871548,1.0
2026-04-29 13:45:00+00:00,0.9355712207988431,0.8873554931871548,1.0
2026-04-29 13:50:00+00:00,0.9355712207988431,0.8873554931871548,1.0
2026-04-29 13:55:00+00:00,0.9355712207988431,0.8873554931871548,1.0
2026-04-29 14:00:00+00:00,0.9355712207988431,0.8873554931871548,1.0
2026-04-29 14:05:00+00:00,0.9355712207988431,0.8843658088429673,1.0
2026-04-29 14:10:00+00:00,0.9355712207988431,0.8838131078222047,1.0
2026-04-29 14:15:00+00:00,0.9355712207988431,0.8817928788339642,1.0
2026-04-29 14:20:00+00:00,0.9355712207988431,0.8821227113334459,1.0
2026-04-29 14:25:00+00:00,0.9355712207988431,0.8869721235945117,1.0
2026-04-29 14:30:00+00:00,0.9355712207988431,0.8869389450433625,1.0
2026-04-29 14:35:00+00:00,0.9355712207988431,0.8883482497079209,1.0
2026-04-29 14:40:00+00:00,0.9355712207988431,0.8865912078117766,1.0
2026-04-29 14:45:00+00:00,0.9355712207988431,0.8817956854883265,1.0
2026-04-29 14:50:00+00:00,0.9355712207988431,0.8798275991387683,1.0
2026-04-29 14:55:00+00:00,0.9355712207988431,0.8792117198193711,1.0
2026-04-29 15:00:00+00:00,0.9355712207988431,0.8792117198193711,1.0
2026-04-29 15:05:00+00:00,0.9355712207988431,0.8792117198193711,1.0
2026-04-29 15:10:00+00:00,0.9355712207988431,0.8792117198193711,1.0
2026-04-29 15:15:00+00:00,0.9355712207988431,0.8792117198193711,1.0
2026-04-29 15:20:00+00:00,0.9355712207988431,0.8792117198193711,1.0
2026-04-29 15:25:00+00:00,0.9293766625834219,0.8792117198193711,1.0
2026-04-29 15:30:00+00:00,0.9257872141080372,0.8792117198193711,1.0
2026-04-29 15:35:00+00:00,0.9251391630581616,0.8792117198193711,1.0
2026-04-29 15:40:00+00:00,0.9251391630581616,0.8792117198193711,1.0
2026-04-29 15:45:00+00:00,0.9251391630581616,0.8735963527542592,1.0
2026-04-29 15:50:00+00:00,0.9251391630581616,0.8769063777957208,1.0
2026-04-29 15:55:00+00:00,0.9251391630581616,0.8779638051253508,1.0
2026-04-29 16:00:00+00:00,0.9251391630581616,0.8771177155484224,1.0
2026-04-29 16:05:00+00:00,0.9251391630581616,0.877792705015745,1.0
2026-04-29 16:10:00+00:00,0.9251391630581616,0.8765659155679649,1.0
2026-04-29 16:15:00+00:00,0.9251391630581616,0.8782281186144406,1.0
2026-04-29 16:20:00+00:00,0.9251391630581616,0.8781363250364793,1.0
2026-04-29 16:25:00+00:00,0.9251391630581616,0.8765813238030291,1.0
2026-04-29 16:30:00+00:00,0.9251391630581616,0.8722964745503687,1.0
2026-04-29 16:35:00+00:00,0.9251391630581616,0.8716858670181834,1.0
2026-04-29 16:40:00+00:00,0.9251391630581616,0.8716858670181834,1.0
2026-04-29 16:45:00+00:00,0.9251391630581616,0.8716858670181834,1.0
2026-04-29 16:50:00+00:00,0.9251391630581616,0.8716858670181834,1.0
2026-04-29 16:55:00+00:00,0.9251391630581616,0.8716858670181834,1.0
2026-04-29 17:00:00+00:00,0.9251391630581616,0.8716858670181834,1.0
2026-04-29 17:05:00+00:00,0.9251391630581616,0.8716858670181834,1.0
2026-04-29 17:10:00+00:00,0.9251391630581616,0.8716858670181834,1.0
2026-04-29 17:15:00+00:00,0.9251391630581616,0.8716858670181834,1.0
2026-04-29 17:20:00+00:00,0.9251391630581616,0.8716858670181834,1.0
2026-04-29 17:25:00+00:00,0.9251391630581616,0.8716858670181834,1.0
2026-04-29 17:30:00+00:00,0.9251391630581616,0.8725587089872018,1.0
2026-04-29 17:35:00+00:00,0.9251391630581616,0.8732665281093382,1.0
2026-04-29 17:40:00+00:00,0.9251391630581616,0.8758158709325631,1.0
2026-04-29 17:45:00+00:00,0.9251391630581616,0.8714623833801307,1.0
2026-04-29 17:50:00+00:00,0.9251391630581616,0.8704401699324137,1.0
2026-04-29 17:55:00+00:00,0.9251391630581616,0.8748123010107137,1.0
2026-04-29 18:00:00+00:00,0.9251391630581616,0.8747090268009878,1.0
2026-04-29 18:05:00+00:00,0.9251391630581616,0.8784997083871213,1.0
2026-04-29 18:10:00+00:00,0.9251391630581616,0.8773794134455019,1.0
2026-04-29 18:15:00+00:00,0.9251391630581616,0.875418363529616,1.0
2026-04-29 18:20:00+00:00,0.9251391630581616,0.8787907086145892,1.0
2026-04-29 18:25:00+00:00,0.9251391630581616,0.8749641808088784,1.0
2026-04-29 18:30:00+00:00,0.9251391630581616,0.8707327383988157,1.0
2026-04-29 18:35:00+00:00,0.9251391630581616,0.8701232254819365,1.0
2026-04-29 18:40:00+00:00,0.9251391630581616,0.8701232254819365,1.0
2026-04-29 18:45:00+00:00,0.9251391630581616,0.8701232254819365,1.0
2026-04-29 18:50:00+00:00,0.9251391630581616,0.8701232254819365,1.0
2026-04-29 18:55:00+00:00,0.9251391630581616,0.8701232254819365,1.0
2026-04-29 19:00:00+00:00,0.9251391630581616,0.8701232254819365,1.0
2026-04-29 19:05:00+00:00,0.9251391630581616,0.8701232254819365,1.0
2026-04-29 19:10:00+00:00,0.9251391630581616,0.8701232254819365,1.0
2026-04-29 19:15:00+00:00,0.9251391630581616,0.8701232254819365,1.0
2026-04-29 19:20:00+00:00,0.9251391630581616,0.8701232254819365,1.0
2026-04-29 19:25:00+00:00,0.9251391630581616,0.8701232254819365,1.0
2026-04-29 19:30:00+00:00,0.9251391630581616,0.8701232254819365,1.0
2026-04-29 19:35:00+00:00,0.9251391630581616,0.8701232254819365,1.0
2026-04-29 19:40:00+00:00,0.9251391630581616,0.8701232254819365,1.0
2026-04-29 19:45:00+00:00,0.9251391630581616,0.8701232254819365,1.0
2026-04-29 19:50:00+00:00,0.9251391630581616,0.8701232254819365,1.0
2026-04-29 19:55:00+00:00,0.9251391630581616,0.8701232254819365,1.0
2026-04-30 13:30:00+00:00,0.9251391630581616,0.8701232254819365,1.0
2026-04-30 13:35:00+00:00,0.9251391630581616,0.8701232254819365,1.0
2026-04-30 13:40:00+00:00,0.9251391630581616,0.8701232254819365,1.0
2026-04-30 13:45:00+00:00,0.9251391630581616,0.8701232254819365,1.0
2026-04-30 13:50:00+00:00,0.9251391630581616,0.8701232254819365,1.0
2026-04-30 13:55:00+00:00,0.9251391630581616,0.8730475609960717,1.0
2026-04-30 14:00:00+00:00,0.9251391630581616,0.8781433216060927,1.0
2026-04-30 14:05:00+00:00,0.9251391630581616,0.8738286888273709,1.0
2026-04-30 14:10:00+00:00,0.9251391630581616,0.8761829839680035,1.0
2026-04-30 14:15:00+00:00,0.9251391630581616,0.8768512402630622,1.0
2026-04-30 14:20:00+00:00,0.9251391630581616,0.8785865989397501,1.0
2026-04-30 14:25:00+00:00,0.9251391630581616,0.8756019647849286,1.0
2026-04-30 14:30:00+00:00,0.9251391630581616,0.8785267474986014,1.0
2026-04-30 14:35:00+00:00,0.9251391630581616,0.8734427741234337,1.0
2026-04-30 14:40:00+00:00,0.9251391630581616,0.8757014264276082,1.0
2026-04-30 14:45:00+00:00,0.9251391630581616,0.8750383409681194,1.0
2026-04-30 14:50:00+00:00,0.9251391630581616,0.8700620067387915,1.0
2026-04-30 14:55:00+00:00,0.9251391630581616,0.8694529633340743,1.0
2026-04-30 15:00:00+00:00,0.9251391630581616,0.8694529633340743,1.0
2026-04-30 15:05:00+00:00,0.9251391630581616,0.8694529633340743,1.0
2026-04-30 15:10:00+00:00,0.9225055771206483,0.8694529633340743,1.0
2026-04-30 15:15:00+00:00,0.9218598232166638,0.8694529633340743,1.0
2026-04-30 15:20:00+00:00,0.9218598232166638,0.8694529633340743,1.0
2026-04-30 15:25:00+00:00,0.9218598232166638,0.8694529633340743,1.0
2026-04-30 15:30:00+00:00,0.9218598232166638,0.8694529633340743,1.0
2026-04-30 15:35:00+00:00,0.9218598232166638,0.8694529633340743,1.0
2026-04-30 15:40:00+00:00,0.9218598232166638,0.8694529633340743,1.0
2026-04-30 15:45:00+00:00,0.9218598232166638,0.8694529633340743,1.0
2026-04-30 15:50:00+00:00,0.9236770700955179,0.8694529633340743,1.0
2026-04-30 15:55:00+00:00,0.9203672779730561,0.8694529633340743,1.0
2026-04-30 16:00:00+00:00,0.9197230208784749,0.8694529633340743,1.0
2026-04-30 16:05:00+00:00,0.9197230208784749,0.8694529633340743,1.0
2026-04-30 16:10:00+00:00,0.9197230208784749,0.8708131385356999,1.0
2026-04-30 16:15:00+00:00,0.9197230208784749,0.8717360787833249,1.0
2026-04-30 16:20:00+00:00,0.9197230208784749,0.8746708147527467,1.0
2026-04-30 16:25:00+00:00,0.9197230208784749,0.8747439944531844,1.0
2026-04-30 16:30:00+00:00,0.9197230208784749,0.8737610789760639,1.0
2026-04-30 16:35:00+00:00,0.9197230208784749,0.8767786312817287,1.0
2026-04-30 16:40:00+00:00,0.9197230208784749,0.8753858400023775,1.0
2026-04-30 16:45:00+00:00,0.9197230208784749,0.874720539803125,1.0
2026-04-30 16:50:00+00:00,0.9197230208784749,0.8747058205093949,1.0
2026-04-30 16:55:00+00:00,0.9197230208784749,0.8753252353206225,1.0
2026-04-30 17:00:00+00:00,0.9197230208784749,0.8734016567378612,1.0
2026-04-30 17:05:00+00:00,0.9197230208784749,0.8712316730420406,1.0
2026-04-30 17:10:00+00:00,0.9197230208784749,0.8678561703273717,1.0
2026-04-30 17:15:00+00:00,0.9197230208784749,0.8672486710081425,1.0
2026-04-30 17:20:00+00:00,0.9197230208784749,0.8672486710081425,1.0
2026-04-30 17:25:00+00:00,0.9197230208784749,0.8672486710081425,1.0
2026-04-30 17:30:00+00:00,0.9197230208784749,0.8672486710081425,1.0
2026-04-30 17:35:00+00:00,0.9197230208784749,0.8664234102131994,1.0
2026-04-30 17:40:00+00:00,0.9197230208784749,0.8638089487661617,1.0
2026-04-30 17:45:00+00:00,0.9197230208784749,0.863149786213263,1.0
2026-04-30 17:50:00+00:00,0.9197230208784749,0.8675925492183124,1.0
2026-04-30 17:55:00+00:00,0.9197230208784749,0.8690838157796676,1.0
2026-04-30 18:00:00+00:00,0.9197230208784749,0.8627140519633337,1.0
2026-04-30 18:05:00+00:00,0.9197230208784749,0.8665834990510486,1.0
2026-04-30 18:10:00+00:00,0.9197230208784749,0.8671909694701546,1.0
2026-04-30 18:15:00+00:00,0.9197230208784749,0.8600278358007842,1.0
2026-04-30 18:20:00+00:00,0.9197230208784749,0.8594258163157237,1.0
2026-04-30 18:25:00+00:00,0.9197230208784749,0.8594258163157237,1.0
2026-04-30 18:30:00+00:00,0.9197230208784749,0.8594258163157237,1.0
2026-04-30 18:35:00+00:00,0.9197230208784749,0.8594258163157237,1.0
2026-04-30 18:40:00+00:00,0.9197230208784749,0.8594258163157237,1.0
2026-04-30 18:45:00+00:00,0.9197230208784749,0.8594258163157237,1.0
2026-04-30 18:50:00+00:00,0.9197230208784749,0.8594258163157237,1.0
2026-04-30 18:55:00+00:00,0.9197230208784749,0.8574122531103382,1.0
2026-04-30 19:00:00+00:00,0.9197230208784749,0.8669586506672051,1.0
2026-04-30 19:05:00+00:00,0.9197230208784749,0.8658274180892721,1.0
2026-04-30 19:10:00+00:00,0.9197230208784749,0.8643242433257481,1.0
2026-04-30 19:15:00+00:00,0.9197230208784749,0.8662161434329514,1.0
2026-04-30 19:20:00+00:00,0.9197230208784749,0.8665010352549745,1.0
2026-04-30 19:25:00+00:00,0.9197230208784749,0.8697382073591868,1.0
2026-04-30 19:30:00+00:00,0.9197230208784749,0.87200095766831,1.0
2026-04-30 19:35:00+00:00,0.9197230208784749,0.8730770909365666,1.0
2026-04-30 19:40:00+00:00,0.9197230208784749,0.8764320588696748,1.0
2026-04-30 19:45:00+00:00,0.9197230208784749,0.8788182860601095,1.0
2026-04-30 19:50:00+00:00,0.9197230208784749,0.8786426289325717,1.0
2026-04-30 19:55:00+00:00,0.9197230208784749,0.8788459561742814,1.0
2026-05-01 13:30:00+00:00,0.9197230208784749,0.8773451240038503,1.0
2026-05-01 13:35:00+00:00,0.9197230208784749,0.8757284422717475,1.0
2026-05-01 13:40:00+00:00,0.9197230208784749,0.88206350371068,1.0
2026-05-01 13:45:00+00:00,0.918015552093936,0.881043394395048,1.0
2026-05-01 13:50:00+00:00,0.9176081633463061,0.8806524128215534,1.0
2026-05-01 13:55:00+00:00,0.922581506819499,0.8854254598632073,1.0
2026-05-01 14:00:00+00:00,0.9216126337440603,0.8844956071813268,1.0
2026-05-01 14:05:00+00:00,0.9208043309824386,0.8837198580045577,1.0
2026-05-01 14:10:00+00:00,0.919593486323558,0.8825577789026164,1.0
2026-05-01 14:15:00+00:00,0.9161857450396466,0.8792872809887747,1.0
2026-05-01 14:20:00+00:00,0.9155444150181188,0.8793178137948899,1.0
2026-05-01 14:25:00+00:00,0.9155444150181188,0.8793806915265052,1.0
2026-05-01 14:30:00+00:00,0.9155444150181188,0.8792512220445731,1.0
2026-05-01 14:35:00+00:00,0.9155444150181188,0.8779220527482631,1.0
2026-05-01 14:40:00+00:00,0.9155444150181188,0.8751961438619741,1.0
2026-05-01 14:45:00+00:00,0.9155444150181188,0.8745835065612707,1.0
2026-05-01 14:50:00+00:00,0.9155444150181188,0.8745835065612707,1.0
2026-05-01 14:55:00+00:00,0.9155444150181188,0.8745835065612707,1.0
2026-05-01 15:00:00+00:00,0.9155444150181188,0.8745835065612707,1.0
2026-05-01 15:05:00+00:00,0.9155444150181188,0.8745835065612707,1.0
2026-05-01 15:10:00+00:00,0.9155444150181188,0.8745835065612707,1.0
2026-05-01 15:15:00+00:00,0.9155444150181188,0.8745835065612707,1.0
2026-05-01 15:20:00+00:00,0.9155444150181188,0.8745835065612707,1.0
2026-05-01 15:25:00+00:00,0.9155444150181188,0.8745835065612707,1.0
2026-05-01 15:30:00+00:00,0.9155444150181188,0.8685259319973869,1.0
2026-05-01 15:35:00+00:00,0.9155444150181188,0.8698753984450098,1.0
2026-05-01 15:40:00+00:00,0.9155444150181188,0.8646041646206414,1.0
2026-05-01 15:45:00+00:00,0.9155444150181188,0.8639989417054069,1.0
2026-05-01 15:50:00+00:00,0.9155444150181188,0.8639989417054069,1.0
2026-05-01 15:55:00+00:00,0.9155444150181188,0.8639989417054069,1.0
2026-05-01 16:00:00+00:00,0.9155444150181188,0.8639989417054069,1.0
2026-05-01 16:05:00+00:00,0.9155444150181188,0.8639989417054069,1.0
2026-05-01 16:10:00+00:00,0.9155444150181188,0.8639989417054069,1.0
2026-05-01 16:15:00+00:00,0.9155444150181188,0.8639989417054069,1.0
2026-05-01 16:20:00+00:00,0.9155444150181188,0.8639989417054069,1.0
2026-05-01 16:25:00+00:00,0.9155444150181188,0.8639989417054069,1.0
2026-05-01 16:30:00+00:00,0.9155444150181188,0.8639989417054069,1.0
2026-05-01 16:35:00+00:00,0.9155444150181188,0.8639989417054069,1.0
2026-05-01 16:40:00+00:00,0.9155444150181188,0.8639989417054069,1.0
2026-05-01 16:45:00+00:00,0.9155444150181188,0.8639989417054069,1.0
2026-05-01 16:50:00+00:00,0.9155444150181188,0.8639989417054069,1.0
2026-05-01 16:55:00+00:00,0.9155444150181188,0.8639989417054069,1.0
2026-05-01 17:00:00+00:00,0.9155444150181188,0.8645101374278307,1.0
2026-05-01 17:05:00+00:00,0.9155444150181188,0.8653790724735959,1.0
2026-05-01 17:10:00+00:00,0.9155444150181188,0.8679550984508027,1.0
2026-05-01 17:15:00+00:00,0.9155444150181188,0.8709026329289062,1.0
2026-05-01 17:20:00+00:00,0.9155444150181188,0.8708719378555868,1.0
2026-05-01 17:25:00+00:00,0.9155444150181188,0.8801452835166255,1.0
2026-05-01 17:30:00+00:00,0.9155444150181188,0.8763755629655834,1.0
2026-05-01 17:35:00+00:00,0.9155444150181188,0.8788439352007126,1.0
2026-05-01 17:40:00+00:00,0.9155444150181188,0.8738105429460424,1.0
2026-05-01 17:45:00+00:00,0.9155444150181188,0.8741617188120724,1.0
2026-05-01 17:50:00+00:00,0.9155444150181188,0.873622559654579,1.0
2026-05-01 17:55:00+00:00,0.9155444150181188,0.8754265714569993,1.0
2026-05-01 18:00:00+00:00,0.9155444150181188,0.874182900402114,1.0
2026-05-01 18:05:00+00:00,0.9155444150181188,0.8736957913443534,1.0
2026-05-01 18:10:00+00:00,0.9155444150181188,0.8710366207273229,1.0
2026-05-01 18:15:00+00:00,0.9155444150181188,0.8743845359254233,1.0
2026-05-01 18:20:00+00:00,0.9155444150181188,0.876188595070588,1.0
2026-05-01 18:25:00+00:00,0.9155444150181188,0.876907799845825,1.0
2026-05-01 18:30:00+00:00,0.9155444150181188,0.8820868388476214,1.0
2026-05-01 18:35:00+00:00,0.9155444150181188,0.8835596345773751,1.0
2026-05-01 18:40:00+00:00,0.9155444150181188,0.8911532480192728,1.0
2026-05-01 18:45:00+00:00,0.9155444150181188,0.8901165810698627,1.0
2026-05-01 18:50:00+00:00,0.9155444150181188,0.8887730154313499,1.0
2026-05-01 18:55:00+00:00,0.9155444150181188,0.8897091694714532,1.0
2026-05-01 19:00:00+00:00,0.9155444150181188,0.8869496992026036,1.0
2026-05-01 19:05:00+00:00,0.9155444150181188,0.8888410948803988,1.0
2026-05-01 19:10:00+00:00,0.9155444150181188,0.8851008118889996,1.0
2026-05-01 19:15:00+00:00,0.9155444150181188,0.8835505872695569,1.0
2026-05-01 19:20:00+00:00,0.9155444150181188,0.8778500028581433,1.0
2026-05-01 19:25:00+00:00,0.9155444150181188,0.8772355078561426,1.0
2026-05-01 19:30:00+00:00,0.9155444150181188,0.8772355078561426,1.0
2026-05-01 19:35:00+00:00,0.9155444150181188,0.8772355078561426,1.0
2026-05-01 19:40:00+00:00,0.9155444150181188,0.8772355078561426,1.0
2026-05-01 19:45:00+00:00,0.9155444150181188,0.8772355078561426,1.0
2026-05-01 19:50:00+00:00,0.9155444150181188,0.8772355078561426,1.0
2026-05-01 19:55:00+00:00,0.9155444150181188,0.8772355078561426,1.0
2026-05-04 13:30:00+00:00,0.9155444150181188,0.8772355078561426,1.0
2026-05-04 13:35:00+00:00,0.9155444150181188,0.8772355078561426,1.0
2026-05-04 13:40:00+00:00,0.9155444150181188,0.8772355078561426,1.0
2026-05-04 13:45:00+00:00,0.9155444150181188,0.8772355078561426,1.0
2026-05-04 13:50:00+00:00,0.9155444150181188,0.8729086190032527,1.0
2026-05-04 13:55:00+00:00,0.9155444150181188,0.8739211996174067,1.0
2026-05-04 14:00:00+00:00,0.9155444150181188,0.8691061412471972,1.0
2026-05-04 14:05:00+00:00,0.9155444150181188,0.8730371201198031,1.0
2026-05-04 14:10:00+00:00,0.9155444150181188,0.8748270723403824,1.0
2026-05-04 14:15:00+00:00,0.9155444150181188,0.8791154139716582,1.0
2026-05-04 14:20:00+00:00,0.9155444150181188,0.87489918124075,1.0
2026-05-04 14:25:00+00:00,0.9155444150181188,0.8784910871440689,1.0
2026-05-04 14:30:00+00:00,0.9155444150181188,0.8795890797239437,1.0
2026-05-04 14:35:00+00:00,0.9155444150181188,0.8811385690677981,1.0
2026-05-04 14:40:00+00:00,0.9155444150181188,0.8811976084811188,1.0
2026-05-04 14:45:00+00:00,0.9155444150181188,0.8788023553760903,1.0
2026-05-04 14:50:00+00:00,0.9155444150181188,0.8800709457396625,1.0
2026-05-04 14:55:00+00:00,0.9155444150181188,0.876293463295445,1.0
2026-05-04 15:00:00+00:00,0.9155444150181188,0.8741830089091996,1.0
2026-05-04 15:05:00+00:00,0.9155444150181188,0.875299522599691,1.0
2026-05-04 15:10:00+00:00,0.9155444150181188,0.8723343679454011,1.0
2026-05-04 15:15:00+00:00,0.9155444150181188,0.8717237338878393,1.0
2026-05-04 15:20:00+00:00,0.9155444150181188,0.8717237338878393,1.0
2026-05-04 15:25:00+00:00,0.9155444150181188,0.8717237338878393,1.0
2026-05-04 15:30:00+00:00,0.9155444150181188,0.8717237338878393,1.0
2026-05-04 15:35:00+00:00,0.9155444150181188,0.8717237338878393,1.0
2026-05-04 15:40:00+00:00,0.9155444150181188,0.8717237338878393,1.0
2026-05-04 15:45:00+00:00,0.9155444150181188,0.8717237338878393,1.0
2026-05-04 15:50:00+00:00,0.9117328627618639,0.8717237338878393,1.0
2026-05-04 15:55:00+00:00,0.9110946497579306,0.8717237338878393,1.0
2026-05-04 16:00:00+00:00,0.9106390729179721,0.8717237338878393,1.0
2026-05-04 16:05:00+00:00,0.911246343931669,0.8717237338878393,1.0
2026-05-04 16:10:00+00:00,0.9165658125397946,0.8717237338878393,1.0
2026-05-04 16:15:00+00:00,0.9129174489698846,0.8676436562946083,1.0
2026-05-04 16:20:00+00:00,0.9117375058254843,0.8665222293954046,1.0
2026-05-04 16:25:00+00:00,0.9157442911127021,0.8703303084725564,1.0
2026-05-04 16:30:00+00:00,0.916660496414316,0.8712010769289003,1.0
2026-05-04 16:35:00+00:00,0.9172251937730708,0.8717377695746622,1.0
2026-05-04 16:40:00+00:00,0.9236040141506682,0.8778002487632354,1.0
2026-05-04 16:45:00+00:00,0.9252160470106071,0.8793323369999568,1.0
2026-05-04 16:50:00+00:00,0.930436970293233,0.8842943420216405,1.0
2026-05-04 16:55:00+00:00,0.9344479678014679,0.8881064244255428,1.0
2026-05-04 17:00:00+00:00,0.934546263195348,0.8881998451121988,1.0
2026-05-04 17:05:00+00:00,0.9370505412284167,0.8905799299177218,1.0
2026-05-04 17:10:00+00:00,0.9404072984719097,0.8937702174199752,1.0
2026-05-04 17:15:00+00:00,0.9402369520697883,0.893608318909502,1.0
2026-05-04 17:20:00+00:00,0.9429969794582906,0.8962314698390144,1.0
2026-05-04 17:25:00+00:00,0.9456667014762766,0.8987687938605776,1.0
2026-05-04 17:30:00+00:00,0.9374289940149042,0.8909396143117198,1.0
2026-05-04 17:35:00+00:00,0.9428837814419151,0.896123885587093,1.0
2026-05-04 17:40:00+00:00,0.9436024314609759,0.8968068960069702,1.0
2026-05-04 17:45:00+00:00,0.9487139867836606,0.9016649568913696,1.0
2026-05-04 17:50:00+00:00,0.9474052416750925,0.9004211156301066,1.0
2026-05-04 17:55:00+00:00,0.9504233979859835,0.903289594242061,1.0
2026-05-04 18:00:00+00:00,0.9493109073912545,0.9022322747568291,1.0
2026-05-04 18:05:00+00:00,0.9494530536925971,0.9023673716779854,1.0
2026-05-04 18:10:00+00:00,0.9513031839716825,0.9041257495047849,1.0
2026-05-04 18:15:00+00:00,0.9600119244908449,0.912402602438523,1.0
2026-05-04 18:20:00+00:00,0.9547356837856996,0.9073880233196023,1.0
2026-05-04 18:25:00+00:00,0.9552169436408421,0.9078454163301257,1.0
2026-05-04 18:30:00+00:00,0.9494955424083033,0.9024077532751257,1.0
2026-05-04 18:35:00+00:00,0.9464228705010062,0.8994874626275439,1.0
2026-05-04 18:40:00+00:00,0.9435055641165079,0.8967148325492889,1.0
2026-05-04 18:45:00+00:00,0.9498102426414081,0.8960871321665044,1.0
2026-05-04 18:50:00+00:00,0.9472196994320664,0.8960871321665044,1.0
2026-05-04 18:55:00+00:00,0.9491789228553814,0.8960871321665044,1.0
2026-05-04 19:00:00+00:00,0.9522527330704016,0.8960871321665044,1.0
2026-05-04 19:05:00+00:00,0.9519751982986395,0.8960871321665044,1.0
2026-05-04 19:10:00+00:00,0.9512619061140699,0.8960871321665044,1.0
2026-05-04 19:15:00+00:00,0.953422869205168,0.8960871321665044,1.0
2026-05-04 19:20:00+00:00,0.9547857388606773,0.8960871321665044,1.0
2026-05-04 19:25:00+00:00,0.95922293778816,0.8960871321665044,1.0
2026-05-04 19:30:00+00:00,0.959905544507089,0.8960871321665044,1.0
2026-05-04 19:35:00+00:00,0.9678421658569603,0.8960871321665044,1.0
2026-05-04 19:40:00+00:00,0.9672031231229338,0.8948682065502848,1.0
2026-05-04 19:45:00+00:00,0.9643818735558437,0.8922579518065025,1.0
2026-05-04 19:50:00+00:00,0.9708551787956528,0.8982471333051071,1.0
2026-05-04 19:55:00+00:00,0.97275221586644,0.9000022952981882,1.0
2026-05-05 13:30:00+00:00,0.9744556921714846,0.9015783724939216,1.0
2026-05-05 13:35:00+00:00,0.9735290682820085,0.9007210486926451,1.0
2026-05-05 13:40:00+00:00,0.972847597934211,0.8946912811789229,1.0
2026-05-05 13:45:00+00:00,0.972847597934211,0.8993878236571061,1.0
2026-05-05 13:50:00+00:00,0.972847597934211,0.902096687310106,1.0
2026-05-05 13:55:00+00:00,0.972847597934211,0.9071709701311992,1.0
2026-05-05 14:00:00+00:00,0.972847597934211,0.9066320822550934,1.0
2026-05-05 14:05:00+00:00,0.972847597934211,0.9020619151469816,1.0
2026-05-05 14:10:00+00:00,0.972847597934211,0.8977408644428803,1.0
2026-05-05 14:15:00+00:00,0.972847597934211,0.8976292828990502,1.0
2026-05-05 14:20:00+00:00,0.972847597934211,0.899697881883407,1.0
2026-05-05 14:25:00+00:00,0.972847597934211,0.8998506281955568,1.0
2026-05-05 14:30:00+00:00,0.972847597934211,0.9028318146637677,1.0
2026-05-05 14:35:00+00:00,0.9723849632529062,0.9030344580429915,1.0
2026-05-05 14:40:00+00:00,0.9749306393188987,0.9053985764667444,1.0
2026-05-05 14:45:00+00:00,0.9712887648961506,0.9020164405638966,1.0
2026-05-05 14:50:00+00:00,0.9691255401507219,0.900007497028737,1.0
2026-05-05 14:55:00+00:00,0.9684471522726164,0.9034457223391399,1.0
2026-05-05 15:00:00+00:00,0.9684471522726164,0.8995398859203133,1.0
2026-05-05 15:05:00+00:00,0.9684471522726164,0.8998700062613041,1.0
2026-05-05 15:10:00+00:00,0.9684471522726164,0.905393399572028,1.0
2026-05-05 15:15:00+00:00,0.9684471522726164,0.9132402548051919,1.0
2026-05-05 15:20:00+00:00,0.9684471522726164,0.9107938692088842,1.0
2026-05-05 15:25:00+00:00,0.9684471522726164,0.9093987387030118,1.0
2026-05-05 15:30:00+00:00,0.9684471522726164,0.9071583531059639,1.0
2026-05-05 15:35:00+00:00,0.9684471522726164,0.9075009696488296,1.0
2026-05-05 15:40:00+00:00,0.9684471522726164,0.9093523748631569,1.0
2026-05-05 15:45:00+00:00,0.9684471522726164,0.9125911657363766,1.0
2026-05-05 15:50:00+00:00,0.9684471522726164,0.9145441074511209,1.0
2026-05-05 15:55:00+00:00,0.9684471522726164,0.9161375909180106,1.0
2026-05-05 16:00:00+00:00,0.9684471522726164,0.9159197342274996,1.0
2026-05-05 16:05:00+00:00,0.9684471522726164,0.9209834263267443,1.0
2026-05-05 16:10:00+00:00,0.9684471522726164,0.9225167788767495,1.0
2026-05-05 16:15:00+00:00,0.9684471522726164,0.9289933999642758,1.0
2026-05-05 16:20:00+00:00,0.9684471522726164,0.9283027836937956,1.0
2026-05-05 16:25:00+00:00,0.9684471522726164,0.9333541427064248,1.0
2026-05-05 16:30:00+00:00,0.9684471522726164,0.9384846066877605,1.0
2026-05-05 16:35:00+00:00,0.9684471522726164,0.9351537723473997,1.0
2026-05-05 16:40:00+00:00,0.9684471522726164,0.940007662560467,1.0
2026-05-05 16:45:00+00:00,0.9684471522726164,0.9357862987214792,1.0
2026-05-05 16:50:00+00:00,0.9684471522726164,0.9395320198827481,1.0
2026-05-05 16:55:00+00:00,0.9684471522726164,0.9384175140595782,1.0
2026-05-05 17:00:00+00:00,0.9684471522726164,0.9357761995167764,1.0
2026-05-05 17:05:00+00:00,0.9684471522726164,0.9408026151552085,1.0
2026-05-05 17:10:00+00:00,0.9684471522726164,0.9399289957473715,1.0
2026-05-05 17:15:00+00:00,0.9684471522726164,0.941170364173135,1.0
2026-05-05 17:20:00+00:00,0.9684471522726164,0.9436104690931263,1.0
2026-05-05 17:25:00+00:00,0.9684471522726164,0.9458472102075826,1.0
2026-05-05 17:30:00+00:00,0.9684471522726164,0.9451896371274852,1.0
2026-05-05 17:35:00+00:00,0.9684471522726164,0.942444447139937,1.0
2026-05-05 17:40:00+00:00,0.9684471522726164,0.9402816457132608,1.0
2026-05-05 17:45:00+00:00,0.9684471522726164,0.9409456639584919,1.0
2026-05-05 17:50:00+00:00,0.9684471522726164,0.9394919936785918,1.0
2026-05-05 17:55:00+00:00,0.9684471522726164,0.9445106621895751,1.0
2026-05-05 18:00:00+00:00,0.9684471522726164,0.9452336333793907,1.0
2026-05-05 18:05:00+00:00,0.9684471522726164,0.9426385482494362,1.0
2026-05-05 18:10:00+00:00,0.9684471522726164,0.942657170781662,1.0
2026-05-05 18:15:00+00:00,0.9684471522726164,0.9413035110403246,1.0
2026-05-05 18:20:00+00:00,0.9684471522726164,0.9450674114394754,1.0
2026-05-05 18:25:00+00:00,0.9684471522726164,0.9489038048907019,1.0
2026-05-05 18:30:00+00:00,0.9684471522726164,0.9550699105138755,1.0
2026-05-05 18:35:00+00:00,0.9684471522726164,0.9591791148512836,1.0
2026-05-05 18:40:00+00:00,0.9684471522726164,0.9525709206545933,1.0
2026-05-05 18:45:00+00:00,0.9684471522726164,0.9534258873875318,1.0
2026-05-05 18:50:00+00:00,0.9684471522726164,0.9555352464990002,1.0
2026-05-05 18:55:00+00:00,0.9684471522726164,0.9583417478611685,1.0
2026-05-05 19:00:00+00:00,0.9684471522726164,0.9566168362380001,1.0
2026-05-05 19:05:00+00:00,0.9684471522726164,0.9582905701199493,1.0
2026-05-05 19:10:00+00:00,0.9684471522726164,0.9508386215139769,1.0
2026-05-05 19:15:00+00:00,0.9684471522726164,0.9552049351891329,1.0
2026-05-05 19:20:00+00:00,0.9684471522726164,0.9541113354768604,1.0
2026-05-05 19:25:00+00:00,0.9684471522726164,0.9545039190850353,1.0
2026-05-05 19:30:00+00:00,0.9684471522726164,0.9547208030483331,1.0
2026-05-05 19:35:00+00:00,0.9684471522726164,0.9569409351597242,1.0
2026-05-05 19:40:00+00:00,0.9684471522726164,0.9598592703325192,1.0
2026-05-05 19:45:00+00:00,0.9684471522726164,0.9664515467543933,1.0
2026-05-05 19:50:00+00:00,0.9684471522726164,0.9614407751244967,1.0
2026-05-05 19:55:00+00:00,0.9684471522726164,0.9602007906599808,1.0
2026-05-06 13:30:00+00:00,0.9684471522726164,0.971016560265475,1.0
2026-05-06 13:35:00+00:00,0.9684471522726164,0.9756780235057285,1.0
2026-05-06 13:40:00+00:00,0.9684471522726164,0.9679430239767398,1.0
2026-05-06 13:45:00+00:00,0.9684471522726164,0.9734242644865352,1.0
2026-05-06 13:50:00+00:00,0.9684471522726164,0.9782850600252051,1.0
2026-05-06 13:55:00+00:00,0.9684471522726164,0.9835836600732917,1.0
2026-05-06 14:00:00+00:00,0.9684471522726164,0.9813628909687472,1.0
2026-05-06 14:05:00+00:00,0.9684471522726164,0.9778815352409816,1.0
2026-05-06 14:10:00+00:00,0.9684471522726164,0.9797627915347499,1.0
2026-05-06 14:15:00+00:00,0.9684471522726164,0.9691226610224439,1.0
2026-05-06 14:20:00+00:00,0.9684471522726164,0.9771226823517126,1.0
2026-05-06 14:25:00+00:00,0.9684471522726164,0.9753664385665517,1.0
2026-05-06 14:30:00+00:00,0.9684471522726164,0.9755694182613535,1.0
2026-05-06 14:35:00+00:00,0.9684471522726164,0.9749796225232444,1.0
2026-05-06 14:40:00+00:00,0.9684471522726164,0.9728923642609372,1.0
2026-05-06 14:45:00+00:00,0.9684471522726164,0.975635978347722,1.0
2026-05-06 14:50:00+00:00,0.9733242841223031,0.9812322585478357,1.0
2026-05-06 14:55:00+00:00,0.9684209264331216,0.9762890625151156,1.0
2026-05-06 15:00:00+00:00,0.9650371440652162,0.9728777879076109,1.0
2026-05-06 15:05:00+00:00,0.9643616180643706,0.9714336725682206,1.0
2026-05-06 15:10:00+00:00,0.9643616180643706,0.9707536689974228,1.0
2026-05-06 15:15:00+00:00,0.9643616180643706,0.9707536689974228,1.0
2026-05-06 15:20:00+00:00,0.9643616180643706,0.9707536689974228,1.0
2026-05-06 15:25:00+00:00,0.9643616180643706,0.9707536689974228,1.0
2026-05-06 15:30:00+00:00,0.9643616180643706,0.9747649775229691,1.0
2026-05-06 15:35:00+00:00,0.9643616180643706,0.9639861891360573,1.0
2026-05-06 15:40:00+00:00,0.9643616180643706,0.963311398803662,1.0
2026-05-06 15:45:00+00:00,0.9643616180643706,0.963311398803662,1.0
2026-05-06 15:50:00+00:00,0.9643616180643706,0.963311398803662,1.0
2026-05-06 15:55:00+00:00,0.9643616180643706,0.963311398803662,1.0
2026-05-06 16:00:00+00:00,0.9643616180643706,0.963311398803662,1.0
2026-05-06 16:05:00+00:00,0.9643616180643706,0.963311398803662,1.0
2026-05-06 16:10:00+00:00,0.9643616180643706,0.963311398803662,1.0
2026-05-06 16:15:00+00:00,0.9643616180643706,0.963311398803662,1.0
2026-05-06 16:20:00+00:00,0.9643616180643706,0.9633002846666547,1.0
2026-05-06 16:25:00+00:00,0.9643616180643706,0.9702984752113856,1.0
2026-05-06 16:30:00+00:00,0.9643616180643706,0.9632926365889263,1.0
2026-05-06 16:35:00+00:00,0.9643616180643706,0.9639551096409603,1.0
2026-05-06 16:40:00+00:00,0.9643616180643706,0.9613983001718619,1.0
2026-05-06 16:45:00+00:00,0.9643616180643706,0.9593327338113616,1.0
2026-05-06 16:50:00+00:00,0.9643616180643706,0.9608736142750224,1.0
2026-05-06 16:55:00+00:00,0.9643616180643706,0.9635678169041229,1.0
2026-05-06 17:00:00+00:00,0.9643616180643706,0.96467822842619,1.0
2026-05-06 17:05:00+00:00,0.9643616180643706,0.9679103472942822,1.0
2026-05-06 17:10:00+00:00,0.9643616180643706,0.9688887037598204,1.0
2026-05-06 17:15:00+00:00,0.9643616180643706,0.9727822945819738,1.0
2026-05-06 17:20:00+00:00,0.9643616180643706,0.9721823399596372,1.0
2026-05-06 17:25:00+00:00,0.9643616180643706,0.9681938060620364,1.0
2026-05-06 17:30:00+00:00,0.9643616180643706,0.9722401433934921,1.0
2026-05-06 17:35:00+00:00,0.9643616180643706,0.972663846801648,1.0
2026-05-06 17:40:00+00:00,0.9643616180643706,0.9675683538030108,1.0
2026-05-06 17:45:00+00:00,0.9643616180643706,0.9657878510456893,1.0
2026-05-06 17:50:00+00:00,0.9643616180643706,0.9714062229415346,1.0
2026-05-06 17:55:00+00:00,0.9643616180643706,0.9688582587710917,1.0
2026-05-06 18:00:00+00:00,0.9643616180643706,0.9668653126379279,1.0
2026-05-06 18:05:00+00:00,0.9643616180643706,0.9712980080755241,1.0
2026-05-06 18:10:00+00:00,0.9643616180643706,0.9743398633432304,1.0
2026-05-06 18:15:00+00:00,0.9643616180643706,0.9809781061932153,1.0
2026-05-06 18:20:00+00:00,0.9643616180643706,0.9811316302713321,1.0
2026-05-06 18:25:00+00:00,0.9643616180643706,0.9920051471015986,1.0
2026-05-06 18:30:00+00:00,0.9643616180643706,0.9893617547974983,1.0
2026-05-06 18:35:00+00:00,0.9643616180643706,0.9894098826220847,1.0
2026-05-06 18:40:00+00:00,0.9643616180643706,0.9917949339273514,1.0
2026-05-06 18:45:00+00:00,0.9643616180643706,0.9846017627985,1.0
2026-05-06 18:50:00+00:00,0.9643616180643706,0.9931559647084556,1.0
2026-05-06 18:55:00+00:00,0.9643616180643706,0.9893971556484561,1.0
2026-05-06 19:00:00+00:00,0.9643616180643706,0.9915782320311104,1.0
2026-05-06 19:05:00+00:00,0.9643616180643706,0.9925737185570573,1.0
2026-05-06 19:10:00+00:00,0.9643616180643706,0.9911541163702342,1.0
2026-05-06 19:15:00+00:00,0.9643616180643706,0.989854590580633,1.0
2026-05-06 19:20:00+00:00,0.9643616180643706,0.993145630588977,1.0
2026-05-06 19:25:00+00:00,0.9643616180643706,0.9934130429522954,1.0
2026-05-06 19:30:00+00:00,0.9643616180643706,0.9951353405088796,1.0
2026-05-06 19:35:00+00:00,0.9643616180643706,0.989810918440089,1.0
2026-05-06 19:40:00+00:00,0.9643616180643706,0.9874935350093018,1.0
2026-05-06 19:45:00+00:00,0.9643616180643706,0.9961547370458034,1.0
2026-05-06 19:50:00+00:00,0.9643616180643706,0.9909151434003428,1.0
2026-05-06 19:55:00+00:00,0.9643616180643706,0.9925557718446237,1.0
2026-05-07 13:30:00+00:00,0.9643616180643706,0.9901578858597495,1.0
2026-05-07 13:35:00+00:00,0.9643616180643706,0.9959203108484062,1.0
2026-05-07 13:40:00+00:00,0.9643616180643706,0.9948287048774482,1.0
2026-05-07 13:45:00+00:00,0.9643616180643706,0.9954097222163195,1.0
2026-05-07 13:50:00+00:00,0.9643616180643706,1.0003060848677285,1.0
2026-05-07 13:55:00+00:00,0.9643616180643706,0.9972142615583506,1.0
2026-05-07 14:00:00+00:00,0.9643616180643706,0.9971194594321787,1.0
2026-05-07 14:05:00+00:00,0.9643616180643706,1.0020087666755126,1.0
2026-05-07 14:10:00+00:00,0.9643616180643706,0.9987241594560863,1.0
2026-05-07 14:15:00+00:00,0.9643616180643706,0.9983888978793012,1.0
2026-05-07 14:20:00+00:00,0.9643616180643706,0.9952043847703232,1.0
2026-05-07 14:25:00+00:00,0.9643616180643706,0.9967889225605782,1.0
2026-05-07 14:30:00+00:00,0.9643616180643706,0.9898132173750326,1.0
2026-05-07 14:35:00+00:00,0.9643616180643706,0.98912034812287,1.0
2026-05-07 14:40:00+00:00,0.9643616180643706,0.98912034812287,1.0
2026-05-07 14:45:00+00:00,0.9643616180643706,0.98912034812287,1.0
2026-05-07 14:50:00+00:00,0.9643616180643706,0.98912034812287,1.0
2026-05-07 14:55:00+00:00,0.9643616180643706,0.98912034812287,1.0
2026-05-07 15:00:00+00:00,0.9643616180643706,0.9884283294852726,1.0
2026-05-07 15:05:00+00:00,0.9643616180643706,0.9945284860211684,1.0
2026-05-07 15:10:00+00:00,0.9643616180643706,0.9959834149510379,1.0
2026-05-07 15:15:00+00:00,0.9643616180643706,0.9966583193919794,1.0
2026-05-07 15:20:00+00:00,0.9643616180643706,0.9926999014290381,1.0
2026-05-07 15:25:00+00:00,0.9643616180643706,0.9957427001985382,1.0
2026-05-07 15:30:00+00:00,0.9643616180643706,0.9946094973370962,1.0
2026-05-07 15:35:00+00:00,0.9643616180643706,0.9946715730800942,1.0
2026-05-07 15:40:00+00:00,0.9643616180643706,1.000300716268137,1.0
2026-05-07 15:45:00+00:00,0.9643616180643706,0.9976605244425193,1.0
2026-05-07 15:50:00+00:00,0.9643616180643706,1.001483518563916,1.0
2026-05-07 15:55:00+00:00,0.9643616180643706,1.0015911821630141,1.0
2026-05-07 16:00:00+00:00,0.9643616180643706,1.0020893916122646,1.0
2026-05-07 16:05:00+00:00,0.9643616180643706,1.006663434446841,1.0
2026-05-07 16:10:00+00:00,0.9643616180643706,1.0064137986821118,1.0
2026-05-07 16:15:00+00:00,0.9643616180643706,1.0093925973985618,1.0
2026-05-07 16:20:00+00:00,0.9643616180643706,1.009200330491904,1.0
2026-05-07 16:25:00+00:00,0.9643616180643706,1.0035494982071655,1.0
2026-05-07 16:30:00+00:00,0.9643616180643706,0.9955414466918355,1.0
2026-05-07 16:35:00+00:00,0.9643616180643706,0.9948445676791512,1.0
2026-05-07 16:40:00+00:00,0.9643616180643706,0.9948445676791512,1.0
2026-05-07 16:45:00+00:00,0.9643616180643706,0.9948445676791512,1.0
2026-05-07 16:50:00+00:00,0.9643616180643706,0.9948445676791512,1.0
2026-05-07 16:55:00+00:00,0.9643616180643706,0.9948445676791512,1.0
2026-05-07 17:00:00+00:00,0.9643616180643706,0.9948445676791512,1.0
2026-05-07 17:05:00+00:00,0.9643616180643706,0.9948445676791512,1.0
2026-05-07 17:10:00+00:00,0.9643616180643706,0.9948445676791512,1.0
2026-05-07 17:15:00+00:00,0.9643616180643706,0.9948445676791512,1.0
2026-05-07 17:20:00+00:00,0.9643616180643706,0.9948445676791512,1.0
2026-05-07 17:25:00+00:00,0.9643616180643706,0.9948445676791512,1.0
2026-05-07 17:30:00+00:00,0.9643616180643706,0.9948445676791512,1.0
2026-05-07 17:35:00+00:00,0.9643616180643706,0.9948445676791512,1.0
2026-05-07 17:40:00+00:00,0.9643616180643706,0.9948445676791512,1.0
2026-05-07 17:45:00+00:00,0.9643616180643706,0.9948445676791512,1.0
2026-05-07 17:50:00+00:00,0.9643616180643706,0.9948445676791512,1.0
2026-05-07 17:55:00+00:00,0.9643616180643706,0.9948445676791512,1.0
2026-05-07 18:00:00+00:00,0.9643616180643706,0.9948445676791512,1.0
2026-05-07 18:05:00+00:00,0.9643616180643706,0.9948445676791512,1.0
2026-05-07 18:10:00+00:00,0.9643616180643706,0.9948445676791512,1.0
2026-05-07 18:15:00+00:00,0.9643616180643706,0.9948445676791512,1.0
2026-05-07 18:20:00+00:00,0.9643616180643706,0.9948445676791512,1.0
2026-05-07 18:25:00+00:00,0.9643616180643706,0.9948445676791512,1.0
2026-05-07 18:30:00+00:00,0.9643616180643706,0.9948445676791512,1.0
2026-05-07 18:35:00+00:00,0.9643616180643706,0.9989368592305368,1.0
2026-05-07 18:40:00+00:00,0.9643616180643706,1.0048507190433267,1.0
2026-05-07 18:45:00+00:00,0.9643616180643706,1.007632420315662,1.0
2026-05-07 18:50:00+00:00,0.9643616180643706,1.0048902501489538,1.0
2026-05-07 18:55:00+00:00,0.9643616180643706,1.010164815218296,1.0
2026-05-07 19:00:00+00:00,0.9643616180643706,1.0118332198321116,1.0
2026-05-07 19:05:00+00:00,0.9643616180643706,1.0149270033484035,1.0
2026-05-07 19:10:00+00:00,0.9643616180643706,1.0074159164196903,1.0
2026-05-07 19:15:00+00:00,0.9643616180643706,1.007043585031373,1.0
2026-05-07 19:20:00+00:00,0.9643616180643706,1.0066837923448972,1.0
2026-05-07 19:25:00+00:00,0.9643616180643706,1.01388672969988,1.0
2026-05-07 19:30:00+00:00,0.9643616180643706,1.013059074079924,1.0
2026-05-07 19:35:00+00:00,0.9643616180643706,1.005719949264621,1.0
2026-05-07 19:40:00+00:00,0.9643616180643706,1.0062615454786796,1.0
2026-05-07 19:45:00+00:00,0.9643616180643706,1.0024917107496092,1.0
2026-05-07 19:50:00+00:00,0.9643616180643706,1.0017899665520844,1.0
2026-05-07 19:55:00+00:00,0.9643616180643706,1.0017899665520844,1.0
2026-05-08 13:30:00+00:00,0.9643616180643706,1.0017899665520844,1.0
2026-05-08 13:35:00+00:00,0.9643616180643706,1.0017899665520844,1.0
2026-05-08 13:40:00+00:00,0.9643616180643706,1.0017899665520844,1.0
2026-05-08 13:45:00+00:00,0.9643616180643706,1.0017899665520844,1.0
2026-05-08 13:50:00+00:00,0.9643616180643706,1.0017899665520844,1.0
2026-05-08 13:55:00+00:00,0.9643616180643706,1.0017899665520844,1.0
2026-05-08 14:00:00+00:00,0.9643616180643706,1.0017899665520844,1.0
2026-05-08 14:05:00+00:00,0.9643616180643706,1.0017899665520844,1.0
2026-05-08 14:10:00+00:00,0.9643616180643706,1.0017899665520844,1.0
2026-05-08 14:15:00+00:00,0.9643616180643706,1.0017899665520844,1.0
2026-05-08 14:20:00+00:00,0.9643616180643706,1.0017899665520844,1.0
2026-05-08 14:25:00+00:00,0.9643616180643706,1.0017899665520844,1.0
2026-05-08 14:30:00+00:00,0.9643616180643706,1.0064758523455783,1.0
2026-05-08 14:35:00+00:00,0.9643616180643706,1.003624368624451,1.0
2026-05-08 14:40:00+00:00,0.9643616180643706,1.003774695421657,1.0
2026-05-08 14:45:00+00:00,0.9643616180643706,1.0002126126452258,1.0
2026-05-08 14:50:00+00:00,0.9643616180643706,1.0079177541936715,1.0
2026-05-08 14:55:00+00:00,0.9643616180643706,1.0074263875839558,1.0
2026-05-08 15:00:00+00:00,0.9643616180643706,1.0095266593403716,1.0
2026-05-08 15:05:00+00:00,0.9643616180643706,1.013805737419096,1.0
2026-05-08 15:10:00+00:00,0.9643616180643706,1.0111520259970415,1.0
2026-05-08 15:15:00+00:00,0.9643616180643706,1.013730475681038,1.0
2026-05-08 15:20:00+00:00,0.9643616180643706,1.0144449716206467,1.0
2026-05-08 15:25:00+00:00,0.9643616180643706,1.0090136715398481,1.0
2026-05-08 15:30:00+00:00,0.9643616180643706,1.01178287142028,1.0
2026-05-08 15:35:00+00:00,0.9643616180643706,1.009669995680694,1.0
2026-05-08 15:40:00+00:00,0.9643616180643706,1.0143808041202962,1.0
2026-05-08 15:45:00+00:00,0.9643616180643706,1.0091851169623711,1.0
2026-05-08 15:50:00+00:00,0.9643616180643706,1.0117954517392018,1.0
2026-05-08 15:55:00+00:00,0.9643616180643706,1.0055379290806812,1.0
2026-05-08 16:00:00+00:00,0.9643616180643706,1.0048340525303248,1.0
2026-05-08 16:05:00+00:00,0.9643616180643706,1.0048340525303248,1.0
2026-05-08 16:10:00+00:00,0.967511405522516,1.0048340525303248,1.0
2026-05-08 16:15:00+00:00,0.9657847179654002,1.0048340525303248,1.0
2026-05-08 16:20:00+00:00,0.9652603210756523,1.0048340525303248,1.0
2026-05-08 16:25:00+00:00,0.9660921577476117,1.0048340525303248,1.0
2026-05-08 16:30:00+00:00,0.9619923130221059,1.0048340525303248,1.0
2026-05-08 16:35:00+00:00,0.9600613116279225,1.0048340525303248,1.0
2026-05-08 16:40:00+00:00,0.9607938495659107,1.0048340525303248,1.0
2026-05-08 16:45:00+00:00,0.960808709230087,1.0048340525303248,1.0
2026-05-08 16:50:00+00:00,0.9608644520874239,1.0048340525303248,1.0
2026-05-08 16:55:00+00:00,0.9561018934906895,1.0048340525303248,1.0
2026-05-08 17:00:00+00:00,0.955432622165246,1.0048340525303248,1.0
2026-05-08 17:05:00+00:00,0.955432622165246,1.0048340525303248,1.0
2026-05-08 17:10:00+00:00,0.955432622165246,1.0048340525303248,1.0
2026-05-08 17:15:00+00:00,0.955432622165246,1.0048340525303248,1.0
2026-05-08 17:20:00+00:00,0.955432622165246,1.0048340525303248,1.0
2026-05-08 17:25:00+00:00,0.955432622165246,1.0048340525303248,1.0
2026-05-08 17:30:00+00:00,0.955432622165246,1.0048340525303248,1.0
2026-05-08 17:35:00+00:00,0.955432622165246,1.0048340525303248,1.0
2026-05-08 17:40:00+00:00,0.955432622165246,1.0048340525303248,1.0
2026-05-08 17:45:00+00:00,0.955432622165246,1.0048340525303248,1.0
2026-05-08 17:50:00+00:00,0.955432622165246,1.0048340525303248,1.0
2026-05-08 17:55:00+00:00,0.955432622165246,1.0048340525303248,1.0
2026-05-08 18:00:00+00:00,0.955432622165246,1.0048340525303248,1.0
2026-05-08 18:05:00+00:00,0.955432622165246,1.0048340525303248,1.0
2026-05-08 18:10:00+00:00,0.955432622165246,1.0048340525303248,1.0
2026-05-08 18:15:00+00:00,0.955432622165246,1.0048340525303248,1.0
2026-05-08 18:20:00+00:00,0.955432622165246,1.0048340525303248,1.0
2026-05-08 18:25:00+00:00,0.955432622165246,1.0048340525303248,1.0
2026-05-08 18:30:00+00:00,0.955432622165246,1.0048340525303248,1.0
2026-05-08 18:35:00+00:00,0.955432622165246,1.0048340525303248,1.0
2026-05-08 18:40:00+00:00,0.955432622165246,1.0048340525303248,1.0
2026-05-08 18:45:00+00:00,0.955432622165246,1.0048340525303248,1.0
2026-05-08 18:50:00+00:00,0.955432622165246,1.0048340525303248,1.0
2026-05-08 18:55:00+00:00,0.955432622165246,1.0048340525303248,1.0
2026-05-08 19:00:00+00:00,0.955432622165246,1.0048340525303248,1.0
2026-05-08 19:05:00+00:00,0.955432622165246,1.0048340525303248,1.0
2026-05-08 19:10:00+00:00,0.955432622165246,0.9967639916528414,1.0
2026-05-08 19:15:00+00:00,0.955432622165246,0.9957272034879787,1.0
2026-05-08 19:20:00+00:00,0.955432622165246,0.9898518713344576,1.0
2026-05-08 19:25:00+00:00,0.955432622165246,0.9891589750245234,1.0
2026-05-08 19:30:00+00:00,0.955432622165246,0.9891589750245234,1.0
2026-05-08 19:35:00+00:00,0.9534988488375502,0.9891589750245234,1.0
2026-05-08 19:40:00+00:00,0.9528313996433639,0.9891589750245234,1.0
2026-05-08 19:45:00+00:00,0.9528313996433639,0.9891589750245234,1.0
2026-05-08 19:50:00+00:00,0.9528313996433639,0.9891589750245234,1.0
2026-05-08 19:55:00+00:00,0.9528313996433639,0.9891589750245234,1.0
2026-05-11 13:30:00+00:00,0.9528313996433639,0.9891589750245234,1.0
2026-05-11 13:35:00+00:00,0.9528313996433639,0.9891589750245234,1.0
2026-05-11 13:40:00+00:00,0.9528313996433639,0.9783058676426214,1.0
2026-05-11 13:45:00+00:00,0.9528313996433639,0.9815299023074213,1.0
2026-05-11 13:50:00+00:00,0.9528313996433639,0.9861914389481975,1.0
2026-05-11 13:55:00+00:00,0.9528313996433639,0.9871604380868599,1.0
2026-05-11 14:00:00+00:00,0.9528313996433639,0.9830268751070589,1.0
2026-05-11 14:05:00+00:00,0.9528313996433639,0.9844895676349107,1.0
2026-05-11 14:10:00+00:00,0.9528313996433639,0.9886905118039374,1.0
2026-05-11 14:15:00+00:00,0.9528313996433639,0.9855325218457558,1.0
2026-05-11 14:20:00+00:00,0.9528313996433639,0.9825344463885711,1.0
2026-05-11 14:25:00+00:00,0.9528313996433639,0.982877881289191,1.0
2026-05-11 14:30:00+00:00,0.9528313996433639,0.9838777024596603,1.0
2026-05-11 14:35:00+00:00,0.9528313996433639,0.9812767197612954,1.0
2026-05-11 14:40:00+00:00,0.9528313996433639,0.9824477853905218,1.0
2026-05-11 14:45:00+00:00,0.9528313996433639,0.9817229777970738,1.0
2026-05-11 14:50:00+00:00,0.9528313996433639,0.9835488413733439,1.0
2026-05-11 14:55:00+00:00,0.9528313996433639,0.988424586048644,1.0
2026-05-11 15:00:00+00:00,0.9528313996433639,0.9868284732635277,1.0
2026-05-11 15:05:00+00:00,0.9528313996433639,0.9879680160067412,1.0
2026-05-11 15:10:00+00:00,0.9528313996433639,0.9833923845438113,1.0
2026-05-11 15:15:00+00:00,0.9535363378051269,0.9819764616220106,1.0
2026-05-11 15:20:00+00:00,0.9545584973574198,0.9812890780988751,1.0
2026-05-11 15:25:00+00:00,0.9525466985043934,0.9812890780988751,1.0
2026-05-11 15:30:00+00:00,0.950321513711847,0.9812890780988751,1.0
2026-05-11 15:35:00+00:00,0.9496562886522487,0.9812890780988751,1.0
2026-05-11 15:40:00+00:00,0.9496562886522487,0.9812890780988751,1.0
2026-05-11 15:45:00+00:00,0.9496562886522487,0.9812890780988751,1.0
2026-05-11 15:50:00+00:00,0.9496562886522487,0.9812890780988751,1.0
2026-05-11 15:55:00+00:00,0.9496562886522487,0.9812890780988751,1.0
2026-05-11 16:00:00+00:00,0.9496562886522487,0.9812890780988751,1.0
2026-05-11 16:05:00+00:00,0.9496562886522487,0.9865525779028775,1.0
2026-05-11 16:10:00+00:00,0.9496562886522487,0.9896084568189124,1.0
2026-05-11 16:15:00+00:00,0.9496562886522487,0.9898128363102859,1.0
2026-05-11 16:20:00+00:00,0.9496562886522487,0.9907070903124545,1.0
2026-05-11 16:25:00+00:00,0.9496562886522487,0.9867943308015612,1.0
2026-05-11 16:30:00+00:00,0.9496562886522487,0.9928453849853458,1.0
2026-05-11 16:35:00+00:00,0.9496562886522487,0.994179345694489,1.0
2026-05-11 16:40:00+00:00,0.9496562886522487,0.9900413638847136,1.0
2026-05-11 16:45:00+00:00,0.9496562886522487,0.9860904507856744,1.0
2026-05-11 16:50:00+00:00,0.9496562886522487,0.9822147009795396,1.0
2026-05-11 16:55:00+00:00,0.9496562886522487,0.9802244638584966,1.0
2026-05-11 17:00:00+00:00,0.9496562886522487,0.9795383067337956,1.0
2026-05-11 17:05:00+00:00,0.9496562886522487,0.9795383067337956,1.0
2026-05-11 17:10:00+00:00,0.9496562886522487,0.9795383067337956,1.0
2026-05-11 17:15:00+00:00,0.9496562886522487,0.9795383067337956,1.0
2026-05-11 17:20:00+00:00,0.9496562886522487,0.9795383067337956,1.0
2026-05-11 17:25:00+00:00,0.9496562886522487,0.9795383067337956,1.0
2026-05-11 17:30:00+00:00,0.9496562886522487,0.9795383067337956,1.0
2026-05-11 17:35:00+00:00,0.9496562886522487,0.9795383067337956,1.0
2026-05-11 17:40:00+00:00,0.9496562886522487,0.9795383067337956,1.0
2026-05-11 17:45:00+00:00,0.9496562886522487,0.9795383067337956,1.0
2026-05-11 17:50:00+00:00,0.9496562886522487,0.9795383067337956,1.0
2026-05-11 17:55:00+00:00,0.9496562886522487,0.9795383067337956,1.0
2026-05-11 18:00:00+00:00,0.9496562886522487,0.9795383067337956,1.0
2026-05-11 18:05:00+00:00,0.9496562886522487,0.9717331231186666,1.0
2026-05-11 18:10:00+00:00,0.9496562886522487,0.9731214534597286,1.0
2026-05-11 18:15:00+00:00,0.9496562886522487,0.9683808835160126,1.0
2026-05-11 18:20:00+00:00,0.9496562886522487,0.9677030168975513,1.0
2026-05-11 18:25:00+00:00,0.9496562886522487,0.9677030168975513,1.0
2026-05-11 18:30:00+00:00,0.9496562886522487,0.9677030168975513,1.0
2026-05-11 18:35:00+00:00,0.9496562886522487,0.9669551565191822,1.0
2026-05-11 18:40:00+00:00,0.9496562886522487,0.9690072416636898,1.0
2026-05-11 18:45:00+00:00,0.9496562886522487,0.9645521125277401,1.0
2026-05-11 18:50:00+00:00,0.9496562886522487,0.9605788307992503,1.0
2026-05-11 18:55:00+00:00,0.9496562886522487,0.9571202143298628,1.0
2026-05-11 19:00:00+00:00,0.9496562886522487,0.9564502301798319,1.0
2026-05-11 19:05:00+00:00,0.9496562886522487,0.9564502301798319,1.0
2026-05-11 19:10:00+00:00,0.9496562886522487,0.9564502301798319,1.0
2026-05-11 19:15:00+00:00,0.9496562886522487,0.9564502301798319,1.0
2026-05-11 19:20:00+00:00,0.9496562886522487,0.9564502301798319,1.0
2026-05-11 19:25:00+00:00,0.9496562886522487,0.9564502301798319,1.0
2026-05-11 19:30:00+00:00,0.9496562886522487,0.9564502301798319,1.0
2026-05-11 19:35:00+00:00,0.9496562886522487,0.9564502301798319,1.0
2026-05-11 19:40:00+00:00,0.9496562886522487,0.9564502301798319,1.0
2026-05-11 19:45:00+00:00,0.9496562886522487,0.9564502301798319,1.0
2026-05-11 19:50:00+00:00,0.9496562886522487,0.9564502301798319,1.0
2026-05-11 19:55:00+00:00,0.9496562886522487,0.9564502301798319,1.0
2026-05-12 13:30:00+00:00,0.9496562886522487,0.9564502301798319,1.0
2026-05-12 13:35:00+00:00,0.9496562886522487,0.9520854805271984,1.0
2026-05-12 13:40:00+00:00,0.9496562886522487,0.9539293644117318,1.0
2026-05-12 13:45:00+00:00,0.9496562886522487,0.9638707202292586,1.0
2026-05-12 13:50:00+00:00,0.9496562886522487,0.9639394666635114,1.0
2026-05-12 13:55:00+00:00,0.9496562886522487,0.968285357472857,1.0
2026-05-12 14:00:00+00:00,0.9496562886522487,0.9665741374524713,1.0
2026-05-12 14:05:00+00:00,0.9496562886522487,0.9607827498081791,1.0
2026-05-12 14:10:00+00:00,0.9496562886522487,0.957305811146392,1.0
2026-05-12 14:15:00+00:00,0.9496562886522487,0.9594215074643848,1.0
2026-05-12 14:20:00+00:00,0.9496562886522487,0.9645931056684613,1.0
2026-05-12 14:25:00+00:00,0.9496562886522487,0.9651371781281537,1.0
2026-05-12 14:30:00+00:00,0.9496562886522487,0.9632690427880182,1.0
2026-05-12 14:35:00+00:00,0.9496562886522487,0.967077973417872,1.0
2026-05-12 14:40:00+00:00,0.9496562886522487,0.966532030300471,1.0
2026-05-12 14:45:00+00:00,0.9496562886522487,0.9701583852441397,1.0
2026-05-12 14:50:00+00:00,0.9496562886522487,0.9698644234920396,1.0
2026-05-12 14:55:00+00:00,0.9496562886522487,0.9727397370456281,1.0
2026-05-12 15:00:00+00:00,0.9496562886522487,0.973616739969761,1.0
2026-05-12 15:05:00+00:00,0.9496562886522487,0.9668610941350579,1.0
2026-05-12 15:10:00+00:00,0.9496562886522487,0.9657485111732724,1.0
2026-05-12 15:15:00+00:00,0.9496562886522487,0.9640957199309885,1.0
2026-05-12 15:20:00+00:00,0.9496562886522487,0.9650086845241844,1.0
2026-05-12 15:25:00+00:00,0.9496562886522487,0.9601096752761,1.0
2026-05-12 15:30:00+00:00,0.9496562886522487,0.9594375985034067,1.0
2026-05-12 15:35:00+00:00,0.9496562886522487,0.9594375985034067,1.0
2026-05-12 15:40:00+00:00,0.9496562886522487,0.9594375985034067,1.0
2026-05-12 15:45:00+00:00,0.9496562886522487,0.9594375985034067,1.0
2026-05-12 15:50:00+00:00,0.9496562886522487,0.9594375985034067,1.0
2026-05-12 15:55:00+00:00,0.9496562886522487,0.9601198621879776,1.0
2026-05-12 16:00:00+00:00,0.9496562886522487,0.9597751748757153,1.0
2026-05-12 16:05:00+00:00,0.9496562886522487,0.9619924009010489,1.0
2026-05-12 16:10:00+00:00,0.9496562886522487,0.9588786214120512,1.0
2026-05-12 16:15:00+00:00,0.9496562886522487,0.9596446583374618,1.0
2026-05-12 16:20:00+00:00,0.9496562886522487,0.9633175708029366,1.0
2026-05-12 16:25:00+00:00,0.9496562886522487,0.968370258016409,1.0
2026-05-12 16:30:00+00:00,0.9496562886522487,0.9642578782130237,1.0
2026-05-12 16:35:00+00:00,0.9496562886522487,0.9630611024450532,1.0
2026-05-12 16:40:00+00:00,0.9496562886522487,0.9619189207059934,1.0
2026-05-12 16:45:00+00:00,0.9496562886522487,0.9633110406217893,1.0
2026-05-12 16:50:00+00:00,0.9496562886522487,0.9623241306576584,1.0
2026-05-12 16:55:00+00:00,0.9496562886522487,0.9621968559498436,1.0
2026-05-12 17:00:00+00:00,0.9496562886522487,0.9614088181927462,1.0
2026-05-12 17:05:00+00:00,0.9496562886522487,0.9665265178607292,1.0
2026-05-12 17:10:00+00:00,0.9496562886522487,0.9738999455284028,1.0
2026-05-12 17:15:00+00:00,0.9496562886522487,0.9705340140011313,1.0
2026-05-12 17:20:00+00:00,0.9496562886522487,0.9708486423185806,1.0
2026-05-12 17:25:00+00:00,0.9496562886522487,0.9659038330996309,1.0
2026-05-12 17:30:00+00:00,0.9496562886522487,0.9664162639953561,1.0
2026-05-12 17:35:00+00:00,0.9496562886522487,0.9635395938139136,1.0
2026-05-12 17:40:00+00:00,0.9496562886522487,0.9577400947284421,1.0
2026-05-12 17:45:00+00:00,0.9496562886522487,0.9570696766621322,1.0
2026-05-12 17:50:00+00:00,0.9496562886522487,0.9570696766621322,1.0
2026-05-12 17:55:00+00:00,0.9496562886522487,0.9570696766621322,1.0
2026-05-12 18:00:00+00:00,0.9496562886522487,0.9570696766621322,1.0
2026-05-12 18:05:00+00:00,0.9496562886522487,0.9570696766621322,1.0
2026-05-12 18:10:00+00:00,0.9496562886522487,0.9570696766621322,1.0
2026-05-12 18:15:00+00:00,0.9496562886522487,0.9570696766621322,1.0
2026-05-12 18:20:00+00:00,0.9496562886522487,0.9570696766621322,1.0
2026-05-12 18:25:00+00:00,0.9496562886522487,0.9570696766621322,1.0
2026-05-12 18:30:00+00:00,0.9496562886522487,0.9570696766621322,1.0
2026-05-12 18:35:00+00:00,0.9496562886522487,0.9570696766621322,1.0
2026-05-12 18:40:00+00:00,0.9496562886522487,0.9570696766621322,1.0
2026-05-12 18:45:00+00:00,0.9496562886522487,0.9570696766621322,1.0
2026-05-12 18:50:00+00:00,0.9496562886522487,0.9610528953413939,1.0
2026-05-12 18:55:00+00:00,0.9496562886522487,0.9550313589087832,1.0
2026-05-12 19:00:00+00:00,0.9496562886522487,0.9539546245541609,1.0
2026-05-12 19:05:00+00:00,0.9496562886522487,0.9535171017903383,1.0
2026-05-12 19:10:00+00:00,0.9496562886522487,0.9523121532250861,1.0
2026-05-12 19:15:00+00:00,0.9496562886522487,0.9530127157323973,1.0
2026-05-12 19:20:00+00:00,0.9496562886522487,0.9599987920762303,1.0
2026-05-12 19:25:00+00:00,0.9496562886522487,0.9611811466118041,1.0
2026-05-12 19:30:00+00:00,0.9496562886522487,0.9569751742163517,1.0
2026-05-12 19:35:00+00:00,0.9496562886522487,0.9487380155080715,1.0
2026-05-12 19:40:00+00:00,0.9496562886522487,0.9480738988972158,1.0
2026-05-12 19:45:00+00:00,0.9496562886522487,0.9480738988972158,1.0
2026-05-12 19:50:00+00:00,0.9496562886522487,0.9480738988972158,1.0
2026-05-12 19:55:00+00:00,0.9496562886522487,0.9480738988972158,1.0
2026-05-13 13:30:00+00:00,0.9496562886522487,0.9480738988972158,1.0
2026-05-13 13:35:00+00:00,0.9496562886522487,0.9480738988972158,1.0
2026-05-13 13:40:00+00:00,0.9496562886522487,0.9480738988972158,1.0
2026-05-13 13:45:00+00:00,0.9496562886522487,0.9480738988972158,1.0
2026-05-13 13:50:00+00:00,0.9496562886522487,0.9480738988972158,1.0
2026-05-13 13:55:00+00:00,0.9496562886522487,0.9480738988972158,1.0
2026-05-13 14:00:00+00:00,0.9496562886522487,0.9480738988972158,1.0
2026-05-13 14:05:00+00:00,0.9496562886522487,0.9480738988972158,1.0
2026-05-13 14:10:00+00:00,0.9496562886522487,0.9480738988972158,1.0
2026-05-13 14:15:00+00:00,0.9496562886522487,0.9480738988972158,1.0
2026-05-13 14:20:00+00:00,0.9496562886522487,0.9480738988972158,1.0
2026-05-13 14:25:00+00:00,0.9496562886522487,0.9480738988972158,1.0
2026-05-13 14:30:00+00:00,0.9496562886522487,0.9480738988972158,1.0
2026-05-13 14:35:00+00:00,0.9496562886522487,0.9480738988972158,1.0
2026-05-13 14:40:00+00:00,0.9496562886522487,0.9480738988972158,1.0
2026-05-13 14:45:00+00:00,0.9496562886522487,0.9480738988972158,1.0
2026-05-13 14:50:00+00:00,0.9496562886522487,0.9480738988972158,1.0
2026-05-13 14:55:00+00:00,0.9496562886522487,0.9436507592473768,1.0
2026-05-13 15:00:00+00:00,0.9496562886522487,0.9430233570258936,1.0
2026-05-13 15:05:00+00:00,0.9496562886522487,0.9404274348202593,1.0
2026-05-13 15:10:00+00:00,0.9496562886522487,0.9396681896013918,1.0
2026-05-13 15:15:00+00:00,0.9496562886522487,0.9390104218686708,1.0
2026-05-13 15:20:00+00:00,0.9496562886522487,0.9390104218686708,1.0
2026-05-13 15:25:00+00:00,0.9504268546993746,0.9390104218686708,1.0
2026-05-13 15:30:00+00:00,0.9516785946720695,0.9390104218686708,1.0
2026-05-13 15:35:00+00:00,0.9516511438769615,0.9390104218686708,1.0
2026-05-13 15:40:00+00:00,0.9532708750661687,0.9390104218686708,1.0
2026-05-13 15:45:00+00:00,0.9496418970253317,0.9390104218686708,1.0
2026-05-13 15:50:00+00:00,0.9523981859320825,0.9390104218686708,1.0
2026-05-13 15:55:00+00:00,0.9497651047619267,0.9390104218686708,1.0
2026-05-13 16:00:00+00:00,0.9415858422818894,0.9390104218686708,1.0
2026-05-13 16:05:00+00:00,0.940926732192292,0.9390104218686708,1.0
2026-05-13 16:10:00+00:00,0.940926732192292,0.9390104218686708,1.0
2026-05-13 16:15:00+00:00,0.940926732192292,0.9390104218686708,1.0
2026-05-13 16:20:00+00:00,0.940926732192292,0.9390104218686708,1.0
2026-05-13 16:25:00+00:00,0.940926732192292,0.9390104218686708,1.0
2026-05-13 16:30:00+00:00,0.940926732192292,0.9390104218686708,1.0
2026-05-13 16:35:00+00:00,0.940926732192292,0.9390104218686708,1.0
2026-05-13 16:40:00+00:00,0.942073327678708,0.9390104218686708,1.0
2026-05-13 16:45:00+00:00,0.9441987484642241,0.9390104218686708,1.0
2026-05-13 16:50:00+00:00,0.9476829902532015,0.9390104218686708,1.0
2026-05-13 16:55:00+00:00,0.9472348612387078,0.9379090865394324,1.0
2026-05-13 17:00:00+00:00,0.9418655071147602,0.9325925951097221,1.0
2026-05-13 17:05:00+00:00,0.9372850244600169,0.928057208503488,1.0
2026-05-13 17:10:00+00:00,0.9356640799681666,0.9274075684575356,1.0
2026-05-13 17:15:00+00:00,0.9350091151121889,0.9274075684575356,1.0
2026-05-13 17:20:00+00:00,0.9350091151121889,0.9274075684575356,1.0
2026-05-13 17:25:00+00:00,0.9350091151121889,0.9274075684575356,1.0
2026-05-13 17:30:00+00:00,0.9350091151121889,0.9274075684575356,1.0
2026-05-13 17:35:00+00:00,0.9350091151121889,0.9274075684575356,1.0
2026-05-13 17:40:00+00:00,0.9350091151121889,0.9274075684575356,1.0
2026-05-13 17:45:00+00:00,0.9350091151121889,0.9274075684575356,1.0
2026-05-13 17:50:00+00:00,0.9350091151121889,0.9274075684575356,1.0
2026-05-13 17:55:00+00:00,0.9350091151121889,0.9238367620004734,1.0
2026-05-13 18:00:00+00:00,0.9350091151121889,0.9202166388016055,1.0
2026-05-13 18:05:00+00:00,0.9350091151121889,0.9256926290862103,1.0
2026-05-13 18:10:00+00:00,0.9350091151121889,0.9322489253038035,1.0
2026-05-13 18:15:00+00:00,0.9350091151121889,0.9259945474119757,1.0
2026-05-13 18:20:00+00:00,0.9350091151121889,0.9350845282308207,1.0
2026-05-13 18:25:00+00:00,0.9350091151121889,0.9299842836153218,1.0
2026-05-13 18:30:00+00:00,0.9350091151121889,0.9362700325995056,1.0
2026-05-13 18:35:00+00:00,0.9350091151121889,0.938443048491773,1.0
2026-05-13 18:40:00+00:00,0.9350091151121889,0.9392587027485555,1.0
2026-05-13 18:45:00+00:00,0.9350091151121889,0.9392351943774432,1.0
2026-05-13 18:50:00+00:00,0.9350091151121889,0.9377644328892938,1.0
2026-05-13 18:55:00+00:00,0.9350091151121889,0.9361561541251406,1.0
2026-05-13 19:00:00+00:00,0.9350091151121889,0.9405658084407318,1.0
2026-05-13 19:05:00+00:00,0.9350091151121889,0.9396028994333617,1.0
2026-05-13 19:10:00+00:00,0.9350091151121889,0.9418360291692023,1.0
2026-05-13 19:15:00+00:00,0.9350091151121889,0.9417130563775705,1.0
2026-05-13 19:20:00+00:00,0.9350091151121889,0.9428640238879578,1.0
2026-05-13 19:25:00+00:00,0.9350091151121889,0.9422639794751089,1.0
2026-05-13 19:30:00+00:00,0.9350091151121889,0.9428049302751357,1.0
2026-05-13 19:35:00+00:00,0.9350091151121889,0.9413671802637176,1.0
2026-05-13 19:40:00+00:00,0.9350091151121889,0.9418295932045107,1.0
2026-05-13 19:45:00+00:00,0.9350091151121889,0.9375594514435006,1.0
2026-05-13 19:50:00+00:00,0.9350091151121889,0.9365831837760756,1.0
2026-05-13 19:55:00+00:00,0.9350091151121889,0.9392579898114856,1.0
2026-05-14 13:30:00+00:00,0.9350091151121889,0.9349902886177046,1.0
2026-05-14 13:35:00+00:00,0.9350091151121889,0.9343357954156721,1.0
2026-05-14 13:40:00+00:00,0.9350091151121889,0.9343357954156721,1.0
2026-05-14 13:45:00+00:00,0.9350091151121889,0.9343357954156721,1.0
2026-05-14 13:50:00+00:00,0.9350091151121889,0.9343357954156721,1.0
2026-05-14 13:55:00+00:00,0.9350091151121889,0.9343357954156721,1.0
2026-05-14 14:00:00+00:00,0.9350091151121889,0.9343357954156721,1.0
2026-05-14 14:05:00+00:00,0.9350091151121889,0.9343357954156721,1.0
2026-05-14 14:10:00+00:00,0.9350091151121889,0.9343357954156721,1.0
2026-05-14 14:15:00+00:00,0.9350091151121889,0.9343357954156721,1.0
2026-05-14 14:20:00+00:00,0.9350091151121889,0.9343357954156721,1.0
2026-05-14 14:25:00+00:00,0.9350091151121889,0.9343357954156721,1.0
2026-05-14 14:30:00+00:00,0.9334640936010157,0.9343357954156721,1.0
2026-05-14 14:35:00+00:00,0.9328106687354949,0.9343357954156721,1.0
2026-05-14 14:40:00+00:00,0.9353389461396491,0.9343357954156721,1.0
2026-05-14 14:45:00+00:00,0.9372843604559772,0.9343357954156721,1.0
2026-05-14 14:50:00+00:00,0.9347916354329304,0.9343357954156721,1.0
2026-05-14 14:55:00+00:00,0.9305802942629974,0.9343357954156721,1.0
2026-05-14 15:00:00+00:00,0.9299288880570132,0.9343357954156721,1.0
2026-05-14 15:05:00+00:00,0.9299288880570132,0.9343357954156721,1.0
2026-05-14 15:10:00+00:00,0.9299288880570132,0.9343357954156721,1.0
2026-05-14 15:15:00+00:00,0.9299288880570132,0.9343357954156721,1.0
2026-05-14 15:20:00+00:00,0.9299288880570132,0.9343357954156721,1.0
2026-05-14 15:25:00+00:00,0.9299288880570132,0.9343357954156721,1.0
2026-05-14 15:30:00+00:00,0.9299288880570132,0.9343357954156721,1.0
2026-05-14 15:35:00+00:00,0.9299288880570132,0.9343357954156721,1.0
2026-05-14 15:40:00+00:00,0.9299288880570132,0.9343357954156721,1.0
2026-05-14 15:45:00+00:00,0.9299288880570132,0.9343357954156721,1.0
2026-05-14 15:50:00+00:00,0.9299288880570132,0.9343357954156721,1.0
2026-05-14 15:55:00+00:00,0.9299288880570132,0.9336411514968719,1.0
2026-05-14 16:00:00+00:00,0.9299288880570132,0.9383623340970405,1.0
2026-05-14 16:05:00+00:00,0.9299288880570132,0.9476291845603001,1.0
2026-05-14 16:10:00+00:00,0.9299288880570132,0.9513826513047836,1.0
2026-05-14 16:15:00+00:00,0.9299288880570132,0.9554845076084134,1.0
2026-05-14 16:20:00+00:00,0.9299288880570132,0.9579552445236248,1.0
2026-05-14 16:25:00+00:00,0.9299288880570132,0.9578878421093839,1.0
2026-05-14 16:30:00+00:00,0.9299288880570132,0.9568819813006816,1.0
2026-05-14 16:35:00+00:00,0.9299288880570132,0.9579793103683218,1.0
2026-05-14 16:40:00+00:00,0.9299288880570132,0.9612588180429877,1.0
2026-05-14 16:45:00+00:00,0.9299288880570132,0.962616300322924,1.0
2026-05-14 16:50:00+00:00,0.9299288880570132,0.9623783109674822,1.0
2026-05-14 16:55:00+00:00,0.9299288880570132,0.9588206455535127,1.0
2026-05-14 17:00:00+00:00,0.9299288880570132,0.9579509132491335,1.0
2026-05-14 17:05:00+00:00,0.9299288880570132,0.956943369014514,1.0
2026-05-14 17:10:00+00:00,0.9299288880570132,0.9531585563084501,1.0
2026-05-14 17:15:00+00:00,0.9299288880570132,0.9620274478710161,1.0
2026-05-14 17:20:00+00:00,0.9299288880570132,0.9586011849404786,1.0
2026-05-14 17:25:00+00:00,0.9299288880570132,0.959881396297417,1.0
2026-05-14 17:30:00+00:00,0.9299288880570132,0.9561891402597016,1.0
2026-05-14 17:35:00+00:00,0.9299288880570132,0.963065386189412,1.0
2026-05-14 17:40:00+00:00,0.9299288880570132,0.9663365163303974,1.0
2026-05-14 17:45:00+00:00,0.9299288880570132,0.9662596882100061,1.0
2026-05-14 17:50:00+00:00,0.9299288880570132,0.9675604391063437,1.0
2026-05-14 17:55:00+00:00,0.9299288880570132,0.9716922002951173,1.0
2026-05-14 18:00:00+00:00,0.9299288880570132,0.9731234216157618,1.0
2026-05-14 18:05:00+00:00,0.9299288880570132,0.9799973152265613,1.0
2026-05-14 18:10:00+00:00,0.9299288880570132,0.9816298993007176,1.0
2026-05-14 18:15:00+00:00,0.9299288880570132,0.9827594190955102,1.0
2026-05-14 18:20:00+00:00,0.9299288880570132,0.985485274179106,1.0
2026-05-14 18:25:00+00:00,0.9299288880570132,0.9781634740742344,1.0
2026-05-14 18:30:00+00:00,0.9299288880570132,0.9734142233183608,1.0
2026-05-14 18:35:00+00:00,0.9299288880570132,0.9783943793540946,1.0
2026-05-14 18:40:00+00:00,0.9299288880570132,0.9822997542253377,1.0
2026-05-14 18:45:00+00:00,0.9299288880570132,0.9707695952034127,1.0
2026-05-14 18:50:00+00:00,0.9299288880570132,0.9760900658043723,1.0
2026-05-14 18:55:00+00:00,0.9299288880570132,0.9731780840197489,1.0
2026-05-14 19:00:00+00:00,0.9299288880570132,0.9716148937728307,1.0
2026-05-14 19:05:00+00:00,0.9299288880570132,0.9628934363677445,1.0
2026-05-14 19:10:00+00:00,0.9299288880570132,0.962219410962287,1.0
2026-05-14 19:15:00+00:00,0.9299288880570132,0.962219410962287,1.0
2026-05-14 19:20:00+00:00,0.9299288880570132,0.959266801038896,1.0
2026-05-14 19:25:00+00:00,0.9299288880570132,0.9609559473677484,1.0
2026-05-14 19:30:00+00:00,0.9299288880570132,0.9550533763965097,1.0
2026-05-14 19:35:00+00:00,0.9299288880570132,0.9617631698489489,1.0
2026-05-14 19:40:00+00:00,0.9299288880570132,0.9556192313476383,1.0
2026-05-14 19:45:00+00:00,0.9299288880570132,0.9570434875335293,1.0
2026-05-14 19:50:00+00:00,0.9299288880570132,0.952269397562978,1.0
2026-05-14 19:55:00+00:00,0.9299288880570132,0.9535214149372252,1.0
2026-05-15 13:30:00+00:00,0.9299288880570132,0.9608140801163539,1.0
2026-05-15 13:35:00+00:00,0.9299288880570132,0.9560711159285323,1.0
2026-05-15 13:40:00+00:00,0.9299288880570132,0.9592156072288663,1.0
2026-05-15 13:45:00+00:00,0.9299288880570132,0.9557018477522806,1.0
2026-05-15 13:50:00+00:00,0.9299288880570132,0.9577091207184938,1.0
2026-05-15 13:55:00+00:00,0.9299288880570132,0.9601597116434708,1.0
2026-05-15 14:00:00+00:00,0.9299288880570132,0.9532519012750266,1.0
2026-05-15 14:05:00+00:00,0.9299288880570132,0.952584624944134,1.0
2026-05-15 14:10:00+00:00,0.9299288880570132,0.952584624944134,1.0
2026-05-15 14:15:00+00:00,0.9299288880570132,0.952584624944134,1.0
2026-05-15 14:20:00+00:00,0.9299288880570132,0.952584624944134,1.0
2026-05-15 14:25:00+00:00,0.9299288880570132,0.952584624944134,1.0
2026-05-15 14:30:00+00:00,0.9299288880570132,0.952584624944134,1.0
2026-05-15 14:35:00+00:00,0.9299288880570132,0.952584624944134,1.0
2026-05-15 14:40:00+00:00,0.9299288880570132,0.952584624944134,1.0
2026-05-15 14:45:00+00:00,0.9299288880570132,0.952584624944134,1.0
2026-05-15 14:50:00+00:00,0.9299288880570132,0.952584624944134,1.0
2026-05-15 14:55:00+00:00,0.9299288880570132,0.952584624944134,1.0
2026-05-15 15:00:00+00:00,0.9299288880570132,0.952584624944134,1.0
2026-05-15 15:05:00+00:00,0.9299288880570132,0.952584624944134,1.0
2026-05-15 15:10:00+00:00,0.9299288880570132,0.952584624944134,1.0
2026-05-15 15:15:00+00:00,0.9299288880570132,0.952584624944134,1.0
2026-05-15 15:20:00+00:00,0.9299288880570132,0.952584624944134,1.0
2026-05-15 15:25:00+00:00,0.9299288880570132,0.9504236624083903,1.0
2026-05-15 15:30:00+00:00,0.9299288880570132,0.9551371306479991,1.0
2026-05-15 15:35:00+00:00,0.9299288880570132,0.9551940348007679,1.0
2026-05-15 15:40:00+00:00,0.9299288880570132,0.9563736404889878,1.0
2026-05-15 15:45:00+00:00,0.9299288880570132,0.9575607099193885,1.0
2026-05-15 15:50:00+00:00,0.9299288880570132,0.9559224828016127,1.0
2026-05-15 15:55:00+00:00,0.9299288880570132,0.9525644662283574,1.0
2026-05-15 16:00:00+00:00,0.9299288880570132,0.9499176186514996,1.0
2026-05-15 16:05:00+00:00,0.9299288880570132,0.9503156555402246,1.0
2026-05-15 16:10:00+00:00,0.9299288880570132,0.9511858307123935,1.0
2026-05-15 16:15:00+00:00,0.9299288880570132,0.9500810064032181,1.0
2026-05-15 16:20:00+00:00,0.9299288880570132,0.9497520248533924,1.0
2026-05-15 16:25:00+00:00,0.9299288880570132,0.9543999283407092,1.0
2026-05-15 16:30:00+00:00,0.9299288880570132,0.9534324588745652,1.0
2026-05-15 16:35:00+00:00,0.9299288880570132,0.9533664914792127,1.0
2026-05-15 16:40:00+00:00,0.9299288880570132,0.956802796222237,1.0
2026-05-15 16:45:00+00:00,0.9299288880570132,0.9570241398089239,1.0
2026-05-15 16:50:00+00:00,0.9299288880570132,0.951977159488857,1.0
2026-05-15 16:55:00+00:00,0.9299288880570132,0.9553774383444681,1.0
2026-05-15 17:00:00+00:00,0.9299288880570132,0.9588109704703491,1.0
2026-05-15 17:05:00+00:00,0.9299288880570132,0.9606944521393735,1.0
2026-05-15 17:10:00+00:00,0.9299288880570132,0.9649202263931448,1.0
2026-05-15 17:15:00+00:00,0.9299288880570132,0.9612210409106452,1.0
2026-05-15 17:20:00+00:00,0.9299288880570132,0.9628713676107653,1.0
2026-05-15 17:25:00+00:00,0.9299288880570132,0.9612247776908753,1.0
2026-05-15 17:30:00+00:00,0.9299288880570132,0.9696325873962351,1.0
2026-05-15 17:35:00+00:00,0.9299288880570132,0.9711913408774255,1.0
2026-05-15 17:40:00+00:00,0.9299288880570132,0.9671445617121349,1.0
2026-05-15 17:45:00+00:00,0.9299288880570132,0.9747443817010623,1.0
2026-05-15 17:50:00+00:00,0.9299288880570132,0.973681669879473,1.0
2026-05-15 17:55:00+00:00,0.9299288880570132,0.9781145761142263,1.0
2026-05-15 18:00:00+00:00,0.9299288880570132,0.9817390585480251,1.0
2026-05-15 18:05:00+00:00,0.9299288880570132,0.9840012489101474,1.0
2026-05-15 18:10:00+00:00,0.9299288880570132,0.984207593101841,1.0
2026-05-15 18:15:00+00:00,0.9299288880570132,0.9803001207711812,1.0
2026-05-15 18:20:00+00:00,0.9299288880570132,0.9778069126746366,1.0
2026-05-15 18:25:00+00:00,0.9299288880570132,0.9755972277803628,1.0
2026-05-15 18:30:00+00:00,0.9299288880570132,0.9840700904006348,1.0
2026-05-15 18:35:00+00:00,0.9299288880570132,0.9773556339544751,1.0
2026-05-15 18:40:00+00:00,0.9299288880570132,0.9824315411671699,1.0
2026-05-15 18:45:00+00:00,0.9299288880570132,0.9864559043829927,1.0
2026-05-15 18:50:00+00:00,0.9299288880570132,0.9878098487066448,1.0
2026-05-15 18:55:00+00:00,0.9299288880570132,0.9920543340679687,1.0
2026-05-15 19:00:00+00:00,0.9299288880570132,0.9948512704624894,1.0
2026-05-15 19:05:00+00:00,0.9299288880570132,0.9882825759083731,1.0
2026-05-15 19:10:00+00:00,0.9299288880570132,0.9914765450476543,1.0
2026-05-15 19:15:00+00:00,0.9299288880570132,0.9869013061839567,1.0
2026-05-15 19:20:00+00:00,0.9299288880570132,0.9868378705614741,1.0
2026-05-15 19:25:00+00:00,0.9299288880570132,0.9853108481187253,1.0
2026-05-15 19:30:00+00:00,0.9299288880570132,0.9886249875186028,1.0
2026-05-15 19:35:00+00:00,0.9299288880570132,0.9867593441435463,1.0
2026-05-15 19:40:00+00:00,0.9299288880570132,0.9852893830007432,1.0
2026-05-15 19:45:00+00:00,0.9299288880570132,0.9860596134943557,1.0
2026-05-15 19:50:00+00:00,0.9299288880570132,0.986390813548953,1.0
2026-05-15 19:55:00+00:00,0.9299288880570132,0.9949164880260107,1.0
2026-05-18 13:30:00+00:00,0.9299288880570132,0.9925083054190448,1.0
2026-05-18 13:35:00+00:00,0.9299288880570132,0.990303993863166,1.0
2026-05-18 13:40:00+00:00,0.9299288880570132,0.9834576832192857,1.0
2026-05-18 13:45:00+00:00,0.9299288880570132,0.9827692628410322,1.0
2026-05-18 13:50:00+00:00,0.9299288880570132,0.9827692628410322,1.0
2026-05-18 13:55:00+00:00,0.9299288880570132,0.9827692628410322,1.0
2026-05-18 14:00:00+00:00,0.9299288880570132,0.9827692628410322,1.0
2026-05-18 14:05:00+00:00,0.9299288880570132,0.9827692628410322,1.0
2026-05-18 14:10:00+00:00,0.9299288880570132,0.9827692628410322,1.0
2026-05-18 14:15:00+00:00,0.9299288880570132,0.9827692628410322,1.0
2026-05-18 14:20:00+00:00,0.9299288880570132,0.9827692628410322,1.0
2026-05-18 14:25:00+00:00,0.9299288880570132,0.9827692628410322,1.0
2026-05-18 14:30:00+00:00,0.9299288880570132,0.9827692628410322,1.0
2026-05-18 14:35:00+00:00,0.9299288880570132,0.9827692628410322,1.0
2026-05-18 14:40:00+00:00,0.9299288880570132,0.9827692628410322,1.0
2026-05-18 14:45:00+00:00,0.9299288880570132,0.9827692628410322,1.0
2026-05-18 14:50:00+00:00,0.9299288880570132,0.9827692628410322,1.0
2026-05-18 14:55:00+00:00,0.9299288880570132,0.9827692628410322,1.0
2026-05-18 15:00:00+00:00,0.9299288880570132,0.9827692628410322,1.0
2026-05-18 15:05:00+00:00,0.9299288880570132,0.9827692628410322,1.0
2026-05-18 15:10:00+00:00,0.9299288880570132,0.9827692628410322,1.0
2026-05-18 15:15:00+00:00,0.9299288880570132,0.9827692628410322,1.0
2026-05-18 15:20:00+00:00,0.9299288880570132,0.9827692628410322,1.0
2026-05-18 15:25:00+00:00,0.9299288880570132,0.9827692628410322,1.0
2026-05-18 15:30:00+00:00,0.9299288880570132,0.9827692628410322,1.0
2026-05-18 15:35:00+00:00,0.9299288880570132,0.9827692628410322,1.0
2026-05-18 15:40:00+00:00,0.9299288880570132,0.9827692628410322,1.0
2026-05-18 15:45:00+00:00,0.9299288880570132,0.9827692628410322,1.0
2026-05-18 15:50:00+00:00,0.9299288880570132,0.9827692628410322,1.0
2026-05-18 15:55:00+00:00,0.9299288880570132,0.9827692628410322,1.0
2026-05-18 16:00:00+00:00,0.9299288880570132,0.9827692628410322,1.0
2026-05-18 16:05:00+00:00,0.9299288880570132,0.9827692628410322,1.0
2026-05-18 16:10:00+00:00,0.9299288880570132,0.9827692628410322,1.0
2026-05-18 16:15:00+00:00,0.9299288880570132,0.9827692628410322,1.0
2026-05-18 16:20:00+00:00,0.9299288880570132,0.9827692628410322,1.0
2026-05-18 16:25:00+00:00,0.9299288880570132,0.9827692628410322,1.0
2026-05-18 16:30:00+00:00,0.9299288880570132,0.9827692628410322,1.0
2026-05-18 16:35:00+00:00,0.9299288880570132,0.9827692628410322,1.0
2026-05-18 16:40:00+00:00,0.9299288880570132,0.9910165885204807,1.0
2026-05-18 16:45:00+00:00,0.9299288880570132,0.9874327792039839,1.0
2026-05-18 16:50:00+00:00,0.9299288880570132,0.9885903733103936,1.0
2026-05-18 16:55:00+00:00,0.9299288880570132,0.9892999198315942,1.0
2026-05-18 17:00:00+00:00,0.9299288880570132,0.9921332616917197,1.0
2026-05-18 17:05:00+00:00,0.9299288880570132,0.9977652445544308,1.0
2026-05-18 17:10:00+00:00,0.9299288880570132,0.9963297205890682,1.0
2026-05-18 17:15:00+00:00,0.9299288880570132,1.0053735695869253,1.0
2026-05-18 17:20:00+00:00,0.9299288880570132,1.0032725363036916,1.0
2026-05-18 17:25:00+00:00,0.9299288880570132,1.0001965017502603,1.0
2026-05-18 17:30:00+00:00,0.9299288880570132,1.0042342438424836,1.0
2026-05-18 17:35:00+00:00,0.9299288880570132,1.003362954390686,1.0
2026-05-18 17:40:00+00:00,0.9299288880570132,0.9943210084514266,1.0
2026-05-18 17:45:00+00:00,0.9299288880570132,0.9936986502506088,1.0
2026-05-18 17:50:00+00:00,0.9299288880570132,0.9954586017611993,1.0
2026-05-18 17:55:00+00:00,0.9299288880570132,0.9864310541522187,1.0
2026-05-18 18:00:00+00:00,0.9299288880570132,0.985740552414312,1.0
2026-05-18 18:05:00+00:00,0.9299288880570132,0.985740552414312,1.0
2026-05-18 18:10:00+00:00,0.9299288880570132,0.985740552414312,1.0
2026-05-18 18:15:00+00:00,0.9299288880570132,0.985740552414312,1.0
2026-05-18 18:20:00+00:00,0.9299288880570132,0.985740552414312,1.0
2026-05-18 18:25:00+00:00,0.9299288880570132,0.985740552414312,1.0
2026-05-18 18:30:00+00:00,0.9299288880570132,0.985740552414312,1.0
2026-05-18 18:35:00+00:00,0.9299288880570132,0.985740552414312,1.0
2026-05-18 18:40:00+00:00,0.9299288880570132,0.985740552414312,1.0
2026-05-18 18:45:00+00:00,0.9299288880570132,0.985740552414312,1.0
2026-05-18 18:50:00+00:00,0.9299288880570132,0.985740552414312,1.0
2026-05-18 18:55:00+00:00,0.9299288880570132,0.985740552414312,1.0
2026-05-18 19:00:00+00:00,0.9299288880570132,0.985740552414312,1.0
2026-05-18 19:05:00+00:00,0.9299288880570132,0.985740552414312,1.0
2026-05-18 19:10:00+00:00,0.9299288880570132,0.985740552414312,1.0
2026-05-18 19:15:00+00:00,0.9299288880570132,0.985740552414312,1.0
2026-05-18 19:20:00+00:00,0.9299288880570132,0.985740552414312,1.0
2026-05-18 19:25:00+00:00,0.9299288880570132,0.985740552414312,1.0
2026-05-18 19:30:00+00:00,0.9299288880570132,0.985740552414312,1.0
2026-05-18 19:35:00+00:00,0.9299288880570132,0.985740552414312,1.0
2026-05-18 19:40:00+00:00,0.9299288880570132,0.985740552414312,1.0
2026-05-18 19:45:00+00:00,0.9299288880570132,0.985740552414312,1.0
2026-05-18 19:50:00+00:00,0.9299288880570132,0.985740552414312,1.0
2026-05-18 19:55:00+00:00,0.9299288880570132,0.985740552414312,1.0
2026-05-19 13:30:00+00:00,0.9299288880570132,0.985740552414312,1.0
2026-05-19 13:35:00+00:00,0.9299288880570132,0.985740552414312,1.0
2026-05-19 13:40:00+00:00,0.9299288880570132,0.985740552414312,1.0
2026-05-19 13:45:00+00:00,0.9299288880570132,0.985740552414312,1.0
2026-05-19 13:50:00+00:00,0.9299288880570132,0.985740552414312,1.0
2026-05-19 13:55:00+00:00,0.9299288880570132,0.985740552414312,1.0
2026-05-19 14:00:00+00:00,0.9299288880570132,0.985740552414312,1.0
2026-05-19 14:05:00+00:00,0.9299288880570132,0.984410421360803,1.0
2026-05-19 14:10:00+00:00,0.9299288880570132,0.9819823308276382,1.0
2026-05-19 14:15:00+00:00,0.9299288880570132,0.9810548005667793,1.0
2026-05-19 14:20:00+00:00,0.9299288880570132,0.9825261646200824,1.0
2026-05-19 14:25:00+00:00,0.9299288880570132,0.9831644473592872,1.0
2026-05-19 14:30:00+00:00,0.9299288880570132,0.9876143638576592,1.0
2026-05-19 14:35:00+00:00,0.9299288880570132,0.9931861843460146,1.0
2026-05-19 14:40:00+00:00,0.9299288880570132,0.990263381723053,1.0
2026-05-19 14:45:00+00:00,0.9299288880570132,0.9883344108152365,1.0
2026-05-19 14:50:00+00:00,0.9299288880570132,0.9888744876439999,1.0
2026-05-19 14:55:00+00:00,0.9299288880570132,0.991948226204712,1.0
2026-05-19 15:00:00+00:00,0.9299288880570132,0.9947330959222092,1.0
2026-05-19 15:05:00+00:00,0.9299288880570132,0.9959574552178877,1.0
2026-05-19 15:10:00+00:00,0.9299288880570132,0.9996724667656753,1.0
2026-05-19 15:15:00+00:00,0.9299288880570132,1.0065857567024648,1.0
2026-05-19 15:20:00+00:00,0.9299288880570132,1.0031791416846514,1.0
2026-05-19 15:25:00+00:00,0.9299288880570132,0.9993664447423678,1.0
2026-05-19 15:30:00+00:00,0.9299288880570132,0.999026518965676,1.0
2026-05-19 15:35:00+00:00,0.9299288880570132,0.999269718418851,1.0
2026-05-19 15:40:00+00:00,0.9299288880570132,1.0019025059279751,1.0
2026-05-19 15:45:00+00:00,0.9299288880570132,1.0028712089804634,1.0
2026-05-19 15:50:00+00:00,0.9299288880570132,0.99993848359922,1.0
2026-05-19 15:55:00+00:00,0.9299288880570132,1.0061688190705438,1.0
2026-05-19 16:00:00+00:00,0.9299288880570132,1.009706184517848,1.0
2026-05-19 16:05:00+00:00,0.9299288880570132,1.0132827089450527,1.0
2026-05-19 16:10:00+00:00,0.9299288880570132,1.0103260416462347,1.0
2026-05-19 16:15:00+00:00,0.9299288880570132,1.011670755956296,1.0
2026-05-19 16:20:00+00:00,0.9299288880570132,1.0109291441304258,1.0
2026-05-19 16:25:00+00:00,0.9299288880570132,1.0158834428063679,1.0
2026-05-19 16:30:00+00:00,0.9299288880570132,1.0151445750482209,1.0
2026-05-19 16:35:00+00:00,0.9299288880570132,1.0140024859261572,1.0
2026-05-19 16:40:00+00:00,0.9299288880570132,1.0165907241552794,1.0
2026-05-19 16:45:00+00:00,0.9299288880570132,1.0161381847155742,1.0
2026-05-19 16:50:00+00:00,0.9299288880570132,1.003660547331709,1.0
2026-05-19 16:55:00+00:00,0.9299288880570132,1.0029579849485768,1.0
2026-05-19 17:00:00+00:00,0.9299288880570132,1.0029579849485768,1.0
2026-05-19 17:05:00+00:00,0.9299288880570132,1.0029579849485768,1.0
2026-05-19 17:10:00+00:00,0.9299288880570132,1.0029579849485768,1.0
2026-05-19 17:15:00+00:00,0.9299288880570132,1.0029579849485768,1.0
2026-05-19 17:20:00+00:00,0.9299288880570132,1.0029579849485768,1.0
2026-05-19 17:25:00+00:00,0.9299288880570132,1.0029579849485768,1.0
2026-05-19 17:30:00+00:00,0.9299288880570132,1.0029579849485768,1.0
2026-05-19 17:35:00+00:00,0.9299288880570132,1.0029579849485768,1.0
2026-05-19 17:40:00+00:00,0.9299288880570132,1.0029579849485768,1.0
2026-05-19 17:45:00+00:00,0.9299288880570132,1.0029579849485768,1.0
2026-05-19 17:50:00+00:00,0.9299288880570132,1.0029579849485768,1.0
2026-05-19 17:55:00+00:00,0.9299288880570132,1.0029579849485768,1.0
2026-05-19 18:00:00+00:00,0.9299288880570132,1.0029579849485768,1.0
2026-05-19 18:05:00+00:00,0.9299288880570132,1.0029579849485768,1.0
2026-05-19 18:10:00+00:00,0.9299288880570132,1.0029579849485768,1.0
2026-05-19 18:15:00+00:00,0.9299288880570132,1.0029579849485768,1.0
2026-05-19 18:20:00+00:00,0.9299288880570132,1.0029579849485768,1.0
2026-05-19 18:25:00+00:00,0.9299288880570132,1.0029579849485768,1.0
2026-05-19 18:30:00+00:00,0.9299288880570132,1.0029579849485768,1.0
2026-05-19 18:35:00+00:00,0.9299288880570132,1.0029579849485768,1.0
2026-05-19 18:40:00+00:00,0.9299288880570132,1.0029579849485768,1.0
2026-05-19 18:45:00+00:00,0.9299288880570132,1.0029579849485768,1.0
2026-05-19 18:50:00+00:00,0.9299288880570132,1.0029579849485768,1.0
2026-05-19 18:55:00+00:00,0.9299288880570132,1.0029579849485768,1.0
2026-05-19 19:00:00+00:00,0.9299288880570132,1.0029579849485768,1.0
2026-05-19 19:05:00+00:00,0.9299288880570132,0.9960741457446165,1.0
2026-05-19 19:10:00+00:00,0.9299288880570132,0.9978365345821522,1.0
2026-05-19 19:15:00+00:00,0.9299288880570132,0.9965905382001047,1.0
2026-05-19 19:20:00+00:00,0.9299288880570132,0.9957091532015343,1.0
2026-05-19 19:25:00+00:00,0.9299288880570132,0.9916473647339757,1.0
2026-05-19 19:30:00+00:00,0.9299288880570132,0.9909532115786619,1.0
2026-05-19 19:35:00+00:00,0.9299288880570132,0.9909532115786619,1.0
2026-05-19 19:40:00+00:00,0.9299288880570132,0.9909532115786619,1.0
2026-05-19 19:45:00+00:00,0.9299288880570132,0.9909532115786619,1.0
2026-05-19 19:50:00+00:00,0.9299288880570132,0.9909532115786619,1.0
2026-05-19 19:55:00+00:00,0.9299288880570132,0.9909532115786619,1.0
2026-05-20 13:30:00+00:00,0.9299288880570132,0.9909532115786619,1.0
2026-05-20 13:35:00+00:00,0.9299288880570132,0.9909532115786619,1.0
2026-05-20 13:40:00+00:00,0.9299288880570132,0.9909532115786619,1.0
2026-05-20 13:45:00+00:00,0.9299288880570132,0.9909532115786619,1.0
2026-05-20 13:50:00+00:00,0.9299288880570132,0.9909532115786619,1.0
2026-05-20 13:55:00+00:00,0.9299288880570132,0.9909532115786619,1.0
2026-05-20 14:00:00+00:00,0.9299288880570132,0.9909532115786619,1.0
2026-05-20 14:05:00+00:00,0.9299288880570132,0.9909532115786619,1.0
2026-05-20 14:10:00+00:00,0.9299288880570132,0.9839952452161904,1.0
2026-05-20 14:15:00+00:00,0.9299288880570132,0.9929452762357621,1.0
2026-05-20 14:20:00+00:00,0.9299288880570132,0.9935786722052338,1.0
2026-05-20 14:25:00+00:00,0.9299288880570132,1.000582638473881,1.0
2026-05-20 14:30:00+00:00,0.9299288880570132,1.0052033330261028,1.0
2026-05-20 14:35:00+00:00,0.9299288880570132,1.0106799742775607,1.0
2026-05-20 14:40:00+00:00,0.9299288880570132,1.0127078843872124,1.0
2026-05-20 14:45:00+00:00,0.9299288880570132,1.015060645005025,1.0
2026-05-20 14:50:00+00:00,0.9299288880570132,1.0172625680808247,1.0
2026-05-20 14:55:00+00:00,0.9299288880570132,1.0188838723879223,1.0
2026-05-20 15:00:00+00:00,0.9299288880570132,1.0265358255408632,1.0
2026-05-20 15:05:00+00:00,0.9299288880570132,1.0204017915450885,1.0
2026-05-20 15:10:00+00:00,0.9299288880570132,1.0225329638843323,1.0
2026-05-20 15:15:00+00:00,0.9299288880570132,1.0274891450122288,1.0
2026-05-20 15:20:00+00:00,0.9299288880570132,1.0297139570453884,1.0
2026-05-20 15:25:00+00:00,0.9299288880570132,1.0273027425006973,1.0
2026-05-20 15:30:00+00:00,0.9299288880570132,1.0268929135188476,1.0
2026-05-20 15:35:00+00:00,0.9299288880570132,1.019638082069599,1.0
2026-05-20 15:40:00+00:00,0.9299288880570132,1.0242808443996434,1.0
2026-05-20 15:45:00+00:00,0.9299288880570132,1.02505702458933,1.0
2026-05-20 15:50:00+00:00,0.9299288880570132,1.0201869956898273,1.0
2026-05-20 15:55:00+00:00,0.9299288880570132,1.0179173998403794,1.0
2026-05-20 16:00:00+00:00,0.9299288880570132,1.0186405271792094,1.0
2026-05-20 16:05:00+00:00,0.9299288880570132,1.0207085061109185,1.0
2026-05-20 16:10:00+00:00,0.9299288880570132,1.0182960782216661,1.0
2026-05-20 16:15:00+00:00,0.9299288880570132,1.0223848640363085,1.0
2026-05-20 16:20:00+00:00,0.9299288880570132,1.024107636370476,1.0
2026-05-20 16:25:00+00:00,0.9299288880570132,1.0244822353682232,1.0
2026-05-20 16:30:00+00:00,0.9299288880570132,1.0342645524872462,1.0
2026-05-20 16:35:00+00:00,0.9299288880570132,1.0303397172365854,1.0
2026-05-20 16:40:00+00:00,0.9299288880570132,1.0251015629474551,1.0
2026-05-20 16:45:00+00:00,0.9299288880570132,1.0220527164571198,1.0
2026-05-20 16:50:00+00:00,0.9299288880570132,1.0218770838187097,1.0
2026-05-20 16:55:00+00:00,0.9299288880570132,1.0188173618998262,1.0
2026-05-20 17:00:00+00:00,0.9299288880570132,1.0181041897464962,1.0
2026-05-20 17:05:00+00:00,0.9299288880570132,1.0181041897464962,1.0
2026-05-20 17:10:00+00:00,0.9299288880570132,1.0181041897464962,1.0
2026-05-20 17:15:00+00:00,0.9299288880570132,1.0219507599856765,1.0
2026-05-20 17:20:00+00:00,0.9299288880570132,1.0244442675442864,1.0
2026-05-20 17:25:00+00:00,0.9299288880570132,1.0214723789243525,1.0
2026-05-20 17:30:00+00:00,0.9299288880570132,1.0207791359911922,1.0
2026-05-20 17:35:00+00:00,0.9299288880570132,1.0120623385895513,1.0
2026-05-20 17:40:00+00:00,0.9310818292856138,1.0113538949525387,1.0
2026-05-20 17:45:00+00:00,0.9268146024253352,1.0113538949525387,1.0
2026-05-20 17:50:00+00:00,0.9288719940392158,1.0113538949525387,1.0
2026-05-20 17:55:00+00:00,0.9307178045375766,1.0113538949525387,1.0
2026-05-20 18:00:00+00:00,0.9314158360600572,1.0113538949525387,1.0
2026-05-20 18:05:00+00:00,0.9338884198725511,1.0113538949525387,1.0
2026-05-20 18:10:00+00:00,0.9337402658220504,1.0113538949525387,1.0
2026-05-20 18:15:00+00:00,0.9344852745365718,1.0113538949525387,1.0
2026-05-20 18:20:00+00:00,0.941981887774379,1.0113538949525387,1.0
2026-05-20 18:25:00+00:00,0.9404913876265063,1.0090456795887186,1.0
2026-05-20 18:30:00+00:00,0.9356698207344509,1.003872659074884,1.0
2026-05-20 18:35:00+00:00,0.935502627308143,1.0036932785864594,1.0
2026-05-20 18:40:00+00:00,0.9298959868879528,0.9976779589701068,1.0
2026-05-20 18:45:00+00:00,0.9353388809065822,0.9969795843988277,1.0
2026-05-20 18:50:00+00:00,0.930080329517603,0.9969795843988277,1.0
2026-05-20 18:55:00+00:00,0.929520100163823,0.9969795843988277,1.0
2026-05-20 19:00:00+00:00,0.9330981299097129,0.9969795843988277,1.0
2026-05-20 19:05:00+00:00,0.9316702588738845,0.9969795843988277,1.0
2026-05-20 19:10:00+00:00,0.9317478986673294,0.9969795843988277,1.0
2026-05-20 19:15:00+00:00,0.9348523307306124,0.9969795843988277,1.0
2026-05-20 19:20:00+00:00,0.9294283939562259,0.9969795843988277,1.0
2026-05-20 19:25:00+00:00,0.9293730774414662,0.9969795843988277,1.0
2026-05-20 19:30:00+00:00,0.9275847561294507,0.9969795843988277,1.0
2026-05-20 19:35:00+00:00,0.9290197309130777,0.9969795843988277,1.0
2026-05-20 19:40:00+00:00,0.9308350658159628,0.9969795843988277,1.0
2026-05-20 19:45:00+00:00,0.9336431026609625,0.9969795843988277,1.0
2026-05-20 19:50:00+00:00,0.9244280100935038,0.9969795843988277,1.0
2026-05-20 19:55:00+00:00,0.9237809104864384,1.0011263827823802,1.0
2026-05-21 13:30:00+00:00,0.9237809104864384,1.0130730939868051,1.0
2026-05-21 13:35:00+00:00,0.9237809104864384,1.016364226333878,1.0
2026-05-21 13:40:00+00:00,0.9237809104864384,1.0253275781387794,1.0
2026-05-21 13:45:00+00:00,0.9237809104864384,1.0244457523020707,1.0
2026-05-21 13:50:00+00:00,0.9237809104864384,1.0223363626373407,1.0
2026-05-21 13:55:00+00:00,0.9237809104864384,1.0208091180099845,1.0
2026-05-21 14:00:00+00:00,0.9237809104864384,1.015743152098471,1.0
2026-05-21 14:05:00+00:00,0.9237809104864384,1.0141547963764534,1.0
2026-05-21 14:10:00+00:00,0.9237809104864384,1.0197515812803535,1.0
2026-05-21 14:15:00+00:00,0.9237809104864384,1.0151781739937376,1.0
2026-05-21 14:20:00+00:00,0.9237809104864384,1.0180745186573388,1.0
2026-05-21 14:25:00+00:00,0.9237809104864384,1.0162180784612709,1.0
2026-05-21 14:30:00+00:00,0.9237809104864384,1.0172333698329719,1.0
2026-05-21 14:35:00+00:00,0.9237809104864384,1.019833269571246,1.0
2026-05-21 14:40:00+00:00,0.9237809104864384,1.024884157455441,1.0
2026-05-21 14:45:00+00:00,0.9237809104864384,1.0267091497827463,1.0
2026-05-21 14:50:00+00:00,0.9237809104864384,1.0257742571910093,1.0
2026-05-21 14:55:00+00:00,0.9237809104864384,1.0263180784254418,1.0
2026-05-21 15:00:00+00:00,0.9237809104864384,1.0280233672889285,1.0
2026-05-21 15:05:00+00:00,0.9237809104864384,1.0276840100244524,1.0
2026-05-21 15:10:00+00:00,0.9237809104864384,1.0269969151275438,1.0
2026-05-21 15:15:00+00:00,0.9237809104864384,1.02436106290982,1.0
2026-05-21 15:20:00+00:00,0.9237809104864384,1.0193069653075253,1.0
2026-05-21 15:25:00+00:00,0.9237809104864384,1.0185618874870892,1.0
2026-05-21 15:30:00+00:00,0.9237809104864384,1.0178488941658481,1.0
2026-05-21 15:35:00+00:00,0.9237809104864384,1.0178488941658481,1.0
2026-05-21 15:40:00+00:00,0.9237809104864384,1.0178488941658481,1.0
2026-05-21 15:45:00+00:00,0.9237809104864384,1.0178488941658481,1.0
2026-05-21 15:50:00+00:00,0.9237809104864384,1.0202850414800726,1.0
2026-05-21 15:55:00+00:00,0.9237809104864384,1.0175922816006164,1.0
2026-05-21 16:00:00+00:00,0.9237809104864384,1.0163187376421945,1.0
2026-05-21 16:05:00+00:00,0.9237809104864384,1.0130442353120814,1.0
2026-05-21 16:10:00+00:00,0.9237809104864384,1.016107201928199,1.0
2026-05-21 16:15:00+00:00,0.9237809104864384,1.0191664839016799,1.0
2026-05-21 16:20:00+00:00,0.9237809104864384,1.012099764317921,1.0
2026-05-21 16:25:00+00:00,0.9237809104864384,1.0132180495188556,1.0
2026-05-21 16:30:00+00:00,0.9237809104864384,1.0051404106591528,1.0
2026-05-21 16:35:00+00:00,0.9260520088255084,1.0044368123716914,1.0
2026-05-21 16:40:00+00:00,0.9179267229104745,1.0044368123716914,1.0
2026-05-21 16:45:00+00:00,0.9172841742044371,1.0044368123716914,1.0
2026-05-21 16:50:00+00:00,0.9172841742044371,1.0044368123716914,1.0
2026-05-21 16:55:00+00:00,0.9172841742044371,1.0044368123716914,1.0
2026-05-21 17:00:00+00:00,0.9212796722340864,1.0044368123716914,1.0
2026-05-21 17:05:00+00:00,0.9201661693944796,1.0044368123716914,1.0
2026-05-21 17:10:00+00:00,0.9198908080500396,1.0044368123716914,1.0
2026-05-21 17:15:00+00:00,0.9213831565412834,1.0044368123716914,1.0
2026-05-21 17:20:00+00:00,0.9223171046473116,1.0044368123716914,1.0
2026-05-21 17:25:00+00:00,0.920083907821308,1.0044368123716914,1.0
2026-05-21 17:30:00+00:00,0.9246113156644656,1.0044368123716914,1.0
2026-05-21 17:35:00+00:00,0.9252737091500893,1.0044368123716914,1.0
2026-05-21 17:40:00+00:00,0.9214730563405095,1.0044368123716914,1.0
2026-05-21 17:45:00+00:00,0.9222577294589185,1.0044368123716914,1.0
2026-05-21 17:50:00+00:00,0.9197940411175739,1.0044368123716914,1.0
2026-05-21 17:55:00+00:00,0.9160831629247004,1.0044368123716914,1.0
2026-05-21 18:00:00+00:00,0.9067705525464886,1.0044368123716914,1.0
2026-05-21 18:05:00+00:00,0.906135813159706,1.0044368123716914,1.0
2026-05-21 18:10:00+00:00,0.906135813159706,1.0034083189914136,1.0
2026-05-21 18:15:00+00:00,0.906135813159706,1.0012830070424956,1.0
2026-05-21 18:20:00+00:00,0.906135813159706,1.0026016734206749,1.0
2026-05-21 18:25:00+00:00,0.906135813159706,1.0013555614322893,1.0
2026-05-21 18:30:00+00:00,0.906135813159706,0.998811966217896,1.0
2026-05-21 18:35:00+00:00,0.906135813159706,0.9947984405822075,1.0
2026-05-21 18:40:00+00:00,0.906135813159706,0.9913958783719529,1.0
2026-05-21 18:45:00+00:00,0.906135813159706,0.9907019012570925,1.0
2026-05-21 18:50:00+00:00,0.906135813159706,0.9907019012570925,1.0
2026-05-21 18:55:00+00:00,0.906135813159706,0.9907019012570925,1.0
2026-05-21 19:00:00+00:00,0.906135813159706,0.9907019012570925,1.0
2026-05-21 19:05:00+00:00,0.9064743903085563,0.9907019012570925,1.0
2026-05-21 19:10:00+00:00,0.9017183873354377,0.9907019012570925,1.0
2026-05-21 19:15:00+00:00,0.9040212255136426,0.9907019012570925,1.0
2026-05-21 19:20:00+00:00,0.9063723006961903,0.9907019012570925,1.0
2026-05-21 19:25:00+00:00,0.903288367180331,0.9907019012570925,1.0
2026-05-21 19:30:00+00:00,0.9022690324634115,0.9907019012570925,1.0
2026-05-21 19:35:00+00:00,0.899194003930384,0.9907019012570925,1.0
2026-05-21 19:40:00+00:00,0.8976522111017714,0.9907019012570925,1.0
2026-05-21 19:45:00+00:00,0.8970238545540001,0.9907019012570925,1.0
2026-05-21 19:50:00+00:00,0.8970238545540001,0.9907019012570925,1.0
2026-05-21 19:55:00+00:00,0.8970238545540001,0.9907019012570925,1.0
2026-05-22 13:30:00+00:00,0.8970238545540001,0.9907019012570925,1.0
2026-05-22 13:35:00+00:00,0.8970238545540001,0.9907019012570925,1.0
2026-05-22 13:40:00+00:00,0.8970238545540001,0.9907019012570925,1.0
2026-05-22 13:45:00+00:00,0.8970238545540001,0.9907019012570925,1.0
2026-05-22 13:50:00+00:00,0.8970238545540001,0.9907019012570925,1.0
2026-05-22 13:55:00+00:00,0.8970238545540001,0.9907019012570925,1.0
2026-05-22 14:00:00+00:00,0.8970238545540001,0.9907019012570925,1.0
2026-05-22 14:05:00+00:00,0.8970238545540001,0.9907019012570925,1.0
2026-05-22 14:10:00+00:00,0.8970238545540001,0.9907019012570925,1.0
2026-05-22 14:15:00+00:00,0.8970238545540001,0.9907019012570925,1.0
2026-05-22 14:20:00+00:00,0.8970238545540001,0.9907019012570925,1.0
2026-05-22 14:25:00+00:00,0.8970238545540001,0.9907019012570925,1.0
2026-05-22 14:30:00+00:00,0.8970238545540001,0.9907019012570925,1.0
2026-05-22 14:35:00+00:00,0.8970238545540001,0.9907019012570925,1.0
2026-05-22 14:40:00+00:00,0.8970238545540001,0.9907019012570925,1.0
2026-05-22 14:45:00+00:00,0.8970238545540001,0.9907019012570925,1.0
2026-05-22 14:50:00+00:00,0.8970238545540001,0.9907019012570925,1.0
2026-05-22 14:55:00+00:00,0.8970238545540001,0.9907019012570925,1.0
2026-05-22 15:00:00+00:00,0.8970238545540001,0.9907019012570925,1.0
2026-05-22 15:05:00+00:00,0.8970238545540001,0.9907019012570925,1.0
2026-05-22 15:10:00+00:00,0.8970238545540001,0.9907019012570925,1.0
2026-05-22 15:15:00+00:00,0.8970238545540001,0.9907019012570925,1.0
2026-05-22 15:20:00+00:00,0.8970238545540001,0.9907019012570925,1.0
2026-05-22 15:25:00+00:00,0.8970238545540001,0.9907019012570925,1.0
2026-05-22 15:30:00+00:00,0.8970238545540001,0.9907019012570925,1.0
2026-05-22 15:35:00+00:00,0.8970238545540001,0.9907019012570925,1.0
2026-05-22 15:40:00+00:00,0.8970238545540001,0.9907019012570925,1.0
2026-05-22 15:45:00+00:00,0.8970238545540001,0.9907019012570925,1.0
2026-05-22 15:50:00+00:00,0.8970238545540001,0.9907019012570925,1.0
2026-05-22 15:55:00+00:00,0.8970238545540001,0.9907019012570925,1.0
2026-05-22 16:00:00+00:00,0.8970238545540001,0.9907019012570925,1.0
2026-05-22 16:05:00+00:00,0.8970238545540001,0.9907019012570925,1.0
2026-05-22 16:10:00+00:00,0.8970238545540001,0.9935132165147667,1.0
2026-05-22 16:15:00+00:00,0.8970238545540001,0.9916857978334226,1.0
2026-05-22 16:20:00+00:00,0.8970238545540001,0.9962996457523826,1.0
2026-05-22 16:25:00+00:00,0.8970238545540001,0.9909993692804749,1.0
2026-05-22 16:30:00+00:00,0.8970238545540001,0.9952025151688504,1.0
2026-05-22 16:35:00+00:00,0.8970238545540001,0.9927574545778983,1.0
2026-05-22 16:40:00+00:00,0.8970238545540001,0.9940955673321797,1.0
2026-05-22 16:45:00+00:00,0.8970238545540001,0.9965535889167189,1.0
2026-05-22 16:50:00+00:00,0.8970238545540001,1.005606298308478,1.0
2026-05-22 16:55:00+00:00,0.8970238545540001,1.0047928379167808,1.0
2026-05-22 17:00:00+00:00,0.8970238545540001,1.0052265089180474,1.0
2026-05-22 17:05:00+00:00,0.8970238545540001,1.0021638045943175,1.0
2026-05-22 17:10:00+00:00,0.8970238545540001,1.0038803436941612,1.0
2026-05-22 17:15:00+00:00,0.8970238545540001,1.0023866894546622,1.0
2026-05-22 17:20:00+00:00,0.8970238545540001,0.9949932856023995,1.0
2026-05-22 17:25:00+00:00,0.8970238545540001,0.9986933327239557,1.0
2026-05-22 17:30:00+00:00,0.8970238545540001,0.9963680169271003,1.0
2026-05-22 17:35:00+00:00,0.8970238545540001,0.9938369813668785,1.0
2026-05-22 17:40:00+00:00,0.8970238545540001,0.9931412954799216,1.0
2026-05-22 17:45:00+00:00,0.8970238545540001,0.9931412954799216,1.0
2026-05-22 17:50:00+00:00,0.8970238545540001,0.9931412954799216,1.0
2026-05-22 17:55:00+00:00,0.8970238545540001,0.9931412954799216,1.0
2026-05-22 18:00:00+00:00,0.8970238545540001,0.9931412954799216,1.0
2026-05-22 18:05:00+00:00,0.8970238545540001,0.9931412954799216,1.0
2026-05-22 18:10:00+00:00,0.8970238545540001,0.9931412954799216,1.0
2026-05-22 18:15:00+00:00,0.8970238545540001,0.9931412954799216,1.0
2026-05-22 18:20:00+00:00,0.8970238545540001,0.9931412954799216,1.0
2026-05-22 18:25:00+00:00,0.8970238545540001,0.9931412954799216,1.0
2026-05-22 18:30:00+00:00,0.8970238545540001,0.9931412954799216,1.0
2026-05-22 18:35:00+00:00,0.8970238545540001,0.9919673949492167,1.0
2026-05-22 18:40:00+00:00,0.8970238545540001,0.9902218313731801,1.0
2026-05-22 18:45:00+00:00,0.8970238545540001,0.9853394403751239,1.0
2026-05-22 18:50:00+00:00,0.8970238545540001,0.9888353956306376,1.0
2026-05-22 18:55:00+00:00,0.8970238545540001,0.9853692884600784,1.0
2026-05-22 19:00:00+00:00,0.8970238545540001,0.9846795299581563,1.0
2026-05-22 19:05:00+00:00,0.8970238545540001,0.9846795299581563,1.0
2026-05-22 19:10:00+00:00,0.8970238545540001,0.9846795299581563,1.0
2026-05-22 19:15:00+00:00,0.8970238545540001,0.9837577906636017,1.0
2026-05-22 19:20:00+00:00,0.8970238545540001,0.9862846647899826,1.0
2026-05-22 19:25:00+00:00,0.8970238545540001,0.9818797960112284,1.0
2026-05-22 19:30:00+00:00,0.8970238545540001,0.9818983236949226,1.0
2026-05-22 19:35:00+00:00,0.8970238545540001,0.9809522918300669,1.0
2026-05-22 19:40:00+00:00,0.8970238545540001,0.9833124618908181,1.0
2026-05-22 19:45:00+00:00,0.8970238545540001,0.9837731205092192,1.0
2026-05-22 19:50:00+00:00,0.8970238545540001,0.9881093384636198,1.0
2026-05-22 19:55:00+00:00,0.8970238545540001,0.9881093384636198,1.0
